# Blender 5.2.0 LTS
# www.blender.org
o Vert.001
v 0.223975 0.650576 0.529623
v 0.261992 0.683914 0.518540
v 0.282501 0.731309 0.522078
v 0.280006 0.780064 0.539291
v 0.255176 0.817114 0.565564
v 0.214664 0.832530 0.593860
v 0.169326 0.822184 0.616595
v 0.131310 0.788846 0.627678
v 0.110801 0.741451 0.624140
v 0.113296 0.692696 0.606927
v 0.138126 0.655647 0.580654
v 0.178637 0.640229 0.552358
v 0.893539 -0.035561 1.315942
v 0.925078 -0.076578 1.314386
v 0.972891 -0.096312 1.312406
v 1.024168 -0.089477 1.310532
v 1.065167 -0.057903 1.309267
v 1.084905 -0.010051 1.308949
v 1.078092 0.041257 1.309664
v 1.046553 0.082274 1.311220
v 0.998739 0.102009 1.313200
v 0.947463 0.095173 1.315074
v 0.906463 0.063600 1.316339
v 0.886726 0.015748 1.316657
v 0.882878 -0.039999 1.316305
v 0.918061 -0.085755 1.314569
v 0.971398 -0.107769 1.312360
v 1.028599 -0.100144 1.310270
v 1.074335 -0.064922 1.308859
v 1.096354 -0.011541 1.308504
v 1.088753 0.045695 1.309301
v 1.053570 0.091451 1.311037
v 1.000232 0.113466 1.313246
v 0.943032 0.105840 1.315336
v 0.897295 0.070619 1.316747
v 0.875277 0.017238 1.317102
v 0.887440 -0.039388 1.368499
v 0.921737 -0.083992 1.366806
v 0.973733 -0.105453 1.364653
v 1.029495 -0.098020 1.362615
v 1.074082 -0.063684 1.361240
v 1.095546 -0.011646 1.360894
v 1.088137 0.044151 1.361671
v 1.053839 0.088756 1.363363
v 1.001842 0.110217 1.365517
v 0.946080 0.102784 1.367555
v 0.901494 0.068448 1.368930
v 0.880030 0.016410 1.369276
v 0.207032 0.660106 0.500172
v 0.245049 0.693444 0.489089
v 0.265557 0.740840 0.492628
v 0.263063 0.789594 0.509840
v 0.238233 0.826644 0.536114
v 0.197721 0.842061 0.564409
v 0.152383 0.831714 0.587144
v 0.114367 0.798377 0.598228
v 0.093858 0.750981 0.594689
v 0.096353 0.702226 0.577477
v 0.121183 0.665177 0.551203
v 0.161694 0.649760 0.522908
v 0.228618 0.635998 0.522235
v 0.273094 0.674999 0.509268
v 0.297087 0.730448 0.513408
v 0.294168 0.787486 0.533545
v 0.265120 0.830830 0.564283
v 0.217725 0.848867 0.597385
v 0.164684 0.836762 0.623983
v 0.120208 0.797761 0.636950
v 0.096215 0.742312 0.632810
v 0.099134 0.685274 0.612673
v 0.128182 0.641930 0.581936
v 0.175577 0.623893 0.548833
v 0.211675 0.645528 0.492784
v 0.256151 0.684529 0.479818
v 0.280144 0.739978 0.483958
v 0.277225 0.797016 0.504094
v 0.248176 0.840361 0.534832
v 0.200782 0.858397 0.567935
v 0.147741 0.846293 0.594533
v 0.103265 0.807291 0.607499
v 0.079272 0.751842 0.603359
v 0.082191 0.694804 0.583223
v 0.111239 0.651460 0.552485
v 0.158634 0.633423 0.519382
v 0.868345 0.007038 1.191508
v 0.833693 0.048443 1.120246
v 0.858670 0.013473 1.091817
v 0.892451 -0.028413 1.163397
v 0.898727 0.000140 1.062405
v 0.932232 -0.042465 1.133238
v 0.943305 0.012174 1.039806
v 0.977097 -0.031251 1.109139
v 0.980503 0.046524 1.030204
v 1.015141 0.002306 1.097725
v 1.000223 0.094087 1.036373
v 1.036219 0.049270 1.102096
v 0.996965 0.142052 1.056806
v 1.034650 0.097047 1.121010
v 0.971533 0.177284 1.086004
v 1.010775 0.132739 1.149340
v 0.930933 0.190120 1.115895
v 0.970918 0.146633 1.179528
v 0.886269 0.177328 1.138192
v 0.925747 0.134964 1.203526
v 0.849519 0.142734 1.147009
v 0.887462 0.101113 1.214775
v 0.830339 0.095668 1.140370
v 0.866459 0.054367 1.210283
v 0.703403 0.182558 0.977645
v 0.628468 0.264055 0.920380
v 0.649696 0.261616 0.874953
v 0.719082 0.173978 0.929511
v 0.684374 0.277025 0.842152
v 0.751093 0.184646 0.890537
v 0.723293 0.306250 0.830573
v 0.790646 0.211483 0.871313
v 0.756190 0.341608 0.843329
v 0.827064 0.247075 0.876822
v 0.774316 0.373691 0.877178
v 0.850672 0.281847 0.905251
v 0.772729 0.393852 0.923214
v 0.855354 0.306625 0.948750
v 0.751709 0.396557 0.969118
v 0.840064 0.314980 0.995773
v 0.716825 0.380974 1.002438
v 0.808869 0.304796 1.034146
v 0.677500 0.351311 1.014066
v 0.769750 0.278688 1.053911
v 0.644400 0.315685 1.000844
v 0.732910 0.243332 1.049541
v 0.626472 0.283772 0.966471
v 0.708478 0.208057 1.021681
v 0.515898 0.392280 0.867239
v 0.422657 0.495812 0.792305
v 0.456150 0.519830 0.763243
v 0.544321 0.405624 0.828381
v 0.489781 0.555923 0.756976
v 0.579091 0.435916 0.808517
v 0.515002 0.594495 0.774481
v 0.610715 0.474964 0.813167
v 0.525594 0.625773 0.811078
v 0.630508 0.512145 0.841038
v 0.518781 0.641764 0.857532
v 0.633127 0.537399 0.884439
v 0.496004 0.638103 0.901884
v 0.618004 0.544030 0.931550
v 0.462932 0.615374 0.932274
v 0.589365 0.530441 0.969757
v 0.428311 0.579288 0.940162
v 0.554958 0.500375 0.989030
v 0.401699 0.539456 0.922944
v 0.523917 0.461805 0.984431
v 0.390692 0.506912 0.885042
v 0.504350 0.424876 0.957209
v 0.398475 0.490891 0.836975
v 0.501366 0.399390 0.914409
v 0.365077 0.557812 0.723671
v 0.282337 0.622150 0.614230
v 0.318693 0.656527 0.601122
v 0.401463 0.586473 0.705383
v 0.341273 0.702726 0.607977
v 0.427571 0.629656 0.705726
v 0.344056 0.748326 0.633010
v 0.435907 0.675993 0.725250
v 0.326304 0.781056 0.669511
v 0.423676 0.712514 0.758896
v 0.292763 0.792138 0.707660
v 0.394140 0.728855 0.797214
v 0.252417 0.778631 0.737223
v 0.355652 0.720600 0.829457
v 0.216077 0.744190 0.750292
v 0.318948 0.690364 0.846892
v 0.193473 0.698063 0.743371
v 0.293931 0.646700 0.845146
v 0.190656 0.652597 0.718317
v 0.286984 0.601460 0.825098
v 0.208392 0.619930 0.681855
v 0.299512 0.566489 0.792314
v 0.241952 0.608778 0.643766
v 0.327976 0.550626 0.755372
v -0.223975 0.650576 0.529623
v -0.261992 0.683914 0.518540
v -0.282501 0.731309 0.522078
v -0.280006 0.780064 0.539291
v -0.255176 0.817114 0.565564
v -0.214664 0.832530 0.593860
v -0.169326 0.822184 0.616595
v -0.131310 0.788846 0.627678
v -0.110801 0.741451 0.624140
v -0.113296 0.692696 0.606927
v -0.138126 0.655647 0.580654
v -0.178637 0.640229 0.552358
v -0.893539 -0.035561 1.315942
v -0.925078 -0.076578 1.314386
v -0.972891 -0.096312 1.312406
v -1.024168 -0.089477 1.310532
v -1.065167 -0.057903 1.309267
v -1.084905 -0.010051 1.308949
v -1.078092 0.041257 1.309664
v -1.046553 0.082274 1.311220
v -0.998739 0.102009 1.313200
v -0.947463 0.095173 1.315074
v -0.906463 0.063600 1.316339
v -0.886726 0.015748 1.316657
v -0.882878 -0.039999 1.316305
v -0.918061 -0.085755 1.314569
v -0.971398 -0.107769 1.312360
v -1.028599 -0.100144 1.310270
v -1.074335 -0.064922 1.308859
v -1.096354 -0.011541 1.308504
v -1.088753 0.045695 1.309301
v -1.053570 0.091451 1.311037
v -1.000232 0.113466 1.313246
v -0.943032 0.105840 1.315336
v -0.897295 0.070619 1.316747
v -0.875277 0.017238 1.317102
v -0.887440 -0.039388 1.368499
v -0.921737 -0.083992 1.366806
v -0.973733 -0.105453 1.364653
v -1.029495 -0.098020 1.362615
v -1.074082 -0.063684 1.361240
v -1.095546 -0.011646 1.360894
v -1.088137 0.044151 1.361671
v -1.053839 0.088756 1.363363
v -1.001842 0.110217 1.365517
v -0.946080 0.102784 1.367555
v -0.901494 0.068448 1.368930
v -0.880030 0.016410 1.369276
v -0.207032 0.660106 0.500172
v -0.245049 0.693444 0.489089
v -0.265557 0.740840 0.492628
v -0.263063 0.789594 0.509840
v -0.238233 0.826644 0.536114
v -0.197721 0.842061 0.564409
v -0.152383 0.831714 0.587144
v -0.114367 0.798377 0.598228
v -0.093858 0.750981 0.594689
v -0.096353 0.702226 0.577477
v -0.121183 0.665177 0.551203
v -0.161694 0.649760 0.522908
v -0.228618 0.635998 0.522235
v -0.273094 0.674999 0.509268
v -0.297087 0.730448 0.513408
v -0.294168 0.787486 0.533545
v -0.265120 0.830830 0.564283
v -0.217725 0.848867 0.597385
v -0.164684 0.836762 0.623983
v -0.120208 0.797761 0.636950
v -0.096215 0.742312 0.632810
v -0.099134 0.685274 0.612673
v -0.128182 0.641930 0.581936
v -0.175577 0.623893 0.548833
v -0.211675 0.645528 0.492784
v -0.256151 0.684529 0.479818
v -0.280144 0.739978 0.483958
v -0.277225 0.797016 0.504094
v -0.248176 0.840361 0.534832
v -0.200782 0.858397 0.567935
v -0.147741 0.846293 0.594533
v -0.103265 0.807291 0.607499
v -0.079272 0.751842 0.603359
v -0.082191 0.694804 0.583223
v -0.111239 0.651460 0.552485
v -0.158634 0.633423 0.519382
v -0.868345 0.007038 1.191508
v -0.833693 0.048443 1.120246
v -0.858670 0.013473 1.091817
v -0.892451 -0.028413 1.163397
v -0.898727 0.000140 1.062405
v -0.932232 -0.042465 1.133238
v -0.943305 0.012174 1.039806
v -0.977097 -0.031251 1.109139
v -0.980503 0.046524 1.030204
v -1.015141 0.002306 1.097725
v -1.000223 0.094087 1.036373
v -1.036219 0.049270 1.102096
v -0.996965 0.142052 1.056806
v -1.034650 0.097047 1.121010
v -0.971533 0.177284 1.086004
v -1.010775 0.132739 1.149340
v -0.930933 0.190120 1.115895
v -0.970918 0.146633 1.179528
v -0.886269 0.177328 1.138192
v -0.925747 0.134964 1.203526
v -0.849519 0.142734 1.147009
v -0.887462 0.101113 1.214775
v -0.830339 0.095668 1.140370
v -0.866459 0.054367 1.210283
v -0.703403 0.182558 0.977645
v -0.628468 0.264055 0.920380
v -0.649696 0.261616 0.874953
v -0.719082 0.173978 0.929511
v -0.684374 0.277025 0.842152
v -0.751093 0.184646 0.890537
v -0.723293 0.306250 0.830573
v -0.790646 0.211483 0.871313
v -0.756190 0.341608 0.843329
v -0.827064 0.247075 0.876822
v -0.774316 0.373691 0.877178
v -0.850672 0.281847 0.905251
v -0.772729 0.393852 0.923214
v -0.855354 0.306625 0.948750
v -0.751709 0.396557 0.969118
v -0.840064 0.314980 0.995773
v -0.716825 0.380974 1.002438
v -0.808869 0.304796 1.034146
v -0.677500 0.351311 1.014066
v -0.769750 0.278688 1.053911
v -0.644400 0.315685 1.000844
v -0.732910 0.243332 1.049541
v -0.626472 0.283772 0.966471
v -0.708478 0.208057 1.021681
v -0.515898 0.392280 0.867239
v -0.422657 0.495812 0.792305
v -0.456150 0.519830 0.763243
v -0.544321 0.405624 0.828381
v -0.489781 0.555923 0.756976
v -0.579091 0.435916 0.808517
v -0.515002 0.594495 0.774481
v -0.610715 0.474964 0.813167
v -0.525594 0.625773 0.811078
v -0.630508 0.512145 0.841038
v -0.518781 0.641764 0.857532
v -0.633127 0.537399 0.884439
v -0.496004 0.638103 0.901884
v -0.618004 0.544030 0.931550
v -0.462932 0.615374 0.932274
v -0.589365 0.530441 0.969757
v -0.428311 0.579288 0.940162
v -0.554958 0.500375 0.989030
v -0.401699 0.539456 0.922944
v -0.523917 0.461805 0.984431
v -0.390692 0.506912 0.885042
v -0.504350 0.424876 0.957209
v -0.398475 0.490891 0.836975
v -0.501366 0.399390 0.914409
v -0.365077 0.557812 0.723671
v -0.282337 0.622150 0.614230
v -0.318693 0.656527 0.601122
v -0.401463 0.586473 0.705383
v -0.341273 0.702726 0.607977
v -0.427571 0.629656 0.705726
v -0.344056 0.748326 0.633010
v -0.435907 0.675993 0.725250
v -0.326304 0.781056 0.669511
v -0.423676 0.712514 0.758896
v -0.292763 0.792138 0.707660
v -0.394140 0.728855 0.797214
v -0.252417 0.778631 0.737223
v -0.355652 0.720600 0.829457
v -0.216077 0.744190 0.750292
v -0.318948 0.690364 0.846892
v -0.193473 0.698063 0.743371
v -0.293931 0.646700 0.845146
v -0.190656 0.652597 0.718317
v -0.286984 0.601460 0.825098
v -0.208392 0.619930 0.681855
v -0.299512 0.566489 0.792314
v -0.241952 0.608778 0.643766
v -0.327976 0.550626 0.755372
v 0.223975 0.650576 -0.529623
v 0.261992 0.683914 -0.518540
v 0.282501 0.731309 -0.522078
v 0.280006 0.780064 -0.539291
v 0.255176 0.817114 -0.565564
v 0.214664 0.832530 -0.593860
v 0.169326 0.822184 -0.616595
v 0.131310 0.788846 -0.627678
v 0.110801 0.741451 -0.624140
v 0.113296 0.692696 -0.606927
v 0.138126 0.655647 -0.580654
v 0.178637 0.640229 -0.552358
v 0.893539 -0.035561 -1.315942
v 0.925078 -0.076578 -1.314386
v 0.972891 -0.096312 -1.312406
v 1.024168 -0.089477 -1.310532
v 1.065167 -0.057903 -1.309267
v 1.084905 -0.010051 -1.308949
v 1.078092 0.041257 -1.309664
v 1.046553 0.082274 -1.311220
v 0.998739 0.102009 -1.313200
v 0.947463 0.095173 -1.315074
v 0.906463 0.063600 -1.316339
v 0.886726 0.015748 -1.316657
v 0.882878 -0.039999 -1.316305
v 0.918061 -0.085755 -1.314569
v 0.971398 -0.107769 -1.312360
v 1.028599 -0.100144 -1.310270
v 1.074335 -0.064922 -1.308859
v 1.096354 -0.011541 -1.308504
v 1.088753 0.045695 -1.309301
v 1.053570 0.091451 -1.311037
v 1.000232 0.113466 -1.313246
v 0.943032 0.105840 -1.315336
v 0.897295 0.070619 -1.316747
v 0.875277 0.017238 -1.317102
v 0.887440 -0.039388 -1.368499
v 0.921737 -0.083992 -1.366806
v 0.973733 -0.105453 -1.364653
v 1.029495 -0.098020 -1.362615
v 1.074082 -0.063684 -1.361240
v 1.095546 -0.011646 -1.360894
v 1.088137 0.044151 -1.361671
v 1.053839 0.088756 -1.363363
v 1.001842 0.110217 -1.365517
v 0.946080 0.102784 -1.367555
v 0.901494 0.068448 -1.368930
v 0.880030 0.016410 -1.369276
v 0.207032 0.660106 -0.500172
v 0.245049 0.693444 -0.489089
v 0.265557 0.740840 -0.492628
v 0.263063 0.789594 -0.509840
v 0.238233 0.826644 -0.536114
v 0.197721 0.842061 -0.564409
v 0.152383 0.831714 -0.587144
v 0.114367 0.798377 -0.598228
v 0.093858 0.750981 -0.594689
v 0.096353 0.702226 -0.577477
v 0.121183 0.665177 -0.551203
v 0.161694 0.649760 -0.522908
v 0.228618 0.635998 -0.522235
v 0.273094 0.674999 -0.509268
v 0.297087 0.730448 -0.513408
v 0.294168 0.787486 -0.533545
v 0.265120 0.830830 -0.564283
v 0.217725 0.848867 -0.597385
v 0.164684 0.836762 -0.623983
v 0.120208 0.797761 -0.636950
v 0.096215 0.742312 -0.632810
v 0.099134 0.685274 -0.612673
v 0.128182 0.641930 -0.581936
v 0.175577 0.623893 -0.548833
v 0.211675 0.645528 -0.492784
v 0.256151 0.684529 -0.479818
v 0.280144 0.739978 -0.483958
v 0.277225 0.797016 -0.504094
v 0.248176 0.840361 -0.534832
v 0.200782 0.858397 -0.567935
v 0.147741 0.846293 -0.594533
v 0.103265 0.807291 -0.607499
v 0.079272 0.751842 -0.603359
v 0.082191 0.694804 -0.583223
v 0.111239 0.651460 -0.552485
v 0.158634 0.633423 -0.519382
v 0.868345 0.007038 -1.191508
v 0.833693 0.048443 -1.120246
v 0.858670 0.013473 -1.091817
v 0.892451 -0.028413 -1.163397
v 0.898727 0.000140 -1.062405
v 0.932232 -0.042465 -1.133238
v 0.943305 0.012174 -1.039806
v 0.977097 -0.031251 -1.109139
v 0.980503 0.046524 -1.030204
v 1.015141 0.002306 -1.097725
v 1.000223 0.094087 -1.036373
v 1.036219 0.049270 -1.102096
v 0.996965 0.142052 -1.056806
v 1.034650 0.097047 -1.121010
v 0.971533 0.177284 -1.086004
v 1.010775 0.132739 -1.149340
v 0.930933 0.190120 -1.115895
v 0.970918 0.146633 -1.179528
v 0.886269 0.177328 -1.138192
v 0.925747 0.134964 -1.203526
v 0.849519 0.142734 -1.147009
v 0.887462 0.101113 -1.214775
v 0.830339 0.095668 -1.140370
v 0.866459 0.054367 -1.210283
v 0.703403 0.182558 -0.977645
v 0.628468 0.264055 -0.920380
v 0.649696 0.261616 -0.874953
v 0.719082 0.173978 -0.929511
v 0.684374 0.277025 -0.842152
v 0.751093 0.184646 -0.890537
v 0.723293 0.306250 -0.830573
v 0.790646 0.211483 -0.871313
v 0.756190 0.341608 -0.843329
v 0.827064 0.247075 -0.876822
v 0.774316 0.373691 -0.877178
v 0.850672 0.281847 -0.905251
v 0.772729 0.393852 -0.923214
v 0.855354 0.306625 -0.948750
v 0.751709 0.396557 -0.969118
v 0.840064 0.314980 -0.995773
v 0.716825 0.380974 -1.002438
v 0.808869 0.304796 -1.034146
v 0.677500 0.351311 -1.014066
v 0.769750 0.278688 -1.053911
v 0.644400 0.315685 -1.000844
v 0.732910 0.243332 -1.049541
v 0.626472 0.283772 -0.966471
v 0.708478 0.208057 -1.021681
v 0.515898 0.392280 -0.867239
v 0.422657 0.495812 -0.792305
v 0.456150 0.519830 -0.763243
v 0.544321 0.405624 -0.828381
v 0.489781 0.555923 -0.756976
v 0.579091 0.435916 -0.808517
v 0.515002 0.594495 -0.774481
v 0.610715 0.474964 -0.813167
v 0.525594 0.625773 -0.811078
v 0.630508 0.512145 -0.841038
v 0.518781 0.641764 -0.857532
v 0.633127 0.537399 -0.884439
v 0.496004 0.638103 -0.901884
v 0.618004 0.544030 -0.931550
v 0.462932 0.615374 -0.932274
v 0.589365 0.530441 -0.969757
v 0.428311 0.579288 -0.940162
v 0.554958 0.500375 -0.989030
v 0.401699 0.539456 -0.922944
v 0.523917 0.461805 -0.984431
v 0.390692 0.506912 -0.885042
v 0.504350 0.424876 -0.957209
v 0.398475 0.490891 -0.836975
v 0.501366 0.399390 -0.914409
v 0.365077 0.557812 -0.723671
v 0.282337 0.622150 -0.614230
v 0.318693 0.656527 -0.601122
v 0.401463 0.586473 -0.705383
v 0.341273 0.702726 -0.607977
v 0.427571 0.629656 -0.705726
v 0.344056 0.748326 -0.633010
v 0.435907 0.675993 -0.725250
v 0.326304 0.781056 -0.669511
v 0.423676 0.712514 -0.758896
v 0.292763 0.792138 -0.707660
v 0.394140 0.728855 -0.797214
v 0.252417 0.778631 -0.737223
v 0.355652 0.720600 -0.829457
v 0.216077 0.744190 -0.750292
v 0.318948 0.690364 -0.846892
v 0.193473 0.698063 -0.743371
v 0.293931 0.646700 -0.845146
v 0.190656 0.652597 -0.718317
v 0.286984 0.601460 -0.825098
v 0.208392 0.619930 -0.681855
v 0.299512 0.566489 -0.792314
v 0.241952 0.608778 -0.643766
v 0.327976 0.550626 -0.755372
v -0.223975 0.650576 -0.529623
v -0.261992 0.683914 -0.518540
v -0.282501 0.731309 -0.522078
v -0.280006 0.780064 -0.539291
v -0.255176 0.817114 -0.565564
v -0.214664 0.832530 -0.593860
v -0.169326 0.822184 -0.616595
v -0.131310 0.788846 -0.627678
v -0.110801 0.741451 -0.624140
v -0.113296 0.692696 -0.606927
v -0.138126 0.655647 -0.580654
v -0.178637 0.640229 -0.552358
v -0.893539 -0.035561 -1.315942
v -0.925078 -0.076578 -1.314386
v -0.972891 -0.096312 -1.312406
v -1.024168 -0.089477 -1.310532
v -1.065167 -0.057903 -1.309267
v -1.084905 -0.010051 -1.308949
v -1.078092 0.041257 -1.309664
v -1.046553 0.082274 -1.311220
v -0.998739 0.102009 -1.313200
v -0.947463 0.095173 -1.315074
v -0.906463 0.063600 -1.316339
v -0.886726 0.015748 -1.316657
v -0.882878 -0.039999 -1.316305
v -0.918061 -0.085755 -1.314569
v -0.971398 -0.107769 -1.312360
v -1.028599 -0.100144 -1.310270
v -1.074335 -0.064922 -1.308859
v -1.096354 -0.011541 -1.308504
v -1.088753 0.045695 -1.309301
v -1.053570 0.091451 -1.311037
v -1.000232 0.113466 -1.313246
v -0.943032 0.105840 -1.315336
v -0.897295 0.070619 -1.316747
v -0.875277 0.017238 -1.317102
v -0.887440 -0.039388 -1.368499
v -0.921737 -0.083992 -1.366806
v -0.973733 -0.105453 -1.364653
v -1.029495 -0.098020 -1.362615
v -1.074082 -0.063684 -1.361240
v -1.095546 -0.011646 -1.360894
v -1.088137 0.044151 -1.361671
v -1.053839 0.088756 -1.363363
v -1.001842 0.110217 -1.365517
v -0.946080 0.102784 -1.367555
v -0.901494 0.068448 -1.368930
v -0.880030 0.016410 -1.369276
v -0.207032 0.660106 -0.500172
v -0.245049 0.693444 -0.489089
v -0.265557 0.740840 -0.492628
v -0.263063 0.789594 -0.509840
v -0.238233 0.826644 -0.536114
v -0.197721 0.842061 -0.564409
v -0.152383 0.831714 -0.587144
v -0.114367 0.798377 -0.598228
v -0.093858 0.750981 -0.594689
v -0.096353 0.702226 -0.577477
v -0.121183 0.665177 -0.551203
v -0.161694 0.649760 -0.522908
v -0.228618 0.635998 -0.522235
v -0.273094 0.674999 -0.509268
v -0.297087 0.730448 -0.513408
v -0.294168 0.787486 -0.533545
v -0.265120 0.830830 -0.564283
v -0.217725 0.848867 -0.597385
v -0.164684 0.836762 -0.623983
v -0.120208 0.797761 -0.636950
v -0.096215 0.742312 -0.632810
v -0.099134 0.685274 -0.612673
v -0.128182 0.641930 -0.581936
v -0.175577 0.623893 -0.548833
v -0.211675 0.645528 -0.492784
v -0.256151 0.684529 -0.479818
v -0.280144 0.739978 -0.483958
v -0.277225 0.797016 -0.504094
v -0.248176 0.840361 -0.534832
v -0.200782 0.858397 -0.567935
v -0.147741 0.846293 -0.594533
v -0.103265 0.807291 -0.607499
v -0.079272 0.751842 -0.603359
v -0.082191 0.694804 -0.583223
v -0.111239 0.651460 -0.552485
v -0.158634 0.633423 -0.519382
v -0.868345 0.007038 -1.191508
v -0.833693 0.048443 -1.120246
v -0.858670 0.013473 -1.091817
v -0.892451 -0.028413 -1.163397
v -0.898727 0.000140 -1.062405
v -0.932232 -0.042465 -1.133238
v -0.943305 0.012174 -1.039806
v -0.977097 -0.031251 -1.109139
v -0.980503 0.046524 -1.030204
v -1.015141 0.002306 -1.097725
v -1.000223 0.094087 -1.036373
v -1.036219 0.049270 -1.102096
v -0.996965 0.142052 -1.056806
v -1.034650 0.097047 -1.121010
v -0.971533 0.177284 -1.086004
v -1.010775 0.132739 -1.149340
v -0.930933 0.190120 -1.115895
v -0.970918 0.146633 -1.179528
v -0.886269 0.177328 -1.138192
v -0.925747 0.134964 -1.203526
v -0.849519 0.142734 -1.147009
v -0.887462 0.101113 -1.214775
v -0.830339 0.095668 -1.140370
v -0.866459 0.054367 -1.210283
v -0.703403 0.182558 -0.977645
v -0.628468 0.264055 -0.920380
v -0.649696 0.261616 -0.874953
v -0.719082 0.173978 -0.929511
v -0.684374 0.277025 -0.842152
v -0.751093 0.184646 -0.890537
v -0.723293 0.306250 -0.830573
v -0.790646 0.211483 -0.871313
v -0.756190 0.341608 -0.843329
v -0.827064 0.247075 -0.876822
v -0.774316 0.373691 -0.877178
v -0.850672 0.281847 -0.905251
v -0.772729 0.393852 -0.923214
v -0.855354 0.306625 -0.948750
v -0.751709 0.396557 -0.969118
v -0.840064 0.314980 -0.995773
v -0.716825 0.380974 -1.002438
v -0.808869 0.304796 -1.034146
v -0.677500 0.351311 -1.014066
v -0.769750 0.278688 -1.053911
v -0.644400 0.315685 -1.000844
v -0.732910 0.243332 -1.049541
v -0.626472 0.283772 -0.966471
v -0.708478 0.208057 -1.021681
v -0.515898 0.392280 -0.867239
v -0.422657 0.495812 -0.792305
v -0.456150 0.519830 -0.763243
v -0.544321 0.405624 -0.828381
v -0.489781 0.555923 -0.756976
v -0.579091 0.435916 -0.808517
v -0.515002 0.594495 -0.774481
v -0.610715 0.474964 -0.813167
v -0.525594 0.625773 -0.811078
v -0.630508 0.512145 -0.841038
v -0.518781 0.641764 -0.857532
v -0.633127 0.537399 -0.884439
v -0.496004 0.638103 -0.901884
v -0.618004 0.544030 -0.931550
v -0.462932 0.615374 -0.932274
v -0.589365 0.530441 -0.969757
v -0.428311 0.579288 -0.940162
v -0.554958 0.500375 -0.989030
v -0.401699 0.539456 -0.922944
v -0.523917 0.461805 -0.984431
v -0.390692 0.506912 -0.885042
v -0.504350 0.424876 -0.957209
v -0.398475 0.490891 -0.836975
v -0.501366 0.399390 -0.914409
v -0.365077 0.557812 -0.723671
v -0.282337 0.622150 -0.614230
v -0.318693 0.656527 -0.601122
v -0.401463 0.586473 -0.705383
v -0.341273 0.702726 -0.607977
v -0.427571 0.629656 -0.705726
v -0.344056 0.748326 -0.633010
v -0.435907 0.675993 -0.725250
v -0.326304 0.781056 -0.669511
v -0.423676 0.712514 -0.758896
v -0.292763 0.792138 -0.707660
v -0.394140 0.728855 -0.797214
v -0.252417 0.778631 -0.737223
v -0.355652 0.720600 -0.829457
v -0.216077 0.744190 -0.750292
v -0.318948 0.690364 -0.846892
v -0.193473 0.698063 -0.743371
v -0.293931 0.646700 -0.845146
v -0.190656 0.652597 -0.718317
v -0.286984 0.601460 -0.825098
v -0.208392 0.619930 -0.681855
v -0.299512 0.566489 -0.792314
v -0.241952 0.608778 -0.643766
v -0.327976 0.550626 -0.755372
v 0.223975 1.349424 0.529623
v 0.261992 1.316086 0.518540
v 0.282501 1.268691 0.522078
v 0.280006 1.219936 0.539291
v 0.255176 1.182886 0.565564
v 0.214664 1.167470 0.593860
v 0.169326 1.177816 0.616595
v 0.131310 1.211154 0.627678
v 0.110801 1.258549 0.624140
v 0.113296 1.307304 0.606927
v 0.138126 1.344353 0.580654
v 0.178637 1.359771 0.552358
v 0.893539 2.035561 1.315942
v 0.925078 2.076578 1.314386
v 0.972891 2.096312 1.312406
v 1.024168 2.089477 1.310532
v 1.065167 2.057903 1.309267
v 1.084905 2.010051 1.308949
v 1.078092 1.958743 1.309664
v 1.046553 1.917726 1.311220
v 0.998739 1.897991 1.313200
v 0.947463 1.904827 1.315074
v 0.906463 1.936400 1.316339
v 0.886726 1.984252 1.316657
v 0.882878 2.039999 1.316305
v 0.918061 2.085754 1.314569
v 0.971398 2.107769 1.312360
v 1.028599 2.100144 1.310270
v 1.074335 2.064922 1.308859
v 1.096354 2.011541 1.308504
v 1.088753 1.954305 1.309301
v 1.053570 1.908549 1.311037
v 1.000232 1.886534 1.313246
v 0.943032 1.894160 1.315336
v 0.897295 1.929381 1.316747
v 0.875277 1.982762 1.317102
v 0.887440 2.039388 1.368499
v 0.921737 2.083992 1.366806
v 0.973733 2.105453 1.364653
v 1.029495 2.098020 1.362615
v 1.074082 2.063684 1.361240
v 1.095546 2.011646 1.360894
v 1.088137 1.955849 1.361671
v 1.053839 1.911244 1.363363
v 1.001842 1.889783 1.365517
v 0.946080 1.897216 1.367555
v 0.901494 1.931552 1.368930
v 0.880030 1.983591 1.369276
v 0.207032 1.339894 0.500172
v 0.245049 1.306556 0.489089
v 0.265557 1.259160 0.492628
v 0.263063 1.210406 0.509840
v 0.238233 1.173356 0.536114
v 0.197721 1.157939 0.564409
v 0.152383 1.168286 0.587144
v 0.114367 1.201623 0.598228
v 0.093858 1.249019 0.594689
v 0.096353 1.297774 0.577477
v 0.121183 1.334823 0.551203
v 0.161694 1.350240 0.522908
v 0.228618 1.364002 0.522235
v 0.273094 1.325001 0.509268
v 0.297087 1.269552 0.513408
v 0.294168 1.212514 0.533545
v 0.265120 1.169170 0.564283
v 0.217725 1.151133 0.597385
v 0.164684 1.163238 0.623983
v 0.120208 1.202239 0.636950
v 0.096215 1.257688 0.632810
v 0.099134 1.314726 0.612673
v 0.128182 1.358070 0.581936
v 0.175577 1.376107 0.548833
v 0.211675 1.354472 0.492784
v 0.256151 1.315471 0.479818
v 0.280144 1.260022 0.483958
v 0.277225 1.202984 0.504094
v 0.248176 1.159639 0.534832
v 0.200782 1.141603 0.567935
v 0.147741 1.153707 0.594533
v 0.103265 1.192709 0.607499
v 0.079272 1.248158 0.603359
v 0.082191 1.305196 0.583223
v 0.111239 1.348540 0.552485
v 0.158634 1.366577 0.519382
v 0.868345 1.992962 1.191508
v 0.833693 1.951557 1.120246
v 0.858670 1.986527 1.091817
v 0.892451 2.028413 1.163397
v 0.898727 1.999860 1.062405
v 0.932232 2.042465 1.133238
v 0.943305 1.987826 1.039806
v 0.977097 2.031251 1.109139
v 0.980503 1.953476 1.030204
v 1.015141 1.997694 1.097725
v 1.000223 1.905912 1.036373
v 1.036219 1.950730 1.102096
v 0.996965 1.857948 1.056806
v 1.034650 1.902953 1.121010
v 0.971533 1.822716 1.086004
v 1.010775 1.867261 1.149340
v 0.930933 1.809880 1.115895
v 0.970918 1.853367 1.179528
v 0.886269 1.822672 1.138192
v 0.925747 1.865036 1.203526
v 0.849519 1.857266 1.147009
v 0.887462 1.898887 1.214775
v 0.830339 1.904332 1.140370
v 0.866459 1.945633 1.210283
v 0.703403 1.817442 0.977645
v 0.628468 1.735945 0.920380
v 0.649696 1.738384 0.874953
v 0.719082 1.826022 0.929511
v 0.684374 1.722975 0.842152
v 0.751093 1.815354 0.890537
v 0.723293 1.693750 0.830573
v 0.790646 1.788517 0.871313
v 0.756190 1.658391 0.843329
v 0.827064 1.752924 0.876822
v 0.774316 1.626308 0.877178
v 0.850672 1.718153 0.905251
v 0.772729 1.606148 0.923214
v 0.855354 1.693375 0.948750
v 0.751709 1.603443 0.969118
v 0.840064 1.685020 0.995773
v 0.716825 1.619026 1.002438
v 0.808869 1.695204 1.034146
v 0.677500 1.648689 1.014066
v 0.769750 1.721312 1.053911
v 0.644400 1.684315 1.000844
v 0.732910 1.756668 1.049541
v 0.626472 1.716228 0.966471
v 0.708478 1.791943 1.021681
v 0.515898 1.607720 0.867239
v 0.422657 1.504188 0.792305
v 0.456150 1.480170 0.763243
v 0.544321 1.594377 0.828381
v 0.489781 1.444077 0.756976
v 0.579091 1.564084 0.808517
v 0.515002 1.405505 0.774481
v 0.610715 1.525036 0.813167
v 0.525594 1.374227 0.811078
v 0.630508 1.487855 0.841038
v 0.518781 1.358236 0.857532
v 0.633127 1.462601 0.884439
v 0.496004 1.361897 0.901884
v 0.618004 1.455970 0.931550
v 0.462932 1.384626 0.932274
v 0.589365 1.469559 0.969757
v 0.428311 1.420712 0.940162
v 0.554958 1.499625 0.989030
v 0.401699 1.460544 0.922944
v 0.523917 1.538195 0.984431
v 0.390692 1.493088 0.885042
v 0.504350 1.575124 0.957209
v 0.398475 1.509109 0.836975
v 0.501366 1.600610 0.914409
v 0.365077 1.442188 0.723671
v 0.282337 1.377850 0.614230
v 0.318693 1.343473 0.601122
v 0.401463 1.413527 0.705383
v 0.341273 1.297274 0.607977
v 0.427571 1.370344 0.705726
v 0.344056 1.251674 0.633010
v 0.435907 1.324007 0.725250
v 0.326304 1.218944 0.669511
v 0.423676 1.287486 0.758896
v 0.292763 1.207862 0.707660
v 0.394140 1.271145 0.797214
v 0.252417 1.221369 0.737223
v 0.355652 1.279400 0.829457
v 0.216077 1.255810 0.750292
v 0.318948 1.309636 0.846892
v 0.193473 1.301937 0.743371
v 0.293931 1.353300 0.845146
v 0.190656 1.347403 0.718317
v 0.286984 1.398540 0.825098
v 0.208392 1.380070 0.681855
v 0.299512 1.433511 0.792314
v 0.241952 1.391222 0.643766
v 0.327976 1.449374 0.755372
v -0.223975 1.349424 0.529623
v -0.261992 1.316086 0.518540
v -0.282501 1.268691 0.522078
v -0.280006 1.219936 0.539291
v -0.255176 1.182886 0.565564
v -0.214664 1.167470 0.593860
v -0.169326 1.177816 0.616595
v -0.131310 1.211154 0.627678
v -0.110801 1.258549 0.624140
v -0.113296 1.307304 0.606927
v -0.138126 1.344353 0.580654
v -0.178637 1.359771 0.552358
v -0.893539 2.035561 1.315942
v -0.925078 2.076578 1.314386
v -0.972891 2.096312 1.312406
v -1.024168 2.089477 1.310532
v -1.065167 2.057903 1.309267
v -1.084905 2.010051 1.308949
v -1.078092 1.958743 1.309664
v -1.046553 1.917726 1.311220
v -0.998739 1.897991 1.313200
v -0.947463 1.904827 1.315074
v -0.906463 1.936400 1.316339
v -0.886726 1.984252 1.316657
v -0.882878 2.039999 1.316305
v -0.918061 2.085754 1.314569
v -0.971398 2.107769 1.312360
v -1.028599 2.100144 1.310270
v -1.074335 2.064922 1.308859
v -1.096354 2.011541 1.308504
v -1.088753 1.954305 1.309301
v -1.053570 1.908549 1.311037
v -1.000232 1.886534 1.313246
v -0.943032 1.894160 1.315336
v -0.897295 1.929381 1.316747
v -0.875277 1.982762 1.317102
v -0.887440 2.039388 1.368499
v -0.921737 2.083992 1.366806
v -0.973733 2.105453 1.364653
v -1.029495 2.098020 1.362615
v -1.074082 2.063684 1.361240
v -1.095546 2.011646 1.360894
v -1.088137 1.955849 1.361671
v -1.053839 1.911244 1.363363
v -1.001842 1.889783 1.365517
v -0.946080 1.897216 1.367555
v -0.901494 1.931552 1.368930
v -0.880030 1.983591 1.369276
v -0.207032 1.339894 0.500172
v -0.245049 1.306556 0.489089
v -0.265557 1.259160 0.492628
v -0.263063 1.210406 0.509840
v -0.238233 1.173356 0.536114
v -0.197721 1.157939 0.564409
v -0.152383 1.168286 0.587144
v -0.114367 1.201623 0.598228
v -0.093858 1.249019 0.594689
v -0.096353 1.297774 0.577477
v -0.121183 1.334823 0.551203
v -0.161694 1.350240 0.522908
v -0.228618 1.364002 0.522235
v -0.273094 1.325001 0.509268
v -0.297087 1.269552 0.513408
v -0.294168 1.212514 0.533545
v -0.265120 1.169170 0.564283
v -0.217725 1.151133 0.597385
v -0.164684 1.163238 0.623983
v -0.120208 1.202239 0.636950
v -0.096215 1.257688 0.632810
v -0.099134 1.314726 0.612673
v -0.128182 1.358070 0.581936
v -0.175577 1.376107 0.548833
v -0.211675 1.354472 0.492784
v -0.256151 1.315471 0.479818
v -0.280144 1.260022 0.483958
v -0.277225 1.202984 0.504094
v -0.248176 1.159639 0.534832
v -0.200782 1.141603 0.567935
v -0.147741 1.153707 0.594533
v -0.103265 1.192709 0.607499
v -0.079272 1.248158 0.603359
v -0.082191 1.305196 0.583223
v -0.111239 1.348540 0.552485
v -0.158634 1.366577 0.519382
v -0.868345 1.992962 1.191508
v -0.833693 1.951557 1.120246
v -0.858670 1.986527 1.091817
v -0.892451 2.028413 1.163397
v -0.898727 1.999860 1.062405
v -0.932232 2.042465 1.133238
v -0.943305 1.987826 1.039806
v -0.977097 2.031251 1.109139
v -0.980503 1.953476 1.030204
v -1.015141 1.997694 1.097725
v -1.000223 1.905912 1.036373
v -1.036219 1.950730 1.102096
v -0.996965 1.857948 1.056806
v -1.034650 1.902953 1.121010
v -0.971533 1.822716 1.086004
v -1.010775 1.867261 1.149340
v -0.930933 1.809880 1.115895
v -0.970918 1.853367 1.179528
v -0.886269 1.822672 1.138192
v -0.925747 1.865036 1.203526
v -0.849519 1.857266 1.147009
v -0.887462 1.898887 1.214775
v -0.830339 1.904332 1.140370
v -0.866459 1.945633 1.210283
v -0.703403 1.817442 0.977645
v -0.628468 1.735945 0.920380
v -0.649696 1.738384 0.874953
v -0.719082 1.826022 0.929511
v -0.684374 1.722975 0.842152
v -0.751093 1.815354 0.890537
v -0.723293 1.693750 0.830573
v -0.790646 1.788517 0.871313
v -0.756190 1.658391 0.843329
v -0.827064 1.752924 0.876822
v -0.774316 1.626308 0.877178
v -0.850672 1.718153 0.905251
v -0.772729 1.606148 0.923214
v -0.855354 1.693375 0.948750
v -0.751709 1.603443 0.969118
v -0.840064 1.685020 0.995773
v -0.716825 1.619026 1.002438
v -0.808869 1.695204 1.034146
v -0.677500 1.648689 1.014066
v -0.769750 1.721312 1.053911
v -0.644400 1.684315 1.000844
v -0.732910 1.756668 1.049541
v -0.626472 1.716228 0.966471
v -0.708478 1.791943 1.021681
v -0.515898 1.607720 0.867239
v -0.422657 1.504188 0.792305
v -0.456150 1.480170 0.763243
v -0.544321 1.594377 0.828381
v -0.489781 1.444077 0.756976
v -0.579091 1.564084 0.808517
v -0.515002 1.405505 0.774481
v -0.610715 1.525036 0.813167
v -0.525594 1.374227 0.811078
v -0.630508 1.487855 0.841038
v -0.518781 1.358236 0.857532
v -0.633127 1.462601 0.884439
v -0.496004 1.361897 0.901884
v -0.618004 1.455970 0.931550
v -0.462932 1.384626 0.932274
v -0.589365 1.469559 0.969757
v -0.428311 1.420712 0.940162
v -0.554958 1.499625 0.989030
v -0.401699 1.460544 0.922944
v -0.523917 1.538195 0.984431
v -0.390692 1.493088 0.885042
v -0.504350 1.575124 0.957209
v -0.398475 1.509109 0.836975
v -0.501366 1.600610 0.914409
v -0.365077 1.442188 0.723671
v -0.282337 1.377850 0.614230
v -0.318693 1.343473 0.601122
v -0.401463 1.413527 0.705383
v -0.341273 1.297274 0.607977
v -0.427571 1.370344 0.705726
v -0.344056 1.251674 0.633010
v -0.435907 1.324007 0.725250
v -0.326304 1.218944 0.669511
v -0.423676 1.287486 0.758896
v -0.292763 1.207862 0.707660
v -0.394140 1.271145 0.797214
v -0.252417 1.221369 0.737223
v -0.355652 1.279400 0.829457
v -0.216077 1.255810 0.750292
v -0.318948 1.309636 0.846892
v -0.193473 1.301937 0.743371
v -0.293931 1.353300 0.845146
v -0.190656 1.347403 0.718317
v -0.286984 1.398540 0.825098
v -0.208392 1.380070 0.681855
v -0.299512 1.433511 0.792314
v -0.241952 1.391222 0.643766
v -0.327976 1.449374 0.755372
v 0.223975 1.349424 -0.529623
v 0.261992 1.316086 -0.518540
v 0.282501 1.268691 -0.522078
v 0.280006 1.219936 -0.539291
v 0.255176 1.182886 -0.565564
v 0.214664 1.167470 -0.593860
v 0.169326 1.177816 -0.616595
v 0.131310 1.211154 -0.627678
v 0.110801 1.258549 -0.624140
v 0.113296 1.307304 -0.606927
v 0.138126 1.344353 -0.580654
v 0.178637 1.359771 -0.552358
v 0.893539 2.035561 -1.315942
v 0.925078 2.076578 -1.314386
v 0.972891 2.096312 -1.312406
v 1.024168 2.089477 -1.310532
v 1.065167 2.057903 -1.309267
v 1.084905 2.010051 -1.308949
v 1.078092 1.958743 -1.309664
v 1.046553 1.917726 -1.311220
v 0.998739 1.897991 -1.313200
v 0.947463 1.904827 -1.315074
v 0.906463 1.936400 -1.316339
v 0.886726 1.984252 -1.316657
v 0.882878 2.039999 -1.316305
v 0.918061 2.085754 -1.314569
v 0.971398 2.107769 -1.312360
v 1.028599 2.100144 -1.310270
v 1.074335 2.064922 -1.308859
v 1.096354 2.011541 -1.308504
v 1.088753 1.954305 -1.309301
v 1.053570 1.908549 -1.311037
v 1.000232 1.886534 -1.313246
v 0.943032 1.894160 -1.315336
v 0.897295 1.929381 -1.316747
v 0.875277 1.982762 -1.317102
v 0.887440 2.039388 -1.368499
v 0.921737 2.083992 -1.366806
v 0.973733 2.105453 -1.364653
v 1.029495 2.098020 -1.362615
v 1.074082 2.063684 -1.361240
v 1.095546 2.011646 -1.360894
v 1.088137 1.955849 -1.361671
v 1.053839 1.911244 -1.363363
v 1.001842 1.889783 -1.365517
v 0.946080 1.897216 -1.367555
v 0.901494 1.931552 -1.368930
v 0.880030 1.983591 -1.369276
v 0.207032 1.339894 -0.500172
v 0.245049 1.306556 -0.489089
v 0.265557 1.259160 -0.492628
v 0.263063 1.210406 -0.509840
v 0.238233 1.173356 -0.536114
v 0.197721 1.157939 -0.564409
v 0.152383 1.168286 -0.587144
v 0.114367 1.201623 -0.598228
v 0.093858 1.249019 -0.594689
v 0.096353 1.297774 -0.577477
v 0.121183 1.334823 -0.551203
v 0.161694 1.350240 -0.522908
v 0.228618 1.364002 -0.522235
v 0.273094 1.325001 -0.509268
v 0.297087 1.269552 -0.513408
v 0.294168 1.212514 -0.533545
v 0.265120 1.169170 -0.564283
v 0.217725 1.151133 -0.597385
v 0.164684 1.163238 -0.623983
v 0.120208 1.202239 -0.636950
v 0.096215 1.257688 -0.632810
v 0.099134 1.314726 -0.612673
v 0.128182 1.358070 -0.581936
v 0.175577 1.376107 -0.548833
v 0.211675 1.354472 -0.492784
v 0.256151 1.315471 -0.479818
v 0.280144 1.260022 -0.483958
v 0.277225 1.202984 -0.504094
v 0.248176 1.159639 -0.534832
v 0.200782 1.141603 -0.567935
v 0.147741 1.153707 -0.594533
v 0.103265 1.192709 -0.607499
v 0.079272 1.248158 -0.603359
v 0.082191 1.305196 -0.583223
v 0.111239 1.348540 -0.552485
v 0.158634 1.366577 -0.519382
v 0.868345 1.992962 -1.191508
v 0.833693 1.951557 -1.120246
v 0.858670 1.986527 -1.091817
v 0.892451 2.028413 -1.163397
v 0.898727 1.999860 -1.062405
v 0.932232 2.042465 -1.133238
v 0.943305 1.987826 -1.039806
v 0.977097 2.031251 -1.109139
v 0.980503 1.953476 -1.030204
v 1.015141 1.997694 -1.097725
v 1.000223 1.905912 -1.036373
v 1.036219 1.950730 -1.102096
v 0.996965 1.857948 -1.056806
v 1.034650 1.902953 -1.121010
v 0.971533 1.822716 -1.086004
v 1.010775 1.867261 -1.149340
v 0.930933 1.809880 -1.115895
v 0.970918 1.853367 -1.179528
v 0.886269 1.822672 -1.138192
v 0.925747 1.865036 -1.203526
v 0.849519 1.857266 -1.147009
v 0.887462 1.898887 -1.214775
v 0.830339 1.904332 -1.140370
v 0.866459 1.945633 -1.210283
v 0.703403 1.817442 -0.977645
v 0.628468 1.735945 -0.920380
v 0.649696 1.738384 -0.874953
v 0.719082 1.826022 -0.929511
v 0.684374 1.722975 -0.842152
v 0.751093 1.815354 -0.890537
v 0.723293 1.693750 -0.830573
v 0.790646 1.788517 -0.871313
v 0.756190 1.658391 -0.843329
v 0.827064 1.752924 -0.876822
v 0.774316 1.626308 -0.877178
v 0.850672 1.718153 -0.905251
v 0.772729 1.606148 -0.923214
v 0.855354 1.693375 -0.948750
v 0.751709 1.603443 -0.969118
v 0.840064 1.685020 -0.995773
v 0.716825 1.619026 -1.002438
v 0.808869 1.695204 -1.034146
v 0.677500 1.648689 -1.014066
v 0.769750 1.721312 -1.053911
v 0.644400 1.684315 -1.000844
v 0.732910 1.756668 -1.049541
v 0.626472 1.716228 -0.966471
v 0.708478 1.791943 -1.021681
v 0.515898 1.607720 -0.867239
v 0.422657 1.504188 -0.792305
v 0.456150 1.480170 -0.763243
v 0.544321 1.594377 -0.828381
v 0.489781 1.444077 -0.756976
v 0.579091 1.564084 -0.808517
v 0.515002 1.405505 -0.774481
v 0.610715 1.525036 -0.813167
v 0.525594 1.374227 -0.811078
v 0.630508 1.487855 -0.841038
v 0.518781 1.358236 -0.857532
v 0.633127 1.462601 -0.884439
v 0.496004 1.361897 -0.901884
v 0.618004 1.455970 -0.931550
v 0.462932 1.384626 -0.932274
v 0.589365 1.469559 -0.969757
v 0.428311 1.420712 -0.940162
v 0.554958 1.499625 -0.989030
v 0.401699 1.460544 -0.922944
v 0.523917 1.538195 -0.984431
v 0.390692 1.493088 -0.885042
v 0.504350 1.575124 -0.957209
v 0.398475 1.509109 -0.836975
v 0.501366 1.600610 -0.914409
v 0.365077 1.442188 -0.723671
v 0.282337 1.377850 -0.614230
v 0.318693 1.343473 -0.601122
v 0.401463 1.413527 -0.705383
v 0.341273 1.297274 -0.607977
v 0.427571 1.370344 -0.705726
v 0.344056 1.251674 -0.633010
v 0.435907 1.324007 -0.725250
v 0.326304 1.218944 -0.669511
v 0.423676 1.287486 -0.758896
v 0.292763 1.207862 -0.707660
v 0.394140 1.271145 -0.797214
v 0.252417 1.221369 -0.737223
v 0.355652 1.279400 -0.829457
v 0.216077 1.255810 -0.750292
v 0.318948 1.309636 -0.846892
v 0.193473 1.301937 -0.743371
v 0.293931 1.353300 -0.845146
v 0.190656 1.347403 -0.718317
v 0.286984 1.398540 -0.825098
v 0.208392 1.380070 -0.681855
v 0.299512 1.433511 -0.792314
v 0.241952 1.391222 -0.643766
v 0.327976 1.449374 -0.755372
v -0.223975 1.349424 -0.529623
v -0.261992 1.316086 -0.518540
v -0.282501 1.268691 -0.522078
v -0.280006 1.219936 -0.539291
v -0.255176 1.182886 -0.565564
v -0.214664 1.167470 -0.593860
v -0.169326 1.177816 -0.616595
v -0.131310 1.211154 -0.627678
v -0.110801 1.258549 -0.624140
v -0.113296 1.307304 -0.606927
v -0.138126 1.344353 -0.580654
v -0.178637 1.359771 -0.552358
v -0.893539 2.035561 -1.315942
v -0.925078 2.076578 -1.314386
v -0.972891 2.096312 -1.312406
v -1.024168 2.089477 -1.310532
v -1.065167 2.057903 -1.309267
v -1.084905 2.010051 -1.308949
v -1.078092 1.958743 -1.309664
v -1.046553 1.917726 -1.311220
v -0.998739 1.897991 -1.313200
v -0.947463 1.904827 -1.315074
v -0.906463 1.936400 -1.316339
v -0.886726 1.984252 -1.316657
v -0.882878 2.039999 -1.316305
v -0.918061 2.085754 -1.314569
v -0.971398 2.107769 -1.312360
v -1.028599 2.100144 -1.310270
v -1.074335 2.064922 -1.308859
v -1.096354 2.011541 -1.308504
v -1.088753 1.954305 -1.309301
v -1.053570 1.908549 -1.311037
v -1.000232 1.886534 -1.313246
v -0.943032 1.894160 -1.315336
v -0.897295 1.929381 -1.316747
v -0.875277 1.982762 -1.317102
v -0.887440 2.039388 -1.368499
v -0.921737 2.083992 -1.366806
v -0.973733 2.105453 -1.364653
v -1.029495 2.098020 -1.362615
v -1.074082 2.063684 -1.361240
v -1.095546 2.011646 -1.360894
v -1.088137 1.955849 -1.361671
v -1.053839 1.911244 -1.363363
v -1.001842 1.889783 -1.365517
v -0.946080 1.897216 -1.367555
v -0.901494 1.931552 -1.368930
v -0.880030 1.983591 -1.369276
v -0.207032 1.339894 -0.500172
v -0.245049 1.306556 -0.489089
v -0.265557 1.259160 -0.492628
v -0.263063 1.210406 -0.509840
v -0.238233 1.173356 -0.536114
v -0.197721 1.157939 -0.564409
v -0.152383 1.168286 -0.587144
v -0.114367 1.201623 -0.598228
v -0.093858 1.249019 -0.594689
v -0.096353 1.297774 -0.577477
v -0.121183 1.334823 -0.551203
v -0.161694 1.350240 -0.522908
v -0.228618 1.364002 -0.522235
v -0.273094 1.325001 -0.509268
v -0.297087 1.269552 -0.513408
v -0.294168 1.212514 -0.533545
v -0.265120 1.169170 -0.564283
v -0.217725 1.151133 -0.597385
v -0.164684 1.163238 -0.623983
v -0.120208 1.202239 -0.636950
v -0.096215 1.257688 -0.632810
v -0.099134 1.314726 -0.612673
v -0.128182 1.358070 -0.581936
v -0.175577 1.376107 -0.548833
v -0.211675 1.354472 -0.492784
v -0.256151 1.315471 -0.479818
v -0.280144 1.260022 -0.483958
v -0.277225 1.202984 -0.504094
v -0.248176 1.159639 -0.534832
v -0.200782 1.141603 -0.567935
v -0.147741 1.153707 -0.594533
v -0.103265 1.192709 -0.607499
v -0.079272 1.248158 -0.603359
v -0.082191 1.305196 -0.583223
v -0.111239 1.348540 -0.552485
v -0.158634 1.366577 -0.519382
v -0.868345 1.992962 -1.191508
v -0.833693 1.951557 -1.120246
v -0.858670 1.986527 -1.091817
v -0.892451 2.028413 -1.163397
v -0.898727 1.999860 -1.062405
v -0.932232 2.042465 -1.133238
v -0.943305 1.987826 -1.039806
v -0.977097 2.031251 -1.109139
v -0.980503 1.953476 -1.030204
v -1.015141 1.997694 -1.097725
v -1.000223 1.905912 -1.036373
v -1.036219 1.950730 -1.102096
v -0.996965 1.857948 -1.056806
v -1.034650 1.902953 -1.121010
v -0.971533 1.822716 -1.086004
v -1.010775 1.867261 -1.149340
v -0.930933 1.809880 -1.115895
v -0.970918 1.853367 -1.179528
v -0.886269 1.822672 -1.138192
v -0.925747 1.865036 -1.203526
v -0.849519 1.857266 -1.147009
v -0.887462 1.898887 -1.214775
v -0.830339 1.904332 -1.140370
v -0.866459 1.945633 -1.210283
v -0.703403 1.817442 -0.977645
v -0.628468 1.735945 -0.920380
v -0.649696 1.738384 -0.874953
v -0.719082 1.826022 -0.929511
v -0.684374 1.722975 -0.842152
v -0.751093 1.815354 -0.890537
v -0.723293 1.693750 -0.830573
v -0.790646 1.788517 -0.871313
v -0.756190 1.658391 -0.843329
v -0.827064 1.752924 -0.876822
v -0.774316 1.626308 -0.877178
v -0.850672 1.718153 -0.905251
v -0.772729 1.606148 -0.923214
v -0.855354 1.693375 -0.948750
v -0.751709 1.603443 -0.969118
v -0.840064 1.685020 -0.995773
v -0.716825 1.619026 -1.002438
v -0.808869 1.695204 -1.034146
v -0.677500 1.648689 -1.014066
v -0.769750 1.721312 -1.053911
v -0.644400 1.684315 -1.000844
v -0.732910 1.756668 -1.049541
v -0.626472 1.716228 -0.966471
v -0.708478 1.791943 -1.021681
v -0.515898 1.607720 -0.867239
v -0.422657 1.504188 -0.792305
v -0.456150 1.480170 -0.763243
v -0.544321 1.594377 -0.828381
v -0.489781 1.444077 -0.756976
v -0.579091 1.564084 -0.808517
v -0.515002 1.405505 -0.774481
v -0.610715 1.525036 -0.813167
v -0.525594 1.374227 -0.811078
v -0.630508 1.487855 -0.841038
v -0.518781 1.358236 -0.857532
v -0.633127 1.462601 -0.884439
v -0.496004 1.361897 -0.901884
v -0.618004 1.455970 -0.931550
v -0.462932 1.384626 -0.932274
v -0.589365 1.469559 -0.969757
v -0.428311 1.420712 -0.940162
v -0.554958 1.499625 -0.989030
v -0.401699 1.460544 -0.922944
v -0.523917 1.538195 -0.984431
v -0.390692 1.493088 -0.885042
v -0.504350 1.575124 -0.957209
v -0.398475 1.509109 -0.836975
v -0.501366 1.600610 -0.914409
v -0.365077 1.442188 -0.723671
v -0.282337 1.377850 -0.614230
v -0.318693 1.343473 -0.601122
v -0.401463 1.413527 -0.705383
v -0.341273 1.297274 -0.607977
v -0.427571 1.370344 -0.705726
v -0.344056 1.251674 -0.633010
v -0.435907 1.324007 -0.725250
v -0.326304 1.218944 -0.669511
v -0.423676 1.287486 -0.758896
v -0.292763 1.207862 -0.707660
v -0.394140 1.271145 -0.797214
v -0.252417 1.221369 -0.737223
v -0.355652 1.279400 -0.829457
v -0.216077 1.255810 -0.750292
v -0.318948 1.309636 -0.846892
v -0.193473 1.301937 -0.743371
v -0.293931 1.353300 -0.845146
v -0.190656 1.347403 -0.718317
v -0.286984 1.398540 -0.825098
v -0.208392 1.380070 -0.681855
v -0.299512 1.433511 -0.792314
v -0.241952 1.391222 -0.643766
v -0.327976 1.449374 -0.755372
vn 0.4801 -0.2701 0.8346
vn -0.0377 0.0089 -0.9992
vn 0.7944 -0.6071 0.0182
vn 0.9915 -0.1293 0.0150
vn 0.0377 -0.0089 0.9992
vn -0.9194 -0.3840 0.0849
vn -0.9875 0.1283 0.0920
vn -0.1270 -0.9907 0.0495
vn -0.6045 -0.7936 0.0693
vn -0.3810 0.9214 0.0762
vn 0.1311 0.9897 0.0575
vn 0.9235 0.3831 0.0222
vn 0.3850 -0.9224 0.0308
vn -0.7904 0.6062 0.0888
vn 0.6085 0.7926 0.0377
vn -0.4801 0.2701 -0.8346
vn -0.1801 -0.9615 -0.2075
vn 0.2732 -0.8580 -0.4349
vn 0.6534 -0.5247 -0.5457
vn 0.8585 -0.0507 -0.5103
vn -0.8585 0.0507 0.5103
vn -0.8335 -0.4368 0.3382
vn -0.2732 0.8580 0.4349
vn 0.1801 0.9615 0.2075
vn 0.8335 0.4368 -0.3382
vn -0.5853 -0.8073 0.0754
vn -0.6534 0.5247 0.5457
vn 0.5853 0.8073 -0.0754
vn -0.6557 -0.7405 -0.1474
vn -0.9151 -0.3841 0.1232
vn -0.8618 -0.4551 0.2239
vn -0.2103 -0.9238 -0.3199
vn -0.6434 -0.7573 -0.1124
vn -0.2827 -0.8323 -0.4767
vn 0.2708 -0.8449 -0.4614
vn 0.1466 -0.7107 -0.6880
vn 0.6784 -0.5456 -0.4920
vn 0.5391 -0.4048 -0.7386
vn 0.9132 -0.1074 -0.3932
vn 0.7984 0.0162 -0.6019
vn 0.9170 0.3551 -0.1819
vn 0.8512 0.4370 -0.2907
vn 0.6862 0.7224 0.0852
vn 0.6759 0.7278 0.1161
vn 0.2606 0.9052 0.3357
vn -0.1065 0.6790 0.7263
vn 0.3236 0.8082 0.4921
vn -0.5240 0.3755 0.7645
vn -0.2395 0.8392 0.4882
vn -0.8205 -0.0487 0.5696
vn -0.6826 0.5408 0.4916
vn -0.9329 0.0899 0.3488
vn -0.9724 0.0771 0.2202
vn -0.9013 -0.4305 0.0481
vn -0.1083 -0.9567 -0.2703
vn -0.5663 -0.8128 -0.1369
vn 0.3584 -0.8697 -0.3393
vn 0.7347 -0.5862 -0.3414
vn 0.9498 -0.1590 -0.2693
vn 0.9352 0.3332 -0.1201
vn 0.6578 0.7482 0.0868
vn 0.1732 0.9427 0.2853
vn -0.3421 0.8613 0.3757
vn -0.7604 0.5499 0.3457
vn -0.7460 -0.6652 -0.0317
vn -0.5616 -0.7551 -0.3382
vn -0.7552 -0.6423 0.1309
vn -0.5431 -0.6611 -0.5177
vn -0.2124 -0.6701 -0.7113
vn -0.2189 -0.4691 -0.8556
vn 0.1855 -0.4169 -0.8899
vn 0.1575 -0.1564 -0.9751
vn 0.5353 -0.0573 -0.8427
vn 0.4912 0.2020 -0.8473
vn 0.7513 0.3208 -0.5767
vn 0.6968 0.5150 -0.4992
vn 0.7722 0.6169 -0.1523
vn 0.7183 0.6956 -0.0149
vn 0.5875 0.7448 0.3165
vn 0.5456 0.6884 0.4779
vn 0.2490 0.6721 0.6973
vn 0.2219 0.4926 0.8415
vn -0.1556 0.4261 0.8912
vn -0.1667 0.1629 0.9724
vn -0.5274 0.0652 0.8471
vn -0.5142 -0.2093 0.8317
vn -0.7506 -0.3420 0.5654
vn -0.7379 -0.5135 0.4380
vn -0.3138 -0.7807 -0.5404
vn -0.3177 -0.5727 -0.7557
vn -0.5927 -0.7411 -0.3155
vn 0.0571 -0.5506 -0.8328
vn 0.0564 -0.2614 -0.9636
vn 0.4085 -0.1740 -0.8960
vn 0.4145 0.1208 -0.9020
vn 0.6482 0.2467 -0.7204
vn 0.6558 0.4685 -0.5920
vn 0.7160 0.6009 -0.3554
vn 0.7156 0.6875 -0.1236
vn 0.5976 0.7953 0.1018
vn 0.5834 0.7213 0.3734
vn 0.3274 0.7812 0.5316
vn 0.3014 0.5645 0.7685
vn -0.0258 0.5649 0.8248
vn -0.0528 0.2613 0.9638
vn -0.3747 0.2010 0.9051
vn -0.3908 -0.1090 0.9140
vn -0.6290 -0.2198 0.7457
vn -0.6317 -0.4526 0.6294
vn -0.7145 -0.5869 0.3807
vn -0.6959 -0.6986 0.1661
vn -0.5994 -0.7950 -0.0934
vn 0.2059 -0.8195 -0.5347
vn 0.3587 -0.5085 -0.7828
vn -0.0220 -0.8052 -0.5926
vn 0.5775 -0.4688 -0.6684
vn 0.6462 -0.0706 -0.7599
vn 0.7859 0.0103 -0.6183
vn 0.7578 0.3898 -0.5233
vn 0.7801 0.4823 -0.3987
vn 0.6586 0.7397 -0.1379
vn 0.5681 0.8200 -0.0699
vn 0.3795 0.8807 0.2834
vn 0.2093 0.9372 0.2791
vn 0.0035 0.7816 0.6237
vn -0.2032 0.8072 0.5542
vn -0.3673 0.4777 0.7981
vn -0.5616 0.4675 0.6826
vn -0.6396 0.0507 0.7670
vn -0.7745 0.0060 0.6325
vn -0.7462 -0.3910 0.5388
vn -0.7845 -0.4587 0.4173
vn -0.6576 -0.7340 0.1698
vn -0.5841 -0.8063 0.0932
vn -0.3934 -0.8863 -0.2442
vn -0.2215 -0.9411 -0.2555
vn -0.1880 -0.9620 -0.1981
vn 0.6183 -0.5122 -0.5961
vn 0.2476 -0.8539 -0.4577
vn 0.8198 -0.0313 -0.5718
vn 0.7979 0.4591 -0.3905
vn 0.5594 0.8229 -0.0991
vn 0.1714 0.9602 0.2207
vn -0.2590 0.8380 0.4802
vn -0.6172 0.4984 0.6088
vn -0.8159 0.0301 0.5774
vn -0.8011 -0.4480 0.3968
vn -0.5726 -0.8119 0.1138
vn -0.4801 -0.2701 0.8346
vn 0.0377 0.0089 -0.9992
vn -0.7944 -0.6071 0.0182
vn -0.9915 -0.1293 0.0150
vn -0.0377 -0.0089 0.9992
vn 0.9875 0.1283 0.0920
vn 0.9194 -0.3840 0.0849
vn 0.6045 -0.7936 0.0693
vn 0.1270 -0.9907 0.0495
vn -0.1311 0.9897 0.0575
vn 0.3810 0.9214 0.0762
vn -0.9235 0.3831 0.0222
vn -0.3850 -0.9224 0.0308
vn 0.7904 0.6062 0.0888
vn -0.6085 0.7926 0.0377
vn 0.4801 0.2701 -0.8346
vn -0.2732 -0.8580 -0.4349
vn 0.1801 -0.9615 -0.2075
vn -0.8585 -0.0507 -0.5103
vn -0.6534 -0.5247 -0.5457
vn 0.8335 -0.4368 0.3382
vn 0.8585 0.0507 0.5103
vn 0.2732 0.8580 0.4349
vn -0.1801 0.9615 0.2075
vn -0.8335 0.4368 -0.3382
vn 0.5853 -0.8073 0.0754
vn 0.6534 0.5247 0.5457
vn -0.5853 0.8073 -0.0754
vn 0.9151 -0.3841 0.1232
vn 0.6557 -0.7405 -0.1474
vn 0.8618 -0.4551 0.2239
vn 0.2103 -0.9238 -0.3199
vn 0.2827 -0.8323 -0.4767
vn -0.2708 -0.8449 -0.4614
vn -0.1466 -0.7107 -0.6880
vn -0.6784 -0.5456 -0.4920
vn -0.5391 -0.4048 -0.7386
vn -0.9132 -0.1074 -0.3932
vn -0.7984 0.0162 -0.6019
vn -0.9170 0.3551 -0.1819
vn -0.8512 0.4370 -0.2907
vn -0.6862 0.7224 0.0852
vn -0.6759 0.7278 0.1161
vn -0.2606 0.9052 0.3357
vn -0.3236 0.8082 0.4921
vn 0.1065 0.6790 0.7263
vn 0.2395 0.8392 0.4882
vn 0.5240 0.3755 0.7645
vn 0.6826 0.5408 0.4916
vn 0.8205 -0.0487 0.5696
vn 0.9329 0.0899 0.3488
vn 0.9724 0.0771 0.2202
vn 0.9013 -0.4305 0.0481
vn 0.6434 -0.7573 -0.1124
vn 0.1083 -0.9567 -0.2703
vn -0.3584 -0.8697 -0.3393
vn -0.7347 -0.5862 -0.3414
vn -0.9498 -0.1590 -0.2693
vn -0.9352 0.3332 -0.1201
vn -0.6578 0.7482 0.0868
vn -0.1732 0.9427 0.2853
vn 0.3421 0.8613 0.3757
vn 0.7604 0.5499 0.3457
vn 0.7460 -0.6652 -0.0317
vn 0.5616 -0.7551 -0.3382
vn 0.5431 -0.6611 -0.5177
vn 0.2124 -0.6701 -0.7113
vn 0.2189 -0.4691 -0.8556
vn -0.1855 -0.4169 -0.8899
vn -0.1575 -0.1564 -0.9751
vn -0.5353 -0.0573 -0.8427
vn -0.4912 0.2020 -0.8473
vn -0.7513 0.3208 -0.5767
vn -0.6968 0.5150 -0.4992
vn -0.7722 0.6169 -0.1523
vn -0.7183 0.6956 -0.0149
vn -0.5875 0.7448 0.3165
vn -0.5456 0.6884 0.4779
vn -0.2490 0.6721 0.6973
vn -0.2219 0.4926 0.8415
vn 0.1556 0.4261 0.8912
vn 0.1667 0.1629 0.9724
vn 0.5274 0.0652 0.8471
vn 0.5142 -0.2093 0.8317
vn 0.7506 -0.3420 0.5654
vn 0.7379 -0.5135 0.4380
vn 0.7552 -0.6423 0.1309
vn 0.3138 -0.7807 -0.5404
vn 0.3177 -0.5727 -0.7557
vn -0.0571 -0.5506 -0.8328
vn -0.0564 -0.2614 -0.9636
vn -0.4085 -0.1740 -0.8960
vn -0.4145 0.1208 -0.9020
vn -0.6482 0.2467 -0.7204
vn -0.6558 0.4685 -0.5920
vn -0.7160 0.6009 -0.3554
vn -0.7156 0.6875 -0.1236
vn -0.5976 0.7953 0.1018
vn -0.5834 0.7213 0.3734
vn -0.3274 0.7812 0.5316
vn -0.3014 0.5645 0.7685
vn 0.0258 0.5649 0.8248
vn 0.0528 0.2613 0.9638
vn 0.3747 0.2010 0.9051
vn 0.3908 -0.1090 0.9140
vn 0.6290 -0.2198 0.7457
vn 0.6317 -0.4526 0.6294
vn 0.7145 -0.5869 0.3807
vn 0.6959 -0.6986 0.1661
vn 0.5994 -0.7950 -0.0934
vn 0.5927 -0.7411 -0.3155
vn -0.2059 -0.8195 -0.5347
vn -0.3587 -0.5085 -0.7828
vn -0.5775 -0.4688 -0.6684
vn -0.6462 -0.0706 -0.7599
vn -0.7859 0.0103 -0.6183
vn -0.7578 0.3898 -0.5233
vn -0.7801 0.4823 -0.3987
vn -0.6586 0.7397 -0.1379
vn -0.5681 0.8200 -0.0699
vn -0.3795 0.8807 0.2834
vn -0.2093 0.9372 0.2791
vn -0.0035 0.7816 0.6237
vn 0.2032 0.8072 0.5542
vn 0.3673 0.4777 0.7981
vn 0.5616 0.4675 0.6826
vn 0.6396 0.0507 0.7670
vn 0.7745 0.0060 0.6325
vn 0.7462 -0.3910 0.5388
vn 0.7845 -0.4587 0.4173
vn 0.6576 -0.7340 0.1698
vn 0.5841 -0.8063 0.0932
vn 0.3934 -0.8863 -0.2442
vn 0.2215 -0.9411 -0.2555
vn 0.0220 -0.8052 -0.5926
vn 0.1880 -0.9620 -0.1981
vn -0.2476 -0.8539 -0.4577
vn -0.6183 -0.5122 -0.5961
vn -0.8198 -0.0313 -0.5718
vn -0.7979 0.4591 -0.3905
vn -0.5594 0.8229 -0.0991
vn -0.1714 0.9602 0.2207
vn 0.2590 0.8380 0.4802
vn 0.6172 0.4984 0.6088
vn 0.8159 0.0301 0.5774
vn 0.8011 -0.4480 0.3968
vn 0.5726 -0.8119 0.1138
vn 0.4801 -0.2701 -0.8346
vn -0.0377 0.0089 0.9992
vn 0.7944 -0.6071 -0.0182
vn 0.9915 -0.1293 -0.0150
vn 0.0377 -0.0089 -0.9992
vn -0.9875 0.1283 -0.0920
vn -0.9194 -0.3840 -0.0849
vn -0.6045 -0.7936 -0.0693
vn -0.1270 -0.9907 -0.0495
vn 0.1311 0.9897 -0.0575
vn -0.3810 0.9214 -0.0762
vn 0.9235 0.3831 -0.0222
vn 0.3850 -0.9224 -0.0308
vn -0.7904 0.6062 -0.0888
vn 0.6085 0.7926 -0.0377
vn -0.4801 0.2701 0.8346
vn 0.2732 -0.8580 0.4349
vn -0.1801 -0.9615 0.2075
vn 0.8585 -0.0507 0.5103
vn 0.6534 -0.5247 0.5457
vn -0.8335 -0.4368 -0.3382
vn -0.8585 0.0507 -0.5103
vn -0.2732 0.8580 -0.4349
vn 0.1801 0.9615 -0.2075
vn 0.8335 0.4368 0.3382
vn -0.5853 -0.8073 -0.0754
vn -0.6534 0.5247 -0.5457
vn 0.5852 0.8073 0.0754
vn 0.5853 0.8073 0.0754
vn -0.9151 -0.3841 -0.1232
vn -0.6557 -0.7405 0.1474
vn -0.8618 -0.4551 -0.2239
vn -0.2103 -0.9238 0.3199
vn -0.2827 -0.8323 0.4767
vn 0.2708 -0.8449 0.4614
vn 0.1466 -0.7107 0.6880
vn 0.6784 -0.5456 0.4920
vn 0.5391 -0.4048 0.7386
vn 0.9132 -0.1074 0.3932
vn 0.7984 0.0162 0.6019
vn 0.9170 0.3551 0.1819
vn 0.8512 0.4370 0.2907
vn 0.6862 0.7224 -0.0852
vn 0.6759 0.7278 -0.1161
vn 0.2606 0.9052 -0.3357
vn 0.3236 0.8082 -0.4921
vn -0.1065 0.6790 -0.7263
vn -0.2395 0.8392 -0.4882
vn -0.5240 0.3755 -0.7645
vn -0.6826 0.5408 -0.4916
vn -0.8205 -0.0487 -0.5696
vn -0.9329 0.0899 -0.3488
vn -0.9724 0.0771 -0.2202
vn -0.9013 -0.4305 -0.0481
vn -0.6434 -0.7573 0.1124
vn -0.1083 -0.9567 0.2703
vn 0.3584 -0.8697 0.3393
vn 0.7347 -0.5862 0.3414
vn 0.9498 -0.1590 0.2693
vn 0.9352 0.3332 0.1201
vn 0.6578 0.7482 -0.0868
vn 0.1732 0.9427 -0.2853
vn -0.3421 0.8613 -0.3757
vn -0.7604 0.5499 -0.3457
vn -0.7460 -0.6652 0.0317
vn -0.5616 -0.7551 0.3382
vn -0.5431 -0.6611 0.5177
vn -0.2124 -0.6701 0.7113
vn -0.2189 -0.4691 0.8556
vn 0.1855 -0.4169 0.8899
vn 0.1575 -0.1564 0.9751
vn 0.5353 -0.0573 0.8427
vn 0.4912 0.2020 0.8473
vn 0.7513 0.3208 0.5767
vn 0.6968 0.5150 0.4992
vn 0.7722 0.6169 0.1523
vn 0.7183 0.6956 0.0149
vn 0.5875 0.7448 -0.3165
vn 0.5456 0.6884 -0.4779
vn 0.2490 0.6721 -0.6973
vn 0.2219 0.4926 -0.8415
vn -0.1556 0.4261 -0.8912
vn -0.1667 0.1629 -0.9724
vn -0.5274 0.0652 -0.8471
vn -0.5142 -0.2093 -0.8317
vn -0.7506 -0.3420 -0.5654
vn -0.7379 -0.5135 -0.4380
vn -0.7552 -0.6423 -0.1309
vn -0.3138 -0.7807 0.5404
vn -0.3177 -0.5727 0.7557
vn 0.0571 -0.5506 0.8328
vn 0.0564 -0.2614 0.9636
vn 0.4085 -0.1740 0.8960
vn 0.4145 0.1208 0.9020
vn 0.6482 0.2467 0.7204
vn 0.6558 0.4685 0.5920
vn 0.7160 0.6009 0.3554
vn 0.7156 0.6875 0.1236
vn 0.5976 0.7953 -0.1018
vn 0.5834 0.7213 -0.3734
vn 0.3274 0.7812 -0.5316
vn 0.3014 0.5645 -0.7685
vn -0.0258 0.5649 -0.8248
vn -0.0528 0.2613 -0.9638
vn -0.3747 0.2010 -0.9051
vn -0.3908 -0.1090 -0.9140
vn -0.6290 -0.2198 -0.7457
vn -0.6317 -0.4526 -0.6294
vn -0.7145 -0.5869 -0.3807
vn -0.6959 -0.6986 -0.1661
vn -0.5994 -0.7950 0.0934
vn -0.5927 -0.7411 0.3155
vn 0.2059 -0.8195 0.5347
vn 0.3587 -0.5085 0.7828
vn 0.5775 -0.4688 0.6684
vn 0.6462 -0.0706 0.7599
vn 0.7859 0.0103 0.6183
vn 0.7578 0.3898 0.5233
vn 0.7801 0.4823 0.3987
vn 0.6586 0.7397 0.1379
vn 0.5681 0.8200 0.0699
vn 0.3795 0.8807 -0.2834
vn 0.2093 0.9372 -0.2791
vn 0.0035 0.7816 -0.6237
vn -0.2032 0.8072 -0.5542
vn -0.3673 0.4777 -0.7981
vn -0.5616 0.4675 -0.6826
vn -0.6396 0.0507 -0.7670
vn -0.7745 0.0060 -0.6325
vn -0.7462 -0.3910 -0.5388
vn -0.7845 -0.4587 -0.4173
vn -0.6576 -0.7340 -0.1698
vn -0.5841 -0.8063 -0.0932
vn -0.3934 -0.8863 0.2442
vn -0.2215 -0.9411 0.2555
vn -0.0220 -0.8052 0.5926
vn -0.1880 -0.9620 0.1981
vn 0.2476 -0.8539 0.4577
vn 0.6183 -0.5122 0.5961
vn 0.8198 -0.0313 0.5718
vn 0.7979 0.4591 0.3905
vn 0.5594 0.8229 0.0991
vn 0.1714 0.9602 -0.2207
vn -0.2590 0.8380 -0.4802
vn -0.6172 0.4984 -0.6088
vn -0.8159 0.0301 -0.5774
vn -0.8011 -0.4480 -0.3968
vn -0.5726 -0.8119 -0.1138
vn -0.4801 -0.2701 -0.8346
vn 0.0377 0.0089 0.9992
vn -0.7944 -0.6071 -0.0182
vn -0.9915 -0.1293 -0.0150
vn -0.0377 -0.0089 -0.9992
vn 0.9194 -0.3840 -0.0849
vn 0.9875 0.1283 -0.0920
vn 0.1270 -0.9907 -0.0495
vn 0.6045 -0.7936 -0.0693
vn 0.3810 0.9214 -0.0762
vn -0.1311 0.9897 -0.0575
vn -0.9235 0.3831 -0.0222
vn -0.3850 -0.9224 -0.0308
vn 0.7904 0.6062 -0.0888
vn -0.6085 0.7926 -0.0377
vn 0.4801 0.2701 0.8346
vn 0.1801 -0.9615 0.2075
vn -0.2732 -0.8580 0.4349
vn -0.6534 -0.5247 0.5457
vn -0.8585 -0.0507 0.5103
vn 0.8585 0.0507 -0.5103
vn 0.8335 -0.4368 -0.3382
vn 0.2732 0.8580 -0.4349
vn -0.1801 0.9615 -0.2075
vn -0.8335 0.4368 0.3382
vn 0.5853 -0.8073 -0.0754
vn 0.6534 0.5247 -0.5457
vn -0.5853 0.8073 0.0754
vn 0.6557 -0.7405 0.1474
vn 0.9151 -0.3841 -0.1232
vn 0.8618 -0.4551 -0.2239
vn 0.2103 -0.9238 0.3199
vn 0.6434 -0.7573 0.1124
vn 0.2827 -0.8323 0.4767
vn -0.2708 -0.8449 0.4614
vn -0.1466 -0.7107 0.6880
vn -0.6784 -0.5456 0.4920
vn -0.5391 -0.4048 0.7386
vn -0.9132 -0.1074 0.3932
vn -0.7984 0.0162 0.6019
vn -0.9170 0.3551 0.1819
vn -0.8512 0.4370 0.2907
vn -0.6862 0.7224 -0.0852
vn -0.6759 0.7278 -0.1161
vn -0.2606 0.9052 -0.3357
vn 0.1065 0.6790 -0.7263
vn -0.3236 0.8082 -0.4921
vn 0.5240 0.3755 -0.7645
vn 0.2395 0.8392 -0.4882
vn 0.8205 -0.0487 -0.5696
vn 0.6826 0.5408 -0.4916
vn 0.9329 0.0899 -0.3488
vn 0.9724 0.0771 -0.2202
vn 0.9013 -0.4305 -0.0481
vn 0.1083 -0.9567 0.2703
vn 0.5663 -0.8128 0.1369
vn -0.3584 -0.8697 0.3393
vn -0.7347 -0.5862 0.3414
vn -0.9498 -0.1590 0.2693
vn -0.9352 0.3332 0.1201
vn -0.6578 0.7482 -0.0868
vn -0.1732 0.9427 -0.2853
vn 0.3421 0.8613 -0.3757
vn 0.7604 0.5499 -0.3457
vn 0.7460 -0.6652 0.0317
vn 0.5616 -0.7551 0.3382
vn 0.7552 -0.6423 -0.1309
vn 0.5431 -0.6611 0.5177
vn 0.2124 -0.6701 0.7113
vn 0.2189 -0.4691 0.8556
vn -0.1855 -0.4169 0.8899
vn -0.1575 -0.1564 0.9751
vn -0.5353 -0.0573 0.8427
vn -0.4912 0.2020 0.8473
vn -0.7513 0.3208 0.5767
vn -0.6968 0.5150 0.4992
vn -0.7722 0.6169 0.1523
vn -0.7183 0.6956 0.0149
vn -0.5875 0.7448 -0.3165
vn -0.5456 0.6884 -0.4779
vn -0.2490 0.6721 -0.6973
vn -0.2219 0.4926 -0.8415
vn 0.1556 0.4261 -0.8912
vn 0.1667 0.1629 -0.9724
vn 0.5274 0.0652 -0.8471
vn 0.5142 -0.2093 -0.8317
vn 0.7506 -0.3420 -0.5654
vn 0.7379 -0.5135 -0.4380
vn 0.3138 -0.7807 0.5404
vn 0.3177 -0.5727 0.7557
vn 0.5927 -0.7411 0.3155
vn -0.0571 -0.5506 0.8328
vn -0.0564 -0.2614 0.9636
vn -0.4085 -0.1740 0.8960
vn -0.4145 0.1208 0.9020
vn -0.6482 0.2467 0.7204
vn -0.6558 0.4685 0.5920
vn -0.7160 0.6009 0.3554
vn -0.7156 0.6875 0.1236
vn -0.5976 0.7953 -0.1018
vn -0.5834 0.7213 -0.3734
vn -0.3274 0.7812 -0.5316
vn -0.3014 0.5645 -0.7685
vn 0.0258 0.5649 -0.8248
vn 0.0528 0.2613 -0.9638
vn 0.3747 0.2010 -0.9051
vn 0.3908 -0.1090 -0.9140
vn 0.6290 -0.2198 -0.7457
vn 0.6317 -0.4526 -0.6294
vn 0.7145 -0.5869 -0.3807
vn 0.6959 -0.6986 -0.1661
vn 0.5994 -0.7950 0.0934
vn -0.2059 -0.8195 0.5347
vn -0.3587 -0.5085 0.7828
vn 0.0220 -0.8052 0.5926
vn -0.5775 -0.4688 0.6684
vn -0.6462 -0.0706 0.7599
vn -0.7859 0.0103 0.6183
vn -0.7578 0.3898 0.5233
vn -0.7801 0.4823 0.3987
vn -0.6586 0.7397 0.1379
vn -0.5681 0.8200 0.0699
vn -0.3795 0.8807 -0.2834
vn -0.2093 0.9372 -0.2791
vn -0.0035 0.7816 -0.6237
vn 0.2032 0.8072 -0.5542
vn 0.3673 0.4777 -0.7981
vn 0.5616 0.4675 -0.6826
vn 0.6396 0.0507 -0.7670
vn 0.7745 0.0060 -0.6325
vn 0.7462 -0.3910 -0.5388
vn 0.7845 -0.4587 -0.4173
vn 0.6576 -0.7340 -0.1698
vn 0.5841 -0.8063 -0.0932
vn 0.3934 -0.8863 0.2442
vn 0.2215 -0.9411 0.2555
vn 0.1880 -0.9620 0.1981
vn -0.6183 -0.5122 0.5961
vn -0.2476 -0.8539 0.4577
vn -0.8198 -0.0313 0.5718
vn -0.7979 0.4591 0.3905
vn -0.5594 0.8229 0.0991
vn -0.1714 0.9602 -0.2207
vn 0.2590 0.8380 -0.4802
vn 0.6172 0.4984 -0.6088
vn 0.8159 0.0301 -0.5774
vn 0.8011 -0.4480 -0.3968
vn 0.5726 -0.8119 -0.1138
vn 0.7944 0.6071 0.0182
vn 0.9915 0.1293 0.0150
vn -0.9875 -0.1283 0.0920
vn -0.9194 0.3840 0.0849
vn -0.6045 0.7936 0.0693
vn -0.1270 0.9907 0.0495
vn 0.1311 -0.9897 0.0575
vn -0.3810 -0.9214 0.0762
vn 0.9235 -0.3831 0.0222
vn 0.3850 0.9224 0.0308
vn -0.7904 -0.6062 0.0888
vn 0.6085 -0.7926 0.0377
vn -0.5852 0.8073 0.0754
vn -0.9151 0.3841 0.1232
vn -0.6557 0.7405 -0.1474
vn -0.8618 0.4551 0.2239
vn -0.2103 0.9238 -0.3199
vn -0.2827 0.8323 -0.4767
vn 0.2708 0.8449 -0.4614
vn 0.1466 0.7107 -0.6880
vn 0.6784 0.5456 -0.4920
vn 0.5391 0.4048 -0.7386
vn 0.9132 0.1074 -0.3932
vn 0.7984 -0.0162 -0.6019
vn 0.9170 -0.3551 -0.1819
vn 0.8512 -0.4370 -0.2907
vn 0.6862 -0.7224 0.0852
vn 0.6759 -0.7278 0.1161
vn 0.2606 -0.9052 0.3357
vn 0.3236 -0.8082 0.4921
vn -0.1065 -0.6790 0.7263
vn -0.2395 -0.8392 0.4882
vn -0.5240 -0.3755 0.7645
vn -0.6826 -0.5408 0.4916
vn -0.8205 0.0487 0.5696
vn -0.9329 -0.0899 0.3488
vn -0.9724 -0.0771 0.2202
vn -0.9013 0.4305 0.0481
vn -0.6434 0.7573 -0.1124
vn -0.1083 0.9567 -0.2703
vn 0.3584 0.8697 -0.3393
vn 0.7347 0.5862 -0.3414
vn 0.9498 0.1590 -0.2693
vn 0.9352 -0.3332 -0.1201
vn 0.6578 -0.7482 0.0868
vn 0.1732 -0.9427 0.2853
vn -0.3421 -0.8613 0.3757
vn -0.7604 -0.5499 0.3457
vn -0.7460 0.6652 -0.0317
vn -0.5616 0.7551 -0.3382
vn -0.5431 0.6611 -0.5177
vn -0.2124 0.6701 -0.7113
vn -0.2189 0.4691 -0.8556
vn 0.1855 0.4169 -0.8899
vn 0.1575 0.1564 -0.9751
vn 0.5353 0.0573 -0.8427
vn 0.4912 -0.2020 -0.8473
vn 0.7513 -0.3208 -0.5767
vn 0.6968 -0.5150 -0.4992
vn 0.7722 -0.6169 -0.1523
vn 0.7182 -0.6956 -0.0149
vn 0.5875 -0.7448 0.3165
vn 0.5456 -0.6885 0.4779
vn 0.2490 -0.6721 0.6973
vn 0.2219 -0.4926 0.8415
vn -0.1556 -0.4261 0.8912
vn -0.1667 -0.1629 0.9724
vn -0.5274 -0.0652 0.8471
vn -0.5142 0.2093 0.8317
vn -0.7506 0.3420 0.5654
vn -0.7379 0.5135 0.4380
vn -0.7552 0.6423 0.1309
vn -0.3138 0.7807 -0.5404
vn -0.3177 0.5727 -0.7557
vn 0.0571 0.5506 -0.8328
vn 0.0564 0.2614 -0.9636
vn 0.4085 0.1740 -0.8960
vn 0.4145 -0.1208 -0.9020
vn 0.6482 -0.2467 -0.7204
vn 0.6558 -0.4685 -0.5920
vn 0.7160 -0.6009 -0.3554
vn 0.7156 -0.6875 -0.1236
vn 0.5976 -0.7953 0.1018
vn 0.5834 -0.7213 0.3734
vn 0.3274 -0.7812 0.5316
vn 0.3014 -0.5645 0.7685
vn -0.0258 -0.5649 0.8248
vn -0.0528 -0.2613 0.9638
vn -0.3747 -0.2010 0.9051
vn -0.3908 0.1090 0.9140
vn -0.6290 0.2198 0.7457
vn -0.6317 0.4526 0.6294
vn -0.7145 0.5869 0.3807
vn -0.6959 0.6986 0.1661
vn -0.5994 0.7950 -0.0934
vn -0.5927 0.7411 -0.3155
vn 0.2059 0.8195 -0.5347
vn 0.3587 0.5085 -0.7828
vn 0.5775 0.4688 -0.6684
vn 0.6462 0.0706 -0.7599
vn 0.7859 -0.0103 -0.6183
vn 0.7578 -0.3898 -0.5233
vn 0.7801 -0.4823 -0.3987
vn 0.6586 -0.7397 -0.1379
vn 0.5681 -0.8200 -0.0699
vn 0.3795 -0.8807 0.2834
vn 0.2093 -0.9372 0.2791
vn 0.0035 -0.7816 0.6237
vn -0.2032 -0.8072 0.5542
vn -0.3673 -0.4777 0.7981
vn -0.5616 -0.4675 0.6826
vn -0.6396 -0.0507 0.7670
vn -0.7745 -0.0060 0.6325
vn -0.7462 0.3910 0.5388
vn -0.7845 0.4587 0.4173
vn -0.6576 0.7340 0.1698
vn -0.5841 0.8063 0.0932
vn -0.3934 0.8863 -0.2442
vn -0.2215 0.9411 -0.2555
vn -0.0220 0.8052 -0.5926
vn -0.1880 0.9620 -0.1981
vn 0.2476 0.8539 -0.4577
vn 0.6183 0.5122 -0.5961
vn 0.8198 0.0313 -0.5718
vn 0.7979 -0.4591 -0.3905
vn 0.5594 -0.8229 -0.0991
vn 0.1714 -0.9602 0.2207
vn -0.2590 -0.8380 0.4802
vn -0.6172 -0.4984 0.6088
vn -0.8159 -0.0301 0.5774
vn -0.8011 0.4480 0.3968
vn -0.5726 0.8119 0.1138
vn -0.7944 0.6071 0.0182
vn -0.9915 0.1293 0.0150
vn 0.9194 0.3840 0.0849
vn 0.9875 -0.1283 0.0920
vn 0.1270 0.9907 0.0495
vn 0.6045 0.7936 0.0693
vn 0.3810 -0.9214 0.0762
vn -0.1311 -0.9897 0.0575
vn -0.9235 -0.3831 0.0222
vn -0.3850 0.9224 0.0308
vn 0.7904 -0.6062 0.0888
vn -0.6085 -0.7926 0.0377
vn 0.6557 0.7405 -0.1474
vn 0.9151 0.3841 0.1232
vn 0.8618 0.4551 0.2239
vn 0.2103 0.9238 -0.3199
vn 0.6434 0.7573 -0.1124
vn 0.2827 0.8323 -0.4767
vn -0.2708 0.8449 -0.4614
vn -0.1466 0.7107 -0.6880
vn -0.6784 0.5456 -0.4920
vn -0.5391 0.4048 -0.7386
vn -0.9132 0.1074 -0.3932
vn -0.7984 -0.0162 -0.6019
vn -0.9170 -0.3551 -0.1819
vn -0.8512 -0.4370 -0.2907
vn -0.6862 -0.7224 0.0852
vn -0.6759 -0.7278 0.1161
vn -0.2607 -0.9052 0.3357
vn 0.1065 -0.6790 0.7263
vn -0.3236 -0.8082 0.4921
vn 0.5240 -0.3755 0.7645
vn 0.2395 -0.8392 0.4882
vn 0.8205 0.0487 0.5696
vn 0.6826 -0.5408 0.4916
vn 0.9329 -0.0899 0.3488
vn 0.9724 -0.0771 0.2202
vn 0.9013 0.4305 0.0481
vn 0.1083 0.9567 -0.2703
vn 0.5663 0.8128 -0.1369
vn -0.3584 0.8697 -0.3393
vn -0.7347 0.5862 -0.3414
vn -0.9498 0.1590 -0.2693
vn -0.9352 -0.3332 -0.1201
vn -0.6578 -0.7482 0.0868
vn -0.1732 -0.9427 0.2853
vn 0.3421 -0.8613 0.3757
vn 0.7604 -0.5499 0.3457
vn 0.7460 0.6652 -0.0317
vn 0.5616 0.7551 -0.3382
vn 0.7552 0.6423 0.1309
vn 0.5431 0.6611 -0.5177
vn 0.2124 0.6701 -0.7113
vn 0.2189 0.4691 -0.8556
vn -0.1855 0.4169 -0.8899
vn -0.1575 0.1564 -0.9751
vn -0.5353 0.0573 -0.8427
vn -0.4912 -0.2020 -0.8473
vn -0.7513 -0.3208 -0.5767
vn -0.6968 -0.5150 -0.4992
vn -0.7722 -0.6169 -0.1523
vn -0.7182 -0.6956 -0.0149
vn -0.5875 -0.7448 0.3165
vn -0.5456 -0.6885 0.4779
vn -0.2490 -0.6721 0.6973
vn -0.2219 -0.4926 0.8415
vn 0.1556 -0.4261 0.8912
vn 0.1667 -0.1629 0.9724
vn 0.5274 -0.0652 0.8471
vn 0.5142 0.2093 0.8317
vn 0.7506 0.3420 0.5654
vn 0.7379 0.5135 0.4380
vn 0.3138 0.7807 -0.5404
vn 0.3177 0.5727 -0.7557
vn 0.5927 0.7411 -0.3155
vn -0.0571 0.5506 -0.8328
vn -0.0564 0.2614 -0.9636
vn -0.4085 0.1740 -0.8960
vn -0.4145 -0.1208 -0.9020
vn -0.6482 -0.2467 -0.7204
vn -0.6558 -0.4685 -0.5920
vn -0.7160 -0.6009 -0.3554
vn -0.7156 -0.6875 -0.1236
vn -0.5976 -0.7953 0.1018
vn -0.5834 -0.7213 0.3734
vn -0.3274 -0.7812 0.5316
vn -0.3014 -0.5645 0.7685
vn 0.0258 -0.5649 0.8248
vn 0.0528 -0.2613 0.9638
vn 0.3747 -0.2010 0.9051
vn 0.3908 0.1090 0.9140
vn 0.6290 0.2198 0.7457
vn 0.6317 0.4526 0.6294
vn 0.7145 0.5869 0.3807
vn 0.6959 0.6986 0.1661
vn 0.5994 0.7950 -0.0934
vn -0.2059 0.8195 -0.5347
vn -0.3587 0.5085 -0.7828
vn 0.0220 0.8052 -0.5926
vn -0.5775 0.4688 -0.6684
vn -0.6462 0.0706 -0.7599
vn -0.7859 -0.0103 -0.6183
vn -0.7578 -0.3898 -0.5233
vn -0.7801 -0.4823 -0.3987
vn -0.6586 -0.7397 -0.1379
vn -0.5681 -0.8200 -0.0699
vn -0.3795 -0.8807 0.2834
vn -0.2093 -0.9372 0.2791
vn -0.0035 -0.7816 0.6237
vn 0.2032 -0.8072 0.5542
vn 0.3673 -0.4777 0.7981
vn 0.5616 -0.4675 0.6826
vn 0.6396 -0.0507 0.7670
vn 0.7745 -0.0060 0.6325
vn 0.7462 0.3910 0.5388
vn 0.7845 0.4587 0.4173
vn 0.6576 0.7340 0.1698
vn 0.5841 0.8063 0.0932
vn 0.3934 0.8863 -0.2442
vn 0.2215 0.9411 -0.2555
vn 0.1880 0.9620 -0.1981
vn -0.6183 0.5122 -0.5961
vn -0.2476 0.8539 -0.4577
vn -0.8198 0.0313 -0.5718
vn -0.7979 -0.4591 -0.3905
vn -0.5594 -0.8229 -0.0991
vn -0.1714 -0.9602 0.2207
vn 0.2590 -0.8380 0.4802
vn 0.6172 -0.4984 0.6088
vn 0.8159 -0.0301 0.5774
vn 0.8011 0.4480 0.3968
vn 0.5726 0.8119 0.1138
vn 0.7944 0.6071 -0.0182
vn 0.9915 0.1293 -0.0150
vn -0.9194 0.3840 -0.0849
vn -0.9875 -0.1283 -0.0920
vn -0.1270 0.9907 -0.0495
vn -0.6045 0.7936 -0.0693
vn -0.3810 -0.9214 -0.0762
vn 0.1311 -0.9897 -0.0575
vn 0.9235 -0.3831 -0.0222
vn 0.3850 0.9224 -0.0308
vn -0.7904 -0.6062 -0.0888
vn 0.6085 -0.7926 -0.0377
vn -0.6557 0.7405 0.1474
vn -0.9151 0.3841 -0.1232
vn -0.8618 0.4551 -0.2239
vn -0.2103 0.9238 0.3199
vn -0.6434 0.7573 0.1124
vn -0.2827 0.8323 0.4767
vn 0.2708 0.8449 0.4614
vn 0.1466 0.7107 0.6880
vn 0.6784 0.5456 0.4920
vn 0.5391 0.4048 0.7386
vn 0.9132 0.1074 0.3932
vn 0.7984 -0.0162 0.6019
vn 0.9170 -0.3551 0.1819
vn 0.8512 -0.4370 0.2907
vn 0.6862 -0.7224 -0.0852
vn 0.6759 -0.7278 -0.1161
vn 0.2607 -0.9052 -0.3357
vn -0.1065 -0.6790 -0.7263
vn 0.3236 -0.8082 -0.4921
vn -0.5240 -0.3755 -0.7645
vn -0.2395 -0.8392 -0.4882
vn -0.8205 0.0487 -0.5696
vn -0.6826 -0.5408 -0.4916
vn -0.9329 -0.0899 -0.3488
vn -0.9724 -0.0771 -0.2202
vn -0.9013 0.4305 -0.0481
vn -0.1083 0.9567 0.2703
vn -0.5663 0.8128 0.1369
vn 0.3584 0.8697 0.3393
vn 0.7347 0.5862 0.3414
vn 0.9498 0.1590 0.2693
vn 0.9352 -0.3332 0.1201
vn 0.6578 -0.7482 -0.0868
vn 0.1732 -0.9427 -0.2853
vn -0.3421 -0.8613 -0.3757
vn -0.7604 -0.5499 -0.3457
vn -0.7460 0.6652 0.0317
vn -0.5616 0.7551 0.3382
vn -0.7552 0.6423 -0.1309
vn -0.5431 0.6611 0.5177
vn -0.2124 0.6701 0.7113
vn -0.2189 0.4691 0.8556
vn 0.1855 0.4169 0.8899
vn 0.1575 0.1564 0.9751
vn 0.5353 0.0573 0.8427
vn 0.4912 -0.2020 0.8473
vn 0.7513 -0.3208 0.5767
vn 0.6968 -0.5150 0.4992
vn 0.7722 -0.6169 0.1523
vn 0.7182 -0.6956 0.0149
vn 0.5875 -0.7448 -0.3165
vn 0.5456 -0.6885 -0.4779
vn 0.2490 -0.6721 -0.6973
vn 0.2219 -0.4926 -0.8415
vn -0.1556 -0.4261 -0.8912
vn -0.1667 -0.1629 -0.9724
vn -0.5274 -0.0652 -0.8471
vn -0.5142 0.2093 -0.8317
vn -0.7506 0.3420 -0.5654
vn -0.7379 0.5135 -0.4380
vn -0.3138 0.7807 0.5404
vn -0.3177 0.5727 0.7557
vn -0.5927 0.7411 0.3155
vn 0.0571 0.5506 0.8328
vn 0.0564 0.2614 0.9636
vn 0.4085 0.1740 0.8960
vn 0.4145 -0.1208 0.9020
vn 0.6482 -0.2467 0.7204
vn 0.6558 -0.4685 0.5920
vn 0.7160 -0.6009 0.3554
vn 0.7156 -0.6875 0.1236
vn 0.5976 -0.7953 -0.1018
vn 0.5834 -0.7213 -0.3734
vn 0.3274 -0.7812 -0.5316
vn 0.3014 -0.5645 -0.7685
vn -0.0258 -0.5649 -0.8248
vn -0.0528 -0.2613 -0.9638
vn -0.3747 -0.2010 -0.9051
vn -0.3908 0.1090 -0.9140
vn -0.6290 0.2198 -0.7457
vn -0.6317 0.4526 -0.6294
vn -0.7145 0.5869 -0.3807
vn -0.6959 0.6986 -0.1661
vn -0.5994 0.7950 0.0934
vn 0.2059 0.8195 0.5347
vn 0.3587 0.5085 0.7828
vn -0.0220 0.8052 0.5926
vn 0.5775 0.4688 0.6684
vn 0.6462 0.0706 0.7599
vn 0.7859 -0.0103 0.6183
vn 0.7578 -0.3898 0.5233
vn 0.7801 -0.4823 0.3987
vn 0.6586 -0.7397 0.1379
vn 0.5681 -0.8200 0.0699
vn 0.3795 -0.8807 -0.2834
vn 0.2093 -0.9372 -0.2791
vn 0.0035 -0.7816 -0.6237
vn -0.2032 -0.8072 -0.5542
vn -0.3673 -0.4777 -0.7981
vn -0.5616 -0.4675 -0.6826
vn -0.6396 -0.0507 -0.7670
vn -0.7745 -0.0060 -0.6325
vn -0.7462 0.3910 -0.5388
vn -0.7845 0.4587 -0.4173
vn -0.6576 0.7340 -0.1698
vn -0.5841 0.8063 -0.0932
vn -0.3934 0.8863 0.2442
vn -0.2215 0.9411 0.2555
vn -0.1880 0.9620 0.1981
vn 0.6183 0.5122 0.5961
vn 0.2476 0.8539 0.4577
vn 0.8198 0.0313 0.5718
vn 0.7979 -0.4591 0.3905
vn 0.5594 -0.8229 0.0991
vn 0.1714 -0.9602 -0.2207
vn -0.2590 -0.8380 -0.4802
vn -0.6172 -0.4984 -0.6088
vn -0.8159 -0.0301 -0.5774
vn -0.8011 0.4480 -0.3968
vn -0.5726 0.8119 -0.1138
vn -0.7944 0.6071 -0.0182
vn -0.9915 0.1293 -0.0150
vn 0.9875 -0.1283 -0.0920
vn 0.9194 0.3840 -0.0849
vn 0.6045 0.7936 -0.0693
vn 0.1270 0.9907 -0.0495
vn -0.1311 -0.9897 -0.0575
vn 0.3810 -0.9214 -0.0762
vn -0.9235 -0.3831 -0.0222
vn -0.3850 0.9224 -0.0308
vn 0.7904 -0.6062 -0.0888
vn -0.6085 -0.7926 -0.0377
vn 0.5852 0.8073 -0.0754
vn 0.9151 0.3841 -0.1232
vn 0.6557 0.7405 0.1474
vn 0.8618 0.4551 -0.2239
vn 0.2103 0.9238 0.3199
vn 0.2827 0.8323 0.4767
vn -0.2708 0.8449 0.4614
vn -0.1466 0.7107 0.6880
vn -0.6784 0.5456 0.4920
vn -0.5391 0.4048 0.7386
vn -0.9132 0.1074 0.3932
vn -0.7984 -0.0162 0.6019
vn -0.9170 -0.3551 0.1819
vn -0.8512 -0.4370 0.2907
vn -0.6862 -0.7224 -0.0852
vn -0.6759 -0.7278 -0.1161
vn -0.2606 -0.9052 -0.3357
vn -0.3236 -0.8082 -0.4921
vn 0.1065 -0.6790 -0.7263
vn 0.2395 -0.8392 -0.4882
vn 0.5240 -0.3755 -0.7645
vn 0.6826 -0.5408 -0.4916
vn 0.8205 0.0487 -0.5696
vn 0.9329 -0.0899 -0.3488
vn 0.9724 -0.0771 -0.2202
vn 0.9013 0.4305 -0.0481
vn 0.6434 0.7573 0.1124
vn 0.1083 0.9567 0.2703
vn -0.3584 0.8697 0.3393
vn -0.7347 0.5862 0.3414
vn -0.9498 0.1590 0.2693
vn -0.9352 -0.3332 0.1201
vn -0.6578 -0.7482 -0.0868
vn -0.1732 -0.9427 -0.2853
vn 0.3421 -0.8613 -0.3757
vn 0.7604 -0.5499 -0.3457
vn 0.7460 0.6652 0.0317
vn 0.5616 0.7551 0.3382
vn 0.5431 0.6611 0.5177
vn 0.2124 0.6701 0.7113
vn 0.2189 0.4691 0.8556
vn -0.1855 0.4169 0.8899
vn -0.1575 0.1564 0.9751
vn -0.5353 0.0573 0.8427
vn -0.4912 -0.2020 0.8473
vn -0.7513 -0.3208 0.5767
vn -0.6968 -0.5150 0.4992
vn -0.7722 -0.6169 0.1523
vn -0.7182 -0.6956 0.0149
vn -0.5875 -0.7448 -0.3165
vn -0.5456 -0.6885 -0.4779
vn -0.2490 -0.6721 -0.6973
vn -0.2219 -0.4926 -0.8415
vn 0.1556 -0.4261 -0.8912
vn 0.1667 -0.1629 -0.9724
vn 0.5274 -0.0652 -0.8471
vn 0.5142 0.2093 -0.8317
vn 0.7506 0.3420 -0.5654
vn 0.7379 0.5135 -0.4380
vn 0.7552 0.6423 -0.1309
vn 0.3138 0.7807 0.5404
vn 0.3177 0.5727 0.7557
vn -0.0571 0.5506 0.8328
vn -0.0564 0.2614 0.9636
vn -0.4085 0.1740 0.8960
vn -0.4145 -0.1208 0.9020
vn -0.6482 -0.2467 0.7204
vn -0.6558 -0.4685 0.5920
vn -0.7160 -0.6009 0.3554
vn -0.7156 -0.6875 0.1236
vn -0.5976 -0.7953 -0.1018
vn -0.5834 -0.7213 -0.3734
vn -0.3274 -0.7812 -0.5316
vn -0.3014 -0.5645 -0.7685
vn 0.0258 -0.5649 -0.8248
vn 0.0528 -0.2613 -0.9638
vn 0.3747 -0.2010 -0.9051
vn 0.3908 0.1090 -0.9140
vn 0.6290 0.2198 -0.7457
vn 0.6317 0.4526 -0.6294
vn 0.7145 0.5869 -0.3807
vn 0.6959 0.6986 -0.1661
vn 0.5994 0.7950 0.0934
vn 0.5927 0.7411 0.3155
vn -0.2059 0.8195 0.5347
vn -0.3587 0.5085 0.7828
vn -0.5775 0.4688 0.6684
vn -0.6462 0.0706 0.7599
vn -0.7859 -0.0103 0.6183
vn -0.7578 -0.3898 0.5233
vn -0.7801 -0.4823 0.3987
vn -0.6586 -0.7397 0.1379
vn -0.5681 -0.8200 0.0699
vn -0.3795 -0.8807 -0.2834
vn -0.2093 -0.9372 -0.2791
vn -0.0035 -0.7816 -0.6237
vn 0.2032 -0.8072 -0.5542
vn 0.3673 -0.4777 -0.7981
vn 0.5616 -0.4675 -0.6826
vn 0.6396 -0.0507 -0.7670
vn 0.7745 -0.0060 -0.6325
vn 0.7462 0.3910 -0.5388
vn 0.7845 0.4587 -0.4173
vn 0.6576 0.7340 -0.1698
vn 0.5841 0.8063 -0.0932
vn 0.3934 0.8863 0.2442
vn 0.2215 0.9411 0.2555
vn 0.0220 0.8052 0.5926
vn 0.1880 0.9620 0.1981
vn -0.2476 0.8539 0.4577
vn -0.6183 0.5122 0.5961
vn -0.8198 0.0313 0.5718
vn -0.7979 -0.4591 0.3905
vn -0.5594 -0.8229 0.0991
vn -0.1714 -0.9602 -0.2207
vn 0.2590 -0.8380 -0.4802
vn 0.6172 -0.4984 -0.6088
vn 0.8159 -0.0301 -0.5774
vn 0.8011 0.4480 -0.3968
vn 0.5726 0.8119 -0.1138
vn 0.5663 -0.8128 -0.1369
vn -0.5663 -0.8128 0.1369
vn -0.5663 0.8128 -0.1369
vn 0.5663 0.8128 0.1369
vt 0.953407 0.623228
vt 0.951184 0.622592
vt 0.951654 0.622105
vt 0.363916 0.961762
vt 0.364643 0.959552
vt 0.364979 0.959891
vt 0.368943 0.966846
vt 0.371117 0.966101
vt 0.369065 0.967311
vt 0.371844 0.961734
vt 0.371117 0.959529
vt 0.372302 0.961608
vt 0.366696 0.958342
vt 0.366818 0.958806
vt 0.366818 0.966854
vt 0.366696 0.967319
vt 0.363916 0.963918
vt 0.364643 0.966124
vt 0.363458 0.964045
vt 0.372302 0.964014
vt 0.371844 0.963891
vt 0.368943 0.958799
vt 0.369065 0.958333
vt 0.364979 0.965782
vt 0.363458 0.961639
vt 0.370782 0.965762
vt 0.370782 0.959870
vt 0.623791 0.960225
vt 0.625694 0.958485
vt 0.625912 0.960329
vt 0.399423 0.965913
vt 0.401418 0.958333
vt 0.406869 0.963886
vt 0.632158 0.960186
vt 0.629912 0.958409
vt 0.632094 0.958333
vt 0.632094 0.964814
vt 0.629975 0.962528
vt 0.632158 0.962558
vt 0.964159 0.859415
vt 0.961708 0.857454
vt 0.963826 0.857402
vt 0.957646 0.442962
vt 0.959405 0.445445
vt 0.957326 0.445309
vt 0.623791 0.962605
vt 0.625694 0.964826
vt 0.623567 0.964838
vt 0.962033 0.861758
vt 0.962033 0.859416
vt 0.957646 0.440686
vt 0.959718 0.443157
vt 0.625912 0.962650
vt 0.963826 0.863964
vt 0.964159 0.861817
vt 0.629975 0.960216
vt 0.957326 0.439090
vt 0.959718 0.440938
vt 0.954937 0.870999
vt 0.959700 0.865800
vt 0.961444 0.872722
vt 0.962450 0.868682
vt 0.961911 0.866329
vt 0.963089 0.868485
vt 0.955944 0.872842
vt 0.957516 0.874567
vt 0.955477 0.873352
vt 0.951654 0.616229
vt 0.953235 0.614514
vt 0.953407 0.615200
vt 0.955603 0.623969
vt 0.953235 0.623905
vt 0.962450 0.870836
vt 0.963089 0.871005
vt 0.954299 0.871196
vt 0.950000 0.617864
vt 0.951184 0.615717
vt 0.961911 0.873212
vt 0.955431 0.623283
vt 0.957654 0.622766
vt 0.954937 0.868846
vt 0.954299 0.868676
vt 0.950642 0.618064
vt 0.950000 0.620381
vt 0.959854 0.499968
vt 0.958259 0.497559
vt 0.959669 0.497596
vt 0.627663 0.966722
vt 0.625990 0.964769
vt 0.627450 0.964749
vt 0.638869 0.958350
vt 0.640250 0.960281
vt 0.638784 0.960298
vt 0.952350 0.869496
vt 0.954078 0.867363
vt 0.953778 0.869476
vt 0.625912 0.962274
vt 0.627372 0.962254
vt 0.638784 0.962786
vt 0.640250 0.962770
vt 0.953778 0.871995
vt 0.952350 0.872015
vt 0.627450 0.959906
vt 0.625990 0.959925
vt 0.640336 0.965133
vt 0.638869 0.965149
vt 0.958444 0.495076
vt 0.959854 0.495113
vt 0.954078 0.874246
vt 0.952650 0.874266
vt 0.627663 0.958333
vt 0.626203 0.958353
vt 0.955603 0.614578
vt 0.955431 0.615255
vt 0.957687 0.873881
vt 0.959871 0.874516
vt 0.961444 0.866839
vt 0.959871 0.865114
vt 0.957654 0.615891
vt 0.957184 0.616378
vt 0.959700 0.873837
vt 0.957687 0.865844
vt 0.958196 0.618268
vt 0.958838 0.618102
vt 0.955477 0.866469
vt 0.957516 0.865165
vt 0.958838 0.620619
vt 0.958196 0.620419
vt 0.950642 0.620215
vt 0.955944 0.866959
vt 0.957184 0.622254
vt 0.957900 0.547446
vt 0.954476 0.549836
vt 0.956005 0.546477
vt 0.958183 0.551649
vt 0.956356 0.550799
vt 0.933223 0.452023
vt 0.935140 0.454748
vt 0.933185 0.455396
vt 0.935178 0.451429
vt 0.937255 0.454439
vt 0.950000 0.604347
vt 0.952425 0.606957
vt 0.951005 0.607866
vt 0.951492 0.603440
vt 0.954307 0.605984
vt 0.953425 0.602469
vt 0.956141 0.605208
vt 0.955274 0.601701
vt 0.957434 0.604840
vt 0.966864 0.240406
vt 0.965095 0.243096
vt 0.965088 0.239818
vt 0.968974 0.240728
vt 0.966857 0.243737
vt 0.970859 0.240709
vt 0.968998 0.244134
vt 0.953040 0.549027
vt 0.954502 0.545656
vt 0.950000 0.552612
vt 0.950900 0.554010
vt 0.952974 0.557602
vt 0.951988 0.555836
vt 0.934621 0.463599
vt 0.932637 0.463271
vt 0.936751 0.463736
vt 0.938455 0.463644
vt 0.958874 0.612909
vt 0.957484 0.614514
vt 0.959990 0.611200
vt 0.965590 0.249049
vt 0.967388 0.248715
vt 0.970933 0.244181
vt 0.969541 0.248671
vt 0.957388 0.531668
vt 0.959593 0.536523
vt 0.957500 0.536831
vt 0.959359 0.531423
vt 0.961264 0.536394
vt 0.319825 0.975140
vt 0.321735 0.979578
vt 0.319672 0.979433
vt 0.321891 0.975130
vt 0.323795 0.979163
vt 0.951709 0.587332
vt 0.952183 0.592202
vt 0.950320 0.592131
vt 0.953668 0.587517
vt 0.954239 0.592603
vt 0.955674 0.588007
vt 0.955946 0.593226
vt 0.312507 0.978004
vt 0.314113 0.981625
vt 0.312844 0.982659
vt 0.314031 0.977044
vt 0.316046 0.980934
vt 0.316059 0.976513
vt 0.318142 0.980772
vt 0.953857 0.532472
vt 0.955564 0.537235
vt 0.954316 0.537627
vt 0.955375 0.532053
vt 0.959692 0.548301
vt 0.932637 0.442849
vt 0.323546 0.988309
vt 0.321425 0.988548
vt 0.956528 0.601345
vt 0.316438 0.986472
vt 0.314776 0.987710
vt 0.967649 0.235092
vt 0.969769 0.234896
vt 0.955890 0.517876
vt 0.957508 0.524132
vt 0.955928 0.524423
vt 0.318230 0.962273
vt 0.320197 0.967593
vt 0.318210 0.967670
vt 0.320258 0.961868
vt 0.322180 0.966958
vt 0.956034 0.574104
vt 0.956073 0.580110
vt 0.954166 0.580189
vt 0.958051 0.574250
vt 0.958136 0.580459
vt 0.959953 0.574781
vt 0.959800 0.581138
vt 0.311386 0.964298
vt 0.312547 0.969434
vt 0.311238 0.970297
vt 0.313082 0.963610
vt 0.314479 0.968997
vt 0.315179 0.963427
vt 0.316523 0.969102
vt 0.950175 0.518829
vt 0.951990 0.525100
vt 0.950679 0.525305
vt 0.951920 0.518549
vt 0.953908 0.524779
vt 0.954023 0.518199
vt 0.318142 0.974615
vt 0.323795 0.974588
vt 0.957188 0.588670
vt 0.318038 0.976553
vt 0.444732 0.962543
vt 0.446528 0.968031
vt 0.444460 0.968111
vt 0.951960 0.564731
vt 0.954691 0.569912
vt 0.953495 0.570720
vt 0.953440 0.563929
vt 0.956564 0.569166
vt 0.955463 0.563243
vt 0.958603 0.568694
vt 0.957485 0.562855
vt 0.960231 0.568629
vt 0.961998 0.180521
vt 0.963685 0.186326
vt 0.962008 0.185743
vt 0.963848 0.180978
vt 0.965778 0.186410
vt 0.966002 0.180909
vt 0.967713 0.185983
vt 0.951651 0.505695
vt 0.951338 0.512219
vt 0.950000 0.511731
vt 0.953229 0.506204
vt 0.953233 0.512754
vt 0.955290 0.506757
vt 0.955191 0.513198
vt 0.442699 0.962983
vt 0.442636 0.968690
vt 0.442636 0.958431
vt 0.446784 0.958555
vt 0.444667 0.958333
vt 0.446040 0.971161
vt 0.444010 0.971700
vt 0.951404 0.560011
vt 0.950000 0.560963
vt 0.318217 0.959202
vt 0.953257 0.558953
vt 0.954416 0.574379
vt 0.955061 0.558071
vt 0.956334 0.557602
vt 0.963543 0.174916
vt 0.961722 0.174807
vt 0.962966 0.191589
vt 0.961722 0.190285
vt 0.964889 0.192216
vt 0.965689 0.174740
vt 0.967882 0.180330
vt 0.966983 0.191980
vt 0.954291 0.500000
vt 0.316314 0.958333
vt 0.317107 0.963815
vt 0.955700 0.500891
vt 0.957546 0.501948
vt 0.957283 0.507209
vt 0.623567 0.958333
vt 0.405717 0.959509
vt 0.398271 0.961535
vt 0.403722 0.967088
vt 0.952650 0.867383
vt 0.937271 0.451182
vt 0.938967 0.454553
vt 0.960765 0.531377
vt 0.934704 0.442271
vt 0.956864 0.593911
vt 0.971471 0.233882
vt 0.957013 0.517666
vt 0.321958 0.961004
vt 0.961246 0.575564
vt 0.323619 0.965937
vt 0.960624 0.581963
vt 0.318142 0.969719
vt 0.446847 0.962660
vt 0.958964 0.562871
vt 0.956715 0.513437
vt 0.320131 0.958333
vt 0.967586 0.174327
vt 0.317884 0.959497
vt 0.959335 0.502888
vt 0.958444 0.499931
vt 0.626203 0.966742
vt 0.640336 0.958333
vt 0.405717 0.965917
vt 0.401418 0.967087
vt 0.398271 0.963881
vt 0.399423 0.959505
vt 0.403722 0.958335
vt 0.406869 0.961541
vt 0.629912 0.964727
vt 0.961708 0.863851
vt 0.959405 0.439382
vt 0.960531 0.609846
vt 0.971471 0.248929
s 1
f 12/1/1 61/2/1 1/3/1
f 23/4/2 34/5/2 22/6/2
f 15/7/2 28/8/2 27/9/2
f 18/10/2 31/11/2 30/12/2
f 22/6/2 33/13/2 21/14/2
f 14/15/2 27/9/2 26/16/2
f 24/17/2 25/18/2 36/19/2
f 18/10/2 29/20/2 17/21/2
f 20/22/2 33/13/2 32/23/2
f 13/24/2 26/16/2 25/18/2
f 24/17/2 35/25/2 23/4/2
f 16/26/2 29/20/2 28/8/2
f 19/27/2 32/23/2 31/11/2
f 29/28/3 42/29/4 41/30/3
f 40/31/5 44/32/5 48/33/5
f 25/34/6 48/35/7 36/36/7
f 27/37/8 38/38/9 26/39/9
f 34/40/10 45/41/11 33/42/11
f 31/43/12 42/44/4 30/45/4
f 28/46/13 39/47/8 27/48/8
f 34/40/10 47/49/14 46/50/10
f 32/51/15 43/52/12 31/43/12
f 29/28/3 40/53/13 28/46/13
f 36/54/7 47/49/14 35/55/14
f 25/34/6 38/38/9 37/56/6
f 33/57/11 44/58/15 32/51/15
f 57/59/16 53/60/16 49/61/16
f 51/62/16 76/63/16 75/64/16
f 58/65/16 83/66/16 82/67/16
f 4/68/1 65/69/1 5/70/1
f 12/1/1 71/71/1 72/72/1
f 50/73/16 75/64/16 74/74/16
f 57/59/16 82/67/16 81/75/16
f 4/68/1 63/76/1 64/77/1
f 50/73/16 73/78/16 49/61/16
f 11/79/1 70/80/1 71/71/1
f 56/81/16 81/75/16 80/82/16
f 3/83/1 62/84/1 63/76/1
f 72/85/17 73/86/18 61/87/18
f 62/88/19 75/89/20 63/90/20
f 69/91/21 82/92/22 70/93/22
f 67/94/23 78/95/24 79/96/23
f 63/90/20 76/97/25 64/98/25
f 71/99/26 82/92/22 83/100/26
f 67/94/23 80/101/27 68/102/27
f 65/103/28 76/97/25 77/104/28
f 71/99/26 84/105/17 72/106/17
f 61/87/18 74/107/19 62/108/19
f 68/102/27 81/109/21 69/110/21
f 66/111/24 77/104/28 78/112/24
f 5/70/1 66/113/1 6/114/1
f 59/115/16 84/116/16 83/66/16
f 52/117/16 77/118/16 76/63/16
f 6/114/1 67/119/1 7/120/1
f 49/61/16 84/116/16 60/121/16
f 54/122/16 77/118/16 53/60/16
f 8/123/1 67/119/1 68/124/1
f 54/122/16 79/125/16 78/126/16
f 8/123/1 69/127/1 9/128/1
f 1/3/1 62/84/1 2/129/1
f 55/130/16 80/82/16 79/125/16
f 9/128/1 70/80/1 10/131/1
f 87/132/29 85/133/30 86/134/31
f 87/132/29 90/135/32 88/136/33
f 89/137/34 92/138/35 90/139/32
f 91/140/36 94/141/37 92/138/35
f 93/142/38 96/143/39 94/144/37
f 95/145/40 98/146/41 96/143/39
f 97/147/42 100/148/43 98/146/41
f 99/149/44 102/150/45 100/148/43
f 103/151/46 102/152/45 101/153/47
f 105/154/48 104/155/49 103/151/46
f 107/156/50 106/157/51 105/154/48
f 86/134/31 108/158/52 107/159/50
f 85/133/30 24/160/53 108/158/52
f 88/136/33 13/161/54 85/133/30
f 88/136/33 15/162/55 14/163/56
f 90/139/32 16/164/57 15/165/55
f 92/138/35 17/166/58 16/164/57
f 94/141/37 18/167/59 17/166/58
f 96/143/39 19/168/60 18/169/59
f 98/146/41 20/170/61 19/168/60
f 102/150/45 20/170/61 100/148/43
f 104/155/49 21/171/62 102/152/45
f 106/157/51 22/172/63 104/155/49
f 108/173/52 23/174/64 106/157/51
f 110/175/65 112/176/66 109/177/67
f 111/178/68 114/179/69 112/176/66
f 113/180/70 116/181/71 114/182/69
f 115/183/72 118/184/73 116/181/71
f 117/185/74 120/186/75 118/187/73
f 119/188/76 122/189/77 120/186/75
f 121/190/78 124/191/79 122/189/77
f 123/192/80 126/193/81 124/194/79
f 125/195/82 128/196/83 126/193/81
f 127/197/84 130/198/85 128/196/83
f 129/199/86 132/200/87 130/201/85
f 131/202/88 109/177/67 132/200/87
f 109/177/67 107/159/50 132/200/87
f 112/176/66 86/134/31 109/177/67
f 112/176/66 89/203/34 87/132/29
f 114/204/69 91/140/36 89/137/34
f 116/181/71 93/205/38 91/206/36
f 118/187/73 95/145/40 93/142/38
f 120/186/75 97/147/42 95/145/40
f 122/189/77 99/149/44 97/147/42
f 124/191/79 101/207/47 99/149/44
f 126/193/81 103/208/46 101/209/47
f 128/210/83 105/154/48 103/151/46
f 130/211/85 107/156/50 105/154/48
f 134/212/89 136/213/90 133/214/91
f 135/215/92 138/216/93 136/217/90
f 137/218/94 140/219/95 138/216/93
f 139/220/96 142/221/97 140/222/95
f 141/223/98 144/224/99 142/221/97
f 143/225/100 146/226/101 144/224/99
f 145/227/102 148/228/103 146/229/101
f 147/230/104 150/231/105 148/228/103
f 149/232/106 152/233/107 150/231/105
f 151/234/108 154/235/109 152/236/107
f 153/237/110 156/238/111 154/235/109
f 155/239/112 133/214/91 156/238/111
f 133/214/91 131/202/88 156/238/111
f 133/214/91 111/178/68 110/175/65
f 136/217/90 113/180/70 111/240/68
f 138/216/93 115/183/72 113/180/70
f 140/219/95 117/241/74 115/183/72
f 142/221/97 119/188/76 117/185/74
f 144/224/99 121/190/78 119/188/76
f 146/226/101 123/242/80 121/190/78
f 148/228/103 125/195/82 123/192/80
f 150/231/105 127/197/84 125/195/82
f 152/233/107 129/243/86 127/197/84
f 154/235/109 131/202/88 129/199/86
f 158/244/113 160/245/114 157/246/115
f 159/247/116 162/248/117 160/249/114
f 161/250/118 164/251/119 162/248/117
f 163/252/120 166/253/121 164/251/119
f 165/254/122 168/255/123 166/253/121
f 167/256/124 170/257/125 168/258/123
f 169/259/126 172/260/127 170/257/125
f 171/261/128 174/262/129 172/260/127
f 173/263/130 176/264/131 174/265/129
f 175/266/132 178/267/133 176/264/131
f 177/268/134 180/269/135 178/267/133
f 179/270/136 157/246/115 180/271/135
f 12/272/137 158/244/113 179/270/136
f 180/269/135 134/212/89 155/239/112
f 2/273/138 158/244/113 1/274/139
f 157/246/115 135/275/92 134/276/89
f 3/277/140 159/247/116 2/278/138
f 160/279/114 137/218/94 135/215/92
f 4/280/141 161/250/118 3/277/140
f 162/248/117 139/220/96 137/281/94
f 5/282/142 163/252/120 4/280/141
f 164/251/119 141/223/98 139/220/96
f 6/283/143 165/254/122 5/282/142
f 166/253/121 143/225/100 141/223/98
f 7/284/144 167/256/124 6/285/143
f 168/258/123 145/286/102 143/287/100
f 7/284/144 171/261/128 169/259/126
f 170/257/125 147/288/104 145/286/102
f 8/289/145 173/290/130 171/261/128
f 172/260/127 149/291/106 147/288/104
f 9/292/146 175/266/132 173/263/130
f 174/293/129 151/294/108 149/232/106
f 10/295/147 177/268/134 175/266/132
f 176/264/131 153/237/110 151/234/108
f 11/296/148 179/297/136 177/268/134
f 178/267/133 155/239/112 153/237/110
f 241/2/149 192/1/149 181/3/149
f 214/5/150 203/4/150 202/6/150
f 195/7/150 208/8/150 196/26/150
f 198/10/150 211/11/150 199/27/150
f 213/13/150 202/6/150 201/14/150
f 194/15/150 207/9/150 195/7/150
f 204/17/150 205/18/150 193/24/150
f 209/20/150 198/10/150 197/21/150
f 200/22/150 213/13/150 201/14/150
f 193/24/150 206/16/150 194/15/150
f 215/25/150 204/17/150 203/4/150
f 196/26/150 209/20/150 197/21/150
f 199/27/150 212/23/150 200/22/150
f 209/28/151 222/29/152 210/298/152
f 226/299/153 222/300/153 218/301/153
f 228/35/154 205/34/155 216/36/154
f 218/38/156 207/37/157 206/39/156
f 225/41/158 214/40/159 213/42/158
f 222/44/152 211/43/160 210/45/152
f 219/47/157 208/46/161 207/48/157
f 214/40/159 227/49/162 215/55/162
f 223/52/160 212/51/163 211/43/160
f 220/53/161 209/28/151 208/46/161
f 227/49/162 216/54/154 215/55/162
f 205/34/155 218/38/156 206/39/156
f 224/58/163 213/57/158 212/51/163
f 231/62/164 235/130/164 239/115/164
f 231/62/164 256/63/164 232/117/164
f 238/65/164 263/66/164 239/115/164
f 245/69/149 184/68/149 185/70/149
f 192/1/149 251/71/149 191/79/149
f 230/73/164 255/64/164 231/62/164
f 237/59/164 262/67/164 238/65/164
f 184/68/149 243/76/149 183/83/149
f 229/61/164 254/74/164 230/73/164
f 251/71/149 190/131/149 191/79/149
f 260/82/164 237/59/164 236/81/164
f 183/83/149 242/84/149 182/129/149
f 253/86/165 252/85/166 241/87/165
f 255/89/167 242/88/168 243/90/167
f 262/92/169 249/91/170 250/93/169
f 247/94/171 258/95/172 246/302/172
f 256/97/173 243/90/167 244/98/173
f 251/99/174 262/92/169 250/93/169
f 260/101/175 247/94/171 248/102/175
f 245/103/176 256/97/173 244/98/173
f 264/105/166 251/99/174 252/106/166
f 254/107/168 241/87/165 242/108/168
f 261/109/170 248/102/175 249/110/170
f 246/111/172 257/104/176 245/103/176
f 246/113/149 185/70/149 186/114/149
f 239/115/164 264/116/164 240/121/164
f 232/117/164 257/118/164 233/60/164
f 247/119/149 186/114/149 187/120/149
f 264/116/164 229/61/164 240/121/164
f 233/60/164 258/126/164 234/122/164
f 188/123/149 247/119/149 187/120/149
f 258/126/164 235/130/164 234/122/164
f 249/127/149 188/123/149 189/128/149
f 242/84/149 181/3/149 182/129/149
f 235/130/164 260/82/164 236/81/164
f 250/80/149 189/128/149 190/131/149
f 265/133/177 267/132/178 266/134/179
f 267/132/178 270/135/180 269/203/181
f 269/137/181 272/138/182 271/140/183
f 271/140/183 274/141/184 273/303/185
f 273/142/185 276/143/186 275/145/187
f 275/145/187 278/146/188 277/147/189
f 277/147/189 280/148/190 279/149/191
f 279/149/191 282/150/192 281/207/193
f 282/152/192 283/151/194 281/153/193
f 284/155/195 285/154/196 283/151/194
f 286/157/197 287/156/198 285/154/196
f 288/158/199 266/134/179 287/159/198
f 204/160/200 265/133/177 288/158/199
f 193/161/201 268/136/202 265/133/177
f 268/136/202 195/162/203 270/135/180
f 270/139/180 196/164/204 272/138/182
f 272/138/182 197/166/205 274/141/184
f 274/141/184 198/167/206 276/304/186
f 276/143/186 199/168/207 278/146/188
f 278/146/188 200/170/208 280/148/190
f 200/170/208 282/150/192 280/148/190
f 201/171/209 284/155/195 282/152/192
f 202/172/210 286/157/197 284/155/195
f 203/174/211 288/173/199 286/157/197
f 290/175/212 292/176/213 291/178/214
f 291/178/214 294/179/215 293/305/216
f 293/180/216 296/181/217 295/183/218
f 295/183/218 298/184/219 297/241/220
f 297/185/220 300/186/221 299/188/222
f 299/188/222 302/189/223 301/190/224
f 301/190/224 304/191/225 303/242/226
f 303/192/226 306/193/227 305/195/228
f 305/195/228 308/196/229 307/197/230
f 307/197/230 310/198/231 309/243/232
f 309/199/232 312/200/233 311/202/234
f 311/202/234 289/177/235 290/175/212
f 287/159/198 289/177/235 312/200/233
f 266/134/179 292/176/213 289/177/235
f 292/176/213 269/203/181 294/179/215
f 294/204/215 271/140/183 296/306/217
f 296/181/217 273/205/185 298/184/219
f 298/187/219 275/145/187 300/186/221
f 300/186/221 277/147/189 302/189/223
f 302/189/223 279/149/191 304/191/225
f 304/191/225 281/207/193 306/307/227
f 306/193/227 283/208/194 308/196/229
f 308/210/229 285/154/196 310/211/231
f 310/211/231 287/156/198 312/308/233
f 314/212/236 316/213/237 315/309/238
f 315/215/238 318/216/239 317/218/240
f 317/218/240 320/219/241 319/310/242
f 319/220/242 322/221/243 321/223/244
f 321/223/244 324/224/245 323/225/246
f 323/225/246 326/226/247 325/311/248
f 325/227/248 328/228/249 327/230/250
f 327/230/250 330/231/251 329/232/252
f 329/232/252 332/233/253 331/294/254
f 331/234/254 334/235/255 333/237/256
f 333/237/256 336/238/257 335/239/258
f 335/239/258 313/214/259 314/212/236
f 311/202/234 313/214/259 336/238/257
f 313/214/259 291/178/214 316/213/237
f 316/217/237 293/180/216 318/216/239
f 318/216/239 295/183/218 320/219/241
f 320/219/241 297/241/220 322/312/243
f 322/221/243 299/188/222 324/224/245
f 324/224/245 301/190/224 326/226/247
f 326/226/247 303/242/226 328/313/249
f 328/228/249 305/195/228 330/231/251
f 330/231/251 307/197/230 332/233/253
f 332/233/253 309/243/232 334/314/255
f 334/235/255 311/202/234 336/238/257
f 338/244/260 340/245/261 339/315/262
f 339/247/262 342/248/263 341/250/264
f 341/250/264 344/251/265 343/252/266
f 343/252/266 346/253/267 345/254/268
f 345/254/268 348/255/269 347/316/270
f 347/256/270 350/257/271 349/259/272
f 349/259/272 352/260/273 351/261/274
f 351/261/274 354/262/275 353/290/276
f 353/263/276 356/264/277 355/266/278
f 355/266/278 358/267/279 357/268/280
f 357/268/280 360/269/281 359/297/282
f 359/270/282 337/246/283 338/244/260
f 192/272/284 338/244/260 181/274/285
f 360/269/281 314/212/236 337/317/283
f 338/244/260 182/273/286 181/274/285
f 337/246/283 315/275/238 340/245/261
f 339/247/262 183/277/287 182/278/286
f 340/279/261 317/218/240 342/318/263
f 341/250/264 184/280/288 183/277/287
f 342/248/263 319/220/242 344/251/265
f 343/252/266 185/282/289 184/280/288
f 344/251/265 321/223/244 346/253/267
f 345/254/268 186/283/290 185/282/289
f 346/253/267 323/225/246 348/255/269
f 347/256/270 187/284/291 186/285/290
f 348/258/269 325/286/248 350/257/271
f 187/284/291 351/261/274 188/289/292
f 350/257/271 327/288/250 352/260/273
f 188/289/292 353/290/276 189/319/293
f 352/260/273 329/291/252 354/262/275
f 189/292/293 355/266/278 190/295/294
f 354/293/275 331/294/254 356/320/277
f 190/295/294 357/268/280 191/296/295
f 356/264/277 333/237/256 358/267/279
f 191/296/295 359/297/282 192/321/284
f 358/267/279 335/239/258 360/269/281
f 421/2/296 372/1/296 361/3/296
f 394/5/297 383/4/297 382/6/297
f 375/7/297 388/8/297 376/26/297
f 378/10/297 391/11/297 379/27/297
f 393/13/297 382/6/297 381/14/297
f 374/15/297 387/9/297 375/7/297
f 384/17/297 385/18/297 373/24/297
f 389/20/297 378/10/297 377/21/297
f 380/22/297 393/13/297 381/14/297
f 373/24/297 386/16/297 374/15/297
f 395/25/297 384/17/297 383/4/297
f 376/26/297 389/20/297 377/21/297
f 379/27/297 392/23/297 380/22/297
f 389/28/298 402/29/299 390/298/299
f 406/299/300 402/300/300 398/301/300
f 408/35/301 385/34/302 396/36/301
f 398/38/303 387/37/304 386/39/303
f 405/41/305 394/40/306 393/42/305
f 402/44/299 391/43/307 390/45/299
f 399/47/304 388/46/308 387/48/304
f 394/40/306 407/49/309 395/55/309
f 403/52/307 392/51/310 391/43/307
f 400/53/308 389/28/298 388/46/308
f 407/49/309 396/54/301 395/55/309
f 385/34/302 398/38/303 386/39/303
f 404/58/310 393/57/305 392/51/310
f 411/62/311 415/130/311 419/115/311
f 411/62/311 436/63/311 412/117/311
f 418/65/311 443/66/311 419/115/311
f 425/69/296 364/68/296 365/70/296
f 372/1/296 431/71/296 371/79/296
f 410/73/311 435/64/311 411/62/311
f 417/59/311 442/67/311 418/65/311
f 364/68/296 423/76/296 363/83/296
f 409/61/311 434/74/311 410/73/311
f 431/71/296 370/131/296 371/79/296
f 440/82/311 417/59/311 416/81/311
f 363/83/296 422/84/296 362/129/296
f 433/86/312 432/85/313 421/87/312
f 435/89/314 422/88/315 423/90/314
f 442/92/316 429/91/317 430/93/316
f 427/94/318 438/95/319 426/302/319
f 436/97/320 423/90/314 424/98/320
f 431/99/321 442/92/316 430/93/316
f 440/101/322 427/94/318 428/102/322
f 425/103/323 436/97/320 424/98/320
f 444/105/313 431/99/321 432/106/313
f 434/107/315 421/87/312 422/108/315
f 441/109/317 428/102/322 429/110/317
f 426/111/319 437/104/324 425/103/323
f 426/113/296 365/70/296 366/114/296
f 419/115/311 444/116/311 420/121/311
f 412/117/311 437/118/311 413/60/311
f 427/119/296 366/114/296 367/120/296
f 444/116/311 409/61/311 420/121/311
f 413/60/311 438/126/311 414/122/311
f 368/123/296 427/119/296 367/120/296
f 438/126/311 415/130/311 414/122/311
f 429/127/296 368/123/296 369/128/296
f 422/84/296 361/3/296 362/129/296
f 415/130/311 440/82/311 416/81/311
f 430/80/296 369/128/296 370/131/296
f 445/133/325 447/132/326 446/134/327
f 447/132/326 450/135/328 449/203/329
f 449/137/329 452/138/330 451/140/331
f 451/140/331 454/141/332 453/303/333
f 453/142/333 456/143/334 455/145/335
f 455/145/335 458/146/336 457/147/337
f 457/147/337 460/148/338 459/149/339
f 459/149/339 462/150/340 461/207/341
f 462/152/340 463/151/342 461/153/341
f 464/155/343 465/154/344 463/151/342
f 466/157/345 467/156/346 465/154/344
f 468/158/347 446/134/327 467/159/346
f 384/160/348 445/133/325 468/158/347
f 373/161/349 448/136/350 445/133/325
f 448/136/350 375/162/351 450/135/328
f 450/139/328 376/164/352 452/138/330
f 452/138/330 377/166/353 454/141/332
f 454/141/332 378/167/354 456/304/334
f 456/143/334 379/168/355 458/146/336
f 458/146/336 380/170/356 460/148/338
f 380/170/356 462/150/340 460/148/338
f 381/171/357 464/155/343 462/152/340
f 382/172/358 466/157/345 464/155/343
f 383/174/359 468/173/347 466/157/345
f 470/175/360 472/176/361 471/178/362
f 471/178/362 474/179/363 473/305/364
f 473/180/364 476/181/365 475/183/366
f 475/183/366 478/184/367 477/241/368
f 477/185/368 480/186/369 479/188/370
f 479/188/370 482/189/371 481/190/372
f 481/190/372 484/191/373 483/242/374
f 483/192/374 486/193/375 485/195/376
f 485/195/376 488/196/377 487/197/378
f 487/197/378 490/198/379 489/243/380
f 489/199/380 492/200/381 491/202/382
f 491/202/382 469/177/383 470/175/360
f 467/159/346 469/177/383 492/200/381
f 446/134/327 472/176/361 469/177/383
f 472/176/361 449/203/329 474/179/363
f 474/204/363 451/140/331 476/306/365
f 476/181/365 453/205/333 478/184/367
f 478/187/367 455/145/335 480/186/369
f 480/186/369 457/147/337 482/189/371
f 482/189/371 459/149/339 484/191/373
f 484/191/373 461/207/341 486/307/375
f 486/193/375 463/208/342 488/196/377
f 488/210/377 465/154/344 490/211/379
f 490/211/379 467/156/346 492/308/381
f 494/212/384 496/213/385 495/309/386
f 495/215/386 498/216/387 497/218/388
f 497/218/388 500/219/389 499/310/390
f 499/220/390 502/221/391 501/223/392
f 501/223/392 504/224/393 503/225/394
f 503/225/394 506/226/395 505/311/396
f 505/227/396 508/228/397 507/230/398
f 507/230/398 510/231/399 509/232/400
f 509/232/400 512/233/401 511/294/402
f 511/234/402 514/235/403 513/237/404
f 513/237/404 516/238/405 515/239/406
f 515/239/406 493/214/407 494/212/384
f 491/202/382 493/214/407 516/238/405
f 493/214/407 471/178/362 496/213/385
f 496/217/385 473/180/364 498/216/387
f 498/216/387 475/183/366 500/219/389
f 500/219/389 477/241/368 502/312/391
f 502/221/391 479/188/370 504/224/393
f 504/224/393 481/190/372 506/226/395
f 506/226/395 483/242/374 508/313/397
f 508/228/397 485/195/376 510/231/399
f 510/231/399 487/197/378 512/233/401
f 512/233/401 489/243/380 514/314/403
f 514/235/403 491/202/382 516/238/405
f 518/244/408 520/245/409 519/315/410
f 519/247/410 522/248/411 521/250/412
f 521/250/412 524/251/413 523/252/414
f 523/252/414 526/253/415 525/254/416
f 525/254/416 528/255/417 527/316/418
f 527/256/418 530/257/419 529/259/420
f 529/259/420 532/260/421 531/261/422
f 531/261/422 534/262/423 533/290/424
f 533/263/424 536/264/425 535/266/426
f 535/266/426 538/267/427 537/268/428
f 537/268/428 540/269/429 539/297/430
f 539/270/430 517/246/431 518/244/408
f 372/272/432 518/244/408 361/274/433
f 540/269/429 494/212/384 517/317/431
f 518/244/408 362/273/434 361/274/433
f 517/246/431 495/275/386 520/245/409
f 519/247/410 363/277/435 362/278/434
f 520/279/409 497/218/388 522/318/411
f 521/250/412 364/280/436 363/277/435
f 522/248/411 499/220/390 524/251/413
f 523/252/414 365/282/437 364/280/436
f 524/251/413 501/223/392 526/253/415
f 525/254/416 366/283/438 365/282/437
f 526/253/415 503/225/394 528/255/417
f 527/256/418 367/284/439 366/285/438
f 528/258/417 505/286/396 530/257/419
f 367/284/439 531/261/422 368/289/440
f 530/257/419 507/288/398 532/260/421
f 368/289/440 533/290/424 369/319/441
f 532/260/421 509/291/400 534/262/423
f 369/292/441 535/266/426 370/295/442
f 534/293/423 511/294/402 536/320/425
f 370/295/442 537/268/428 371/296/443
f 536/264/425 513/237/404 538/267/427
f 371/296/443 539/297/430 372/321/432
f 538/267/427 515/239/406 540/269/429
f 552/1/444 601/2/444 541/3/444
f 563/4/445 574/5/445 562/6/445
f 555/7/445 568/8/445 567/9/445
f 558/10/445 571/11/445 570/12/445
f 562/6/445 573/13/445 561/14/445
f 554/15/445 567/9/445 566/16/445
f 564/17/445 565/18/445 576/19/445
f 558/10/445 569/20/445 557/21/445
f 560/22/445 573/13/445 572/23/445
f 553/24/445 566/16/445 565/18/445
f 564/17/445 575/25/445 563/4/445
f 556/26/445 569/20/445 568/8/445
f 559/27/445 572/23/445 571/11/445
f 569/28/446 582/29/447 581/30/446
f 580/31/448 584/32/448 588/33/448
f 565/34/449 588/35/450 576/36/450
f 567/37/451 578/38/452 566/39/452
f 574/40/453 585/41/454 573/42/454
f 571/43/455 582/44/447 570/45/447
f 568/46/456 579/47/451 567/48/451
f 574/40/453 587/49/457 586/50/453
f 572/51/458 583/52/455 571/43/455
f 569/28/446 580/53/456 568/46/456
f 576/54/450 587/49/457 575/55/457
f 565/34/449 578/38/452 577/56/449
f 573/57/454 584/58/458 572/51/458
f 597/59/459 593/60/459 589/61/459
f 591/62/459 616/63/459 615/64/459
f 598/65/459 623/66/459 622/67/459
f 544/68/444 605/69/444 545/70/444
f 552/1/444 611/71/444 612/72/444
f 590/73/459 615/64/459 614/74/459
f 597/59/459 622/67/459 621/75/459
f 544/68/444 603/76/444 604/77/444
f 590/73/459 613/78/459 589/61/459
f 551/79/444 610/80/444 611/71/444
f 596/81/459 621/75/459 620/82/459
f 543/83/444 602/84/444 603/76/444
f 612/85/460 613/86/461 601/87/461
f 602/88/462 615/89/463 603/90/463
f 609/91/464 622/92/465 610/93/465
f 607/94/466 618/95/467 619/96/466
f 603/90/463 616/97/468 604/98/468
f 611/99/469 622/92/465 623/100/469
f 607/94/466 620/101/470 608/102/470
f 605/103/471 616/97/468 617/104/471
f 611/99/469 624/105/460 612/106/460
f 601/87/461 614/107/462 602/108/462
f 608/102/470 621/109/464 609/110/464
f 606/111/467 617/104/471 618/112/467
f 545/70/444 606/113/444 546/114/444
f 599/115/459 624/116/459 623/66/459
f 592/117/459 617/118/459 616/63/459
f 546/114/444 607/119/444 547/120/444
f 589/61/459 624/116/459 600/121/459
f 594/122/459 617/118/459 593/60/459
f 548/123/444 607/119/444 608/124/444
f 594/122/459 619/125/459 618/126/459
f 548/123/444 609/127/444 549/128/444
f 541/3/444 602/84/444 542/129/444
f 595/130/459 620/82/459 619/125/459
f 549/128/444 610/80/444 550/131/444
f 627/132/472 625/133/473 626/134/474
f 627/132/472 630/135/475 628/136/476
f 629/137/477 632/138/478 630/139/475
f 631/140/479 634/141/480 632/138/478
f 633/142/481 636/143/482 634/144/480
f 635/145/483 638/146/484 636/143/482
f 637/147/485 640/148/486 638/146/484
f 639/149/487 642/150/488 640/148/486
f 643/151/489 642/152/488 641/153/490
f 645/154/491 644/155/492 643/151/489
f 647/156/493 646/157/494 645/154/491
f 626/134/474 648/158/495 647/159/493
f 625/133/473 564/160/496 648/158/495
f 628/136/476 553/161/497 625/133/473
f 628/136/476 555/162/498 554/163/499
f 630/139/475 556/164/500 555/165/498
f 632/138/478 557/166/501 556/164/500
f 634/141/480 558/167/502 557/166/501
f 636/143/482 559/168/503 558/169/502
f 638/146/484 560/170/504 559/168/503
f 642/150/488 560/170/504 640/148/486
f 644/155/492 561/171/505 642/152/488
f 646/157/494 562/172/506 644/155/492
f 648/173/495 563/174/507 646/157/494
f 650/175/508 652/176/509 649/177/510
f 651/178/511 654/179/512 652/176/509
f 653/180/513 656/181/514 654/182/512
f 655/183/515 658/184/516 656/181/514
f 657/185/517 660/186/518 658/187/516
f 659/188/519 662/189/520 660/186/518
f 661/190/521 664/191/522 662/189/520
f 663/192/523 666/193/524 664/194/522
f 665/195/525 668/196/526 666/193/524
f 667/197/527 670/198/528 668/196/526
f 669/199/529 672/200/530 670/201/528
f 671/202/531 649/177/510 672/200/530
f 649/177/510 647/159/493 672/200/530
f 652/176/509 626/134/474 649/177/510
f 652/176/509 629/203/477 627/132/472
f 654/204/512 631/140/479 629/137/477
f 656/181/514 633/205/481 631/206/479
f 658/187/516 635/145/483 633/142/481
f 660/186/518 637/147/485 635/145/483
f 662/189/520 639/149/487 637/147/485
f 664/191/522 641/207/490 639/149/487
f 666/193/524 643/208/489 641/209/490
f 668/210/526 645/154/491 643/151/489
f 670/211/528 647/156/493 645/154/491
f 674/212/532 676/213/533 673/214/534
f 675/215/535 678/216/536 676/217/533
f 677/218/537 680/219/538 678/216/536
f 679/220/539 682/221/540 680/222/538
f 681/223/541 684/224/542 682/221/540
f 683/225/543 686/226/544 684/224/542
f 685/227/545 688/228/546 686/229/544
f 687/230/547 690/231/548 688/228/546
f 689/232/549 692/233/550 690/231/548
f 691/234/551 694/235/552 692/236/550
f 693/237/553 696/238/554 694/235/552
f 695/239/555 673/214/534 696/238/554
f 673/214/534 671/202/531 696/238/554
f 673/214/534 651/178/511 650/175/508
f 676/217/533 653/180/513 651/240/511
f 678/216/536 655/183/515 653/180/513
f 680/219/538 657/241/517 655/183/515
f 682/221/540 659/188/519 657/185/517
f 684/224/542 661/190/521 659/188/519
f 686/226/544 663/242/523 661/190/521
f 688/228/546 665/195/525 663/192/523
f 690/231/548 667/197/527 665/195/525
f 692/233/550 669/243/529 667/197/527
f 694/235/552 671/202/531 669/199/529
f 698/244/556 700/245/557 697/246/558
f 699/247/559 702/248/560 700/249/557
f 701/250/561 704/251/562 702/248/560
f 703/252/563 706/253/564 704/251/562
f 705/254/565 708/255/566 706/253/564
f 707/256/567 710/257/568 708/258/566
f 709/259/569 712/260/570 710/257/568
f 711/261/571 714/262/572 712/260/570
f 713/263/573 716/264/574 714/265/572
f 715/266/575 718/267/576 716/264/574
f 717/268/577 720/269/578 718/267/576
f 719/270/579 697/246/558 720/271/578
f 552/272/580 698/244/556 719/270/579
f 720/269/578 674/212/532 695/239/555
f 542/273/581 698/244/556 541/274/582
f 697/246/558 675/275/535 674/276/532
f 543/277/583 699/247/559 542/278/581
f 700/279/557 677/218/537 675/215/535
f 544/280/584 701/250/561 543/277/583
f 702/248/560 679/220/539 677/281/537
f 545/282/585 703/252/563 544/280/584
f 704/251/562 681/223/541 679/220/539
f 546/283/586 705/254/565 545/282/585
f 706/253/564 683/225/543 681/223/541
f 547/284/587 707/256/567 546/285/586
f 708/258/566 685/286/545 683/287/543
f 547/284/587 711/261/571 709/259/569
f 710/257/568 687/288/547 685/286/545
f 548/289/588 713/290/573 711/261/571
f 712/260/570 689/291/549 687/288/547
f 549/292/589 715/266/575 713/263/573
f 714/293/572 691/294/551 689/232/549
f 550/295/590 717/268/577 715/266/575
f 716/264/574 693/237/553 691/234/551
f 551/296/591 719/297/579 717/268/577
f 718/267/576 695/239/555 693/237/553
f 781/2/459 732/1/459 721/3/459
f 754/5/448 743/4/448 742/6/448
f 747/9/448 736/26/448 735/7/448
f 738/10/448 751/11/448 739/27/448
f 753/13/448 742/6/448 741/14/448
f 734/15/448 747/9/448 735/7/448
f 756/19/448 733/24/448 744/17/448
f 737/21/448 750/12/448 738/10/448
f 740/22/448 753/13/448 741/14/448
f 733/24/448 746/16/448 734/15/448
f 755/25/448 744/17/448 743/4/448
f 736/26/448 749/20/448 737/21/448
f 751/11/448 740/22/448 739/27/448
f 749/28/592 762/29/593 750/298/593
f 766/299/445 762/300/445 758/301/445
f 768/35/594 745/34/595 756/36/594
f 758/38/596 747/37/597 746/39/596
f 765/41/598 754/40/599 753/42/598
f 762/44/593 751/43/600 750/45/593
f 747/48/597 760/53/601 748/46/601
f 754/40/599 767/49/602 755/55/602
f 763/52/600 752/51/603 751/43/600
f 760/53/601 749/28/592 748/46/601
f 767/49/602 756/54/594 755/55/602
f 757/56/595 746/39/596 745/34/595
f 764/58/603 753/57/598 752/51/603
f 771/62/444 775/130/444 779/115/444
f 771/62/444 796/63/444 772/117/444
f 778/65/444 803/66/444 779/115/444
f 785/69/459 724/68/459 725/70/459
f 792/72/459 731/79/459 732/1/459
f 770/73/444 795/64/444 771/62/444
f 801/75/444 778/65/444 777/59/444
f 724/68/459 783/76/459 723/83/459
f 769/61/444 794/74/444 770/73/444
f 731/79/459 790/80/459 730/131/459
f 800/82/444 777/59/444 776/81/444
f 723/83/459 782/84/459 722/129/459
f 781/87/466 804/322/467 792/85/467
f 783/90/464 794/323/470 782/88/470
f 790/93/468 801/324/463 789/91/463
f 787/94/461 798/95/460 786/302/460
f 796/97/465 783/90/464 784/98/465
f 803/100/604 790/93/468 791/99/471
f 800/101/462 787/94/461 788/102/462
f 785/103/469 796/97/465 784/98/465
f 804/105/467 791/99/471 792/106/467
f 794/107/470 781/87/466 782/108/470
f 801/109/463 788/102/462 789/110/463
f 786/111/460 797/104/469 785/103/469
f 786/113/459 725/70/459 726/114/459
f 779/115/444 804/116/444 780/121/444
f 772/117/444 797/118/444 773/60/444
f 787/119/459 726/114/459 727/120/459
f 804/116/444 769/61/444 780/121/444
f 773/60/444 798/126/444 774/122/444
f 728/123/459 787/119/459 727/120/459
f 774/122/444 799/125/444 775/130/444
f 789/127/459 728/123/459 729/128/459
f 722/129/459 781/2/459 721/3/459
f 775/130/444 800/82/444 776/81/444
f 790/80/459 729/128/459 730/131/459
f 805/133/605 807/132/606 806/134/607
f 807/132/606 810/135/608 809/203/609
f 809/137/609 812/138/610 811/140/611
f 811/140/611 814/141/612 813/303/613
f 813/142/613 816/143/614 815/145/615
f 815/145/615 818/146/616 817/147/617
f 817/147/617 820/148/618 819/149/619
f 819/149/619 822/150/620 821/207/621
f 822/152/620 823/151/622 821/153/621
f 824/155/623 825/154/624 823/151/622
f 826/157/625 827/156/626 825/154/624
f 828/158/627 806/134/607 827/159/626
f 744/160/628 805/133/605 828/158/627
f 733/161/629 808/136/630 805/133/605
f 808/136/630 735/162/631 810/135/608
f 810/139/608 736/164/632 812/138/610
f 812/138/610 737/166/633 814/141/612
f 814/141/612 738/167/634 816/304/614
f 816/143/614 739/168/635 818/146/616
f 818/146/616 740/170/636 820/148/618
f 740/170/636 822/150/620 820/148/618
f 741/171/637 824/155/623 822/152/620
f 742/172/638 826/157/625 824/155/623
f 743/174/639 828/173/627 826/157/625
f 830/175/640 832/176/641 831/178/642
f 831/178/642 834/179/643 833/305/644
f 833/180/644 836/181/645 835/183/646
f 835/183/646 838/184/647 837/241/648
f 837/185/648 840/186/649 839/188/650
f 839/188/650 842/189/651 841/190/652
f 841/190/652 844/191/653 843/242/654
f 843/192/654 846/193/655 845/195/656
f 845/195/656 848/196/657 847/197/658
f 847/197/658 850/198/659 849/243/660
f 849/199/660 852/200/661 851/202/662
f 851/202/662 829/177/663 830/175/640
f 827/159/626 829/177/663 852/200/661
f 806/134/607 832/176/641 829/177/663
f 832/176/641 809/203/609 834/179/643
f 834/204/643 811/140/611 836/306/645
f 836/181/645 813/205/613 838/184/647
f 838/187/647 815/145/615 840/186/649
f 840/186/649 817/147/617 842/189/651
f 842/189/651 819/149/619 844/191/653
f 844/191/653 821/207/621 846/307/655
f 846/193/655 823/208/622 848/196/657
f 848/210/657 825/154/624 850/211/659
f 850/211/659 827/156/626 852/308/661
f 854/212/664 856/213/665 855/309/666
f 855/215/666 858/216/667 857/218/668
f 857/218/668 860/219/669 859/310/670
f 859/220/670 862/221/671 861/223/672
f 861/223/672 864/224/673 863/225/674
f 863/225/674 866/226/675 865/311/676
f 865/227/676 868/228/677 867/230/678
f 867/230/678 870/231/679 869/232/680
f 869/232/680 872/233/681 871/294/682
f 871/234/682 874/235/683 873/237/684
f 873/237/684 876/238/685 875/239/686
f 875/239/686 853/214/687 854/212/664
f 851/202/662 853/214/687 876/238/685
f 853/214/687 831/178/642 856/213/665
f 856/217/665 833/180/644 858/216/667
f 858/216/667 835/183/646 860/219/669
f 860/219/669 837/241/648 862/312/671
f 862/221/671 839/188/650 864/224/673
f 864/224/673 841/190/652 866/226/675
f 866/226/675 843/242/654 868/313/677
f 868/228/677 845/195/656 870/231/679
f 870/231/679 847/197/658 872/233/681
f 872/233/681 849/243/660 874/314/683
f 874/235/683 851/202/662 876/238/685
f 878/244/688 880/245/689 879/315/690
f 879/247/690 882/248/691 881/250/692
f 881/250/692 884/251/693 883/252/694
f 883/252/694 886/253/695 885/254/696
f 885/254/696 888/255/697 887/316/698
f 887/256/698 890/257/699 889/259/700
f 889/259/700 892/260/701 891/261/702
f 891/261/702 894/262/703 893/290/704
f 893/263/704 896/264/705 895/266/706
f 895/266/706 898/267/707 897/268/708
f 897/268/708 900/269/709 899/297/710
f 899/270/710 877/246/711 878/244/688
f 732/272/712 878/244/688 721/274/713
f 900/269/709 854/212/664 877/317/711
f 878/244/688 722/273/714 721/274/713
f 877/246/711 855/275/666 880/245/689
f 879/247/690 723/277/715 722/278/714
f 880/279/689 857/218/668 882/318/691
f 881/250/692 724/280/716 723/277/715
f 882/248/691 859/220/670 884/251/693
f 883/252/694 725/282/717 724/280/716
f 884/251/693 861/223/672 886/253/695
f 885/254/696 726/283/718 725/282/717
f 886/253/695 863/225/674 888/255/697
f 887/256/698 727/284/719 726/285/718
f 888/258/697 865/286/676 890/257/699
f 727/284/719 891/261/702 728/289/720
f 890/257/699 867/288/678 892/260/701
f 728/289/720 893/290/704 729/319/721
f 892/260/701 869/291/680 894/262/703
f 729/292/721 895/266/706 730/295/722
f 894/293/703 871/294/682 896/320/705
f 730/295/722 897/268/708 731/296/723
f 896/264/705 873/237/684 898/267/707
f 731/296/723 899/297/710 732/321/712
f 898/267/707 875/239/686 900/269/709
f 912/1/311 961/2/311 901/3/311
f 923/4/300 934/5/300 922/6/300
f 916/26/300 927/9/300 915/7/300
f 918/10/300 931/11/300 930/12/300
f 922/6/300 933/13/300 921/14/300
f 914/15/300 927/9/300 926/16/300
f 913/24/300 936/19/300 924/17/300
f 917/21/300 930/12/300 929/20/300
f 920/22/300 933/13/300 932/23/300
f 913/24/300 926/16/300 925/18/300
f 924/17/300 935/25/300 923/4/300
f 916/26/300 929/20/300 928/8/300
f 920/22/300 931/11/300 919/27/300
f 929/28/724 942/29/725 941/30/724
f 940/31/297 944/32/297 948/33/297
f 925/34/726 948/35/727 936/36/727
f 927/37/728 938/38/729 926/39/729
f 934/40/730 945/41/731 933/42/731
f 931/43/732 942/44/725 930/45/725
f 928/46/733 939/47/728 927/48/728
f 934/40/730 947/49/734 946/50/730
f 932/51/735 943/52/732 931/43/732
f 929/28/724 940/53/733 928/46/733
f 936/54/727 947/49/734 935/55/734
f 926/39/729 937/56/726 925/34/726
f 933/57/731 944/58/735 932/51/735
f 957/59/296 953/60/296 949/61/296
f 951/62/296 976/63/296 975/64/296
f 958/65/296 983/66/296 982/67/296
f 904/68/311 965/69/311 905/70/311
f 912/1/311 971/71/311 972/72/311
f 950/73/296 975/64/296 974/74/296
f 958/65/296 981/75/296 957/59/296
f 904/68/311 963/76/311 964/77/311
f 950/73/296 973/78/296 949/61/296
f 910/131/311 971/71/311 911/79/311
f 956/81/296 981/75/296 980/82/296
f 903/83/311 962/84/311 963/76/311
f 961/87/318 984/322/319 973/86/318
f 962/88/322 975/89/317 963/90/317
f 970/93/320 981/324/314 982/92/320
f 967/94/312 978/95/313 979/96/312
f 963/90/317 976/97/316 964/98/316
f 970/93/320 983/100/324 971/99/324
f 967/94/312 980/101/315 968/102/315
f 965/103/321 976/97/316 977/104/321
f 971/99/324 984/105/319 972/106/319
f 961/87/318 974/107/322 962/108/322
f 968/102/315 981/109/314 969/110/314
f 965/103/321 978/112/313 966/111/313
f 905/70/311 966/113/311 906/114/311
f 959/115/296 984/116/296 983/66/296
f 952/117/296 977/118/296 976/63/296
f 906/114/311 967/119/311 907/120/311
f 949/61/296 984/116/296 960/121/296
f 953/60/296 978/126/296 977/118/296
f 908/123/311 967/119/311 968/124/311
f 954/122/296 979/125/296 978/126/296
f 908/123/311 969/127/311 909/128/311
f 901/3/311 962/84/311 902/129/311
f 955/130/296 980/82/296 979/125/296
f 910/131/311 969/127/311 970/80/311
f 987/132/736 985/133/737 986/134/738
f 987/132/736 990/135/739 988/136/740
f 989/137/741 992/138/742 990/139/739
f 991/140/743 994/141/744 992/138/742
f 993/142/745 996/143/746 994/144/744
f 995/145/747 998/146/748 996/143/746
f 997/147/749 1000/148/750 998/146/748
f 999/149/751 1002/150/752 1000/148/750
f 1003/151/753 1002/152/752 1001/153/754
f 1005/154/755 1004/155/756 1003/151/753
f 1007/156/757 1006/157/758 1005/154/755
f 986/134/738 1008/158/759 1007/159/757
f 985/133/737 924/160/760 1008/158/759
f 988/136/740 913/161/761 985/133/737
f 988/136/740 915/162/762 914/163/763
f 990/139/739 916/164/764 915/165/762
f 992/138/742 917/166/765 916/164/764
f 994/141/744 918/167/766 917/166/765
f 996/143/746 919/168/767 918/169/766
f 998/146/748 920/170/768 919/168/767
f 1002/150/752 920/170/768 1000/148/750
f 1004/155/756 921/171/769 1002/152/752
f 1006/157/758 922/172/770 1004/155/756
f 1008/173/759 923/174/771 1006/157/758
f 1010/175/772 1012/176/773 1009/177/774
f 1011/178/775 1014/179/776 1012/176/773
f 1013/180/777 1016/181/778 1014/182/776
f 1015/183/779 1018/184/780 1016/181/778
f 1017/185/781 1020/186/782 1018/187/780
f 1019/188/783 1022/189/784 1020/186/782
f 1021/190/785 1024/191/786 1022/189/784
f 1023/192/787 1026/193/788 1024/194/786
f 1025/195/789 1028/196/790 1026/193/788
f 1027/197/791 1030/198/792 1028/196/790
f 1029/199/793 1032/200/794 1030/201/792
f 1031/202/795 1009/177/774 1032/200/794
f 1009/177/774 1007/159/757 1032/200/794
f 1012/176/773 986/134/738 1009/177/774
f 1012/176/773 989/203/741 987/132/736
f 1014/204/776 991/140/743 989/137/741
f 1016/181/778 993/205/745 991/206/743
f 1018/187/780 995/145/747 993/142/745
f 1020/186/782 997/147/749 995/145/747
f 1022/189/784 999/149/751 997/147/749
f 1024/191/786 1001/207/754 999/149/751
f 1026/193/788 1003/208/753 1001/209/754
f 1028/210/790 1005/154/755 1003/151/753
f 1030/211/792 1007/156/757 1005/154/755
f 1034/212/796 1036/213/797 1033/214/798
f 1035/215/799 1038/216/800 1036/217/797
f 1037/218/801 1040/219/802 1038/216/800
f 1039/220/803 1042/221/804 1040/222/802
f 1041/223/805 1044/224/806 1042/221/804
f 1043/225/807 1046/226/808 1044/224/806
f 1045/227/809 1048/228/810 1046/229/808
f 1047/230/811 1050/231/812 1048/228/810
f 1049/232/813 1052/233/814 1050/231/812
f 1051/234/815 1054/235/816 1052/236/814
f 1053/237/817 1056/238/818 1054/235/816
f 1055/239/819 1033/214/798 1056/238/818
f 1033/214/798 1031/202/795 1056/238/818
f 1033/214/798 1011/178/775 1010/175/772
f 1036/217/797 1013/180/777 1011/240/775
f 1038/216/800 1015/183/779 1013/180/777
f 1040/219/802 1017/241/781 1015/183/779
f 1042/221/804 1019/188/783 1017/185/781
f 1044/224/806 1021/190/785 1019/188/783
f 1046/226/808 1023/242/787 1021/190/785
f 1048/228/810 1025/195/789 1023/192/787
f 1050/231/812 1027/197/791 1025/195/789
f 1052/233/814 1029/243/793 1027/197/791
f 1054/235/816 1031/202/795 1029/199/793
f 1058/244/820 1060/245/821 1057/246/822
f 1059/247/823 1062/248/824 1060/249/821
f 1061/250/825 1064/251/826 1062/248/824
f 1063/252/827 1066/253/828 1064/251/826
f 1065/254/829 1068/255/830 1066/253/828
f 1067/256/831 1070/257/832 1068/258/830
f 1069/259/833 1072/260/834 1070/257/832
f 1071/261/835 1074/262/836 1072/260/834
f 1073/263/837 1076/264/838 1074/265/836
f 1075/266/839 1078/267/840 1076/264/838
f 1077/268/841 1080/269/842 1078/267/840
f 1079/270/843 1057/246/822 1080/271/842
f 912/272/844 1058/244/820 1079/270/843
f 1080/269/842 1034/212/796 1055/239/819
f 902/273/845 1058/244/820 901/274/846
f 1057/246/822 1035/275/799 1034/276/796
f 903/277/847 1059/247/823 902/278/845
f 1060/279/821 1037/218/801 1035/215/799
f 904/280/848 1061/250/825 903/277/847
f 1062/248/824 1039/220/803 1037/281/801
f 905/282/849 1063/252/827 904/280/848
f 1064/251/826 1041/223/805 1039/220/803
f 906/283/850 1065/254/829 905/282/849
f 1066/253/828 1043/225/807 1041/223/805
f 907/284/851 1067/256/831 906/285/850
f 1068/258/830 1045/286/809 1043/287/807
f 907/284/851 1071/261/835 1069/259/833
f 1070/257/832 1047/288/811 1045/286/809
f 908/289/852 1073/290/837 1071/261/835
f 1072/260/834 1049/291/813 1047/288/811
f 909/292/853 1075/266/839 1073/263/837
f 1074/293/836 1051/294/815 1049/232/813
f 910/295/854 1077/268/841 1075/266/839
f 1076/264/838 1053/237/817 1051/234/815
f 911/296/855 1079/297/843 1077/268/841
f 1078/267/840 1055/239/819 1053/237/817
f 1092/1/164 1141/2/164 1081/3/164
f 1103/4/153 1114/5/153 1102/6/153
f 1096/26/153 1107/9/153 1095/7/153
f 1098/10/153 1111/11/153 1110/12/153
f 1102/6/153 1113/13/153 1101/14/153
f 1094/15/153 1107/9/153 1106/16/153
f 1093/24/153 1116/19/153 1104/17/153
f 1097/21/153 1110/12/153 1109/20/153
f 1100/22/153 1113/13/153 1112/23/153
f 1093/24/153 1106/16/153 1105/18/153
f 1104/17/153 1115/25/153 1103/4/153
f 1096/26/153 1109/20/153 1108/8/153
f 1100/22/153 1111/11/153 1099/27/153
f 1109/28/856 1122/29/857 1121/30/856
f 1120/31/150 1124/32/150 1128/33/150
f 1105/34/858 1128/35/859 1116/36/859
f 1107/37/860 1118/38/861 1106/39/861
f 1114/40/862 1125/41/863 1113/42/863
f 1111/43/864 1122/44/857 1110/45/857
f 1108/46/865 1119/47/860 1107/48/860
f 1114/40/862 1127/49/866 1126/50/862
f 1112/51/867 1123/52/864 1111/43/864
f 1109/28/856 1120/53/865 1108/46/865
f 1116/54/859 1127/49/866 1115/55/866
f 1106/39/861 1117/56/858 1105/34/858
f 1113/57/863 1124/58/867 1112/51/867
f 1137/59/149 1133/60/149 1129/61/149
f 1131/62/149 1156/63/149 1155/64/149
f 1138/65/149 1163/66/149 1162/67/149
f 1084/68/164 1145/69/164 1085/70/164
f 1092/1/164 1151/71/164 1152/72/164
f 1130/73/149 1155/64/149 1154/74/149
f 1138/65/149 1161/75/149 1137/59/149
f 1084/68/164 1143/76/164 1144/77/164
f 1130/73/149 1153/78/149 1129/61/149
f 1090/131/164 1151/71/164 1091/79/164
f 1136/81/149 1161/75/149 1160/82/149
f 1083/83/164 1142/84/164 1143/76/164
f 1141/87/171 1164/322/172 1153/86/171
f 1142/88/175 1155/89/170 1143/90/170
f 1150/93/173 1161/324/167 1162/92/173
f 1147/94/165 1158/95/166 1159/96/165
f 1143/90/170 1156/97/169 1144/98/169
f 1150/93/173 1163/100/176 1151/99/176
f 1147/94/165 1160/101/168 1148/102/168
f 1145/103/174 1156/97/169 1157/104/174
f 1151/99/176 1164/105/172 1152/106/172
f 1141/87/171 1154/107/175 1142/108/175
f 1148/102/168 1161/109/167 1149/110/167
f 1145/103/174 1158/112/166 1146/111/166
f 1085/70/164 1146/113/164 1086/114/164
f 1139/115/149 1164/116/149 1163/66/149
f 1132/117/149 1157/118/149 1156/63/149
f 1086/114/164 1147/119/164 1087/120/164
f 1129/61/149 1164/116/149 1140/121/149
f 1133/60/149 1158/126/149 1157/118/149
f 1088/123/164 1147/119/164 1148/124/164
f 1134/122/149 1159/125/149 1158/126/149
f 1088/123/164 1149/127/164 1089/128/164
f 1081/3/164 1142/84/164 1082/129/164
f 1135/130/149 1160/82/149 1159/125/149
f 1090/131/164 1149/127/164 1150/80/164
f 1167/132/868 1165/133/869 1166/134/870
f 1167/132/868 1170/135/871 1168/136/872
f 1169/137/873 1172/138/874 1170/139/871
f 1171/140/875 1174/141/876 1172/138/874
f 1173/142/877 1176/143/878 1174/144/876
f 1175/145/879 1178/146/880 1176/143/878
f 1177/147/881 1180/148/882 1178/146/880
f 1179/149/883 1182/150/884 1180/148/882
f 1183/151/885 1182/152/884 1181/153/886
f 1185/154/887 1184/155/888 1183/151/885
f 1187/156/889 1186/157/890 1185/154/887
f 1166/134/870 1188/158/891 1187/159/889
f 1165/133/869 1104/160/892 1188/158/891
f 1168/136/872 1093/161/893 1165/133/869
f 1168/136/872 1095/162/894 1094/163/895
f 1170/139/871 1096/164/896 1095/165/894
f 1172/138/874 1097/166/897 1096/164/896
f 1174/141/876 1098/167/898 1097/166/897
f 1176/143/878 1099/168/899 1098/169/898
f 1178/146/880 1100/170/900 1099/168/899
f 1182/150/884 1100/170/900 1180/148/882
f 1184/155/888 1101/171/901 1182/152/884
f 1186/157/890 1102/172/902 1184/155/888
f 1188/173/891 1103/174/903 1186/157/890
f 1190/175/904 1192/176/905 1189/177/906
f 1191/178/907 1194/179/908 1192/176/905
f 1193/180/909 1196/181/910 1194/182/908
f 1195/183/911 1198/184/912 1196/181/910
f 1197/185/913 1200/186/914 1198/187/912
f 1199/188/915 1202/189/916 1200/186/914
f 1201/190/917 1204/191/918 1202/189/916
f 1203/192/919 1206/193/920 1204/194/918
f 1205/195/921 1208/196/922 1206/193/920
f 1207/197/923 1210/198/924 1208/196/922
f 1209/199/925 1212/200/926 1210/201/924
f 1211/202/927 1189/177/906 1212/200/926
f 1189/177/906 1187/159/889 1212/200/926
f 1192/176/905 1166/134/870 1189/177/906
f 1192/176/905 1169/203/873 1167/132/868
f 1194/204/908 1171/140/875 1169/137/873
f 1196/181/910 1173/205/877 1171/206/875
f 1198/187/912 1175/145/879 1173/142/877
f 1200/186/914 1177/147/881 1175/145/879
f 1202/189/916 1179/149/883 1177/147/881
f 1204/191/918 1181/207/886 1179/149/883
f 1206/193/920 1183/208/885 1181/209/886
f 1208/210/922 1185/154/887 1183/151/885
f 1210/211/924 1187/156/889 1185/154/887
f 1214/212/928 1216/213/929 1213/214/930
f 1215/215/931 1218/216/932 1216/217/929
f 1217/218/933 1220/219/934 1218/216/932
f 1219/220/935 1222/221/936 1220/222/934
f 1221/223/937 1224/224/938 1222/221/936
f 1223/225/939 1226/226/940 1224/224/938
f 1225/227/941 1228/228/942 1226/229/940
f 1227/230/943 1230/231/944 1228/228/942
f 1229/232/945 1232/233/946 1230/231/944
f 1231/234/947 1234/235/948 1232/236/946
f 1233/237/949 1236/238/950 1234/235/948
f 1235/239/951 1213/214/930 1236/238/950
f 1213/214/930 1211/202/927 1236/238/950
f 1213/214/930 1191/178/907 1190/175/904
f 1216/217/929 1193/180/909 1191/240/907
f 1218/216/932 1195/183/911 1193/180/909
f 1220/219/934 1197/241/913 1195/183/911
f 1222/221/936 1199/188/915 1197/185/913
f 1224/224/938 1201/190/917 1199/188/915
f 1226/226/940 1203/242/919 1201/190/917
f 1228/228/942 1205/195/921 1203/192/919
f 1230/231/944 1207/197/923 1205/195/921
f 1232/233/946 1209/243/925 1207/197/923
f 1234/235/948 1211/202/927 1209/199/925
f 1238/244/952 1240/245/953 1237/246/954
f 1239/247/955 1242/248/956 1240/249/953
f 1241/250/957 1244/251/958 1242/248/956
f 1243/252/959 1246/253/960 1244/251/958
f 1245/254/961 1248/255/962 1246/253/960
f 1247/256/963 1250/257/964 1248/258/962
f 1249/259/965 1252/260/966 1250/257/964
f 1251/261/967 1254/262/968 1252/260/966
f 1253/263/969 1256/264/970 1254/265/968
f 1255/266/971 1258/267/972 1256/264/970
f 1257/268/973 1260/269/974 1258/267/972
f 1259/270/975 1237/246/954 1260/271/974
f 1092/272/976 1238/244/952 1259/270/975
f 1260/269/974 1214/212/928 1235/239/951
f 1082/273/977 1238/244/952 1081/274/978
f 1237/246/954 1215/275/931 1214/276/928
f 1083/277/979 1239/247/955 1082/278/977
f 1240/279/953 1217/218/933 1215/215/931
f 1084/280/980 1241/250/957 1083/277/979
f 1242/248/956 1219/220/935 1217/281/933
f 1085/282/981 1243/252/959 1084/280/980
f 1244/251/958 1221/223/937 1219/220/935
f 1086/283/982 1245/254/961 1085/282/981
f 1246/253/960 1223/225/939 1221/223/937
f 1087/284/983 1247/256/963 1086/285/982
f 1248/258/962 1225/286/941 1223/287/939
f 1087/284/983 1251/261/967 1249/259/965
f 1250/257/964 1227/288/943 1225/286/941
f 1088/289/984 1253/290/969 1251/261/967
f 1252/260/966 1229/291/945 1227/288/943
f 1089/292/985 1255/266/971 1253/263/969
f 1254/293/968 1231/294/947 1229/232/945
f 1090/295/986 1257/268/973 1255/266/971
f 1256/264/970 1233/237/949 1231/234/947
f 1091/296/987 1259/297/975 1257/268/973
f 1258/267/972 1235/239/951 1233/237/949
f 1321/2/16 1272/1/16 1261/3/16
f 1294/5/5 1283/4/5 1282/6/5
f 1287/9/5 1276/26/5 1275/7/5
f 1278/10/5 1291/11/5 1279/27/5
f 1293/13/5 1282/6/5 1281/14/5
f 1274/15/5 1287/9/5 1275/7/5
f 1296/19/5 1273/24/5 1284/17/5
f 1277/21/5 1290/12/5 1278/10/5
f 1280/22/5 1293/13/5 1281/14/5
f 1273/24/5 1286/16/5 1274/15/5
f 1295/25/5 1284/17/5 1283/4/5
f 1276/26/5 1289/20/5 1277/21/5
f 1291/11/5 1280/22/5 1279/27/5
f 1289/28/988 1302/29/989 1290/298/989
f 1306/299/2 1302/300/2 1298/301/2
f 1308/35/990 1285/34/991 1296/36/990
f 1298/38/992 1287/37/993 1286/39/992
f 1305/41/994 1294/40/995 1293/42/994
f 1302/44/989 1291/43/996 1290/45/989
f 1287/48/993 1300/53/997 1288/46/997
f 1294/40/995 1307/49/998 1295/55/998
f 1303/52/996 1292/51/999 1291/43/996
f 1300/53/997 1289/28/988 1288/46/997
f 1307/49/998 1296/54/990 1295/55/998
f 1297/56/991 1286/39/992 1285/34/991
f 1304/58/999 1293/57/994 1292/51/999
f 1311/62/1 1315/130/1 1319/115/1
f 1311/62/1 1336/63/1 1312/117/1
f 1318/65/1 1343/66/1 1319/115/1
f 1325/69/16 1264/68/16 1265/70/16
f 1332/72/16 1271/79/16 1272/1/16
f 1310/73/1 1335/64/1 1311/62/1
f 1341/75/1 1318/65/1 1317/59/1
f 1264/68/16 1323/76/16 1263/83/16
f 1309/61/1 1334/74/1 1310/73/1
f 1271/79/16 1330/80/16 1270/131/16
f 1340/82/1 1317/59/1 1316/81/1
f 1263/83/16 1322/84/16 1262/129/16
f 1321/87/23 1344/322/24 1332/85/24
f 1323/90/21 1334/323/27 1322/88/27
f 1330/93/25 1341/324/20 1329/91/20
f 1327/94/18 1338/95/17 1326/302/17
f 1336/97/22 1323/90/21 1324/98/22
f 1343/100/1000 1330/93/25 1331/99/28
f 1340/101/19 1327/94/18 1328/102/19
f 1325/103/26 1336/97/22 1324/98/22
f 1344/105/24 1331/99/28 1332/106/24
f 1334/107/27 1321/87/23 1322/108/27
f 1341/109/20 1328/102/19 1329/110/20
f 1326/111/17 1337/104/26 1325/103/26
f 1326/113/16 1265/70/16 1266/114/16
f 1319/115/1 1344/116/1 1320/121/1
f 1312/117/1 1337/118/1 1313/60/1
f 1327/119/16 1266/114/16 1267/120/16
f 1344/116/1 1309/61/1 1320/121/1
f 1313/60/1 1338/126/1 1314/122/1
f 1268/123/16 1327/119/16 1267/120/16
f 1314/122/1 1339/125/1 1315/130/1
f 1329/127/16 1268/123/16 1269/128/16
f 1262/129/16 1321/2/16 1261/3/16
f 1315/130/1 1340/82/1 1316/81/1
f 1330/80/16 1269/128/16 1270/131/16
f 1345/133/1001 1347/132/1002 1346/134/1003
f 1347/132/1002 1350/135/1004 1349/203/1005
f 1349/137/1005 1352/138/1006 1351/140/1007
f 1351/140/1007 1354/141/1008 1353/303/1009
f 1353/142/1009 1356/143/1010 1355/145/1011
f 1355/145/1011 1358/146/1012 1357/147/1013
f 1357/147/1013 1360/148/1014 1359/149/1015
f 1359/149/1015 1362/150/1016 1361/207/1017
f 1362/152/1016 1363/151/1018 1361/153/1017
f 1364/155/1019 1365/154/1020 1363/151/1018
f 1366/157/1021 1367/156/1022 1365/154/1020
f 1368/158/1023 1346/134/1003 1367/159/1022
f 1284/160/1024 1345/133/1001 1368/158/1023
f 1273/161/1025 1348/136/1026 1345/133/1001
f 1348/136/1026 1275/162/1027 1350/135/1004
f 1350/139/1004 1276/164/1028 1352/138/1006
f 1352/138/1006 1277/166/1029 1354/141/1008
f 1354/141/1008 1278/167/1030 1356/304/1010
f 1356/143/1010 1279/168/1031 1358/146/1012
f 1358/146/1012 1280/170/1032 1360/148/1014
f 1280/170/1032 1362/150/1016 1360/148/1014
f 1281/171/1033 1364/155/1019 1362/152/1016
f 1282/172/1034 1366/157/1021 1364/155/1019
f 1283/174/1035 1368/173/1023 1366/157/1021
f 1370/175/1036 1372/176/1037 1371/178/1038
f 1371/178/1038 1374/179/1039 1373/305/1040
f 1373/180/1040 1376/181/1041 1375/183/1042
f 1375/183/1042 1378/184/1043 1377/241/1044
f 1377/185/1044 1380/186/1045 1379/188/1046
f 1379/188/1046 1382/189/1047 1381/190/1048
f 1381/190/1048 1384/191/1049 1383/242/1050
f 1383/192/1050 1386/193/1051 1385/195/1052
f 1385/195/1052 1388/196/1053 1387/197/1054
f 1387/197/1054 1390/198/1055 1389/243/1056
f 1389/199/1056 1392/200/1057 1391/202/1058
f 1391/202/1058 1369/177/1059 1370/175/1036
f 1367/159/1022 1369/177/1059 1392/200/1057
f 1346/134/1003 1372/176/1037 1369/177/1059
f 1372/176/1037 1349/203/1005 1374/179/1039
f 1374/204/1039 1351/140/1007 1376/306/1041
f 1376/181/1041 1353/205/1009 1378/184/1043
f 1378/187/1043 1355/145/1011 1380/186/1045
f 1380/186/1045 1357/147/1013 1382/189/1047
f 1382/189/1047 1359/149/1015 1384/191/1049
f 1384/191/1049 1361/207/1017 1386/307/1051
f 1386/193/1051 1363/208/1018 1388/196/1053
f 1388/210/1053 1365/154/1020 1390/211/1055
f 1390/211/1055 1367/156/1022 1392/308/1057
f 1394/212/1060 1396/213/1061 1395/309/1062
f 1395/215/1062 1398/216/1063 1397/218/1064
f 1397/218/1064 1400/219/1065 1399/310/1066
f 1399/220/1066 1402/221/1067 1401/223/1068
f 1401/223/1068 1404/224/1069 1403/225/1070
f 1403/225/1070 1406/226/1071 1405/311/1072
f 1405/227/1072 1408/228/1073 1407/230/1074
f 1407/230/1074 1410/231/1075 1409/232/1076
f 1409/232/1076 1412/233/1077 1411/294/1078
f 1411/234/1078 1414/235/1079 1413/237/1080
f 1413/237/1080 1416/238/1081 1415/239/1082
f 1415/239/1082 1393/214/1083 1394/212/1060
f 1391/202/1058 1393/214/1083 1416/238/1081
f 1393/214/1083 1371/178/1038 1396/213/1061
f 1396/217/1061 1373/180/1040 1398/216/1063
f 1398/216/1063 1375/183/1042 1400/219/1065
f 1400/219/1065 1377/241/1044 1402/312/1067
f 1402/221/1067 1379/188/1046 1404/224/1069
f 1404/224/1069 1381/190/1048 1406/226/1071
f 1406/226/1071 1383/242/1050 1408/313/1073
f 1408/228/1073 1385/195/1052 1410/231/1075
f 1410/231/1075 1387/197/1054 1412/233/1077
f 1412/233/1077 1389/243/1056 1414/314/1079
f 1414/235/1079 1391/202/1058 1416/238/1081
f 1418/244/1084 1420/245/1085 1419/315/1086
f 1419/247/1086 1422/248/1087 1421/250/1088
f 1421/250/1088 1424/251/1089 1423/252/1090
f 1423/252/1090 1426/253/1091 1425/254/1092
f 1425/254/1092 1428/255/1093 1427/316/1094
f 1427/256/1094 1430/257/1095 1429/259/1096
f 1429/259/1096 1432/260/1097 1431/261/1098
f 1431/261/1098 1434/262/1099 1433/290/1100
f 1433/263/1100 1436/264/1101 1435/266/1102
f 1435/266/1102 1438/267/1103 1437/268/1104
f 1437/268/1104 1440/269/1105 1439/297/1106
f 1439/270/1106 1417/246/1107 1418/244/1084
f 1272/272/1108 1418/244/1084 1261/274/1109
f 1440/269/1105 1394/212/1060 1417/317/1107
f 1418/244/1084 1262/273/1110 1261/274/1109
f 1417/246/1107 1395/275/1062 1420/245/1085
f 1419/247/1086 1263/277/1111 1262/278/1110
f 1420/279/1085 1397/218/1064 1422/318/1087
f 1421/250/1088 1264/280/1112 1263/277/1111
f 1422/248/1087 1399/220/1066 1424/251/1089
f 1423/252/1090 1265/282/1113 1264/280/1112
f 1424/251/1089 1401/223/1068 1426/253/1091
f 1425/254/1092 1266/283/1114 1265/282/1113
f 1426/253/1091 1403/225/1070 1428/255/1093
f 1427/256/1094 1267/284/1115 1266/285/1114
f 1428/258/1093 1405/286/1072 1430/257/1095
f 1267/284/1115 1431/261/1098 1268/289/1116
f 1430/257/1095 1407/288/1074 1432/260/1097
f 1268/289/1116 1433/290/1100 1269/319/1117
f 1432/260/1097 1409/291/1076 1434/262/1099
f 1269/292/1117 1435/266/1102 1270/295/1118
f 1434/293/1099 1411/294/1078 1436/320/1101
f 1270/295/1118 1437/268/1104 1271/296/1119
f 1436/264/1101 1413/237/1080 1438/267/1103
f 1271/296/1119 1439/297/1106 1272/321/1108
f 1438/267/1103 1415/239/1082 1440/269/1105
f 12/1/1 72/72/1 61/2/1
f 23/4/2 35/25/2 34/5/2
f 15/7/2 16/26/2 28/8/2
f 18/10/2 19/27/2 31/11/2
f 22/6/2 34/5/2 33/13/2
f 14/15/2 15/7/2 27/9/2
f 24/17/2 13/24/2 25/18/2
f 18/10/2 30/12/2 29/20/2
f 20/22/2 21/14/2 33/13/2
f 13/24/2 14/15/2 26/16/2
f 24/17/2 36/19/2 35/25/2
f 16/26/2 17/21/2 29/20/2
f 19/27/2 20/22/2 32/23/2
f 29/28/3 30/298/4 42/29/4
f 48/33/5 37/325/5 38/301/5
f 38/301/5 39/326/5 40/31/5
f 40/31/5 41/327/5 42/300/5
f 42/300/5 43/328/5 44/32/5
f 44/32/5 45/329/5 46/299/5
f 46/299/5 47/330/5 48/33/5
f 48/33/5 38/301/5 40/31/5
f 40/31/5 42/300/5 44/32/5
f 44/32/5 46/299/5 48/33/5
f 25/34/6 37/56/6 48/35/7
f 27/37/8 39/331/8 38/38/9
f 34/40/10 46/50/10 45/41/11
f 31/43/12 43/52/12 42/44/4
f 28/46/13 40/53/13 39/47/8
f 34/40/10 35/55/14 47/49/14
f 32/51/15 44/58/15 43/52/12
f 29/28/3 41/30/3 40/53/13
f 36/54/7 48/332/7 47/49/14
f 25/34/6 26/39/9 38/38/9
f 33/57/11 45/333/11 44/58/15
f 49/61/16 60/121/16 59/115/16
f 59/115/16 58/65/16 57/59/16
f 57/59/16 56/81/16 55/130/16
f 55/130/16 54/122/16 53/60/16
f 53/60/16 52/117/16 51/62/16
f 51/62/16 50/73/16 49/61/16
f 49/61/16 59/115/16 57/59/16
f 57/59/16 55/130/16 53/60/16
f 53/60/16 51/62/16 49/61/16
f 51/62/16 52/117/16 76/63/16
f 58/65/16 59/115/16 83/66/16
f 4/68/1 64/77/1 65/69/1
f 12/1/1 11/79/1 71/71/1
f 50/73/16 51/62/16 75/64/16
f 57/59/16 58/65/16 82/67/16
f 4/68/1 3/83/1 63/76/1
f 50/73/16 74/74/16 73/78/16
f 11/79/1 10/131/1 70/80/1
f 56/81/16 57/59/16 81/75/16
f 3/83/1 2/129/1 62/84/1
f 72/85/17 84/322/17 73/86/18
f 62/88/19 74/323/19 75/89/20
f 69/91/21 81/324/21 82/92/22
f 67/94/23 66/302/24 78/95/24
f 63/90/20 75/89/20 76/97/25
f 71/99/26 70/93/22 82/92/22
f 67/94/23 79/96/23 80/101/27
f 65/103/28 64/98/25 76/97/25
f 71/99/26 83/100/26 84/105/17
f 61/87/18 73/86/18 74/107/19
f 68/102/27 80/101/27 81/109/21
f 66/111/24 65/103/28 77/104/28
f 5/70/1 65/69/1 66/113/1
f 59/115/16 60/121/16 84/116/16
f 52/117/16 53/60/16 77/118/16
f 6/114/1 66/113/1 67/119/1
f 49/61/16 73/78/16 84/116/16
f 54/122/16 78/126/16 77/118/16
f 8/123/1 7/120/1 67/119/1
f 54/122/16 55/130/16 79/125/16
f 8/123/1 68/124/1 69/127/1
f 1/3/1 61/2/1 62/84/1
f 55/130/16 56/81/16 80/82/16
f 9/128/1 69/127/1 70/80/1
f 87/132/29 88/136/33 85/133/30
f 87/132/29 89/203/34 90/135/32
f 89/137/34 91/140/36 92/138/35
f 91/140/36 93/303/38 94/141/37
f 93/142/38 95/145/40 96/143/39
f 95/145/40 97/147/42 98/146/41
f 97/147/42 99/149/44 100/148/43
f 99/149/44 101/207/47 102/150/45
f 103/151/46 104/155/49 102/152/45
f 105/154/48 106/157/51 104/155/49
f 107/156/50 108/173/52 106/157/51
f 86/134/31 85/133/30 108/158/52
f 85/133/30 13/161/54 24/160/53
f 88/136/33 14/163/56 13/161/54
f 88/136/33 90/135/32 15/162/55
f 90/139/32 92/138/35 16/164/57
f 92/138/35 94/141/37 17/166/58
f 94/141/37 96/304/39 18/167/59
f 96/143/39 98/146/41 19/168/60
f 98/146/41 100/148/43 20/170/61
f 102/150/45 21/334/62 20/170/61
f 104/155/49 22/172/63 21/171/62
f 106/157/51 23/174/64 22/172/63
f 108/173/52 24/335/53 23/174/64
f 110/175/65 111/178/68 112/176/66
f 111/178/68 113/305/70 114/179/69
f 113/180/70 115/183/72 116/181/71
f 115/183/72 117/241/74 118/184/73
f 117/185/74 119/188/76 120/186/75
f 119/188/76 121/190/78 122/189/77
f 121/190/78 123/242/80 124/191/79
f 123/192/80 125/195/82 126/193/81
f 125/195/82 127/197/84 128/196/83
f 127/197/84 129/243/86 130/198/85
f 129/199/86 131/202/88 132/200/87
f 131/202/88 110/175/65 109/177/67
f 109/177/67 86/134/31 107/159/50
f 112/176/66 87/132/29 86/134/31
f 112/176/66 114/179/69 89/203/34
f 114/204/69 116/306/71 91/140/36
f 116/181/71 118/184/73 93/205/38
f 118/187/73 120/186/75 95/145/40
f 120/186/75 122/189/77 97/147/42
f 122/189/77 124/191/79 99/149/44
f 124/191/79 126/307/81 101/207/47
f 126/193/81 128/196/83 103/208/46
f 128/210/83 130/211/85 105/154/48
f 130/211/85 132/308/87 107/156/50
f 134/212/89 135/309/92 136/213/90
f 135/215/92 137/218/94 138/216/93
f 137/218/94 139/310/96 140/219/95
f 139/220/96 141/223/98 142/221/97
f 141/223/98 143/225/100 144/224/99
f 143/225/100 145/311/102 146/226/101
f 145/227/102 147/230/104 148/228/103
f 147/230/104 149/232/106 150/231/105
f 149/232/106 151/294/108 152/233/107
f 151/234/108 153/237/110 154/235/109
f 153/237/110 155/239/112 156/238/111
f 155/239/112 134/212/89 133/214/91
f 133/214/91 110/175/65 131/202/88
f 133/214/91 136/213/90 111/178/68
f 136/217/90 138/216/93 113/180/70
f 138/216/93 140/219/95 115/183/72
f 140/219/95 142/312/97 117/241/74
f 142/221/97 144/224/99 119/188/76
f 144/224/99 146/226/101 121/190/78
f 146/226/101 148/313/103 123/242/80
f 148/228/103 150/231/105 125/195/82
f 150/231/105 152/233/107 127/197/84
f 152/233/107 154/314/109 129/243/86
f 154/235/109 156/238/111 131/202/88
f 158/244/113 159/315/116 160/245/114
f 159/247/116 161/250/118 162/248/117
f 161/250/118 163/252/120 164/251/119
f 163/252/120 165/254/122 166/253/121
f 165/254/122 167/316/124 168/255/123
f 167/256/124 169/259/126 170/257/125
f 169/259/126 171/261/128 172/260/127
f 171/261/128 173/290/130 174/262/129
f 173/263/130 175/266/132 176/264/131
f 175/266/132 177/268/134 178/267/133
f 177/268/134 179/297/136 180/269/135
f 179/270/136 158/244/113 157/246/115
f 12/272/137 1/274/139 158/244/113
f 180/269/135 157/317/115 134/212/89
f 2/273/138 159/315/116 158/244/113
f 157/246/115 160/245/114 135/275/92
f 3/277/140 161/250/118 159/247/116
f 160/279/114 162/318/117 137/218/94
f 4/280/141 163/252/120 161/250/118
f 162/248/117 164/251/119 139/220/96
f 5/282/142 165/254/122 163/252/120
f 164/251/119 166/253/121 141/223/98
f 6/283/143 167/316/124 165/254/122
f 166/253/121 168/255/123 143/225/100
f 7/284/144 169/259/126 167/256/124
f 168/258/123 170/257/125 145/286/102
f 7/284/144 8/289/145 171/261/128
f 170/257/125 172/260/127 147/288/104
f 8/289/145 9/319/146 173/290/130
f 172/260/127 174/262/129 149/291/106
f 9/292/146 10/295/147 175/266/132
f 174/293/129 176/320/131 151/294/108
f 10/295/147 11/296/148 177/268/134
f 176/264/131 178/267/133 153/237/110
f 11/296/148 12/321/137 179/297/136
f 178/267/133 180/269/135 155/239/112
f 241/2/149 252/72/149 192/1/149
f 214/5/150 215/25/150 203/4/150
f 195/7/150 207/9/150 208/8/150
f 198/10/150 210/12/150 211/11/150
f 213/13/150 214/5/150 202/6/150
f 194/15/150 206/16/150 207/9/150
f 204/17/150 216/19/150 205/18/150
f 209/20/150 210/12/150 198/10/150
f 200/22/150 212/23/150 213/13/150
f 193/24/150 205/18/150 206/16/150
f 215/25/150 216/19/150 204/17/150
f 196/26/150 208/8/150 209/20/150
f 199/27/150 211/11/150 212/23/150
f 209/28/151 221/30/151 222/29/152
f 218/301/153 217/325/153 228/33/153
f 228/33/153 227/330/153 226/299/153
f 226/299/153 225/329/153 224/32/153
f 224/32/153 223/328/153 222/300/153
f 222/300/153 221/327/153 220/31/153
f 220/31/153 219/326/153 218/301/153
f 218/301/153 228/33/153 226/299/153
f 226/299/153 224/32/153 222/300/153
f 222/300/153 220/31/153 218/301/153
f 228/35/154 217/56/155 205/34/155
f 218/38/156 219/331/157 207/37/157
f 225/41/158 226/50/159 214/40/159
f 222/44/152 223/52/160 211/43/160
f 219/47/157 220/53/161 208/46/161
f 214/40/159 226/50/159 227/49/162
f 223/52/160 224/58/163 212/51/163
f 220/53/161 221/30/151 209/28/151
f 227/49/162 228/332/154 216/54/154
f 205/34/155 217/56/155 218/38/156
f 224/58/163 225/333/158 213/57/158
f 239/115/164 240/121/164 229/61/164
f 229/61/164 230/73/164 231/62/164
f 231/62/164 232/117/164 233/60/164
f 233/60/164 234/122/164 235/130/164
f 235/130/164 236/81/164 237/59/164
f 237/59/164 238/65/164 239/115/164
f 239/115/164 229/61/164 231/62/164
f 231/62/164 233/60/164 235/130/164
f 235/130/164 237/59/164 239/115/164
f 231/62/164 255/64/164 256/63/164
f 238/65/164 262/67/164 263/66/164
f 245/69/149 244/77/149 184/68/149
f 192/1/149 252/72/149 251/71/149
f 230/73/164 254/74/164 255/64/164
f 237/59/164 261/75/164 262/67/164
f 184/68/149 244/77/149 243/76/149
f 229/61/164 253/78/164 254/74/164
f 251/71/149 250/80/149 190/131/149
f 260/82/164 261/75/164 237/59/164
f 183/83/149 243/76/149 242/84/149
f 253/86/165 264/322/166 252/85/166
f 255/89/167 254/323/168 242/88/168
f 262/92/169 261/324/170 249/91/170
f 247/94/171 259/96/171 258/95/172
f 256/97/173 255/89/167 243/90/167
f 251/99/174 263/100/174 262/92/169
f 260/101/175 259/96/171 247/94/171
f 245/103/176 257/104/176 256/97/173
f 264/105/166 263/100/174 251/99/174
f 254/107/168 253/86/165 241/87/165
f 261/109/170 260/101/175 248/102/175
f 246/111/172 258/112/172 257/104/176
f 246/113/149 245/69/149 185/70/149
f 239/115/164 263/66/164 264/116/164
f 232/117/164 256/63/164 257/118/164
f 247/119/149 246/113/149 186/114/149
f 264/116/164 253/78/164 229/61/164
f 233/60/164 257/118/164 258/126/164
f 188/123/149 248/124/149 247/119/149
f 258/126/164 259/125/164 235/130/164
f 249/127/149 248/124/149 188/123/149
f 242/84/149 241/2/149 181/3/149
f 235/130/164 259/125/164 260/82/164
f 250/80/149 249/127/149 189/128/149
f 265/133/177 268/136/202 267/132/178
f 267/132/178 268/136/202 270/135/180
f 269/137/181 270/139/180 272/138/182
f 271/140/183 272/138/182 274/141/184
f 273/142/185 274/144/184 276/143/186
f 275/145/187 276/143/186 278/146/188
f 277/147/189 278/146/188 280/148/190
f 279/149/191 280/148/190 282/150/192
f 282/152/192 284/155/195 283/151/194
f 284/155/195 286/157/197 285/154/196
f 286/157/197 288/173/199 287/156/198
f 288/158/199 265/133/177 266/134/179
f 204/160/200 193/161/201 265/133/177
f 193/161/201 194/163/1120 268/136/202
f 268/136/202 194/163/1120 195/162/203
f 270/139/180 195/165/203 196/164/204
f 272/138/182 196/164/204 197/166/205
f 274/141/184 197/166/205 198/167/206
f 276/143/186 198/169/206 199/168/207
f 278/146/188 199/168/207 200/170/208
f 200/170/208 201/334/209 282/150/192
f 201/171/209 202/172/210 284/155/195
f 202/172/210 203/174/211 286/157/197
f 203/174/211 204/335/200 288/173/199
f 290/175/212 289/177/235 292/176/213
f 291/178/214 292/176/213 294/179/215
f 293/180/216 294/182/215 296/181/217
f 295/183/218 296/181/217 298/184/219
f 297/185/220 298/187/219 300/186/221
f 299/188/222 300/186/221 302/189/223
f 301/190/224 302/189/223 304/191/225
f 303/192/226 304/194/225 306/193/227
f 305/195/228 306/193/227 308/196/229
f 307/197/230 308/196/229 310/198/231
f 309/199/232 310/201/231 312/200/233
f 311/202/234 312/200/233 289/177/235
f 287/159/198 266/134/179 289/177/235
f 266/134/179 267/132/178 292/176/213
f 292/176/213 267/132/178 269/203/181
f 294/204/215 269/137/181 271/140/183
f 296/181/217 271/206/183 273/205/185
f 298/187/219 273/142/185 275/145/187
f 300/186/221 275/145/187 277/147/189
f 302/189/223 277/147/189 279/149/191
f 304/191/225 279/149/191 281/207/193
f 306/193/227 281/209/193 283/208/194
f 308/210/229 283/151/194 285/154/196
f 310/211/231 285/154/196 287/156/198
f 314/212/236 313/214/259 316/213/237
f 315/215/238 316/217/237 318/216/239
f 317/218/240 318/216/239 320/219/241
f 319/220/242 320/222/241 322/221/243
f 321/223/244 322/221/243 324/224/245
f 323/225/246 324/224/245 326/226/247
f 325/227/248 326/229/247 328/228/249
f 327/230/250 328/228/249 330/231/251
f 329/232/252 330/231/251 332/233/253
f 331/234/254 332/236/253 334/235/255
f 333/237/256 334/235/255 336/238/257
f 335/239/258 336/238/257 313/214/259
f 311/202/234 290/175/212 313/214/259
f 313/214/259 290/175/212 291/178/214
f 316/217/237 291/240/214 293/180/216
f 318/216/239 293/180/216 295/183/218
f 320/219/241 295/183/218 297/241/220
f 322/221/243 297/185/220 299/188/222
f 324/224/245 299/188/222 301/190/224
f 326/226/247 301/190/224 303/242/226
f 328/228/249 303/192/226 305/195/228
f 330/231/251 305/195/228 307/197/230
f 332/233/253 307/197/230 309/243/232
f 334/235/255 309/199/232 311/202/234
f 338/244/260 337/246/283 340/245/261
f 339/247/262 340/249/261 342/248/263
f 341/250/264 342/248/263 344/251/265
f 343/252/266 344/251/265 346/253/267
f 345/254/268 346/253/267 348/255/269
f 347/256/270 348/258/269 350/257/271
f 349/259/272 350/257/271 352/260/273
f 351/261/274 352/260/273 354/262/275
f 353/263/276 354/265/275 356/264/277
f 355/266/278 356/264/277 358/267/279
f 357/268/280 358/267/279 360/269/281
f 359/270/282 360/271/281 337/246/283
f 192/272/284 359/270/282 338/244/260
f 360/269/281 335/239/258 314/212/236
f 338/244/260 339/315/262 182/273/286
f 337/246/283 314/276/236 315/275/238
f 339/247/262 341/250/264 183/277/287
f 340/279/261 315/215/238 317/218/240
f 341/250/264 343/252/266 184/280/288
f 342/248/263 317/281/240 319/220/242
f 343/252/266 345/254/268 185/282/289
f 344/251/265 319/220/242 321/223/244
f 345/254/268 347/316/270 186/283/290
f 346/253/267 321/223/244 323/225/246
f 347/256/270 349/259/272 187/284/291
f 348/258/269 323/287/246 325/286/248
f 187/284/291 349/259/272 351/261/274
f 350/257/271 325/286/248 327/288/250
f 188/289/292 351/261/274 353/290/276
f 352/260/273 327/288/250 329/291/252
f 189/292/293 353/263/276 355/266/278
f 354/293/275 329/232/252 331/294/254
f 190/295/294 355/266/278 357/268/280
f 356/264/277 331/234/254 333/237/256
f 191/296/295 357/268/280 359/297/282
f 358/267/279 333/237/256 335/239/258
f 421/2/296 432/72/296 372/1/296
f 394/5/297 395/25/297 383/4/297
f 375/7/297 387/9/297 388/8/297
f 378/10/297 390/12/297 391/11/297
f 393/13/297 394/5/297 382/6/297
f 374/15/297 386/16/297 387/9/297
f 384/17/297 396/19/297 385/18/297
f 389/20/297 390/12/297 378/10/297
f 380/22/297 392/23/297 393/13/297
f 373/24/297 385/18/297 386/16/297
f 395/25/297 396/19/297 384/17/297
f 376/26/297 388/8/297 389/20/297
f 379/27/297 391/11/297 392/23/297
f 389/28/298 401/30/298 402/29/299
f 398/301/300 397/325/300 408/33/300
f 408/33/300 407/330/300 406/299/300
f 406/299/300 405/329/300 404/32/300
f 404/32/300 403/328/300 402/300/300
f 402/300/300 401/327/300 400/31/300
f 400/31/300 399/326/300 398/301/300
f 398/301/300 408/33/300 406/299/300
f 406/299/300 404/32/300 402/300/300
f 402/300/300 400/31/300 398/301/300
f 408/35/301 397/56/302 385/34/302
f 398/38/303 399/331/304 387/37/304
f 405/41/305 406/50/306 394/40/306
f 402/44/299 403/52/307 391/43/307
f 399/47/304 400/53/308 388/46/308
f 394/40/306 406/50/306 407/49/309
f 403/52/307 404/58/310 392/51/310
f 400/53/308 401/30/298 389/28/298
f 407/49/309 408/332/301 396/54/301
f 385/34/302 397/56/302 398/38/303
f 404/58/310 405/333/305 393/57/305
f 419/115/311 420/121/311 409/61/311
f 409/61/311 410/73/311 411/62/311
f 411/62/311 412/117/311 413/60/311
f 413/60/311 414/122/311 415/130/311
f 415/130/311 416/81/311 417/59/311
f 417/59/311 418/65/311 419/115/311
f 419/115/311 409/61/311 411/62/311
f 411/62/311 413/60/311 415/130/311
f 415/130/311 417/59/311 419/115/311
f 411/62/311 435/64/311 436/63/311
f 418/65/311 442/67/311 443/66/311
f 425/69/296 424/77/296 364/68/296
f 372/1/296 432/72/296 431/71/296
f 410/73/311 434/74/311 435/64/311
f 417/59/311 441/75/311 442/67/311
f 364/68/296 424/77/296 423/76/296
f 409/61/311 433/78/311 434/74/311
f 431/71/296 430/80/296 370/131/296
f 440/82/311 441/75/311 417/59/311
f 363/83/296 423/76/296 422/84/296
f 433/86/312 444/322/313 432/85/313
f 435/89/314 434/323/315 422/88/315
f 442/92/316 441/324/317 429/91/317
f 427/94/318 439/96/318 438/95/319
f 436/97/320 435/89/314 423/90/314
f 431/99/321 443/100/321 442/92/316
f 440/101/322 439/96/318 427/94/318
f 425/103/323 437/104/324 436/97/320
f 444/105/313 443/100/321 431/99/321
f 434/107/315 433/86/312 421/87/312
f 441/109/317 440/101/322 428/102/322
f 426/111/319 438/112/319 437/104/324
f 426/113/296 425/69/296 365/70/296
f 419/115/311 443/66/311 444/116/311
f 412/117/311 436/63/311 437/118/311
f 427/119/296 426/113/296 366/114/296
f 444/116/311 433/78/311 409/61/311
f 413/60/311 437/118/311 438/126/311
f 368/123/296 428/124/296 427/119/296
f 438/126/311 439/125/311 415/130/311
f 429/127/296 428/124/296 368/123/296
f 422/84/296 421/2/296 361/3/296
f 415/130/311 439/125/311 440/82/311
f 430/80/296 429/127/296 369/128/296
f 445/133/325 448/136/350 447/132/326
f 447/132/326 448/136/350 450/135/328
f 449/137/329 450/139/328 452/138/330
f 451/140/331 452/138/330 454/141/332
f 453/142/333 454/144/332 456/143/334
f 455/145/335 456/143/334 458/146/336
f 457/147/337 458/146/336 460/148/338
f 459/149/339 460/148/338 462/150/340
f 462/152/340 464/155/343 463/151/342
f 464/155/343 466/157/345 465/154/344
f 466/157/345 468/173/347 467/156/346
f 468/158/347 445/133/325 446/134/327
f 384/160/348 373/161/349 445/133/325
f 373/161/349 374/163/1121 448/136/350
f 448/136/350 374/163/1121 375/162/351
f 450/139/328 375/165/351 376/164/352
f 452/138/330 376/164/352 377/166/353
f 454/141/332 377/166/353 378/167/354
f 456/143/334 378/169/354 379/168/355
f 458/146/336 379/168/355 380/170/356
f 380/170/356 381/334/357 462/150/340
f 381/171/357 382/172/358 464/155/343
f 382/172/358 383/174/359 466/157/345
f 383/174/359 384/335/348 468/173/347
f 470/175/360 469/177/383 472/176/361
f 471/178/362 472/176/361 474/179/363
f 473/180/364 474/182/363 476/181/365
f 475/183/366 476/181/365 478/184/367
f 477/185/368 478/187/367 480/186/369
f 479/188/370 480/186/369 482/189/371
f 481/190/372 482/189/371 484/191/373
f 483/192/374 484/194/373 486/193/375
f 485/195/376 486/193/375 488/196/377
f 487/197/378 488/196/377 490/198/379
f 489/199/380 490/201/379 492/200/381
f 491/202/382 492/200/381 469/177/383
f 467/159/346 446/134/327 469/177/383
f 446/134/327 447/132/326 472/176/361
f 472/176/361 447/132/326 449/203/329
f 474/204/363 449/137/329 451/140/331
f 476/181/365 451/206/331 453/205/333
f 478/187/367 453/142/333 455/145/335
f 480/186/369 455/145/335 457/147/337
f 482/189/371 457/147/337 459/149/339
f 484/191/373 459/149/339 461/207/341
f 486/193/375 461/209/341 463/208/342
f 488/210/377 463/151/342 465/154/344
f 490/211/379 465/154/344 467/156/346
f 494/212/384 493/214/407 496/213/385
f 495/215/386 496/217/385 498/216/387
f 497/218/388 498/216/387 500/219/389
f 499/220/390 500/222/389 502/221/391
f 501/223/392 502/221/391 504/224/393
f 503/225/394 504/224/393 506/226/395
f 505/227/396 506/229/395 508/228/397
f 507/230/398 508/228/397 510/231/399
f 509/232/400 510/231/399 512/233/401
f 511/234/402 512/236/401 514/235/403
f 513/237/404 514/235/403 516/238/405
f 515/239/406 516/238/405 493/214/407
f 491/202/382 470/175/360 493/214/407
f 493/214/407 470/175/360 471/178/362
f 496/217/385 471/240/362 473/180/364
f 498/216/387 473/180/364 475/183/366
f 500/219/389 475/183/366 477/241/368
f 502/221/391 477/185/368 479/188/370
f 504/224/393 479/188/370 481/190/372
f 506/226/395 481/190/372 483/242/374
f 508/228/397 483/192/374 485/195/376
f 510/231/399 485/195/376 487/197/378
f 512/233/401 487/197/378 489/243/380
f 514/235/403 489/199/380 491/202/382
f 518/244/408 517/246/431 520/245/409
f 519/247/410 520/249/409 522/248/411
f 521/250/412 522/248/411 524/251/413
f 523/252/414 524/251/413 526/253/415
f 525/254/416 526/253/415 528/255/417
f 527/256/418 528/258/417 530/257/419
f 529/259/420 530/257/419 532/260/421
f 531/261/422 532/260/421 534/262/423
f 533/263/424 534/265/423 536/264/425
f 535/266/426 536/264/425 538/267/427
f 537/268/428 538/267/427 540/269/429
f 539/270/430 540/271/429 517/246/431
f 372/272/432 539/270/430 518/244/408
f 540/269/429 515/239/406 494/212/384
f 518/244/408 519/315/410 362/273/434
f 517/246/431 494/276/384 495/275/386
f 519/247/410 521/250/412 363/277/435
f 520/279/409 495/215/386 497/218/388
f 521/250/412 523/252/414 364/280/436
f 522/248/411 497/281/388 499/220/390
f 523/252/414 525/254/416 365/282/437
f 524/251/413 499/220/390 501/223/392
f 525/254/416 527/316/418 366/283/438
f 526/253/415 501/223/392 503/225/394
f 527/256/418 529/259/420 367/284/439
f 528/258/417 503/287/394 505/286/396
f 367/284/439 529/259/420 531/261/422
f 530/257/419 505/286/396 507/288/398
f 368/289/440 531/261/422 533/290/424
f 532/260/421 507/288/398 509/291/400
f 369/292/441 533/263/424 535/266/426
f 534/293/423 509/232/400 511/294/402
f 370/295/442 535/266/426 537/268/428
f 536/264/425 511/234/402 513/237/404
f 371/296/443 537/268/428 539/297/430
f 538/267/427 513/237/404 515/239/406
f 552/1/444 612/72/444 601/2/444
f 563/4/445 575/25/445 574/5/445
f 555/7/445 556/26/445 568/8/445
f 558/10/445 559/27/445 571/11/445
f 562/6/445 574/5/445 573/13/445
f 554/15/445 555/7/445 567/9/445
f 564/17/445 553/24/445 565/18/445
f 558/10/445 570/12/445 569/20/445
f 560/22/445 561/14/445 573/13/445
f 553/24/445 554/15/445 566/16/445
f 564/17/445 576/19/445 575/25/445
f 556/26/445 557/21/445 569/20/445
f 559/27/445 560/22/445 572/23/445
f 569/28/446 570/298/447 582/29/447
f 588/33/448 577/325/448 578/301/448
f 578/301/448 579/326/448 580/31/448
f 580/31/448 581/327/448 582/300/448
f 582/300/448 583/328/448 584/32/448
f 584/32/448 585/329/448 586/299/448
f 586/299/448 587/330/448 588/33/448
f 588/33/448 578/301/448 580/31/448
f 580/31/448 582/300/448 584/32/448
f 584/32/448 586/299/448 588/33/448
f 565/34/449 577/56/449 588/35/450
f 567/37/451 579/331/451 578/38/452
f 574/40/453 586/50/453 585/41/454
f 571/43/455 583/52/455 582/44/447
f 568/46/456 580/53/456 579/47/451
f 574/40/453 575/55/457 587/49/457
f 572/51/458 584/58/458 583/52/455
f 569/28/446 581/30/446 580/53/456
f 576/54/450 588/332/450 587/49/457
f 565/34/449 566/39/452 578/38/452
f 573/57/454 585/333/454 584/58/458
f 589/61/459 600/121/459 599/115/459
f 599/115/459 598/65/459 597/59/459
f 597/59/459 596/81/459 595/130/459
f 595/130/459 594/122/459 593/60/459
f 593/60/459 592/117/459 591/62/459
f 591/62/459 590/73/459 589/61/459
f 589/61/459 599/115/459 597/59/459
f 597/59/459 595/130/459 593/60/459
f 593/60/459 591/62/459 589/61/459
f 591/62/459 592/117/459 616/63/459
f 598/65/459 599/115/459 623/66/459
f 544/68/444 604/77/444 605/69/444
f 552/1/444 551/79/444 611/71/444
f 590/73/459 591/62/459 615/64/459
f 597/59/459 598/65/459 622/67/459
f 544/68/444 543/83/444 603/76/444
f 590/73/459 614/74/459 613/78/459
f 551/79/444 550/131/444 610/80/444
f 596/81/459 597/59/459 621/75/459
f 543/83/444 542/129/444 602/84/444
f 612/85/460 624/322/460 613/86/461
f 602/88/462 614/323/462 615/89/463
f 609/91/464 621/324/464 622/92/465
f 607/94/466 606/302/467 618/95/467
f 603/90/463 615/89/463 616/97/468
f 611/99/469 610/93/465 622/92/465
f 607/94/466 619/96/466 620/101/470
f 605/103/471 604/98/468 616/97/468
f 611/99/469 623/100/469 624/105/460
f 601/87/461 613/86/461 614/107/462
f 608/102/470 620/101/470 621/109/464
f 606/111/467 605/103/471 617/104/471
f 545/70/444 605/69/444 606/113/444
f 599/115/459 600/121/459 624/116/459
f 592/117/459 593/60/459 617/118/459
f 546/114/444 606/113/444 607/119/444
f 589/61/459 613/78/459 624/116/459
f 594/122/459 618/126/459 617/118/459
f 548/123/444 547/120/444 607/119/444
f 594/122/459 595/130/459 619/125/459
f 548/123/444 608/124/444 609/127/444
f 541/3/444 601/2/444 602/84/444
f 595/130/459 596/81/459 620/82/459
f 549/128/444 609/127/444 610/80/444
f 627/132/472 628/136/476 625/133/473
f 627/132/472 629/203/477 630/135/475
f 629/137/477 631/140/479 632/138/478
f 631/140/479 633/303/481 634/141/480
f 633/142/481 635/145/483 636/143/482
f 635/145/483 637/147/485 638/146/484
f 637/147/485 639/149/487 640/148/486
f 639/149/487 641/207/490 642/150/488
f 643/151/489 644/155/492 642/152/488
f 645/154/491 646/157/494 644/155/492
f 647/156/493 648/173/495 646/157/494
f 626/134/474 625/133/473 648/158/495
f 625/133/473 553/161/497 564/160/496
f 628/136/476 554/163/499 553/161/497
f 628/136/476 630/135/475 555/162/498
f 630/139/475 632/138/478 556/164/500
f 632/138/478 634/141/480 557/166/501
f 634/141/480 636/304/482 558/167/502
f 636/143/482 638/146/484 559/168/503
f 638/146/484 640/148/486 560/170/504
f 642/150/488 561/334/505 560/170/504
f 644/155/492 562/172/506 561/171/505
f 646/157/494 563/174/507 562/172/506
f 648/173/495 564/335/496 563/174/507
f 650/175/508 651/178/511 652/176/509
f 651/178/511 653/305/513 654/179/512
f 653/180/513 655/183/515 656/181/514
f 655/183/515 657/241/517 658/184/516
f 657/185/517 659/188/519 660/186/518
f 659/188/519 661/190/521 662/189/520
f 661/190/521 663/242/523 664/191/522
f 663/192/523 665/195/525 666/193/524
f 665/195/525 667/197/527 668/196/526
f 667/197/527 669/243/529 670/198/528
f 669/199/529 671/202/531 672/200/530
f 671/202/531 650/175/508 649/177/510
f 649/177/510 626/134/474 647/159/493
f 652/176/509 627/132/472 626/134/474
f 652/176/509 654/179/512 629/203/477
f 654/204/512 656/306/514 631/140/479
f 656/181/514 658/184/516 633/205/481
f 658/187/516 660/186/518 635/145/483
f 660/186/518 662/189/520 637/147/485
f 662/189/520 664/191/522 639/149/487
f 664/191/522 666/307/524 641/207/490
f 666/193/524 668/196/526 643/208/489
f 668/210/526 670/211/528 645/154/491
f 670/211/528 672/308/530 647/156/493
f 674/212/532 675/309/535 676/213/533
f 675/215/535 677/218/537 678/216/536
f 677/218/537 679/310/539 680/219/538
f 679/220/539 681/223/541 682/221/540
f 681/223/541 683/225/543 684/224/542
f 683/225/543 685/311/545 686/226/544
f 685/227/545 687/230/547 688/228/546
f 687/230/547 689/232/549 690/231/548
f 689/232/549 691/294/551 692/233/550
f 691/234/551 693/237/553 694/235/552
f 693/237/553 695/239/555 696/238/554
f 695/239/555 674/212/532 673/214/534
f 673/214/534 650/175/508 671/202/531
f 673/214/534 676/213/533 651/178/511
f 676/217/533 678/216/536 653/180/513
f 678/216/536 680/219/538 655/183/515
f 680/219/538 682/312/540 657/241/517
f 682/221/540 684/224/542 659/188/519
f 684/224/542 686/226/544 661/190/521
f 686/226/544 688/313/546 663/242/523
f 688/228/546 690/231/548 665/195/525
f 690/231/548 692/233/550 667/197/527
f 692/233/550 694/314/552 669/243/529
f 694/235/552 696/238/554 671/202/531
f 698/244/556 699/315/559 700/245/557
f 699/247/559 701/250/561 702/248/560
f 701/250/561 703/252/563 704/251/562
f 703/252/563 705/254/565 706/253/564
f 705/254/565 707/316/567 708/255/566
f 707/256/567 709/259/569 710/257/568
f 709/259/569 711/261/571 712/260/570
f 711/261/571 713/290/573 714/262/572
f 713/263/573 715/266/575 716/264/574
f 715/266/575 717/268/577 718/267/576
f 717/268/577 719/297/579 720/269/578
f 719/270/579 698/244/556 697/246/558
f 552/272/580 541/274/582 698/244/556
f 720/269/578 697/317/558 674/212/532
f 542/273/581 699/315/559 698/244/556
f 697/246/558 700/245/557 675/275/535
f 543/277/583 701/250/561 699/247/559
f 700/279/557 702/318/560 677/218/537
f 544/280/584 703/252/563 701/250/561
f 702/248/560 704/251/562 679/220/539
f 545/282/585 705/254/565 703/252/563
f 704/251/562 706/253/564 681/223/541
f 546/283/586 707/316/567 705/254/565
f 706/253/564 708/255/566 683/225/543
f 547/284/587 709/259/569 707/256/567
f 708/258/566 710/257/568 685/286/545
f 547/284/587 548/289/588 711/261/571
f 710/257/568 712/260/570 687/288/547
f 548/289/588 549/319/589 713/290/573
f 712/260/570 714/262/572 689/291/549
f 549/292/589 550/295/590 715/266/575
f 714/293/572 716/320/574 691/294/551
f 550/295/590 551/296/591 717/268/577
f 716/264/574 718/267/576 693/237/553
f 551/296/591 552/321/580 719/297/579
f 718/267/576 720/269/578 695/239/555
f 781/2/459 792/72/459 732/1/459
f 754/5/448 755/25/448 743/4/448
f 747/9/448 748/8/448 736/26/448
f 738/10/448 750/12/448 751/11/448
f 753/13/448 754/5/448 742/6/448
f 734/15/448 746/16/448 747/9/448
f 756/19/448 745/18/448 733/24/448
f 737/21/448 749/20/448 750/12/448
f 740/22/448 752/23/448 753/13/448
f 733/24/448 745/18/448 746/16/448
f 755/25/448 756/19/448 744/17/448
f 736/26/448 748/8/448 749/20/448
f 751/11/448 752/23/448 740/22/448
f 749/28/592 761/30/592 762/29/593
f 758/301/445 757/325/445 768/33/445
f 768/33/445 767/330/445 766/299/445
f 766/299/445 765/329/445 764/32/445
f 764/32/445 763/328/445 762/300/445
f 762/300/445 761/327/445 760/31/445
f 760/31/445 759/326/445 758/301/445
f 758/301/445 768/33/445 766/299/445
f 766/299/445 764/32/445 762/300/445
f 762/300/445 760/31/445 758/301/445
f 768/35/594 757/56/595 745/34/595
f 758/38/596 759/331/597 747/37/597
f 765/41/598 766/50/599 754/40/599
f 762/44/593 763/52/600 751/43/600
f 747/48/597 759/47/597 760/53/601
f 754/40/599 766/50/599 767/49/602
f 763/52/600 764/58/603 752/51/603
f 760/53/601 761/30/592 749/28/592
f 767/49/602 768/332/594 756/54/594
f 757/56/595 758/38/596 746/39/596
f 764/58/603 765/333/598 753/57/598
f 779/115/444 780/121/444 769/61/444
f 769/61/444 770/73/444 771/62/444
f 771/62/444 772/117/444 773/60/444
f 773/60/444 774/122/444 775/130/444
f 775/130/444 776/81/444 777/59/444
f 777/59/444 778/65/444 779/115/444
f 779/115/444 769/61/444 771/62/444
f 771/62/444 773/60/444 775/130/444
f 775/130/444 777/59/444 779/115/444
f 771/62/444 795/64/444 796/63/444
f 778/65/444 802/67/444 803/66/444
f 785/69/459 784/77/459 724/68/459
f 792/72/459 791/71/459 731/79/459
f 770/73/444 794/74/444 795/64/444
f 801/75/444 802/67/444 778/65/444
f 724/68/459 784/77/459 783/76/459
f 769/61/444 793/78/444 794/74/444
f 731/79/459 791/71/459 790/80/459
f 800/82/444 801/75/444 777/59/444
f 723/83/459 783/76/459 782/84/459
f 781/87/466 793/86/466 804/322/467
f 783/90/464 795/89/464 794/323/470
f 790/93/468 802/92/468 801/324/463
f 787/94/461 799/96/461 798/95/460
f 796/97/465 795/89/464 783/90/464
f 803/100/604 802/92/468 790/93/468
f 800/101/462 799/96/461 787/94/461
f 785/103/469 797/104/469 796/97/465
f 804/105/467 803/100/604 791/99/471
f 794/107/470 793/86/466 781/87/466
f 801/109/463 800/101/462 788/102/462
f 786/111/460 798/112/460 797/104/469
f 786/113/459 785/69/459 725/70/459
f 779/115/444 803/66/444 804/116/444
f 772/117/444 796/63/444 797/118/444
f 787/119/459 786/113/459 726/114/459
f 804/116/444 793/78/444 769/61/444
f 773/60/444 797/118/444 798/126/444
f 728/123/459 788/124/459 787/119/459
f 774/122/444 798/126/444 799/125/444
f 789/127/459 788/124/459 728/123/459
f 722/129/459 782/84/459 781/2/459
f 775/130/444 799/125/444 800/82/444
f 790/80/459 789/127/459 729/128/459
f 805/133/605 808/136/630 807/132/606
f 807/132/606 808/136/630 810/135/608
f 809/137/609 810/139/608 812/138/610
f 811/140/611 812/138/610 814/141/612
f 813/142/613 814/144/612 816/143/614
f 815/145/615 816/143/614 818/146/616
f 817/147/617 818/146/616 820/148/618
f 819/149/619 820/148/618 822/150/620
f 822/152/620 824/155/623 823/151/622
f 824/155/623 826/157/625 825/154/624
f 826/157/625 828/173/627 827/156/626
f 828/158/627 805/133/605 806/134/607
f 744/160/628 733/161/629 805/133/605
f 733/161/629 734/163/1122 808/136/630
f 808/136/630 734/163/1122 735/162/631
f 810/139/608 735/165/631 736/164/632
f 812/138/610 736/164/632 737/166/633
f 814/141/612 737/166/633 738/167/634
f 816/143/614 738/169/634 739/168/635
f 818/146/616 739/168/635 740/170/636
f 740/170/636 741/334/637 822/150/620
f 741/171/637 742/172/638 824/155/623
f 742/172/638 743/174/639 826/157/625
f 743/174/639 744/335/628 828/173/627
f 830/175/640 829/177/663 832/176/641
f 831/178/642 832/176/641 834/179/643
f 833/180/644 834/182/643 836/181/645
f 835/183/646 836/181/645 838/184/647
f 837/185/648 838/187/647 840/186/649
f 839/188/650 840/186/649 842/189/651
f 841/190/652 842/189/651 844/191/653
f 843/192/654 844/194/653 846/193/655
f 845/195/656 846/193/655 848/196/657
f 847/197/658 848/196/657 850/198/659
f 849/199/660 850/201/659 852/200/661
f 851/202/662 852/200/661 829/177/663
f 827/159/626 806/134/607 829/177/663
f 806/134/607 807/132/606 832/176/641
f 832/176/641 807/132/606 809/203/609
f 834/204/643 809/137/609 811/140/611
f 836/181/645 811/206/611 813/205/613
f 838/187/647 813/142/613 815/145/615
f 840/186/649 815/145/615 817/147/617
f 842/189/651 817/147/617 819/149/619
f 844/191/653 819/149/619 821/207/621
f 846/193/655 821/209/621 823/208/622
f 848/210/657 823/151/622 825/154/624
f 850/211/659 825/154/624 827/156/626
f 854/212/664 853/214/687 856/213/665
f 855/215/666 856/217/665 858/216/667
f 857/218/668 858/216/667 860/219/669
f 859/220/670 860/222/669 862/221/671
f 861/223/672 862/221/671 864/224/673
f 863/225/674 864/224/673 866/226/675
f 865/227/676 866/229/675 868/228/677
f 867/230/678 868/228/677 870/231/679
f 869/232/680 870/231/679 872/233/681
f 871/234/682 872/236/681 874/235/683
f 873/237/684 874/235/683 876/238/685
f 875/239/686 876/238/685 853/214/687
f 851/202/662 830/175/640 853/214/687
f 853/214/687 830/175/640 831/178/642
f 856/217/665 831/240/642 833/180/644
f 858/216/667 833/180/644 835/183/646
f 860/219/669 835/183/646 837/241/648
f 862/221/671 837/185/648 839/188/650
f 864/224/673 839/188/650 841/190/652
f 866/226/675 841/190/652 843/242/654
f 868/228/677 843/192/654 845/195/656
f 870/231/679 845/195/656 847/197/658
f 872/233/681 847/197/658 849/243/660
f 874/235/683 849/199/660 851/202/662
f 878/244/688 877/246/711 880/245/689
f 879/247/690 880/249/689 882/248/691
f 881/250/692 882/248/691 884/251/693
f 883/252/694 884/251/693 886/253/695
f 885/254/696 886/253/695 888/255/697
f 887/256/698 888/258/697 890/257/699
f 889/259/700 890/257/699 892/260/701
f 891/261/702 892/260/701 894/262/703
f 893/263/704 894/265/703 896/264/705
f 895/266/706 896/264/705 898/267/707
f 897/268/708 898/267/707 900/269/709
f 899/270/710 900/271/709 877/246/711
f 732/272/712 899/270/710 878/244/688
f 900/269/709 875/239/686 854/212/664
f 878/244/688 879/315/690 722/273/714
f 877/246/711 854/276/664 855/275/666
f 879/247/690 881/250/692 723/277/715
f 880/279/689 855/215/666 857/218/668
f 881/250/692 883/252/694 724/280/716
f 882/248/691 857/281/668 859/220/670
f 883/252/694 885/254/696 725/282/717
f 884/251/693 859/220/670 861/223/672
f 885/254/696 887/316/698 726/283/718
f 886/253/695 861/223/672 863/225/674
f 887/256/698 889/259/700 727/284/719
f 888/258/697 863/287/674 865/286/676
f 727/284/719 889/259/700 891/261/702
f 890/257/699 865/286/676 867/288/678
f 728/289/720 891/261/702 893/290/704
f 892/260/701 867/288/678 869/291/680
f 729/292/721 893/263/704 895/266/706
f 894/293/703 869/232/680 871/294/682
f 730/295/722 895/266/706 897/268/708
f 896/264/705 871/234/682 873/237/684
f 731/296/723 897/268/708 899/297/710
f 898/267/707 873/237/684 875/239/686
f 912/1/311 972/72/311 961/2/311
f 923/4/300 935/25/300 934/5/300
f 916/26/300 928/8/300 927/9/300
f 918/10/300 919/27/300 931/11/300
f 922/6/300 934/5/300 933/13/300
f 914/15/300 915/7/300 927/9/300
f 913/24/300 925/18/300 936/19/300
f 917/21/300 918/10/300 930/12/300
f 920/22/300 921/14/300 933/13/300
f 913/24/300 914/15/300 926/16/300
f 924/17/300 936/19/300 935/25/300
f 916/26/300 917/21/300 929/20/300
f 920/22/300 932/23/300 931/11/300
f 929/28/724 930/298/725 942/29/725
f 948/33/297 937/325/297 938/301/297
f 938/301/297 939/326/297 940/31/297
f 940/31/297 941/327/297 942/300/297
f 942/300/297 943/328/297 944/32/297
f 944/32/297 945/329/297 946/299/297
f 946/299/297 947/330/297 948/33/297
f 948/33/297 938/301/297 940/31/297
f 940/31/297 942/300/297 944/32/297
f 944/32/297 946/299/297 948/33/297
f 925/34/726 937/56/726 948/35/727
f 927/37/728 939/331/728 938/38/729
f 934/40/730 946/50/730 945/41/731
f 931/43/732 943/52/732 942/44/725
f 928/46/733 940/53/733 939/47/728
f 934/40/730 935/55/734 947/49/734
f 932/51/735 944/58/735 943/52/732
f 929/28/724 941/30/724 940/53/733
f 936/54/727 948/332/727 947/49/734
f 926/39/729 938/38/729 937/56/726
f 933/57/731 945/333/731 944/58/735
f 949/61/296 960/121/296 959/115/296
f 959/115/296 958/65/296 957/59/296
f 957/59/296 956/81/296 955/130/296
f 955/130/296 954/122/296 953/60/296
f 953/60/296 952/117/296 951/62/296
f 951/62/296 950/73/296 949/61/296
f 949/61/296 959/115/296 957/59/296
f 957/59/296 955/130/296 953/60/296
f 953/60/296 951/62/296 949/61/296
f 951/62/296 952/117/296 976/63/296
f 958/65/296 959/115/296 983/66/296
f 904/68/311 964/77/311 965/69/311
f 912/1/311 911/79/311 971/71/311
f 950/73/296 951/62/296 975/64/296
f 958/65/296 982/67/296 981/75/296
f 904/68/311 903/83/311 963/76/311
f 950/73/296 974/74/296 973/78/296
f 910/131/311 970/80/311 971/71/311
f 956/81/296 957/59/296 981/75/296
f 903/83/311 902/129/311 962/84/311
f 961/87/318 972/85/319 984/322/319
f 962/88/322 974/323/322 975/89/317
f 970/93/320 969/91/314 981/324/314
f 967/94/312 966/302/313 978/95/313
f 963/90/317 975/89/317 976/97/316
f 970/93/320 982/92/320 983/100/324
f 967/94/312 979/96/312 980/101/315
f 965/103/321 964/98/316 976/97/316
f 971/99/324 983/100/324 984/105/319
f 961/87/318 973/86/318 974/107/322
f 968/102/315 980/101/315 981/109/314
f 965/103/321 977/104/321 978/112/313
f 905/70/311 965/69/311 966/113/311
f 959/115/296 960/121/296 984/116/296
f 952/117/296 953/60/296 977/118/296
f 906/114/311 966/113/311 967/119/311
f 949/61/296 973/78/296 984/116/296
f 953/60/296 954/122/296 978/126/296
f 908/123/311 907/120/311 967/119/311
f 954/122/296 955/130/296 979/125/296
f 908/123/311 968/124/311 969/127/311
f 901/3/311 961/2/311 962/84/311
f 955/130/296 956/81/296 980/82/296
f 910/131/311 909/128/311 969/127/311
f 987/132/736 988/136/740 985/133/737
f 987/132/736 989/203/741 990/135/739
f 989/137/741 991/140/743 992/138/742
f 991/140/743 993/303/745 994/141/744
f 993/142/745 995/145/747 996/143/746
f 995/145/747 997/147/749 998/146/748
f 997/147/749 999/149/751 1000/148/750
f 999/149/751 1001/207/754 1002/150/752
f 1003/151/753 1004/155/756 1002/152/752
f 1005/154/755 1006/157/758 1004/155/756
f 1007/156/757 1008/173/759 1006/157/758
f 986/134/738 985/133/737 1008/158/759
f 985/133/737 913/161/761 924/160/760
f 988/136/740 914/163/763 913/161/761
f 988/136/740 990/135/739 915/162/762
f 990/139/739 992/138/742 916/164/764
f 992/138/742 994/141/744 917/166/765
f 994/141/744 996/304/746 918/167/766
f 996/143/746 998/146/748 919/168/767
f 998/146/748 1000/148/750 920/170/768
f 1002/150/752 921/334/769 920/170/768
f 1004/155/756 922/172/770 921/171/769
f 1006/157/758 923/174/771 922/172/770
f 1008/173/759 924/335/760 923/174/771
f 1010/175/772 1011/178/775 1012/176/773
f 1011/178/775 1013/305/777 1014/179/776
f 1013/180/777 1015/183/779 1016/181/778
f 1015/183/779 1017/241/781 1018/184/780
f 1017/185/781 1019/188/783 1020/186/782
f 1019/188/783 1021/190/785 1022/189/784
f 1021/190/785 1023/242/787 1024/191/786
f 1023/192/787 1025/195/789 1026/193/788
f 1025/195/789 1027/197/791 1028/196/790
f 1027/197/791 1029/243/793 1030/198/792
f 1029/199/793 1031/202/795 1032/200/794
f 1031/202/795 1010/175/772 1009/177/774
f 1009/177/774 986/134/738 1007/159/757
f 1012/176/773 987/132/736 986/134/738
f 1012/176/773 1014/179/776 989/203/741
f 1014/204/776 1016/306/778 991/140/743
f 1016/181/778 1018/184/780 993/205/745
f 1018/187/780 1020/186/782 995/145/747
f 1020/186/782 1022/189/784 997/147/749
f 1022/189/784 1024/191/786 999/149/751
f 1024/191/786 1026/307/788 1001/207/754
f 1026/193/788 1028/196/790 1003/208/753
f 1028/210/790 1030/211/792 1005/154/755
f 1030/211/792 1032/308/794 1007/156/757
f 1034/212/796 1035/309/799 1036/213/797
f 1035/215/799 1037/218/801 1038/216/800
f 1037/218/801 1039/310/803 1040/219/802
f 1039/220/803 1041/223/805 1042/221/804
f 1041/223/805 1043/225/807 1044/224/806
f 1043/225/807 1045/311/809 1046/226/808
f 1045/227/809 1047/230/811 1048/228/810
f 1047/230/811 1049/232/813 1050/231/812
f 1049/232/813 1051/294/815 1052/233/814
f 1051/234/815 1053/237/817 1054/235/816
f 1053/237/817 1055/239/819 1056/238/818
f 1055/239/819 1034/212/796 1033/214/798
f 1033/214/798 1010/175/772 1031/202/795
f 1033/214/798 1036/213/797 1011/178/775
f 1036/217/797 1038/216/800 1013/180/777
f 1038/216/800 1040/219/802 1015/183/779
f 1040/219/802 1042/312/804 1017/241/781
f 1042/221/804 1044/224/806 1019/188/783
f 1044/224/806 1046/226/808 1021/190/785
f 1046/226/808 1048/313/810 1023/242/787
f 1048/228/810 1050/231/812 1025/195/789
f 1050/231/812 1052/233/814 1027/197/791
f 1052/233/814 1054/314/816 1029/243/793
f 1054/235/816 1056/238/818 1031/202/795
f 1058/244/820 1059/315/823 1060/245/821
f 1059/247/823 1061/250/825 1062/248/824
f 1061/250/825 1063/252/827 1064/251/826
f 1063/252/827 1065/254/829 1066/253/828
f 1065/254/829 1067/316/831 1068/255/830
f 1067/256/831 1069/259/833 1070/257/832
f 1069/259/833 1071/261/835 1072/260/834
f 1071/261/835 1073/290/837 1074/262/836
f 1073/263/837 1075/266/839 1076/264/838
f 1075/266/839 1077/268/841 1078/267/840
f 1077/268/841 1079/297/843 1080/269/842
f 1079/270/843 1058/244/820 1057/246/822
f 912/272/844 901/274/846 1058/244/820
f 1080/269/842 1057/317/822 1034/212/796
f 902/273/845 1059/315/823 1058/244/820
f 1057/246/822 1060/245/821 1035/275/799
f 903/277/847 1061/250/825 1059/247/823
f 1060/279/821 1062/318/824 1037/218/801
f 904/280/848 1063/252/827 1061/250/825
f 1062/248/824 1064/251/826 1039/220/803
f 905/282/849 1065/254/829 1063/252/827
f 1064/251/826 1066/253/828 1041/223/805
f 906/283/850 1067/316/831 1065/254/829
f 1066/253/828 1068/255/830 1043/225/807
f 907/284/851 1069/259/833 1067/256/831
f 1068/258/830 1070/257/832 1045/286/809
f 907/284/851 908/289/852 1071/261/835
f 1070/257/832 1072/260/834 1047/288/811
f 908/289/852 909/319/853 1073/290/837
f 1072/260/834 1074/262/836 1049/291/813
f 909/292/853 910/295/854 1075/266/839
f 1074/293/836 1076/320/838 1051/294/815
f 910/295/854 911/296/855 1077/268/841
f 1076/264/838 1078/267/840 1053/237/817
f 911/296/855 912/321/844 1079/297/843
f 1078/267/840 1080/269/842 1055/239/819
f 1092/1/164 1152/72/164 1141/2/164
f 1103/4/153 1115/25/153 1114/5/153
f 1096/26/153 1108/8/153 1107/9/153
f 1098/10/153 1099/27/153 1111/11/153
f 1102/6/153 1114/5/153 1113/13/153
f 1094/15/153 1095/7/153 1107/9/153
f 1093/24/153 1105/18/153 1116/19/153
f 1097/21/153 1098/10/153 1110/12/153
f 1100/22/153 1101/14/153 1113/13/153
f 1093/24/153 1094/15/153 1106/16/153
f 1104/17/153 1116/19/153 1115/25/153
f 1096/26/153 1097/21/153 1109/20/153
f 1100/22/153 1112/23/153 1111/11/153
f 1109/28/856 1110/298/857 1122/29/857
f 1128/33/150 1117/325/150 1118/301/150
f 1118/301/150 1119/326/150 1120/31/150
f 1120/31/150 1121/327/150 1122/300/150
f 1122/300/150 1123/328/150 1124/32/150
f 1124/32/150 1125/329/150 1126/299/150
f 1126/299/150 1127/330/150 1128/33/150
f 1128/33/150 1118/301/150 1120/31/150
f 1120/31/150 1122/300/150 1124/32/150
f 1124/32/150 1126/299/150 1128/33/150
f 1105/34/858 1117/56/858 1128/35/859
f 1107/37/860 1119/331/860 1118/38/861
f 1114/40/862 1126/50/862 1125/41/863
f 1111/43/864 1123/52/864 1122/44/857
f 1108/46/865 1120/53/865 1119/47/860
f 1114/40/862 1115/55/866 1127/49/866
f 1112/51/867 1124/58/867 1123/52/864
f 1109/28/856 1121/30/856 1120/53/865
f 1116/54/859 1128/332/859 1127/49/866
f 1106/39/861 1118/38/861 1117/56/858
f 1113/57/863 1125/333/863 1124/58/867
f 1129/61/149 1140/121/149 1139/115/149
f 1139/115/149 1138/65/149 1137/59/149
f 1137/59/149 1136/81/149 1135/130/149
f 1135/130/149 1134/122/149 1133/60/149
f 1133/60/149 1132/117/149 1131/62/149
f 1131/62/149 1130/73/149 1129/61/149
f 1129/61/149 1139/115/149 1137/59/149
f 1137/59/149 1135/130/149 1133/60/149
f 1133/60/149 1131/62/149 1129/61/149
f 1131/62/149 1132/117/149 1156/63/149
f 1138/65/149 1139/115/149 1163/66/149
f 1084/68/164 1144/77/164 1145/69/164
f 1092/1/164 1091/79/164 1151/71/164
f 1130/73/149 1131/62/149 1155/64/149
f 1138/65/149 1162/67/149 1161/75/149
f 1084/68/164 1083/83/164 1143/76/164
f 1130/73/149 1154/74/149 1153/78/149
f 1090/131/164 1150/80/164 1151/71/164
f 1136/81/149 1137/59/149 1161/75/149
f 1083/83/164 1082/129/164 1142/84/164
f 1141/87/171 1152/85/172 1164/322/172
f 1142/88/175 1154/323/175 1155/89/170
f 1150/93/173 1149/91/167 1161/324/167
f 1147/94/165 1146/302/166 1158/95/166
f 1143/90/170 1155/89/170 1156/97/169
f 1150/93/173 1162/92/173 1163/100/176
f 1147/94/165 1159/96/165 1160/101/168
f 1145/103/174 1144/98/169 1156/97/169
f 1151/99/176 1163/100/176 1164/105/172
f 1141/87/171 1153/86/171 1154/107/175
f 1148/102/168 1160/101/168 1161/109/167
f 1145/103/174 1157/104/174 1158/112/166
f 1085/70/164 1145/69/164 1146/113/164
f 1139/115/149 1140/121/149 1164/116/149
f 1132/117/149 1133/60/149 1157/118/149
f 1086/114/164 1146/113/164 1147/119/164
f 1129/61/149 1153/78/149 1164/116/149
f 1133/60/149 1134/122/149 1158/126/149
f 1088/123/164 1087/120/164 1147/119/164
f 1134/122/149 1135/130/149 1159/125/149
f 1088/123/164 1148/124/164 1149/127/164
f 1081/3/164 1141/2/164 1142/84/164
f 1135/130/149 1136/81/149 1160/82/149
f 1090/131/164 1089/128/164 1149/127/164
f 1167/132/868 1168/136/872 1165/133/869
f 1167/132/868 1169/203/873 1170/135/871
f 1169/137/873 1171/140/875 1172/138/874
f 1171/140/875 1173/303/877 1174/141/876
f 1173/142/877 1175/145/879 1176/143/878
f 1175/145/879 1177/147/881 1178/146/880
f 1177/147/881 1179/149/883 1180/148/882
f 1179/149/883 1181/207/886 1182/150/884
f 1183/151/885 1184/155/888 1182/152/884
f 1185/154/887 1186/157/890 1184/155/888
f 1187/156/889 1188/173/891 1186/157/890
f 1166/134/870 1165/133/869 1188/158/891
f 1165/133/869 1093/161/893 1104/160/892
f 1168/136/872 1094/163/895 1093/161/893
f 1168/136/872 1170/135/871 1095/162/894
f 1170/139/871 1172/138/874 1096/164/896
f 1172/138/874 1174/141/876 1097/166/897
f 1174/141/876 1176/304/878 1098/167/898
f 1176/143/878 1178/146/880 1099/168/899
f 1178/146/880 1180/148/882 1100/170/900
f 1182/150/884 1101/334/901 1100/170/900
f 1184/155/888 1102/172/902 1101/171/901
f 1186/157/890 1103/174/903 1102/172/902
f 1188/173/891 1104/335/892 1103/174/903
f 1190/175/904 1191/178/907 1192/176/905
f 1191/178/907 1193/305/909 1194/179/908
f 1193/180/909 1195/183/911 1196/181/910
f 1195/183/911 1197/241/913 1198/184/912
f 1197/185/913 1199/188/915 1200/186/914
f 1199/188/915 1201/190/917 1202/189/916
f 1201/190/917 1203/242/919 1204/191/918
f 1203/192/919 1205/195/921 1206/193/920
f 1205/195/921 1207/197/923 1208/196/922
f 1207/197/923 1209/243/925 1210/198/924
f 1209/199/925 1211/202/927 1212/200/926
f 1211/202/927 1190/175/904 1189/177/906
f 1189/177/906 1166/134/870 1187/159/889
f 1192/176/905 1167/132/868 1166/134/870
f 1192/176/905 1194/179/908 1169/203/873
f 1194/204/908 1196/306/910 1171/140/875
f 1196/181/910 1198/184/912 1173/205/877
f 1198/187/912 1200/186/914 1175/145/879
f 1200/186/914 1202/189/916 1177/147/881
f 1202/189/916 1204/191/918 1179/149/883
f 1204/191/918 1206/307/920 1181/207/886
f 1206/193/920 1208/196/922 1183/208/885
f 1208/210/922 1210/211/924 1185/154/887
f 1210/211/924 1212/308/926 1187/156/889
f 1214/212/928 1215/309/931 1216/213/929
f 1215/215/931 1217/218/933 1218/216/932
f 1217/218/933 1219/310/935 1220/219/934
f 1219/220/935 1221/223/937 1222/221/936
f 1221/223/937 1223/225/939 1224/224/938
f 1223/225/939 1225/311/941 1226/226/940
f 1225/227/941 1227/230/943 1228/228/942
f 1227/230/943 1229/232/945 1230/231/944
f 1229/232/945 1231/294/947 1232/233/946
f 1231/234/947 1233/237/949 1234/235/948
f 1233/237/949 1235/239/951 1236/238/950
f 1235/239/951 1214/212/928 1213/214/930
f 1213/214/930 1190/175/904 1211/202/927
f 1213/214/930 1216/213/929 1191/178/907
f 1216/217/929 1218/216/932 1193/180/909
f 1218/216/932 1220/219/934 1195/183/911
f 1220/219/934 1222/312/936 1197/241/913
f 1222/221/936 1224/224/938 1199/188/915
f 1224/224/938 1226/226/940 1201/190/917
f 1226/226/940 1228/313/942 1203/242/919
f 1228/228/942 1230/231/944 1205/195/921
f 1230/231/944 1232/233/946 1207/197/923
f 1232/233/946 1234/314/948 1209/243/925
f 1234/235/948 1236/238/950 1211/202/927
f 1238/244/952 1239/315/955 1240/245/953
f 1239/247/955 1241/250/957 1242/248/956
f 1241/250/957 1243/252/959 1244/251/958
f 1243/252/959 1245/254/961 1246/253/960
f 1245/254/961 1247/316/963 1248/255/962
f 1247/256/963 1249/259/965 1250/257/964
f 1249/259/965 1251/261/967 1252/260/966
f 1251/261/967 1253/290/969 1254/262/968
f 1253/263/969 1255/266/971 1256/264/970
f 1255/266/971 1257/268/973 1258/267/972
f 1257/268/973 1259/297/975 1260/269/974
f 1259/270/975 1238/244/952 1237/246/954
f 1092/272/976 1081/274/978 1238/244/952
f 1260/269/974 1237/317/954 1214/212/928
f 1082/273/977 1239/315/955 1238/244/952
f 1237/246/954 1240/245/953 1215/275/931
f 1083/277/979 1241/250/957 1239/247/955
f 1240/279/953 1242/318/956 1217/218/933
f 1084/280/980 1243/252/959 1241/250/957
f 1242/248/956 1244/251/958 1219/220/935
f 1085/282/981 1245/254/961 1243/252/959
f 1244/251/958 1246/253/960 1221/223/937
f 1086/283/982 1247/316/963 1245/254/961
f 1246/253/960 1248/255/962 1223/225/939
f 1087/284/983 1249/259/965 1247/256/963
f 1248/258/962 1250/257/964 1225/286/941
f 1087/284/983 1088/289/984 1251/261/967
f 1250/257/964 1252/260/966 1227/288/943
f 1088/289/984 1089/319/985 1253/290/969
f 1252/260/966 1254/262/968 1229/291/945
f 1089/292/985 1090/295/986 1255/266/971
f 1254/293/968 1256/320/970 1231/294/947
f 1090/295/986 1091/296/987 1257/268/973
f 1256/264/970 1258/267/972 1233/237/949
f 1091/296/987 1092/321/976 1259/297/975
f 1258/267/972 1260/269/974 1235/239/951
f 1321/2/16 1332/72/16 1272/1/16
f 1294/5/5 1295/25/5 1283/4/5
f 1287/9/5 1288/8/5 1276/26/5
f 1278/10/5 1290/12/5 1291/11/5
f 1293/13/5 1294/5/5 1282/6/5
f 1274/15/5 1286/16/5 1287/9/5
f 1296/19/5 1285/18/5 1273/24/5
f 1277/21/5 1289/20/5 1290/12/5
f 1280/22/5 1292/23/5 1293/13/5
f 1273/24/5 1285/18/5 1286/16/5
f 1295/25/5 1296/19/5 1284/17/5
f 1276/26/5 1288/8/5 1289/20/5
f 1291/11/5 1292/23/5 1280/22/5
f 1289/28/988 1301/30/988 1302/29/989
f 1298/301/2 1297/325/2 1308/33/2
f 1308/33/2 1307/330/2 1306/299/2
f 1306/299/2 1305/329/2 1304/32/2
f 1304/32/2 1303/328/2 1302/300/2
f 1302/300/2 1301/327/2 1300/31/2
f 1300/31/2 1299/326/2 1298/301/2
f 1298/301/2 1308/33/2 1306/299/2
f 1306/299/2 1304/32/2 1302/300/2
f 1302/300/2 1300/31/2 1298/301/2
f 1308/35/990 1297/56/991 1285/34/991
f 1298/38/992 1299/331/993 1287/37/993
f 1305/41/994 1306/50/995 1294/40/995
f 1302/44/989 1303/52/996 1291/43/996
f 1287/48/993 1299/47/993 1300/53/997
f 1294/40/995 1306/50/995 1307/49/998
f 1303/52/996 1304/58/999 1292/51/999
f 1300/53/997 1301/30/988 1289/28/988
f 1307/49/998 1308/332/990 1296/54/990
f 1297/56/991 1298/38/992 1286/39/992
f 1304/58/999 1305/333/994 1293/57/994
f 1319/115/1 1320/121/1 1309/61/1
f 1309/61/1 1310/73/1 1311/62/1
f 1311/62/1 1312/117/1 1313/60/1
f 1313/60/1 1314/122/1 1315/130/1
f 1315/130/1 1316/81/1 1317/59/1
f 1317/59/1 1318/65/1 1319/115/1
f 1319/115/1 1309/61/1 1311/62/1
f 1311/62/1 1313/60/1 1315/130/1
f 1315/130/1 1317/59/1 1319/115/1
f 1311/62/1 1335/64/1 1336/63/1
f 1318/65/1 1342/67/1 1343/66/1
f 1325/69/16 1324/77/16 1264/68/16
f 1332/72/16 1331/71/16 1271/79/16
f 1310/73/1 1334/74/1 1335/64/1
f 1341/75/1 1342/67/1 1318/65/1
f 1264/68/16 1324/77/16 1323/76/16
f 1309/61/1 1333/78/1 1334/74/1
f 1271/79/16 1331/71/16 1330/80/16
f 1340/82/1 1341/75/1 1317/59/1
f 1263/83/16 1323/76/16 1322/84/16
f 1321/87/23 1333/86/23 1344/322/24
f 1323/90/21 1335/89/21 1334/323/27
f 1330/93/25 1342/92/25 1341/324/20
f 1327/94/18 1339/96/18 1338/95/17
f 1336/97/22 1335/89/21 1323/90/21
f 1343/100/1000 1342/92/25 1330/93/25
f 1340/101/19 1339/96/18 1327/94/18
f 1325/103/26 1337/104/26 1336/97/22
f 1344/105/24 1343/100/1000 1331/99/28
f 1334/107/27 1333/86/23 1321/87/23
f 1341/109/20 1340/101/19 1328/102/19
f 1326/111/17 1338/112/17 1337/104/26
f 1326/113/16 1325/69/16 1265/70/16
f 1319/115/1 1343/66/1 1344/116/1
f 1312/117/1 1336/63/1 1337/118/1
f 1327/119/16 1326/113/16 1266/114/16
f 1344/116/1 1333/78/1 1309/61/1
f 1313/60/1 1337/118/1 1338/126/1
f 1268/123/16 1328/124/16 1327/119/16
f 1314/122/1 1338/126/1 1339/125/1
f 1329/127/16 1328/124/16 1268/123/16
f 1262/129/16 1322/84/16 1321/2/16
f 1315/130/1 1339/125/1 1340/82/1
f 1330/80/16 1329/127/16 1269/128/16
f 1345/133/1001 1348/136/1026 1347/132/1002
f 1347/132/1002 1348/136/1026 1350/135/1004
f 1349/137/1005 1350/139/1004 1352/138/1006
f 1351/140/1007 1352/138/1006 1354/141/1008
f 1353/142/1009 1354/144/1008 1356/143/1010
f 1355/145/1011 1356/143/1010 1358/146/1012
f 1357/147/1013 1358/146/1012 1360/148/1014
f 1359/149/1015 1360/148/1014 1362/150/1016
f 1362/152/1016 1364/155/1019 1363/151/1018
f 1364/155/1019 1366/157/1021 1365/154/1020
f 1366/157/1021 1368/173/1023 1367/156/1022
f 1368/158/1023 1345/133/1001 1346/134/1003
f 1284/160/1024 1273/161/1025 1345/133/1001
f 1273/161/1025 1274/163/1123 1348/136/1026
f 1348/136/1026 1274/163/1123 1275/162/1027
f 1350/139/1004 1275/165/1027 1276/164/1028
f 1352/138/1006 1276/164/1028 1277/166/1029
f 1354/141/1008 1277/166/1029 1278/167/1030
f 1356/143/1010 1278/169/1030 1279/168/1031
f 1358/146/1012 1279/168/1031 1280/170/1032
f 1280/170/1032 1281/334/1033 1362/150/1016
f 1281/171/1033 1282/172/1034 1364/155/1019
f 1282/172/1034 1283/174/1035 1366/157/1021
f 1283/174/1035 1284/335/1024 1368/173/1023
f 1370/175/1036 1369/177/1059 1372/176/1037
f 1371/178/1038 1372/176/1037 1374/179/1039
f 1373/180/1040 1374/182/1039 1376/181/1041
f 1375/183/1042 1376/181/1041 1378/184/1043
f 1377/185/1044 1378/187/1043 1380/186/1045
f 1379/188/1046 1380/186/1045 1382/189/1047
f 1381/190/1048 1382/189/1047 1384/191/1049
f 1383/192/1050 1384/194/1049 1386/193/1051
f 1385/195/1052 1386/193/1051 1388/196/1053
f 1387/197/1054 1388/196/1053 1390/198/1055
f 1389/199/1056 1390/201/1055 1392/200/1057
f 1391/202/1058 1392/200/1057 1369/177/1059
f 1367/159/1022 1346/134/1003 1369/177/1059
f 1346/134/1003 1347/132/1002 1372/176/1037
f 1372/176/1037 1347/132/1002 1349/203/1005
f 1374/204/1039 1349/137/1005 1351/140/1007
f 1376/181/1041 1351/206/1007 1353/205/1009
f 1378/187/1043 1353/142/1009 1355/145/1011
f 1380/186/1045 1355/145/1011 1357/147/1013
f 1382/189/1047 1357/147/1013 1359/149/1015
f 1384/191/1049 1359/149/1015 1361/207/1017
f 1386/193/1051 1361/209/1017 1363/208/1018
f 1388/210/1053 1363/151/1018 1365/154/1020
f 1390/211/1055 1365/154/1020 1367/156/1022
f 1394/212/1060 1393/214/1083 1396/213/1061
f 1395/215/1062 1396/217/1061 1398/216/1063
f 1397/218/1064 1398/216/1063 1400/219/1065
f 1399/220/1066 1400/222/1065 1402/221/1067
f 1401/223/1068 1402/221/1067 1404/224/1069
f 1403/225/1070 1404/224/1069 1406/226/1071
f 1405/227/1072 1406/229/1071 1408/228/1073
f 1407/230/1074 1408/228/1073 1410/231/1075
f 1409/232/1076 1410/231/1075 1412/233/1077
f 1411/234/1078 1412/236/1077 1414/235/1079
f 1413/237/1080 1414/235/1079 1416/238/1081
f 1415/239/1082 1416/238/1081 1393/214/1083
f 1391/202/1058 1370/175/1036 1393/214/1083
f 1393/214/1083 1370/175/1036 1371/178/1038
f 1396/217/1061 1371/240/1038 1373/180/1040
f 1398/216/1063 1373/180/1040 1375/183/1042
f 1400/219/1065 1375/183/1042 1377/241/1044
f 1402/221/1067 1377/185/1044 1379/188/1046
f 1404/224/1069 1379/188/1046 1381/190/1048
f 1406/226/1071 1381/190/1048 1383/242/1050
f 1408/228/1073 1383/192/1050 1385/195/1052
f 1410/231/1075 1385/195/1052 1387/197/1054
f 1412/233/1077 1387/197/1054 1389/243/1056
f 1414/235/1079 1389/199/1056 1391/202/1058
f 1418/244/1084 1417/246/1107 1420/245/1085
f 1419/247/1086 1420/249/1085 1422/248/1087
f 1421/250/1088 1422/248/1087 1424/251/1089
f 1423/252/1090 1424/251/1089 1426/253/1091
f 1425/254/1092 1426/253/1091 1428/255/1093
f 1427/256/1094 1428/258/1093 1430/257/1095
f 1429/259/1096 1430/257/1095 1432/260/1097
f 1431/261/1098 1432/260/1097 1434/262/1099
f 1433/263/1100 1434/265/1099 1436/264/1101
f 1435/266/1102 1436/264/1101 1438/267/1103
f 1437/268/1104 1438/267/1103 1440/269/1105
f 1439/270/1106 1440/271/1105 1417/246/1107
f 1272/272/1108 1439/270/1106 1418/244/1084
f 1440/269/1105 1415/239/1082 1394/212/1060
f 1418/244/1084 1419/315/1086 1262/273/1110
f 1417/246/1107 1394/276/1060 1395/275/1062
f 1419/247/1086 1421/250/1088 1263/277/1111
f 1420/279/1085 1395/215/1062 1397/218/1064
f 1421/250/1088 1423/252/1090 1264/280/1112
f 1422/248/1087 1397/281/1064 1399/220/1066
f 1423/252/1090 1425/254/1092 1265/282/1113
f 1424/251/1089 1399/220/1066 1401/223/1068
f 1425/254/1092 1427/316/1094 1266/283/1114
f 1426/253/1091 1401/223/1068 1403/225/1070
f 1427/256/1094 1429/259/1096 1267/284/1115
f 1428/258/1093 1403/287/1070 1405/286/1072
f 1267/284/1115 1429/259/1096 1431/261/1098
f 1430/257/1095 1405/286/1072 1407/288/1074
f 1268/289/1116 1431/261/1098 1433/290/1100
f 1432/260/1097 1407/288/1074 1409/291/1076
f 1269/292/1117 1433/263/1100 1435/266/1102
f 1434/293/1099 1409/232/1076 1411/294/1078
f 1270/295/1118 1435/266/1102 1437/268/1104
f 1436/264/1101 1411/234/1078 1413/237/1080
f 1271/296/1119 1437/268/1104 1439/297/1106
f 1438/267/1103 1413/237/1080 1415/239/1082
o Vert.002
v -0.089021 -0.051592 1.316658
v -0.051790 -0.087522 1.315102
v -0.001593 -0.100005 1.313122
v 0.048119 -0.085699 1.311248
v 0.084027 -0.048435 1.309983
v 0.096508 0.001800 1.309665
v 0.082218 0.051547 1.310380
v 0.044987 0.087477 1.311936
v -0.005210 0.099960 1.313916
v -0.054923 0.085654 1.315790
v -0.090830 0.048391 1.317055
v -0.103311 -0.001845 1.317373
v -0.098913 -0.057551 1.317021
v -0.057380 -0.097631 1.315285
v -0.001384 -0.111557 1.313076
v 0.054072 -0.095598 1.310986
v 0.094128 -0.054029 1.309574
v 0.108051 0.002011 1.309220
v 0.092110 0.057506 1.310017
v 0.050577 0.097586 1.311753
v -0.005419 0.111512 1.313962
v -0.060875 0.095553 1.316052
v -0.100931 0.053984 1.317463
v -0.114854 -0.002056 1.317818
v -0.094491 -0.056275 1.369214
v -0.054003 -0.095347 1.367522
v 0.000585 -0.108923 1.365369
v 0.054646 -0.093365 1.363331
v 0.093695 -0.052842 1.361956
v 0.107268 0.001789 1.361610
v 0.091728 0.055888 1.362387
v 0.051240 0.094960 1.364079
v -0.003349 0.108536 1.366233
v -0.057410 0.092978 1.368270
v -0.096458 0.052455 1.369646
v -0.110031 -0.002176 1.369992
v -0.089021 0.791434 0.685847
v -0.051790 0.827363 0.687403
v -0.001593 0.839846 0.689383
v 0.048119 0.825540 0.691257
v 0.084027 0.788276 0.692522
v 0.096508 0.738041 0.692840
v 0.082218 0.688294 0.692126
v 0.044987 0.652364 0.690569
v -0.005210 0.639881 0.688589
v -0.054923 0.654187 0.686715
v -0.090830 0.691451 0.685450
v -0.103311 0.741686 0.685133
v -0.098913 0.797392 0.685485
v -0.057380 0.837472 0.687221
v -0.001384 0.851398 0.689429
v 0.054072 0.835439 0.691520
v 0.094128 0.793870 0.692931
v 0.108051 0.737830 0.693286
v 0.092110 0.682335 0.692488
v 0.050577 0.642255 0.690752
v -0.005419 0.628329 0.688543
v -0.060875 0.644288 0.686453
v -0.100931 0.685857 0.685042
v -0.114854 0.741897 0.684687
v -0.071357 0.782182 0.579146
v -0.040929 0.811546 0.580418
v 0.000096 0.821749 0.582036
v 0.040725 0.810057 0.583568
v 0.070072 0.779602 0.584602
v 0.080273 0.738545 0.584862
v 0.068594 0.697887 0.584277
v 0.038165 0.668523 0.583006
v -0.002860 0.658320 0.581387
v -0.043489 0.670013 0.579856
v -0.072835 0.700467 0.578822
v -0.083036 0.741524 0.578562
v -0.056960 0.646721 0.751744
v -0.058667 0.625603 0.787982
v -0.060267 0.588247 0.822148
v -0.061701 0.533263 0.855008
v -0.062820 0.463615 0.885691
v -0.063528 0.383895 0.914703
v -0.063766 0.298611 0.943779
v -0.063494 0.211778 0.975464
v -0.062653 0.126929 1.013109
v -0.061145 0.047535 1.061311
v -0.058821 -0.021242 1.126021
v -0.055625 -0.069819 1.211443
v -0.005561 -0.081425 1.205270
v -0.008861 -0.030779 1.116421
v -0.011232 0.040254 1.049709
v -0.012740 0.121316 1.000621
v -0.013556 0.207118 0.962690
v -0.013793 0.294283 0.931029
v -0.013517 0.379353 0.902174
v -0.012778 0.458304 0.873597
v -0.011640 0.526553 0.843707
v -0.010219 0.579430 0.812334
v -0.008684 0.614181 0.780892
v -0.007102 0.633120 0.748835
v 0.044297 -0.067824 1.208178
v 0.041122 -0.019358 1.123512
v 0.038816 0.049071 1.059522
v 0.037320 0.128026 1.011922
v 0.036486 0.212428 0.974784
v 0.036217 0.298826 0.943558
v 0.036456 0.383680 0.914924
v 0.037160 0.462964 0.886371
v 0.038273 0.532165 0.856195
v 0.039694 0.586711 0.823936
v 0.041276 0.623718 0.790492
v 0.042963 0.644726 0.755009
v 0.080589 -0.032661 1.219389
v 0.077736 0.009963 1.145393
v 0.075590 0.071623 1.088122
v 0.074114 0.145259 1.043984
v 0.073224 0.226286 1.008503
v 0.072864 0.311020 0.978009
v 0.073002 0.395718 0.949538
v 0.073613 0.476345 0.920588
v 0.074664 0.548596 0.889127
v 0.076097 0.608139 0.853845
v 0.077825 0.651658 0.814210
v 0.079819 0.678429 0.768610
v 0.093591 0.014643 1.235898
v 0.091170 0.049325 1.176202
v 0.089235 0.101869 1.127845
v 0.087783 0.168399 1.088216
v 0.086814 0.244978 1.054813
v 0.086329 0.327601 1.025152
v 0.086329 0.412240 0.996740
v 0.086814 0.494863 0.967080
v 0.087783 0.571442 0.933677
v 0.089235 0.637972 0.894047
v 0.091170 0.690516 0.845691
v 0.093591 0.725198 0.785994
v 0.079819 0.061412 1.253282
v 0.077825 0.088183 1.207682
v 0.076097 0.131702 1.168047
v 0.074664 0.191245 1.132766
v 0.073613 0.263496 1.101305
v 0.073002 0.344124 1.072354
v 0.072864 0.428821 1.043883
v 0.073224 0.513555 1.013390
v 0.074114 0.594582 0.977909
v 0.075590 0.668218 0.933770
v 0.077736 0.729878 0.876499
v 0.080589 0.772502 0.802503
v 0.042963 0.095115 1.266883
v 0.041276 0.116123 1.231400
v 0.039694 0.153131 1.197956
v 0.038273 0.207676 1.165697
v 0.037160 0.276877 1.135522
v 0.036456 0.356161 1.106968
v 0.036217 0.441016 1.078335
v 0.036486 0.527413 1.047109
v 0.037320 0.611815 1.009970
v 0.038816 0.690771 0.962370
v 0.041122 0.759199 0.898380
v 0.044297 0.807665 0.813714
v -0.007102 0.106721 1.273057
v -0.008684 0.125660 1.241000
v -0.010219 0.160412 1.209558
v -0.011640 0.213288 1.178185
v -0.012778 0.281537 1.148295
v -0.013517 0.360489 1.119719
v -0.013793 0.445558 1.090864
v -0.013556 0.532723 1.059202
v -0.012740 0.618525 1.021271
v -0.011232 0.699588 0.972184
v -0.008861 0.770621 0.905471
v -0.005561 0.821266 0.816622
v -0.056960 0.093120 1.270149
v -0.058667 0.114238 1.233910
v -0.060267 0.151594 1.199745
v -0.061701 0.206579 1.166885
v -0.062820 0.276227 1.136202
v -0.063528 0.355946 1.107190
v -0.063766 0.441231 1.078113
v -0.063494 0.528063 1.046429
v -0.062653 0.612912 1.008783
v -0.061145 0.692307 0.960582
v -0.058821 0.761084 0.895871
v -0.055625 0.809660 0.810449
v -0.093252 0.057957 1.258937
v -0.095281 0.084918 1.212029
v -0.097041 0.129042 1.171144
v -0.098495 0.189345 1.134823
v -0.099558 0.262369 1.102483
v -0.100174 0.343751 1.072738
v -0.100312 0.429193 1.043499
v -0.099947 0.514682 1.012212
v -0.099045 0.596482 0.975852
v -0.097547 0.670878 0.930673
v -0.095369 0.733143 0.872153
v -0.092481 0.775957 0.796848
v -0.106253 0.010653 1.242428
v -0.108715 0.045556 1.181220
v -0.110686 0.098797 1.131422
v -0.112164 0.166205 1.090591
v -0.113147 0.243677 1.056173
v -0.113639 0.327171 1.025595
v -0.113639 0.412670 0.996297
v -0.113147 0.496164 0.965720
v -0.112164 0.573636 0.931301
v -0.110686 0.641044 0.890471
v -0.108715 0.694285 0.840672
v -0.106253 0.729188 0.779464
v -0.092481 -0.036116 1.225044
v -0.095369 0.006698 1.149739
v -0.097547 0.068963 1.091220
v -0.099045 0.143359 1.046041
v -0.099947 0.225159 1.009680
v -0.100312 0.310648 0.978393
v -0.100174 0.396090 0.949154
v -0.099558 0.477472 0.919410
v -0.098495 0.550496 0.887070
v -0.097041 0.610799 0.850748
v -0.095281 0.654923 0.809864
v -0.093252 0.681884 0.762955
v -0.089021 -0.051592 -1.316658
v -0.051790 -0.087522 -1.315102
v -0.001593 -0.100005 -1.313122
v 0.048119 -0.085699 -1.311248
v 0.084027 -0.048435 -1.309983
v 0.096508 0.001800 -1.309665
v 0.082218 0.051547 -1.310380
v 0.044987 0.087477 -1.311936
v -0.005210 0.099960 -1.313916
v -0.054923 0.085654 -1.315790
v -0.090830 0.048391 -1.317055
v -0.103311 -0.001845 -1.317373
v -0.098913 -0.057551 -1.317021
v -0.057380 -0.097631 -1.315285
v -0.001384 -0.111557 -1.313076
v 0.054072 -0.095598 -1.310986
v 0.094128 -0.054029 -1.309574
v 0.108051 0.002011 -1.309220
v 0.092110 0.057506 -1.310017
v 0.050577 0.097586 -1.311753
v -0.005419 0.111512 -1.313962
v -0.060875 0.095553 -1.316052
v -0.100931 0.053984 -1.317463
v -0.114854 -0.002056 -1.317818
v -0.094491 -0.056275 -1.369214
v -0.054003 -0.095347 -1.367522
v 0.000585 -0.108923 -1.365369
v 0.054646 -0.093365 -1.363331
v 0.093695 -0.052842 -1.361956
v 0.107268 0.001789 -1.361610
v 0.091728 0.055888 -1.362387
v 0.051240 0.094960 -1.364079
v -0.003349 0.108536 -1.366233
v -0.057410 0.092978 -1.368270
v -0.096458 0.052455 -1.369646
v -0.110031 -0.002176 -1.369992
v -0.089021 0.791434 -0.685847
v -0.051790 0.827363 -0.687403
v -0.001593 0.839846 -0.689383
v 0.048119 0.825540 -0.691257
v 0.084027 0.788276 -0.692522
v 0.096508 0.738041 -0.692840
v 0.082218 0.688294 -0.692126
v 0.044987 0.652364 -0.690569
v -0.005210 0.639881 -0.688589
v -0.054923 0.654187 -0.686715
v -0.090830 0.691451 -0.685450
v -0.103311 0.741686 -0.685133
v -0.098913 0.797392 -0.685485
v -0.057380 0.837472 -0.687221
v -0.001384 0.851398 -0.689429
v 0.054072 0.835439 -0.691520
v 0.094128 0.793870 -0.692931
v 0.108051 0.737830 -0.693286
v 0.092110 0.682335 -0.692488
v 0.050577 0.642255 -0.690752
v -0.005419 0.628329 -0.688543
v -0.060875 0.644288 -0.686453
v -0.100931 0.685857 -0.685042
v -0.114854 0.741897 -0.684687
v -0.071357 0.782182 -0.579146
v -0.040929 0.811546 -0.580418
v 0.000096 0.821749 -0.582036
v 0.040725 0.810057 -0.583568
v 0.070072 0.779602 -0.584602
v 0.080273 0.738545 -0.584862
v 0.068594 0.697887 -0.584277
v 0.038165 0.668523 -0.583006
v -0.002860 0.658320 -0.581387
v -0.043489 0.670013 -0.579856
v -0.072835 0.700467 -0.578822
v -0.083036 0.741524 -0.578562
v -0.056960 0.646721 -0.751744
v -0.058667 0.625603 -0.787982
v -0.060267 0.588247 -0.822148
v -0.061701 0.533263 -0.855008
v -0.062820 0.463615 -0.885691
v -0.063528 0.383895 -0.914703
v -0.063766 0.298611 -0.943779
v -0.063494 0.211778 -0.975464
v -0.062653 0.126929 -1.013109
v -0.061145 0.047535 -1.061311
v -0.058821 -0.021242 -1.126021
v -0.055625 -0.069819 -1.211443
v -0.005561 -0.081425 -1.205270
v -0.008861 -0.030779 -1.116421
v -0.011232 0.040254 -1.049709
v -0.012740 0.121316 -1.000621
v -0.013556 0.207118 -0.962690
v -0.013793 0.294283 -0.931029
v -0.013517 0.379353 -0.902174
v -0.012778 0.458304 -0.873597
v -0.011640 0.526553 -0.843707
v -0.010219 0.579430 -0.812334
v -0.008684 0.614181 -0.780892
v -0.007102 0.633120 -0.748835
v 0.044297 -0.067824 -1.208178
v 0.041122 -0.019358 -1.123512
v 0.038816 0.049071 -1.059522
v 0.037320 0.128026 -1.011922
v 0.036486 0.212428 -0.974784
v 0.036217 0.298826 -0.943558
v 0.036456 0.383680 -0.914924
v 0.037160 0.462964 -0.886371
v 0.038273 0.532165 -0.856195
v 0.039694 0.586711 -0.823936
v 0.041276 0.623718 -0.790492
v 0.042963 0.644726 -0.755009
v 0.080589 -0.032661 -1.219389
v 0.077736 0.009963 -1.145393
v 0.075590 0.071623 -1.088122
v 0.074114 0.145259 -1.043984
v 0.073224 0.226286 -1.008503
v 0.072864 0.311020 -0.978009
v 0.073002 0.395718 -0.949538
v 0.073613 0.476345 -0.920588
v 0.074664 0.548596 -0.889127
v 0.076097 0.608139 -0.853845
v 0.077825 0.651658 -0.814210
v 0.079819 0.678429 -0.768610
v 0.093591 0.014643 -1.235898
v 0.091170 0.049325 -1.176202
v 0.089235 0.101869 -1.127845
v 0.087783 0.168399 -1.088216
v 0.086814 0.244978 -1.054813
v 0.086329 0.327601 -1.025152
v 0.086329 0.412240 -0.996740
v 0.086814 0.494863 -0.967080
v 0.087783 0.571442 -0.933677
v 0.089235 0.637972 -0.894047
v 0.091170 0.690516 -0.845691
v 0.093591 0.725198 -0.785994
v 0.079819 0.061412 -1.253282
v 0.077825 0.088183 -1.207682
v 0.076097 0.131702 -1.168047
v 0.074664 0.191245 -1.132766
v 0.073613 0.263496 -1.101305
v 0.073002 0.344124 -1.072354
v 0.072864 0.428821 -1.043883
v 0.073224 0.513555 -1.013390
v 0.074114 0.594582 -0.977909
v 0.075590 0.668218 -0.933770
v 0.077736 0.729878 -0.876499
v 0.080589 0.772502 -0.802503
v 0.042963 0.095115 -1.266883
v 0.041276 0.116123 -1.231400
v 0.039694 0.153131 -1.197956
v 0.038273 0.207676 -1.165697
v 0.037160 0.276877 -1.135522
v 0.036456 0.356161 -1.106968
v 0.036217 0.441016 -1.078335
v 0.036486 0.527413 -1.047109
v 0.037320 0.611815 -1.009970
v 0.038816 0.690771 -0.962370
v 0.041122 0.759199 -0.898380
v 0.044297 0.807665 -0.813714
v -0.007102 0.106721 -1.273057
v -0.008684 0.125660 -1.241000
v -0.010219 0.160412 -1.209558
v -0.011640 0.213288 -1.178185
v -0.012778 0.281537 -1.148295
v -0.013517 0.360489 -1.119719
v -0.013793 0.445558 -1.090864
v -0.013556 0.532723 -1.059202
v -0.012740 0.618525 -1.021271
v -0.011232 0.699588 -0.972184
v -0.008861 0.770621 -0.905471
v -0.005561 0.821266 -0.816622
v -0.056960 0.093120 -1.270149
v -0.058667 0.114238 -1.233910
v -0.060267 0.151594 -1.199745
v -0.061701 0.206579 -1.166885
v -0.062820 0.276227 -1.136202
v -0.063528 0.355946 -1.107190
v -0.063766 0.441231 -1.078113
v -0.063494 0.528063 -1.046429
v -0.062653 0.612912 -1.008783
v -0.061145 0.692307 -0.960582
v -0.058821 0.761084 -0.895871
v -0.055625 0.809660 -0.810449
v -0.093252 0.057957 -1.258937
v -0.095281 0.084918 -1.212029
v -0.097041 0.129042 -1.171144
v -0.098495 0.189345 -1.134823
v -0.099558 0.262369 -1.102483
v -0.100174 0.343751 -1.072738
v -0.100312 0.429193 -1.043499
v -0.099947 0.514682 -1.012212
v -0.099045 0.596482 -0.975852
v -0.097547 0.670878 -0.930673
v -0.095369 0.733143 -0.872153
v -0.092481 0.775957 -0.796848
v -0.106253 0.010653 -1.242428
v -0.108715 0.045556 -1.181220
v -0.110686 0.098797 -1.131422
v -0.112164 0.166205 -1.090591
v -0.113147 0.243677 -1.056173
v -0.113639 0.327171 -1.025595
v -0.113639 0.412670 -0.996297
v -0.113147 0.496164 -0.965720
v -0.112164 0.573636 -0.931301
v -0.110686 0.641044 -0.890471
v -0.108715 0.694285 -0.840672
v -0.106253 0.729188 -0.779464
v -0.092481 -0.036116 -1.225044
v -0.095369 0.006698 -1.149739
v -0.097547 0.068963 -1.091220
v -0.099045 0.143359 -1.046041
v -0.099947 0.225159 -1.009680
v -0.100312 0.310648 -0.978393
v -0.100174 0.396090 -0.949154
v -0.099558 0.477472 -0.919410
v -0.098495 0.550496 -0.887070
v -0.097041 0.610799 -0.850748
v -0.095281 0.654923 -0.809864
v -0.093252 0.681884 -0.762955
v -0.089021 2.051592 1.316658
v -0.051790 2.087522 1.315102
v -0.001593 2.100005 1.313122
v 0.048119 2.085699 1.311248
v 0.084027 2.048435 1.309983
v 0.096508 1.998200 1.309665
v 0.082218 1.948452 1.310380
v 0.044987 1.912523 1.311936
v -0.005210 1.900040 1.313916
v -0.054923 1.914346 1.315790
v -0.090830 1.951610 1.317055
v -0.103311 2.001845 1.317373
v -0.098913 2.057551 1.317021
v -0.057380 2.097631 1.315285
v -0.001384 2.111557 1.313076
v 0.054072 2.095598 1.310986
v 0.094128 2.054029 1.309574
v 0.108051 1.997989 1.309220
v 0.092110 1.942494 1.310017
v 0.050577 1.902414 1.311753
v -0.005419 1.888488 1.313962
v -0.060875 1.904447 1.316052
v -0.100931 1.946016 1.317463
v -0.114854 2.002056 1.317818
v -0.094491 2.056275 1.369214
v -0.054003 2.095347 1.367522
v 0.000585 2.108923 1.365369
v 0.054646 2.093365 1.363331
v 0.093695 2.052842 1.361956
v 0.107268 1.998211 1.361610
v 0.091728 1.944112 1.362387
v 0.051240 1.905040 1.364079
v -0.003349 1.891464 1.366233
v -0.057410 1.907022 1.368270
v -0.096458 1.947545 1.369646
v -0.110031 2.002176 1.369992
v -0.089021 1.208566 0.685847
v -0.051790 1.172637 0.687403
v -0.001593 1.160154 0.689383
v 0.048119 1.174460 0.691257
v 0.084027 1.211724 0.692522
v 0.096508 1.261959 0.692840
v 0.082218 1.311706 0.692126
v 0.044987 1.347636 0.690569
v -0.005210 1.360119 0.688589
v -0.054923 1.345813 0.686715
v -0.090830 1.308549 0.685450
v -0.103311 1.258314 0.685133
v -0.098913 1.202608 0.685485
v -0.057380 1.162528 0.687221
v -0.001384 1.148602 0.689429
v 0.054072 1.164561 0.691520
v 0.094128 1.206130 0.692931
v 0.108051 1.262170 0.693286
v 0.092110 1.317665 0.692488
v 0.050577 1.357745 0.690752
v -0.005419 1.371671 0.688543
v -0.060875 1.355712 0.686453
v -0.100931 1.314143 0.685042
v -0.114854 1.258103 0.684687
v -0.071357 1.217818 0.579146
v -0.040929 1.188454 0.580418
v 0.000096 1.178251 0.582036
v 0.040725 1.189943 0.583568
v 0.070072 1.220398 0.584602
v 0.080273 1.261455 0.584862
v 0.068594 1.302113 0.584277
v 0.038165 1.331477 0.583006
v -0.002860 1.341680 0.581387
v -0.043489 1.329987 0.579856
v -0.072835 1.299533 0.578822
v -0.083036 1.258476 0.578562
v -0.056960 1.353279 0.751744
v -0.058667 1.374397 0.787982
v -0.060267 1.411753 0.822148
v -0.061701 1.466737 0.855008
v -0.062820 1.536385 0.885691
v -0.063528 1.616105 0.914703
v -0.063766 1.701389 0.943779
v -0.063494 1.788222 0.975464
v -0.062653 1.873071 1.013109
v -0.061145 1.952465 1.061311
v -0.058821 2.021242 1.126021
v -0.055625 2.069819 1.211443
v -0.005561 2.081425 1.205270
v -0.008861 2.030779 1.116421
v -0.011232 1.959746 1.049709
v -0.012740 1.878684 1.000621
v -0.013556 1.792882 0.962690
v -0.013793 1.705717 0.931029
v -0.013517 1.620647 0.902174
v -0.012778 1.541696 0.873597
v -0.011640 1.473447 0.843707
v -0.010219 1.420570 0.812334
v -0.008684 1.385819 0.780892
v -0.007102 1.366880 0.748835
v 0.044297 2.067824 1.208178
v 0.041122 2.019358 1.123512
v 0.038816 1.950929 1.059522
v 0.037320 1.871974 1.011922
v 0.036486 1.787572 0.974784
v 0.036217 1.701174 0.943558
v 0.036456 1.616320 0.914924
v 0.037160 1.537036 0.886371
v 0.038273 1.467835 0.856195
v 0.039694 1.413289 0.823936
v 0.041276 1.376282 0.790492
v 0.042963 1.355274 0.755009
v 0.080589 2.032661 1.219389
v 0.077736 1.990037 1.145393
v 0.075590 1.928377 1.088122
v 0.074114 1.854741 1.043984
v 0.073224 1.773714 1.008503
v 0.072864 1.688980 0.978009
v 0.073002 1.604282 0.949538
v 0.073613 1.523655 0.920588
v 0.074664 1.451404 0.889127
v 0.076097 1.391861 0.853845
v 0.077825 1.348342 0.814210
v 0.079819 1.321571 0.768610
v 0.093591 1.985357 1.235898
v 0.091170 1.950675 1.176202
v 0.089235 1.898131 1.127845
v 0.087783 1.831601 1.088216
v 0.086814 1.755022 1.054813
v 0.086329 1.672399 1.025152
v 0.086329 1.587760 0.996740
v 0.086814 1.505137 0.967080
v 0.087783 1.428558 0.933677
v 0.089235 1.362028 0.894047
v 0.091170 1.309484 0.845691
v 0.093591 1.274802 0.785994
v 0.079819 1.938588 1.253282
v 0.077825 1.911817 1.207682
v 0.076097 1.868298 1.168047
v 0.074664 1.808754 1.132766
v 0.073613 1.736504 1.101305
v 0.073002 1.655876 1.072354
v 0.072864 1.571179 1.043883
v 0.073224 1.486445 1.013390
v 0.074114 1.405418 0.977909
v 0.075590 1.331782 0.933770
v 0.077736 1.270122 0.876499
v 0.080589 1.227498 0.802503
v 0.042963 1.904885 1.266883
v 0.041276 1.883877 1.231400
v 0.039694 1.846869 1.197956
v 0.038273 1.792324 1.165697
v 0.037160 1.723123 1.135522
v 0.036456 1.643839 1.106968
v 0.036217 1.558984 1.078335
v 0.036486 1.472587 1.047109
v 0.037320 1.388185 1.009970
v 0.038816 1.309229 0.962370
v 0.041122 1.240801 0.898380
v 0.044297 1.192335 0.813714
v -0.007102 1.893279 1.273057
v -0.008684 1.874340 1.241000
v -0.010219 1.839588 1.209558
v -0.011640 1.786712 1.178185
v -0.012778 1.718463 1.148295
v -0.013517 1.639511 1.119719
v -0.013793 1.554442 1.090864
v -0.013556 1.467277 1.059202
v -0.012740 1.381475 1.021271
v -0.011232 1.300412 0.972184
v -0.008861 1.229379 0.905471
v -0.005561 1.178734 0.816622
v -0.056960 1.906880 1.270149
v -0.058667 1.885762 1.233910
v -0.060267 1.848406 1.199745
v -0.061701 1.793421 1.166885
v -0.062820 1.723773 1.136202
v -0.063528 1.644054 1.107190
v -0.063766 1.558769 1.078113
v -0.063494 1.471937 1.046429
v -0.062653 1.387088 1.008783
v -0.061145 1.307693 0.960582
v -0.058821 1.238916 0.895871
v -0.055625 1.190340 0.810449
v -0.093252 1.942043 1.258937
v -0.095281 1.915082 1.212029
v -0.097041 1.870958 1.171144
v -0.098495 1.810655 1.134823
v -0.099558 1.737631 1.102483
v -0.100174 1.656249 1.072738
v -0.100312 1.570807 1.043499
v -0.099947 1.485318 1.012212
v -0.099045 1.403518 0.975852
v -0.097547 1.329122 0.930673
v -0.095369 1.266857 0.872153
v -0.092481 1.224043 0.796848
v -0.106253 1.989347 1.242428
v -0.108715 1.954444 1.181220
v -0.110686 1.901203 1.131422
v -0.112164 1.833795 1.090591
v -0.113147 1.756323 1.056173
v -0.113639 1.672829 1.025595
v -0.113639 1.587330 0.996297
v -0.113147 1.503836 0.965720
v -0.112164 1.426364 0.931301
v -0.110686 1.358956 0.890471
v -0.108715 1.305715 0.840672
v -0.106253 1.270812 0.779464
v -0.092481 2.036116 1.225044
v -0.095369 1.993302 1.149739
v -0.097547 1.931037 1.091220
v -0.099045 1.856641 1.046041
v -0.099947 1.774841 1.009680
v -0.100312 1.689352 0.978393
v -0.100174 1.603910 0.949154
v -0.099558 1.522528 0.919410
v -0.098495 1.449504 0.887070
v -0.097041 1.389201 0.850748
v -0.095281 1.345077 0.809864
v -0.093252 1.318116 0.762955
v -0.089021 2.051592 -1.316658
v -0.051790 2.087522 -1.315102
v -0.001593 2.100005 -1.313122
v 0.048119 2.085699 -1.311248
v 0.084027 2.048435 -1.309983
v 0.096508 1.998200 -1.309665
v 0.082218 1.948452 -1.310380
v 0.044987 1.912523 -1.311936
v -0.005210 1.900040 -1.313916
v -0.054923 1.914346 -1.315790
v -0.090830 1.951610 -1.317055
v -0.103311 2.001845 -1.317373
v -0.098913 2.057551 -1.317021
v -0.057380 2.097631 -1.315285
v -0.001384 2.111557 -1.313076
v 0.054072 2.095598 -1.310986
v 0.094128 2.054029 -1.309574
v 0.108051 1.997989 -1.309220
v 0.092110 1.942494 -1.310017
v 0.050577 1.902414 -1.311753
v -0.005419 1.888488 -1.313962
v -0.060875 1.904447 -1.316052
v -0.100931 1.946016 -1.317463
v -0.114854 2.002056 -1.317818
v -0.094491 2.056275 -1.369214
v -0.054003 2.095347 -1.367522
v 0.000585 2.108923 -1.365369
v 0.054646 2.093365 -1.363331
v 0.093695 2.052842 -1.361956
v 0.107268 1.998211 -1.361610
v 0.091728 1.944112 -1.362387
v 0.051240 1.905040 -1.364079
v -0.003349 1.891464 -1.366233
v -0.057410 1.907022 -1.368270
v -0.096458 1.947545 -1.369646
v -0.110031 2.002176 -1.369992
v -0.089021 1.208566 -0.685847
v -0.051790 1.172637 -0.687403
v -0.001593 1.160154 -0.689383
v 0.048119 1.174460 -0.691257
v 0.084027 1.211724 -0.692522
v 0.096508 1.261959 -0.692840
v 0.082218 1.311706 -0.692126
v 0.044987 1.347636 -0.690569
v -0.005210 1.360119 -0.688589
v -0.054923 1.345813 -0.686715
v -0.090830 1.308549 -0.685450
v -0.103311 1.258314 -0.685133
v -0.098913 1.202608 -0.685485
v -0.057380 1.162528 -0.687221
v -0.001384 1.148602 -0.689429
v 0.054072 1.164561 -0.691520
v 0.094128 1.206130 -0.692931
v 0.108051 1.262170 -0.693286
v 0.092110 1.317665 -0.692488
v 0.050577 1.357745 -0.690752
v -0.005419 1.371671 -0.688543
v -0.060875 1.355712 -0.686453
v -0.100931 1.314143 -0.685042
v -0.114854 1.258103 -0.684687
v -0.071357 1.217818 -0.579146
v -0.040929 1.188454 -0.580418
v 0.000096 1.178251 -0.582036
v 0.040725 1.189943 -0.583568
v 0.070072 1.220398 -0.584602
v 0.080273 1.261455 -0.584862
v 0.068594 1.302113 -0.584277
v 0.038165 1.331477 -0.583006
v -0.002860 1.341680 -0.581387
v -0.043489 1.329987 -0.579856
v -0.072835 1.299533 -0.578822
v -0.083036 1.258476 -0.578562
v -0.056960 1.353279 -0.751744
v -0.058667 1.374397 -0.787982
v -0.060267 1.411753 -0.822148
v -0.061701 1.466737 -0.855008
v -0.062820 1.536385 -0.885691
v -0.063528 1.616105 -0.914703
v -0.063766 1.701389 -0.943779
v -0.063494 1.788222 -0.975464
v -0.062653 1.873071 -1.013109
v -0.061145 1.952465 -1.061311
v -0.058821 2.021242 -1.126021
v -0.055625 2.069819 -1.211443
v -0.005561 2.081425 -1.205270
v -0.008861 2.030779 -1.116421
v -0.011232 1.959746 -1.049709
v -0.012740 1.878684 -1.000621
v -0.013556 1.792882 -0.962690
v -0.013793 1.705717 -0.931029
v -0.013517 1.620647 -0.902174
v -0.012778 1.541696 -0.873597
v -0.011640 1.473447 -0.843707
v -0.010219 1.420570 -0.812334
v -0.008684 1.385819 -0.780892
v -0.007102 1.366880 -0.748835
v 0.044297 2.067824 -1.208178
v 0.041122 2.019358 -1.123512
v 0.038816 1.950929 -1.059522
v 0.037320 1.871974 -1.011922
v 0.036486 1.787572 -0.974784
v 0.036217 1.701174 -0.943558
v 0.036456 1.616320 -0.914924
v 0.037160 1.537036 -0.886371
v 0.038273 1.467835 -0.856195
v 0.039694 1.413289 -0.823936
v 0.041276 1.376282 -0.790492
v 0.042963 1.355274 -0.755009
v 0.080589 2.032661 -1.219389
v 0.077736 1.990037 -1.145393
v 0.075590 1.928377 -1.088122
v 0.074114 1.854741 -1.043984
v 0.073224 1.773714 -1.008503
v 0.072864 1.688980 -0.978009
v 0.073002 1.604282 -0.949538
v 0.073613 1.523655 -0.920588
v 0.074664 1.451404 -0.889127
v 0.076097 1.391861 -0.853845
v 0.077825 1.348342 -0.814210
v 0.079819 1.321571 -0.768610
v 0.093591 1.985357 -1.235898
v 0.091170 1.950675 -1.176202
v 0.089235 1.898131 -1.127845
v 0.087783 1.831601 -1.088216
v 0.086814 1.755022 -1.054813
v 0.086329 1.672399 -1.025152
v 0.086329 1.587760 -0.996740
v 0.086814 1.505137 -0.967080
v 0.087783 1.428558 -0.933677
v 0.089235 1.362028 -0.894047
v 0.091170 1.309484 -0.845691
v 0.093591 1.274802 -0.785994
v 0.079819 1.938588 -1.253282
v 0.077825 1.911817 -1.207682
v 0.076097 1.868298 -1.168047
v 0.074664 1.808754 -1.132766
v 0.073613 1.736504 -1.101305
v 0.073002 1.655876 -1.072354
v 0.072864 1.571179 -1.043883
v 0.073224 1.486445 -1.013390
v 0.074114 1.405418 -0.977909
v 0.075590 1.331782 -0.933770
v 0.077736 1.270122 -0.876499
v 0.080589 1.227498 -0.802503
v 0.042963 1.904885 -1.266883
v 0.041276 1.883877 -1.231400
v 0.039694 1.846869 -1.197956
v 0.038273 1.792324 -1.165697
v 0.037160 1.723123 -1.135522
v 0.036456 1.643839 -1.106968
v 0.036217 1.558984 -1.078335
v 0.036486 1.472587 -1.047109
v 0.037320 1.388185 -1.009970
v 0.038816 1.309229 -0.962370
v 0.041122 1.240801 -0.898380
v 0.044297 1.192335 -0.813714
v -0.007102 1.893279 -1.273057
v -0.008684 1.874340 -1.241000
v -0.010219 1.839588 -1.209558
v -0.011640 1.786712 -1.178185
v -0.012778 1.718463 -1.148295
v -0.013517 1.639511 -1.119719
v -0.013793 1.554442 -1.090864
v -0.013556 1.467277 -1.059202
v -0.012740 1.381475 -1.021271
v -0.011232 1.300412 -0.972184
v -0.008861 1.229379 -0.905471
v -0.005561 1.178734 -0.816622
v -0.056960 1.906880 -1.270149
v -0.058667 1.885762 -1.233910
v -0.060267 1.848406 -1.199745
v -0.061701 1.793421 -1.166885
v -0.062820 1.723773 -1.136202
v -0.063528 1.644054 -1.107190
v -0.063766 1.558769 -1.078113
v -0.063494 1.471937 -1.046429
v -0.062653 1.387088 -1.008783
v -0.061145 1.307693 -0.960582
v -0.058821 1.238916 -0.895871
v -0.055625 1.190340 -0.810449
v -0.093252 1.942043 -1.258937
v -0.095281 1.915082 -1.212029
v -0.097041 1.870958 -1.171144
v -0.098495 1.810655 -1.134823
v -0.099558 1.737631 -1.102483
v -0.100174 1.656249 -1.072738
v -0.100312 1.570807 -1.043499
v -0.099947 1.485318 -1.012212
v -0.099045 1.403518 -0.975852
v -0.097547 1.329122 -0.930673
v -0.095369 1.266857 -0.872153
v -0.092481 1.224043 -0.796848
v -0.106253 1.989347 -1.242428
v -0.108715 1.954444 -1.181220
v -0.110686 1.901203 -1.131422
v -0.112164 1.833795 -1.090591
v -0.113147 1.756323 -1.056173
v -0.113639 1.672829 -1.025595
v -0.113639 1.587330 -0.996297
v -0.113147 1.503836 -0.965720
v -0.112164 1.426364 -0.931301
v -0.110686 1.358956 -0.890471
v -0.108715 1.305715 -0.840672
v -0.106253 1.270812 -0.779464
v -0.092481 2.036116 -1.225044
v -0.095369 1.993302 -1.149739
v -0.097547 1.931037 -1.091220
v -0.099045 1.856641 -1.046041
v -0.099947 1.774841 -1.009680
v -0.100312 1.689352 -0.978393
v -0.100174 1.603910 -0.949154
v -0.099558 1.522528 -0.919410
v -0.098495 1.449504 -0.887070
v -0.097041 1.389201 -0.850748
v -0.095281 1.345077 -0.809864
v -0.093252 1.318116 -0.762955
vn -0.0386 0.0033 -0.9992
vn 0.8751 -0.4836 0.0182
vn 0.9997 0.0180 0.0150
vn 0.0386 -0.0033 0.9992
vn -0.8529 -0.5151 0.0849
vn -0.9956 -0.0184 0.0920
vn 0.0201 -0.9986 0.0495
vn -0.4811 -0.8739 0.0693
vn -0.5124 0.8554 0.0762
vn -0.0160 0.9982 0.0575
vn 0.8570 0.5148 0.0222
vn 0.5165 -0.8557 0.0308
vn -0.8710 0.4833 0.0888
vn 0.4853 0.8736 0.0377
vn 0.4852 0.8736 0.0377
vn -0.0386 -0.0033 0.9992
vn 0.8498 0.4641 -0.2498
vn 0.9685 -0.0169 -0.2483
vn 0.8486 0.4663 -0.2499
vn 0.0386 0.0033 -0.9992
vn -0.9577 0.0188 -0.2872
vn -0.8195 0.4981 -0.2836
vn -0.9577 0.0181 -0.2872
vn -0.4548 0.8469 -0.2756
vn 0.0246 0.9637 -0.2657
vn -0.4597 0.8442 -0.2757
vn -0.4859 -0.8282 -0.2791
vn -0.0104 -0.9629 -0.2697
vn -0.0043 -0.9630 -0.2696
vn 0.8331 -0.4924 -0.2518
vn 0.9686 -0.0162 -0.2483
vn 0.0306 0.9636 -0.2656
vn 0.5034 0.8252 -0.2563
vn -0.8359 -0.4688 -0.2856
vn -0.4902 -0.8257 -0.2792
vn 0.4781 -0.8391 -0.2596
vn 0.8313 -0.4954 -0.2519
vn 0.5076 0.8227 -0.2562
vn -0.8371 -0.4666 -0.2856
vn -0.8176 0.5011 -0.2835
vn 0.4732 -0.8418 -0.2597
vn -0.5182 -0.8478 -0.1129
vn -0.0075 -0.9481 -0.3180
vn -0.5239 -0.8020 -0.2869
vn 0.4911 -0.8669 -0.0856
vn -0.0153 -0.9936 -0.1120
vn 0.8646 -0.5011 -0.0354
vn 0.5092 -0.8208 -0.2589
vn 0.9995 0.0032 0.0325
vn 0.8760 -0.4651 -0.1276
vn 0.8599 0.5009 0.0983
vn 0.9992 0.0113 0.0387
vn 0.4958 0.8571 0.1400
vn 0.8566 0.4780 0.1944
vn 0.0115 0.9895 0.1440
vn 0.4942 0.8165 0.2987
vn -0.4800 0.8347 0.2699
vn 0.0082 0.9454 0.3260
vn -0.4757 0.8728 0.1096
vn -0.8479 0.5100 0.1444
vn -0.8469 0.5297 0.0468
vn -0.9986 0.0487 -0.0189
vn -0.9989 0.0387 -0.0254
vn -0.8840 -0.4328 -0.1769
vn -0.8793 -0.4689 -0.0837
vn 0.0004 -0.7754 -0.6315
vn -0.5111 -0.6576 -0.5534
vn -0.5031 -0.5048 -0.7015
vn 0.0039 -0.5937 -0.8047
vn -0.5000 -0.3891 -0.7737
vn 0.0044 -0.4567 -0.8896
vn -0.4993 -0.3176 -0.8061
vn 0.0029 -0.3710 -0.9286
vn -0.5001 -0.2849 -0.8178
vn -0.0018 -0.3313 -0.9435
vn -0.5011 -0.2880 -0.8160
vn -0.0046 -0.3733 -0.9277
vn -0.5015 -0.3269 -0.8011
vn -0.5005 -0.4065 -0.7644
vn -0.0064 -0.4620 -0.8868
vn -0.4972 -0.5332 -0.6844
vn -0.0060 -0.6045 -0.7966
vn -0.4906 -0.6934 -0.5277
vn 0.0072 -0.9412 -0.3379
vn -0.4815 -0.8308 -0.2791
vn 0.0111 -0.9854 -0.1696
vn -0.4730 -0.8713 -0.1307
vn 0.5115 -0.6771 -0.5291
vn 0.5111 -0.5205 -0.6839
vn 0.5087 -0.4003 -0.7622
vn 0.5053 -0.3242 -0.7997
vn 0.5016 -0.2875 -0.8160
vn 0.0007 -0.3305 -0.9438
vn 0.4977 -0.2860 -0.8188
vn 0.4938 -0.3203 -0.8084
vn 0.4902 -0.3957 -0.7766
vn 0.4877 -0.5183 -0.7026
vn 0.4883 -0.6755 -0.5526
vn -0.0016 -0.7852 -0.6193
vn 0.4943 -0.8119 -0.3107
vn 0.4929 -0.8541 -0.1663
vn 0.8766 -0.3917 -0.2796
vn 0.8753 -0.3048 -0.3756
vn 0.8729 -0.2352 -0.4275
vn 0.8701 -0.1899 -0.4547
vn 0.8673 -0.1669 -0.4689
vn 0.8645 -0.1642 -0.4751
vn 0.8615 -0.1823 -0.4739
vn 0.8584 -0.2247 -0.4610
vn 0.8556 -0.2961 -0.4245
vn 0.8544 -0.3903 -0.3430
vn 0.8570 -0.4735 -0.2035
vn 0.9992 0.0004 0.0402
vn 0.9995 -0.0051 0.0312
vn 0.9998 -0.0062 0.0210
vn 0.9999 -0.0045 0.0119
vn 1.0000 -0.0016 0.0038
vn 1.0000 0.0016 -0.0038
vn 0.9999 0.0045 -0.0119
vn 0.9998 0.0062 -0.0210
vn 0.9995 0.0051 -0.0312
vn 0.9992 -0.0004 -0.0402
vn 0.9991 -0.0075 -0.0419
vn 0.8562 -0.5024 -0.1204
vn 0.8544 0.3903 0.3430
vn 0.8556 0.2961 0.4245
vn 0.8584 0.2247 0.4610
vn 0.8615 0.1823 0.4739
vn 0.8645 0.1642 0.4751
vn 0.8673 0.1669 0.4689
vn 0.8701 0.1899 0.4547
vn 0.8729 0.2352 0.4275
vn 0.8753 0.3048 0.3756
vn 0.8766 0.3917 0.2796
vn 0.8745 0.4661 0.1340
vn 0.9991 -0.0090 -0.0417
vn 0.4883 0.6755 0.5526
vn 0.4877 0.5183 0.7026
vn 0.4902 0.3957 0.7766
vn 0.4938 0.3203 0.8084
vn 0.4977 0.2860 0.8188
vn 0.5016 0.2875 0.8160
vn 0.5053 0.3242 0.7997
vn 0.5087 0.4003 0.7622
vn 0.5111 0.5205 0.6839
vn 0.5115 0.6771 0.5291
vn 0.5072 0.8164 0.2761
vn 0.8684 0.4936 0.0479
vn -0.0016 0.7852 0.6193
vn -0.0060 0.6045 0.7966
vn -0.0064 0.4620 0.8868
vn -0.0046 0.3733 0.9277
vn -0.0018 0.3313 0.9435
vn 0.0007 0.3305 0.9438
vn 0.0029 0.3710 0.9286
vn 0.0044 0.4567 0.8896
vn 0.0039 0.5937 0.8047
vn 0.0004 0.7754 0.6315
vn -0.0080 0.9396 0.3421
vn -0.0119 0.9863 0.1648
vn 0.4970 0.8589 0.1233
vn -0.4906 0.6934 0.5277
vn -0.4972 0.5332 0.6844
vn -0.5005 0.4065 0.7644
vn -0.5011 0.2880 0.8160
vn -0.5001 0.2849 0.8178
vn -0.4993 0.3176 0.8061
vn -0.5000 0.3891 0.7737
vn -0.5031 0.5048 0.7015
vn -0.5212 0.7956 0.3090
vn -0.5163 0.8411 0.1611
vn -0.8556 0.4222 0.2995
vn -0.8611 0.3223 0.3933
vn -0.8643 0.2436 0.4401
vn -0.5015 0.3269 0.8011
vn -0.8657 0.1934 0.4618
vn -0.8661 0.1678 0.4709
vn -0.8662 0.1631 0.4724
vn -0.8665 0.1785 0.4661
vn -0.8677 0.2160 0.4477
vn -0.8705 0.2778 0.4062
vn -0.5111 0.6576 0.5534
vn -0.8759 0.3583 0.3232
vn -0.8798 0.4618 0.1130
vn -0.9992 0.0382 -0.0101
vn -0.9997 0.0257 -0.0046
vn -0.9999 0.0158 -0.0028
vn -1.0000 0.0086 -0.0017
vn -1.0000 0.0027 -0.0006
vn -1.0000 -0.0027 0.0006
vn -1.0000 -0.0086 0.0017
vn -0.9999 -0.0158 0.0028
vn -0.9997 -0.0257 0.0046
vn -0.9992 -0.0382 0.0101
vn -0.8820 0.4311 0.1900
vn -0.9985 -0.0452 0.0321
vn -0.8759 -0.3583 -0.3232
vn -0.8705 -0.2778 -0.4062
vn -0.8677 -0.2160 -0.4477
vn -0.8665 -0.1785 -0.4661
vn -0.8662 -0.1631 -0.4724
vn -0.8661 -0.1678 -0.4709
vn -0.8657 -0.1934 -0.4618
vn -0.8643 -0.2436 -0.4401
vn -0.8611 -0.3223 -0.3933
vn -0.8556 -0.4222 -0.2995
vn -0.9986 -0.0469 0.0223
vn -0.8442 -0.5329 -0.0576
vn -0.8492 -0.5067 -0.1486
vn -0.0386 0.0033 0.9992
vn 0.8751 -0.4836 -0.0182
vn 0.9997 0.0180 -0.0150
vn 0.0386 -0.0033 -0.9992
vn -0.9956 -0.0184 -0.0920
vn -0.8529 -0.5151 -0.0849
vn -0.4811 -0.8739 -0.0693
vn 0.0201 -0.9986 -0.0495
vn -0.0160 0.9982 -0.0575
vn -0.5124 0.8554 -0.0762
vn 0.8570 0.5148 -0.0222
vn 0.5165 -0.8557 -0.0308
vn -0.8710 0.4833 -0.0888
vn 0.4853 0.8736 -0.0377
vn 0.4852 0.8736 -0.0377
vn -0.0386 -0.0033 -0.9992
vn 0.8498 0.4641 0.2498
vn 0.9685 -0.0169 0.2483
vn 0.9686 -0.0162 0.2483
vn 0.0386 0.0033 0.9992
vn -0.9577 0.0188 0.2872
vn -0.8195 0.4981 0.2836
vn -0.8176 0.5011 0.2835
vn -0.4548 0.8469 0.2756
vn 0.0246 0.9637 0.2657
vn 0.0306 0.9636 0.2656
vn -0.0104 -0.9629 0.2697
vn -0.4859 -0.8282 0.2791
vn -0.0043 -0.9630 0.2696
vn 0.8331 -0.4924 0.2518
vn 0.5034 0.8252 0.2563
vn 0.5076 0.8227 0.2562
vn -0.4902 -0.8257 0.2792
vn -0.8359 -0.4688 0.2856
vn 0.8313 -0.4954 0.2519
vn 0.4781 -0.8391 0.2596
vn 0.8486 0.4663 0.2499
vn -0.8371 -0.4666 0.2856
vn -0.4597 0.8442 0.2757
vn 0.4732 -0.8418 0.2597
vn -0.5182 -0.8478 0.1129
vn -0.0075 -0.9481 0.3180
vn -0.0153 -0.9936 0.1120
vn 0.4911 -0.8669 0.0856
vn 0.5092 -0.8208 0.2589
vn 0.8646 -0.5011 0.0354
vn 0.8760 -0.4651 0.1276
vn 0.9995 0.0032 -0.0325
vn 0.9992 0.0113 -0.0387
vn 0.8599 0.5009 -0.0983
vn 0.8566 0.4780 -0.1944
vn 0.4958 0.8571 -0.1400
vn 0.4942 0.8165 -0.2987
vn 0.0115 0.9895 -0.1440
vn -0.4800 0.8347 -0.2699
vn -0.4757 0.8728 -0.1096
vn -0.8479 0.5100 -0.1444
vn -0.8469 0.5297 -0.0468
vn -0.9986 0.0487 0.0189
vn -0.9989 0.0387 0.0254
vn -0.8840 -0.4328 0.1769
vn -0.8793 -0.4689 0.0837
vn -0.5239 -0.8020 0.2869
vn 0.0004 -0.7754 0.6315
vn -0.5031 -0.5048 0.7015
vn -0.5111 -0.6576 0.5534
vn -0.5000 -0.3891 0.7737
vn 0.0039 -0.5937 0.8047
vn -0.4993 -0.3176 0.8061
vn 0.0044 -0.4567 0.8896
vn -0.5001 -0.2849 0.8178
vn 0.0029 -0.3710 0.9286
vn -0.0018 -0.3313 0.9435
vn 0.0007 -0.3305 0.9438
vn -0.5011 -0.2880 0.8160
vn -0.0046 -0.3733 0.9277
vn -0.5005 -0.4065 0.7644
vn -0.5015 -0.3269 0.8011
vn -0.4972 -0.5332 0.6844
vn -0.0064 -0.4620 0.8868
vn -0.4906 -0.6934 0.5277
vn -0.0060 -0.6045 0.7966
vn 0.0072 -0.9412 0.3379
vn -0.0016 -0.7852 0.6193
vn -0.4815 -0.8308 0.2791
vn 0.0111 -0.9854 0.1696
vn 0.5115 -0.6771 0.5291
vn 0.5111 -0.5205 0.6839
vn 0.5087 -0.4003 0.7622
vn 0.5053 -0.3242 0.7997
vn 0.5016 -0.2875 0.8160
vn 0.4977 -0.2860 0.8188
vn 0.4938 -0.3203 0.8084
vn 0.4902 -0.3957 0.7766
vn 0.4877 -0.5183 0.7026
vn 0.4883 -0.6755 0.5526
vn 0.4943 -0.8119 0.3107
vn 0.4929 -0.8541 0.1663
vn 0.8766 -0.3917 0.2796
vn 0.8753 -0.3048 0.3756
vn 0.8729 -0.2352 0.4275
vn 0.8701 -0.1899 0.4547
vn 0.8673 -0.1669 0.4689
vn 0.8645 -0.1642 0.4751
vn 0.8615 -0.1823 0.4739
vn 0.8584 -0.2247 0.4610
vn 0.8556 -0.2961 0.4245
vn 0.8544 -0.3903 0.3430
vn 0.8570 -0.4735 0.2035
vn 0.9992 0.0004 -0.0402
vn 0.9995 -0.0051 -0.0312
vn 0.9998 -0.0062 -0.0210
vn 0.9999 -0.0045 -0.0119
vn 1.0000 -0.0016 -0.0038
vn 1.0000 0.0016 0.0038
vn 0.9999 0.0045 0.0119
vn 0.9998 0.0062 0.0210
vn 0.9995 0.0051 0.0312
vn 0.9992 -0.0004 0.0402
vn 0.9991 -0.0075 0.0419
vn 0.8562 -0.5024 0.1204
vn 0.8544 0.3903 -0.3430
vn 0.8556 0.2961 -0.4245
vn 0.8584 0.2247 -0.4610
vn 0.8615 0.1823 -0.4739
vn 0.8645 0.1642 -0.4751
vn 0.8673 0.1669 -0.4689
vn 0.8701 0.1899 -0.4547
vn 0.8729 0.2352 -0.4275
vn 0.8753 0.3048 -0.3756
vn 0.8766 0.3917 -0.2796
vn 0.8745 0.4661 -0.1340
vn 0.9991 -0.0090 0.0417
vn 0.4883 0.6755 -0.5526
vn 0.4877 0.5183 -0.7026
vn 0.4902 0.3957 -0.7766
vn 0.4938 0.3203 -0.8084
vn 0.4977 0.2860 -0.8188
vn 0.5016 0.2875 -0.8160
vn 0.5053 0.3242 -0.7997
vn 0.5087 0.4003 -0.7622
vn 0.5111 0.5205 -0.6839
vn 0.5115 0.6771 -0.5291
vn 0.5072 0.8164 -0.2761
vn 0.8684 0.4936 -0.0479
vn -0.0016 0.7852 -0.6193
vn 0.0082 0.9454 -0.3260
vn -0.0060 0.6045 -0.7966
vn -0.0064 0.4620 -0.8868
vn -0.0046 0.3733 -0.9277
vn -0.0018 0.3313 -0.9435
vn 0.0007 0.3305 -0.9438
vn 0.0029 0.3710 -0.9286
vn 0.0044 0.4567 -0.8896
vn 0.0039 0.5937 -0.8047
vn 0.0004 0.7754 -0.6315
vn -0.0080 0.9396 -0.3421
vn -0.0119 0.9863 -0.1648
vn -0.4906 0.6934 -0.5277
vn -0.4972 0.5332 -0.6844
vn -0.5005 0.4065 -0.7644
vn -0.5011 0.2880 -0.8160
vn -0.5015 0.3269 -0.8011
vn -0.5001 0.2849 -0.8178
vn -0.4993 0.3176 -0.8061
vn -0.5000 0.3891 -0.7737
vn -0.5031 0.5048 -0.7015
vn -0.5212 0.7956 -0.3090
vn -0.5111 0.6576 -0.5534
vn -0.5163 0.8411 -0.1611
vn -0.8556 0.4222 -0.2995
vn -0.8611 0.3223 -0.3933
vn -0.8643 0.2436 -0.4401
vn -0.8657 0.1934 -0.4618
vn -0.8661 0.1678 -0.4709
vn -0.8662 0.1631 -0.4724
vn -0.8665 0.1785 -0.4661
vn -0.8677 0.2160 -0.4477
vn -0.8705 0.2778 -0.4062
vn -0.8759 0.3583 -0.3232
vn -0.8798 0.4618 -0.1130
vn -0.8820 0.4311 -0.1900
vn -0.9992 0.0382 0.0101
vn -0.9997 0.0257 0.0046
vn -0.9999 0.0158 0.0028
vn -1.0000 0.0086 0.0017
vn -1.0000 0.0027 0.0006
vn -1.0000 -0.0027 -0.0006
vn -1.0000 -0.0086 -0.0017
vn -0.9999 -0.0158 -0.0028
vn -0.9997 -0.0257 -0.0046
vn -0.9992 -0.0382 -0.0101
vn -0.9985 -0.0452 -0.0321
vn -0.9986 -0.0469 -0.0223
vn -0.8759 -0.3583 0.3232
vn -0.8705 -0.2778 0.4062
vn -0.8677 -0.2160 0.4477
vn -0.8665 -0.1785 0.4661
vn -0.8662 -0.1631 0.4724
vn -0.8661 -0.1678 0.4709
vn -0.8657 -0.1934 0.4618
vn -0.8643 -0.2436 0.4401
vn -0.8611 -0.3223 0.3933
vn -0.8556 -0.4222 0.2995
vn -0.8442 -0.5329 0.0576
vn -0.8492 -0.5067 0.1486
vn -0.4730 -0.8713 0.1307
vn 0.8751 0.4836 0.0182
vn 0.9997 -0.0180 0.0150
vn -0.9956 0.0184 0.0920
vn -0.8529 0.5151 0.0849
vn -0.4811 0.8739 0.0693
vn 0.0201 0.9986 0.0495
vn -0.0160 -0.9982 0.0575
vn -0.5124 -0.8554 0.0762
vn 0.8570 -0.5148 0.0222
vn 0.5165 0.8557 0.0308
vn -0.8710 -0.4833 0.0888
vn 0.4853 -0.8736 0.0377
vn 0.8498 -0.4641 -0.2498
vn 0.9685 0.0169 -0.2483
vn 0.9686 0.0162 -0.2483
vn -0.9577 -0.0188 -0.2872
vn -0.8195 -0.4981 -0.2836
vn -0.8176 -0.5011 -0.2835
vn -0.4548 -0.8469 -0.2756
vn 0.0246 -0.9637 -0.2657
vn 0.0306 -0.9636 -0.2656
vn -0.0104 0.9629 -0.2697
vn -0.4859 0.8282 -0.2791
vn -0.0043 0.9630 -0.2696
vn 0.8331 0.4924 -0.2518
vn 0.5034 -0.8252 -0.2563
vn 0.5076 -0.8227 -0.2562
vn -0.4902 0.8257 -0.2792
vn -0.8359 0.4688 -0.2856
vn 0.8313 0.4954 -0.2519
vn 0.4781 0.8391 -0.2596
vn 0.8486 -0.4663 -0.2499
vn -0.8371 0.4666 -0.2856
vn -0.4597 -0.8442 -0.2757
vn 0.4732 0.8418 -0.2597
vn -0.5182 0.8478 -0.1129
vn -0.0075 0.9481 -0.3180
vn -0.0153 0.9936 -0.1120
vn 0.4911 0.8669 -0.0856
vn 0.5092 0.8208 -0.2589
vn 0.8646 0.5011 -0.0354
vn 0.8760 0.4651 -0.1276
vn 0.9995 -0.0032 0.0325
vn 0.9992 -0.0113 0.0387
vn 0.8599 -0.5009 0.0983
vn 0.8566 -0.4780 0.1944
vn 0.4958 -0.8571 0.1400
vn 0.4942 -0.8165 0.2987
vn 0.0115 -0.9895 0.1440
vn -0.4800 -0.8347 0.2699
vn -0.4757 -0.8728 0.1096
vn -0.8479 -0.5100 0.1444
vn -0.8469 -0.5297 0.0468
vn -0.9986 -0.0487 -0.0189
vn -0.9989 -0.0387 -0.0254
vn -0.8840 0.4328 -0.1769
vn -0.8793 0.4689 -0.0837
vn -0.5239 0.8020 -0.2869
vn 0.0072 0.9412 -0.3379
vn -0.4815 0.8308 -0.2791
vn 0.0111 0.9854 -0.1696
vn 0.4943 0.8119 -0.3107
vn 0.4929 0.8541 -0.1663
vn 0.8570 0.4735 -0.2035
vn 0.9991 0.0075 -0.0419
vn 0.8562 0.5024 -0.1204
vn 0.8745 -0.4661 0.1340
vn 0.9991 0.0090 -0.0417
vn 0.5072 -0.8164 0.2761
vn 0.8684 -0.4936 0.0479
vn 0.0082 -0.9454 0.3260
vn -0.0080 -0.9396 0.3421
vn -0.0119 -0.9863 0.1648
vn -0.5212 -0.7956 0.3090
vn -0.5163 -0.8411 0.1611
vn -0.8798 -0.4618 0.1130
vn -0.8820 -0.4311 0.1900
vn -0.9985 0.0452 0.0321
vn -0.9986 0.0469 0.0223
vn -0.8442 0.5329 -0.0576
vn -0.8492 0.5067 -0.1486
vn -0.4731 0.8713 -0.1307
vn 0.8751 0.4836 -0.0182
vn 0.9997 -0.0180 -0.0150
vn -0.8529 0.5151 -0.0849
vn -0.9956 0.0184 -0.0920
vn 0.0201 0.9986 -0.0495
vn -0.4811 0.8739 -0.0693
vn -0.5124 -0.8554 -0.0762
vn -0.0160 -0.9982 -0.0575
vn 0.8570 -0.5148 -0.0222
vn 0.5165 0.8557 -0.0308
vn -0.8710 -0.4833 -0.0888
vn 0.4853 -0.8736 -0.0377
vn 0.8498 -0.4641 0.2498
vn 0.9685 0.0169 0.2483
vn 0.8486 -0.4663 0.2499
vn -0.9577 -0.0188 0.2872
vn -0.8195 -0.4981 0.2836
vn -0.9577 -0.0181 0.2872
vn -0.4548 -0.8469 0.2756
vn 0.0246 -0.9637 0.2657
vn -0.4597 -0.8442 0.2757
vn -0.4859 0.8282 0.2791
vn -0.0104 0.9629 0.2697
vn -0.0043 0.9630 0.2696
vn 0.8331 0.4924 0.2518
vn 0.9686 0.0162 0.2483
vn 0.0306 -0.9636 0.2656
vn 0.5034 -0.8252 0.2563
vn -0.8359 0.4688 0.2856
vn -0.4902 0.8257 0.2792
vn 0.4781 0.8391 0.2596
vn 0.8313 0.4954 0.2519
vn 0.5076 -0.8227 0.2562
vn -0.8371 0.4666 0.2856
vn -0.8176 -0.5011 0.2835
vn 0.4732 0.8418 0.2597
vn -0.5182 0.8478 0.1129
vn -0.0075 0.9481 0.3180
vn -0.5239 0.8020 0.2869
vn 0.4911 0.8669 0.0856
vn -0.0153 0.9936 0.1120
vn 0.8646 0.5011 0.0354
vn 0.5092 0.8208 0.2589
vn 0.9995 -0.0032 -0.0325
vn 0.8760 0.4651 0.1276
vn 0.8599 -0.5009 -0.0983
vn 0.9992 -0.0113 -0.0387
vn 0.4958 -0.8571 -0.1400
vn 0.8566 -0.4780 -0.1944
vn 0.0115 -0.9895 -0.1440
vn 0.4942 -0.8165 -0.2987
vn -0.4800 -0.8347 -0.2699
vn 0.0082 -0.9454 -0.3260
vn -0.4757 -0.8728 -0.1096
vn -0.8479 -0.5100 -0.1444
vn -0.8469 -0.5297 -0.0468
vn -0.9986 -0.0487 0.0189
vn -0.9989 -0.0387 0.0254
vn -0.8840 0.4328 0.1769
vn -0.8793 0.4689 0.0837
vn 0.0072 0.9412 0.3379
vn -0.4815 0.8308 0.2791
vn 0.0111 0.9854 0.1696
vn -0.4731 0.8713 0.1307
vn 0.4943 0.8119 0.3107
vn 0.4929 0.8541 0.1663
vn 0.8570 0.4735 0.2035
vn 0.9991 0.0075 0.0419
vn 0.8562 0.5024 0.1204
vn 0.8745 -0.4661 -0.1340
vn 0.9991 0.0090 0.0417
vn 0.5072 -0.8164 -0.2761
vn 0.8684 -0.4936 -0.0479
vn -0.0080 -0.9396 -0.3421
vn -0.0119 -0.9863 -0.1648
vn 0.4970 -0.8589 -0.1233
vn -0.5212 -0.7956 -0.3090
vn -0.5163 -0.8411 -0.1611
vn -0.8798 -0.4618 -0.1130
vn -0.8820 -0.4311 -0.1900
vn -0.9985 0.0452 -0.0321
vn -0.9986 0.0469 -0.0223
vn -0.8442 0.5329 0.0576
vn -0.8492 0.5067 0.1486
vn 0.0386 -0.0032 0.9992
vn 0.0386 -0.0032 -0.9992
vn -0.9577 0.0181 0.2872
vn 0.4970 0.8589 -0.1233
vn 0.0386 0.0032 0.9992
vn -0.9577 -0.0181 -0.2872
vn 0.4970 -0.8589 0.1233
vn 0.0386 0.0032 -0.9992
vn 0.0386 0.0033 -0.9993
vt 0.346183 0.963921
vt 0.346912 0.966125
vt 0.345724 0.964047
vt 0.354132 0.961732
vt 0.354591 0.964011
vt 0.354132 0.963888
vt 0.349092 0.958807
vt 0.351345 0.958333
vt 0.351222 0.958799
vt 0.346183 0.961764
vt 0.345724 0.961642
vt 0.353067 0.965760
vt 0.353403 0.966099
vt 0.349092 0.966854
vt 0.351345 0.967310
vt 0.348969 0.967319
vt 0.353403 0.959528
vt 0.353067 0.959869
vt 0.346912 0.959554
vt 0.347248 0.959893
vt 0.351222 0.966845
vt 0.347248 0.965783
vt 0.354591 0.961606
vt 0.348969 0.958343
vt 0.963100 0.871295
vt 0.965270 0.868932
vt 0.965281 0.871242
vt 0.389641 0.961548
vt 0.397114 0.959502
vt 0.395112 0.967086
vt 0.960400 0.489292
vt 0.958430 0.487337
vt 0.960575 0.487243
vt 0.960575 0.493814
vt 0.958259 0.491679
vt 0.960400 0.491697
vt 0.629831 0.962924
vt 0.627663 0.960534
vt 0.629831 0.960531
vt 0.963100 0.866664
vt 0.963089 0.868926
vt 0.958726 0.494973
vt 0.958430 0.493743
vt 0.627743 0.964765
vt 0.627663 0.962866
vt 0.965310 0.865216
vt 0.965281 0.866727
vt 0.965310 0.873036
vt 0.963130 0.873135
vt 0.958726 0.486223
vt 0.960878 0.486100
vt 0.958259 0.489334
vt 0.629912 0.958333
vt 0.627743 0.958392
vt 0.362999 0.961732
vt 0.362271 0.959528
vt 0.363459 0.961606
vt 0.355050 0.963921
vt 0.354591 0.961642
vt 0.355050 0.961764
vt 0.360090 0.966846
vt 0.357837 0.967319
vt 0.357960 0.966854
vt 0.362999 0.963888
vt 0.363459 0.964011
vt 0.355779 0.959554
vt 0.356115 0.959893
vt 0.357960 0.958807
vt 0.360213 0.958333
vt 0.360090 0.958799
vt 0.356115 0.965784
vt 0.355779 0.966125
vt 0.362271 0.966099
vt 0.361934 0.965760
vt 0.357837 0.958343
vt 0.361934 0.959869
vt 0.354591 0.964047
vt 0.360213 0.967310
vt 0.614741 0.959949
vt 0.610237 0.962301
vt 0.610210 0.960623
vt 0.947929 0.164392
vt 0.942312 0.165929
vt 0.943817 0.160229
vt 0.596666 0.959414
vt 0.601336 0.959466
vt 0.601192 0.960258
vt 0.947775 0.871920
vt 0.952302 0.869868
vt 0.952302 0.871627
vt 0.596554 0.963827
vt 0.601192 0.965066
vt 0.596666 0.965976
vt 0.614741 0.964591
vt 0.614778 0.962239
vt 0.947775 0.869519
vt 0.952350 0.868288
vt 0.596554 0.961425
vt 0.601110 0.963491
vt 0.614640 0.966374
vt 0.610210 0.964024
vt 0.614640 0.958333
vt 0.610136 0.959439
vt 0.601110 0.961731
vt 0.947840 0.873923
vt 0.952350 0.873094
vt 0.601336 0.966034
vt 0.596862 0.967298
vt 0.972636 0.127754
vt 0.972573 0.130982
vt 0.970967 0.129912
vt 0.975112 0.129659
vt 0.974122 0.128986
vt 0.959251 0.925166
vt 0.960451 0.928157
vt 0.958333 0.926479
vt 0.960387 0.923390
vt 0.961747 0.927187
vt 0.961437 0.921626
vt 0.963409 0.925881
vt 0.962121 0.920346
vt 0.964993 0.924588
vt 0.440704 0.967193
vt 0.442635 0.962219
vt 0.442636 0.967280
vt 0.438553 0.962075
vt 0.440703 0.961934
vt 0.438552 0.967162
vt 0.436761 0.962604
vt 0.436756 0.967193
vt 0.435806 0.963379
vt 0.969796 0.125000
vt 0.969076 0.128882
vt 0.967406 0.128166
vt 0.971053 0.126296
vt 0.972023 0.132360
vt 0.970342 0.131465
vt 0.326088 0.959772
vt 0.323919 0.961121
vt 0.323996 0.959362
vt 0.326014 0.961406
vt 0.323856 0.963597
vt 0.325953 0.963786
vt 0.323814 0.966662
vt 0.325910 0.966789
vt 0.323795 0.970131
vt 0.325890 0.973912
vt 0.323797 0.973830
vt 0.325911 0.977704
vt 0.323819 0.977609
vt 0.323859 0.981344
vt 0.325950 0.981481
vt 0.323918 0.984924
vt 0.326009 0.985135
vt 0.323994 0.988172
vt 0.973400 0.155788
vt 0.973750 0.160478
vt 0.972088 0.159549
vt 0.971285 0.164317
vt 0.969717 0.163236
vt 0.326170 0.958785
vt 0.328158 0.959428
vt 0.328082 0.961168
vt 0.328021 0.963622
vt 0.327979 0.966666
vt 0.327960 0.970114
vt 0.325889 0.970223
vt 0.327962 0.973792
vt 0.327984 0.977550
vt 0.328025 0.981264
vt 0.328083 0.984821
vt 0.328158 0.988051
vt 0.326086 0.988489
vt 0.328247 0.990593
vt 0.326177 0.991147
vt 0.972333 0.164823
vt 0.962781 0.929134
vt 0.961252 0.929679
vt 0.963240 0.931544
vt 0.961633 0.931723
vt 0.963198 0.934427
vt 0.961592 0.934363
vt 0.962746 0.937677
vt 0.961160 0.937477
vt 0.962023 0.941168
vt 0.960452 0.940912
vt 0.961197 0.944793
vt 0.959628 0.944545
vt 0.960442 0.948461
vt 0.958863 0.948289
vt 0.959946 0.952106
vt 0.958353 0.952090
vt 0.959920 0.955676
vt 0.958333 0.955924
vt 0.960620 0.959107
vt 0.959126 0.959741
vt 0.962329 0.962225
vt 0.961088 0.963298
vt 0.964368 0.966170
vt 0.964771 0.928416
vt 0.965344 0.931337
vt 0.965305 0.934562
vt 0.964827 0.938008
vt 0.964087 0.941585
vt 0.963260 0.945206
vt 0.962522 0.948781
vt 0.962049 0.952223
vt 0.962016 0.955443
vt 0.962598 0.958356
vt 0.963970 0.960882
vt 0.965211 0.964751
vt 0.966689 0.927717
vt 0.967380 0.931156
vt 0.967347 0.934732
vt 0.966847 0.938380
vt 0.966091 0.942050
vt 0.965265 0.945674
vt 0.964545 0.949163
vt 0.964097 0.952408
vt 0.964062 0.955286
vt 0.964529 0.957690
vt 0.965572 0.959629
vt 0.966317 0.962939
vt 0.968021 0.927225
vt 0.968803 0.931050
vt 0.968777 0.934890
vt 0.954469 0.169741
vt 0.955998 0.172949
vt 0.954497 0.173305
vt 0.956005 0.176707
vt 0.954507 0.176990
vt 0.955992 0.180385
vt 0.954499 0.180660
vt 0.955958 0.183833
vt 0.954469 0.184166
vt 0.965542 0.952614
vt 0.965508 0.955248
vt 0.965896 0.957286
vt 0.966704 0.958801
vt 0.967390 0.961218
vt 0.440399 0.958333
vt 0.442342 0.958788
vt 0.955868 0.162447
vt 0.958005 0.165373
vt 0.955930 0.165677
vt 0.958049 0.169027
vt 0.955973 0.169235
vt 0.958073 0.172803
vt 0.958078 0.176596
vt 0.958063 0.180284
vt 0.958028 0.183719
vt 0.957973 0.186721
vt 0.955904 0.186877
vt 0.957901 0.189101
vt 0.955832 0.189331
vt 0.957821 0.190735
vt 0.955749 0.191070
vt 0.618342 0.958333
vt 0.616575 0.960355
vt 0.616915 0.958393
vt 0.614893 0.960297
vt 0.615061 0.958333
vt 0.438261 0.958613
vt 0.960033 0.162343
vt 0.957942 0.162018
vt 0.960095 0.165592
vt 0.960139 0.169172
vt 0.960170 0.176687
vt 0.960157 0.180385
vt 0.960123 0.183854
vt 0.960068 0.186919
vt 0.959996 0.189395
vt 0.617864 0.960304
vt 0.616668 0.962502
vt 0.614789 0.962440
vt 0.961580 0.163336
vt 0.961640 0.166277
vt 0.961684 0.169632
vt 0.960164 0.172908
vt 0.961712 0.173234
vt 0.961722 0.176955
vt 0.961713 0.180661
vt 0.961682 0.184203
vt 0.961630 0.187418
vt 0.961555 0.190135
vt 0.959911 0.191154
vt 0.619059 0.964177
vt 0.618126 0.962443
vt 0.614778 0.964187
vt 0.965103 0.131173
vt 0.966405 0.127957
vt 0.966347 0.130780
vt 0.964640 0.134289
vt 0.965954 0.133436
vt 0.964783 0.137258
vt 0.966084 0.136120
vt 0.965320 0.140118
vt 0.966590 0.138826
vt 0.966077 0.142908
vt 0.967326 0.141549
vt 0.966902 0.145641
vt 0.968146 0.144283
vt 0.967649 0.148312
vt 0.968907 0.147023
vt 0.968179 0.150895
vt 0.969463 0.149764
vt 0.968371 0.153339
vt 0.969668 0.152500
vt 0.968143 0.155586
vt 0.969376 0.155224
vt 0.967435 0.157663
vt 0.966727 0.160587
vt 0.966106 0.159727
vt 0.968265 0.130887
vt 0.967947 0.133074
vt 0.968065 0.135467
vt 0.968541 0.138012
vt 0.969256 0.140662
vt 0.970074 0.143390
vt 0.970850 0.146192
vt 0.971433 0.149084
vt 0.971653 0.152105
vt 0.971300 0.155298
vt 0.968442 0.157924
vt 0.968049 0.161871
vt 0.970082 0.133301
vt 0.970195 0.135472
vt 0.970650 0.137893
vt 0.971352 0.140483
vt 0.972168 0.143201
vt 0.972956 0.146043
vt 0.973560 0.149039
vt 0.973793 0.152261
vt 0.970146 0.158615
vt 0.398271 0.963876
vt 0.392800 0.958338
vt 0.390797 0.965922
vt 0.960878 0.495076
vt 0.629912 0.964871
vt 0.963130 0.865114
vt 0.941444 0.162642
vt 0.945555 0.166804
vt 0.947060 0.161105
vt 0.596862 0.958333
vt 0.947840 0.867363
vt 0.435797 0.967280
vt 0.975112 0.156563
vt 0.328247 0.958333
vt 0.974685 0.161151
vt 0.966073 0.923655
vt 0.965970 0.949504
vt 0.617171 0.964259
vt 0.392800 0.967091
vt 0.389641 0.963893
vt 0.390797 0.959514
vt 0.395112 0.958333
vt 0.398271 0.961531
vt 0.397114 0.965910
vt 0.945555 0.160226
vt 0.947929 0.162629
vt 0.947060 0.165920
vt 0.943817 0.166808
vt 0.941444 0.164404
vt 0.942312 0.161114
vt 0.610136 0.965330
vt 0.973463 0.131803
vt 0.968142 0.960049
vt 0.436500 0.959551
vt 0.961460 0.192216
s 1
f 1450/336/1124 1463/337/1124 1462/338/1124
f 1444/339/1124 1455/340/1124 1443/341/1124
f 1447/342/1124 1458/343/1124 1446/344/1124
f 1449/345/1124 1462/338/1124 1461/346/1124
f 1442/347/1124 1455/340/1124 1454/348/1124
f 1452/349/1124 1453/350/1124 1464/351/1124
f 1446/344/1124 1457/352/1124 1445/353/1124
f 1449/345/1124 1460/354/1124 1448/355/1124
f 1442/347/1124 1453/350/1124 1441/356/1124
f 1451/357/1124 1464/351/1124 1463/337/1124
f 1444/339/1124 1457/352/1124 1456/358/1124
f 1448/355/1124 1459/359/1124 1447/342/1124
f 1457/360/1125 1470/361/1126 1469/362/1125
f 1468/363/1127 1472/364/1127 1476/365/1127
f 1453/366/1128 1476/367/1129 1464/368/1129
f 1455/369/1130 1466/370/1131 1454/371/1131
f 1462/372/1132 1473/373/1133 1461/374/1133
f 1459/375/1134 1470/361/1126 1458/376/1126
f 1455/369/1130 1468/377/1135 1467/378/1130
f 1462/372/1132 1475/379/1136 1474/380/1132
f 1459/375/1134 1472/381/1137 1471/382/1134
f 1457/360/1125 1468/383/1135 1456/384/1135
f 1464/368/1129 1475/385/1136 1463/386/1136
f 1453/366/1128 1466/370/1131 1465/387/1128
f 1460/388/1138 1473/373/1133 1472/389/1137
f 1486/390/1139 1499/391/1139 1498/392/1139
f 1480/393/1139 1491/394/1139 1479/395/1139
f 1483/396/1139 1494/397/1139 1482/398/1139
f 1485/399/1139 1498/392/1139 1497/400/1139
f 1479/395/1139 1490/401/1139 1478/402/1139
f 1477/403/1139 1500/404/1139 1488/405/1139
f 1481/406/1139 1494/397/1139 1493/407/1139
f 1485/399/1139 1496/408/1139 1484/409/1139
f 1478/402/1139 1489/410/1139 1477/403/1139
f 1487/411/1139 1500/404/1139 1499/391/1139
f 1480/393/1139 1493/407/1139 1492/412/1139
f 1484/409/1139 1495/413/1139 1483/396/1139
f 1493/414/1140 1506/415/1141 1505/416/1142
f 1504/417/1143 1508/418/1143 1512/419/1143
f 1500/420/1144 1501/421/1145 1512/422/1146
f 1490/423/1147 1503/424/1148 1502/425/1149
f 1498/426/1150 1509/427/1151 1497/428/1152
f 1495/429/1153 1506/415/1141 1494/430/1154
f 1491/431/1155 1504/432/1156 1503/424/1148
f 1499/433/1157 1510/434/1158 1498/426/1150
f 1496/435/1159 1507/436/1160 1495/429/1153
f 1492/437/1161 1505/416/1142 1504/438/1156
f 1500/420/1144 1511/439/1162 1499/433/1157
f 1489/440/1163 1502/425/1149 1501/441/1145
f 1497/428/1152 1508/442/1164 1496/443/1159
f 1486/444/1165 1536/445/1166 1513/446/1167
f 1484/447/1168 1536/445/1166 1485/448/1169
f 1483/449/1170 1548/450/1171 1484/451/1168
f 1482/452/1172 1560/453/1173 1483/449/1170
f 1481/454/1174 1572/455/1175 1482/452/1172
f 1480/456/1176 1584/457/1177 1481/454/1174
f 1479/458/1178 1596/459/1179 1480/460/1176
f 1479/458/1178 1620/461/1180 1608/462/1181
f 1478/463/1182 1632/464/1183 1620/461/1180
f 1477/465/1184 1644/466/1185 1632/464/1183
f 1488/467/1186 1656/468/1187 1644/469/1185
f 1487/470/1188 1513/446/1167 1656/468/1187
f 1513/446/1167 1535/471/1189 1514/472/1190
f 1535/473/1189 1515/474/1191 1514/475/1190
f 1534/476/1192 1516/477/1193 1515/474/1191
f 1533/478/1194 1517/479/1195 1516/477/1193
f 1532/480/1196 1518/481/1197 1517/479/1195
f 1518/481/1197 1530/482/1198 1519/483/1199
f 1519/483/1199 1529/484/1200 1520/485/1201
f 1529/484/1200 1521/486/1202 1520/485/1201
f 1528/487/1203 1522/488/1204 1521/486/1202
f 1527/489/1205 1523/490/1206 1522/488/1204
f 1523/491/1206 1525/492/1207 1524/493/1208
f 1524/493/1208 1443/494/1209 1442/495/1210
f 1536/496/1166 1547/497/1211 1535/473/1189
f 1535/473/1189 1546/498/1212 1534/476/1192
f 1534/476/1192 1545/499/1213 1533/478/1194
f 1533/478/1194 1544/500/1214 1532/480/1196
f 1532/480/1196 1543/501/1215 1531/502/1216
f 1531/502/1216 1542/503/1217 1530/482/1198
f 1530/482/1198 1541/504/1218 1529/484/1200
f 1529/484/1200 1540/505/1219 1528/487/1203
f 1528/487/1203 1539/506/1220 1527/489/1205
f 1527/489/1205 1538/507/1221 1526/508/1222
f 1526/508/1222 1537/509/1223 1525/510/1207
f 1525/492/1207 1444/511/1224 1443/494/1209
f 1548/450/1171 1559/512/1225 1547/513/1211
f 1547/513/1211 1558/514/1226 1546/515/1212
f 1546/515/1212 1557/516/1227 1545/517/1213
f 1545/517/1213 1556/518/1228 1544/519/1214
f 1544/519/1214 1555/520/1229 1543/521/1215
f 1543/521/1215 1554/522/1230 1542/523/1217
f 1542/523/1217 1553/524/1231 1541/525/1218
f 1541/525/1218 1552/526/1232 1540/527/1219
f 1540/527/1219 1551/528/1233 1539/529/1220
f 1539/529/1220 1550/530/1234 1538/531/1221
f 1538/531/1221 1549/532/1235 1537/533/1223
f 1549/532/1235 1444/534/1224 1537/533/1223
f 1560/453/1173 1571/535/1236 1559/512/1225
f 1559/512/1225 1570/536/1237 1558/514/1226
f 1558/514/1226 1569/537/1238 1557/516/1227
f 1557/516/1227 1568/538/1239 1556/518/1228
f 1556/518/1228 1567/539/1240 1555/520/1229
f 1555/520/1229 1566/540/1241 1554/522/1230
f 1554/522/1230 1565/541/1242 1553/524/1231
f 1553/524/1231 1564/542/1243 1552/526/1232
f 1552/526/1232 1563/543/1244 1551/528/1233
f 1551/528/1233 1562/544/1245 1550/530/1234
f 1550/530/1234 1561/545/1246 1549/532/1235
f 1561/545/1246 1445/546/1247 1549/532/1235
f 1572/455/1175 1583/547/1248 1571/535/1236
f 1571/535/1236 1582/548/1249 1570/536/1237
f 1570/536/1237 1581/549/1250 1569/537/1238
f 1569/537/1238 1580/550/1251 1568/538/1239
f 1568/538/1239 1579/551/1252 1567/539/1240
f 1567/539/1240 1578/552/1253 1566/540/1241
f 1566/540/1241 1577/553/1254 1565/541/1242
f 1565/541/1242 1576/554/1255 1564/542/1243
f 1564/542/1243 1575/555/1256 1563/543/1244
f 1563/543/1244 1574/556/1257 1562/544/1245
f 1562/544/1245 1573/557/1258 1561/545/1246
f 1573/557/1258 1446/558/1259 1561/545/1246
f 1584/457/1177 1595/559/1260 1583/547/1248
f 1583/547/1248 1594/560/1261 1582/548/1249
f 1582/548/1249 1593/561/1262 1581/549/1250
f 1581/562/1250 1592/563/1263 1580/564/1251
f 1580/564/1251 1591/565/1264 1579/566/1252
f 1579/566/1252 1590/567/1265 1578/568/1253
f 1578/568/1253 1589/569/1266 1577/570/1254
f 1577/553/1254 1588/571/1267 1576/554/1255
f 1576/554/1255 1587/572/1268 1575/555/1256
f 1575/555/1256 1586/573/1269 1574/556/1257
f 1574/556/1257 1585/574/1270 1573/557/1258
f 1585/574/1270 1447/575/1271 1573/557/1258
f 1596/459/1179 1607/576/1272 1595/577/1260
f 1595/578/1260 1606/579/1273 1594/580/1261
f 1594/580/1261 1605/581/1274 1593/582/1262
f 1593/582/1262 1604/583/1275 1592/563/1263
f 1592/563/1263 1603/584/1276 1591/565/1264
f 1591/565/1264 1602/585/1277 1590/567/1265
f 1590/567/1265 1601/586/1278 1589/569/1266
f 1589/569/1266 1600/587/1279 1588/588/1267
f 1588/588/1267 1599/589/1280 1587/590/1268
f 1587/590/1268 1598/591/1281 1586/592/1269
f 1586/593/1269 1597/594/1282 1585/595/1270
f 1585/595/1270 1449/596/1283 1448/597/1284
f 1608/462/1181 1619/598/1285 1607/576/1272
f 1619/599/1285 1606/579/1273 1607/600/1272
f 1618/601/1286 1605/581/1274 1606/579/1273
f 1617/602/1287 1604/583/1275 1605/581/1274
f 1604/583/1275 1615/603/1288 1603/584/1276
f 1603/584/1276 1614/604/1289 1602/585/1277
f 1614/604/1289 1601/586/1278 1602/585/1277
f 1613/605/1290 1600/587/1279 1601/586/1278
f 1612/606/1291 1599/589/1280 1600/587/1279
f 1611/607/1292 1598/591/1281 1599/589/1280
f 1598/608/1281 1609/609/1293 1597/594/1282
f 1597/594/1282 1450/610/1294 1449/596/1283
f 1632/464/1183 1619/598/1285 1620/461/1180
f 1631/611/1295 1618/601/1286 1619/599/1285
f 1630/612/1296 1617/602/1287 1618/601/1286
f 1629/613/1297 1616/614/1298 1617/602/1287
f 1628/615/1299 1615/603/1288 1616/614/1298
f 1627/616/1300 1614/604/1289 1615/603/1288
f 1626/617/1301 1613/605/1290 1614/604/1289
f 1625/618/1302 1612/606/1291 1613/605/1290
f 1624/619/1303 1611/607/1292 1612/606/1291
f 1623/620/1304 1610/621/1305 1611/607/1292
f 1622/622/1306 1609/609/1293 1610/623/1305
f 1609/609/1293 1451/624/1307 1450/610/1294
f 1644/469/1185 1631/625/1295 1632/626/1183
f 1643/627/1308 1630/628/1296 1631/625/1295
f 1642/629/1309 1629/630/1297 1630/628/1296
f 1641/631/1310 1628/632/1299 1629/630/1297
f 1640/633/1311 1627/634/1300 1628/632/1299
f 1639/635/1312 1626/636/1301 1627/634/1300
f 1638/637/1313 1625/638/1302 1626/636/1301
f 1637/639/1314 1624/640/1303 1625/638/1302
f 1636/641/1315 1623/642/1304 1624/640/1303
f 1635/643/1316 1622/644/1306 1623/642/1304
f 1634/645/1317 1621/646/1318 1622/644/1306
f 1621/646/1318 1452/647/1319 1451/648/1307
f 1656/468/1187 1643/627/1308 1644/469/1185
f 1655/649/1320 1642/629/1309 1643/627/1308
f 1654/650/1321 1641/631/1310 1642/629/1309
f 1653/651/1322 1640/633/1311 1641/631/1310
f 1652/652/1323 1639/635/1312 1640/633/1311
f 1651/653/1324 1638/637/1313 1639/635/1312
f 1650/654/1325 1637/639/1314 1638/637/1313
f 1649/655/1326 1636/641/1315 1637/639/1314
f 1648/656/1327 1635/643/1316 1636/641/1315
f 1647/657/1328 1634/645/1317 1635/643/1316
f 1646/658/1329 1633/659/1330 1634/645/1317
f 1633/659/1330 1441/660/1331 1452/647/1319
f 1513/446/1167 1655/649/1320 1656/468/1187
f 1514/472/1190 1654/650/1321 1655/649/1320
f 1515/661/1191 1653/651/1322 1654/650/1321
f 1516/662/1193 1652/652/1323 1653/651/1322
f 1517/663/1195 1651/653/1324 1652/652/1323
f 1518/664/1197 1650/654/1325 1651/653/1324
f 1519/665/1199 1649/655/1326 1650/654/1325
f 1520/666/1201 1648/656/1327 1649/655/1326
f 1521/667/1202 1647/657/1328 1648/656/1327
f 1522/668/1204 1646/658/1329 1647/657/1328
f 1523/491/1206 1645/669/1332 1646/658/1329
f 1645/669/1332 1442/495/1210 1441/660/1331
f 1666/336/1333 1679/337/1333 1667/357/1333
f 1671/340/1333 1660/339/1333 1659/341/1333
f 1674/343/1333 1663/342/1333 1662/344/1333
f 1665/345/1333 1678/338/1333 1666/336/1333
f 1658/347/1333 1671/340/1333 1659/341/1333
f 1680/351/1333 1657/356/1333 1668/349/1333
f 1673/352/1333 1662/344/1333 1661/353/1333
f 1676/354/1333 1665/345/1333 1664/355/1333
f 1669/350/1333 1658/347/1333 1657/356/1333
f 1667/357/1333 1680/351/1333 1668/349/1333
f 1672/358/1333 1661/353/1333 1660/339/1333
f 1675/359/1333 1664/355/1333 1663/342/1333
f 1673/360/1334 1686/361/1335 1674/376/1335
f 1690/670/1336 1686/671/1336 1682/672/1336
f 1692/367/1337 1669/366/1338 1680/368/1337
f 1682/370/1339 1671/369/1340 1670/371/1339
f 1689/373/1341 1678/372/1342 1677/374/1341
f 1686/361/1335 1675/375/1343 1674/376/1335
f 1671/369/1340 1684/377/1344 1672/673/1344
f 1678/372/1342 1691/379/1345 1679/674/1345
f 1675/375/1343 1688/381/1346 1676/675/1347
f 1684/383/1344 1673/360/1334 1672/384/1344
f 1691/385/1345 1680/368/1337 1679/386/1345
f 1669/366/1338 1682/370/1339 1670/371/1339
f 1676/388/1347 1689/373/1341 1677/374/1341
f 1702/390/1348 1715/391/1348 1703/411/1348
f 1707/394/1348 1696/393/1348 1695/395/1348
f 1710/397/1348 1699/396/1348 1698/398/1348
f 1701/399/1348 1714/392/1348 1702/390/1348
f 1706/401/1348 1695/395/1348 1694/402/1348
f 1704/405/1348 1705/410/1348 1693/403/1348
f 1697/406/1348 1710/397/1348 1698/398/1348
f 1712/408/1348 1701/399/1348 1700/409/1348
f 1705/410/1348 1694/402/1348 1693/403/1348
f 1703/411/1348 1716/404/1348 1704/405/1348
f 1696/393/1348 1709/407/1348 1697/406/1348
f 1711/413/1348 1700/409/1348 1699/396/1348
f 1709/414/1349 1722/415/1350 1710/430/1351
f 1726/676/1352 1722/677/1352 1718/678/1352
f 1716/420/1353 1717/421/1354 1705/679/1355
f 1706/423/1356 1719/424/1357 1707/431/1358
f 1725/427/1359 1714/426/1360 1713/428/1361
f 1722/415/1350 1711/429/1362 1710/430/1351
f 1707/431/1358 1720/432/1363 1708/680/1364
f 1726/434/1365 1715/433/1366 1714/426/1360
f 1723/436/1367 1712/435/1368 1711/429/1362
f 1708/437/1364 1721/416/1369 1709/414/1349
f 1727/439/1370 1716/420/1353 1715/433/1366
f 1705/440/1355 1718/425/1371 1706/423/1356
f 1724/442/1372 1713/428/1361 1712/443/1368
f 1702/444/1373 1752/445/1374 1701/448/1375
f 1752/445/1374 1700/447/1376 1701/448/1375
f 1764/450/1377 1699/449/1378 1700/451/1376
f 1776/453/1379 1698/452/1380 1699/449/1378
f 1788/455/1381 1697/454/1382 1698/452/1380
f 1800/457/1383 1696/456/1384 1697/454/1382
f 1812/459/1385 1695/458/1386 1696/460/1384
f 1695/458/1386 1836/461/1387 1694/463/1388
f 1694/463/1388 1848/464/1389 1693/465/1390
f 1693/465/1390 1860/466/1391 1704/681/1392
f 1704/467/1392 1872/468/1393 1703/470/1394
f 1703/470/1394 1729/446/1395 1702/444/1373
f 1729/446/1395 1751/471/1396 1752/445/1374
f 1731/474/1397 1751/473/1396 1730/475/1398
f 1732/477/1399 1750/476/1400 1731/474/1397
f 1733/479/1401 1749/478/1402 1732/477/1399
f 1734/481/1403 1748/480/1404 1733/479/1401
f 1734/481/1403 1746/482/1405 1747/502/1406
f 1735/483/1407 1745/484/1408 1746/482/1405
f 1737/486/1409 1745/484/1408 1736/485/1410
f 1738/488/1411 1744/487/1412 1737/486/1409
f 1739/490/1413 1743/489/1414 1738/488/1411
f 1739/491/1413 1741/492/1415 1742/682/1416
f 1740/493/1417 1659/494/1418 1741/492/1415
f 1752/496/1374 1763/497/1419 1764/683/1377
f 1751/473/1396 1762/498/1420 1763/497/1419
f 1750/476/1400 1761/499/1421 1762/498/1420
f 1749/478/1402 1760/500/1422 1761/499/1421
f 1748/480/1404 1759/501/1423 1760/500/1422
f 1747/502/1406 1758/503/1424 1759/501/1423
f 1746/482/1405 1757/504/1425 1758/503/1424
f 1745/484/1408 1756/505/1426 1757/504/1425
f 1744/487/1412 1755/506/1427 1756/505/1426
f 1743/489/1414 1754/507/1428 1755/506/1427
f 1742/508/1416 1753/509/1429 1754/507/1428
f 1741/492/1415 1660/511/1430 1753/684/1429
f 1764/450/1377 1775/512/1431 1776/453/1379
f 1763/513/1419 1774/514/1432 1775/512/1431
f 1762/515/1420 1773/516/1433 1774/514/1432
f 1761/517/1421 1772/518/1434 1773/516/1433
f 1760/519/1422 1771/520/1435 1772/518/1434
f 1759/521/1423 1770/522/1436 1771/520/1435
f 1758/523/1424 1769/524/1437 1770/522/1436
f 1757/525/1425 1768/526/1438 1769/524/1437
f 1756/527/1426 1767/528/1439 1768/526/1438
f 1755/529/1427 1766/530/1440 1767/528/1439
f 1754/531/1428 1765/532/1441 1766/530/1440
f 1660/534/1430 1765/532/1441 1753/533/1429
f 1776/453/1379 1787/535/1442 1788/455/1381
f 1775/512/1431 1786/536/1443 1787/535/1442
f 1774/514/1432 1785/537/1444 1786/536/1443
f 1773/516/1433 1784/538/1445 1785/537/1444
f 1772/518/1434 1783/539/1446 1784/538/1445
f 1771/520/1435 1782/540/1447 1783/539/1446
f 1770/522/1436 1781/541/1448 1782/540/1447
f 1769/524/1437 1780/542/1449 1781/541/1448
f 1768/526/1438 1779/543/1450 1780/542/1449
f 1767/528/1439 1778/544/1451 1779/543/1450
f 1766/530/1440 1777/545/1452 1778/544/1451
f 1661/546/1453 1777/545/1452 1765/532/1441
f 1788/455/1381 1799/547/1454 1800/457/1383
f 1787/535/1442 1798/548/1455 1799/547/1454
f 1786/536/1443 1797/549/1456 1798/548/1455
f 1785/537/1444 1796/550/1457 1797/549/1456
f 1784/538/1445 1795/551/1458 1796/550/1457
f 1783/539/1446 1794/552/1459 1795/551/1458
f 1782/540/1447 1793/553/1460 1794/552/1459
f 1781/541/1448 1792/554/1461 1793/553/1460
f 1780/542/1449 1791/555/1462 1792/554/1461
f 1779/543/1450 1790/556/1463 1791/555/1462
f 1778/544/1451 1789/557/1464 1790/556/1463
f 1662/558/1465 1789/557/1464 1777/545/1452
f 1800/457/1383 1811/559/1466 1812/685/1385
f 1799/547/1454 1810/560/1467 1811/559/1466
f 1798/548/1455 1809/561/1468 1810/560/1467
f 1797/562/1456 1808/563/1469 1809/582/1468
f 1796/564/1457 1807/565/1470 1808/563/1469
f 1795/566/1458 1806/567/1471 1807/565/1470
f 1794/568/1459 1805/569/1472 1806/567/1471
f 1793/553/1460 1804/571/1473 1805/686/1472
f 1792/554/1461 1803/572/1474 1804/571/1473
f 1791/555/1462 1802/573/1475 1803/572/1474
f 1790/556/1463 1801/574/1476 1802/573/1475
f 1663/575/1477 1801/574/1476 1789/557/1464
f 1812/459/1385 1823/576/1478 1824/462/1479
f 1811/578/1466 1822/579/1480 1823/600/1478
f 1810/580/1467 1821/581/1481 1822/579/1480
f 1809/582/1468 1820/583/1482 1821/581/1481
f 1808/563/1469 1819/584/1483 1820/583/1482
f 1807/565/1470 1818/585/1484 1819/584/1483
f 1806/567/1471 1817/586/1485 1818/585/1484
f 1805/569/1472 1816/587/1486 1817/586/1485
f 1804/588/1473 1815/589/1487 1816/587/1486
f 1803/590/1474 1814/591/1488 1815/589/1487
f 1802/593/1475 1813/594/1489 1814/608/1488
f 1801/595/1476 1665/596/1490 1813/594/1489
f 1824/462/1479 1835/598/1491 1836/461/1387
f 1822/579/1480 1835/599/1491 1823/600/1478
f 1821/581/1481 1834/601/1492 1822/579/1480
f 1820/583/1482 1833/602/1493 1821/581/1481
f 1820/583/1482 1831/603/1494 1832/614/1495
f 1819/584/1483 1830/604/1496 1831/603/1494
f 1817/586/1485 1830/604/1496 1818/585/1484
f 1816/587/1486 1829/605/1497 1817/586/1485
f 1815/589/1487 1828/606/1498 1816/587/1486
f 1814/591/1488 1827/607/1499 1815/589/1487
f 1814/608/1488 1825/609/1500 1826/623/1501
f 1813/594/1489 1666/610/1502 1825/609/1500
f 1835/598/1491 1848/464/1389 1836/461/1387
f 1834/601/1492 1847/611/1503 1835/599/1491
f 1833/602/1493 1846/612/1504 1834/601/1492
f 1832/614/1495 1845/613/1505 1833/602/1493
f 1831/603/1494 1844/615/1506 1832/614/1495
f 1830/604/1496 1843/616/1507 1831/603/1494
f 1829/605/1497 1842/617/1508 1830/604/1496
f 1828/606/1498 1841/618/1509 1829/605/1497
f 1827/607/1499 1840/619/1510 1828/606/1498
f 1826/621/1501 1839/620/1511 1827/607/1499
f 1825/609/1500 1838/622/1512 1826/623/1501
f 1825/609/1500 1667/624/1513 1837/687/1514
f 1847/625/1503 1860/469/1391 1848/626/1389
f 1846/628/1504 1859/627/1515 1847/625/1503
f 1845/630/1505 1858/629/1516 1846/628/1504
f 1844/632/1506 1857/631/1517 1845/630/1505
f 1843/634/1507 1856/633/1518 1844/632/1506
f 1842/636/1508 1855/635/1519 1843/634/1507
f 1841/638/1509 1854/637/1520 1842/636/1508
f 1840/640/1510 1853/639/1521 1841/638/1509
f 1839/642/1511 1852/641/1522 1840/640/1510
f 1838/644/1512 1851/643/1523 1839/642/1511
f 1837/646/1514 1850/645/1524 1838/644/1512
f 1837/646/1514 1668/647/1525 1849/659/1526
f 1859/627/1515 1872/468/1393 1860/469/1391
f 1858/629/1516 1871/649/1527 1859/627/1515
f 1857/631/1517 1870/650/1528 1858/629/1516
f 1856/633/1518 1869/651/1529 1857/631/1517
f 1855/635/1519 1868/652/1530 1856/633/1518
f 1854/637/1520 1867/653/1531 1855/635/1519
f 1853/639/1521 1866/654/1532 1854/637/1520
f 1852/641/1522 1865/655/1533 1853/639/1521
f 1851/643/1523 1864/656/1534 1852/641/1522
f 1850/645/1524 1863/657/1535 1851/643/1523
f 1849/659/1526 1862/658/1536 1850/645/1524
f 1849/659/1526 1657/660/1537 1861/669/1538
f 1871/649/1527 1729/446/1395 1872/468/1393
f 1870/650/1528 1730/472/1398 1871/649/1527
f 1869/651/1529 1731/661/1397 1870/650/1528
f 1868/652/1530 1732/662/1399 1869/651/1529
f 1867/653/1531 1733/663/1401 1868/652/1530
f 1866/654/1532 1734/664/1403 1867/653/1531
f 1865/655/1533 1735/665/1407 1866/654/1532
f 1864/656/1534 1736/666/1410 1865/655/1533
f 1863/657/1535 1737/667/1409 1864/656/1534
f 1862/658/1536 1738/668/1411 1863/657/1535
f 1861/669/1538 1739/491/1413 1862/658/1536
f 1861/669/1538 1658/495/1539 1740/493/1417
f 1882/336/1348 1895/337/1348 1883/357/1348
f 1887/340/1348 1876/339/1348 1875/341/1348
f 1878/344/1348 1891/359/1348 1879/342/1348
f 1881/345/1348 1894/338/1348 1882/336/1348
f 1874/347/1348 1887/340/1348 1875/341/1348
f 1896/351/1348 1873/356/1348 1884/349/1348
f 1889/352/1348 1878/344/1348 1877/353/1348
f 1880/355/1348 1893/346/1348 1881/345/1348
f 1885/350/1348 1874/347/1348 1873/356/1348
f 1883/357/1348 1896/351/1348 1884/349/1348
f 1888/358/1348 1877/353/1348 1876/339/1348
f 1891/359/1348 1880/355/1348 1879/342/1348
f 1889/360/1540 1902/361/1541 1890/376/1541
f 1906/670/1352 1902/671/1352 1898/672/1352
f 1908/367/1542 1885/366/1543 1896/368/1542
f 1898/370/1544 1887/369/1545 1886/371/1544
f 1905/373/1546 1894/372/1547 1893/374/1546
f 1890/376/1541 1903/382/1548 1891/375/1548
f 1887/369/1545 1900/377/1549 1888/673/1549
f 1894/372/1547 1907/379/1550 1895/674/1550
f 1903/382/1548 1892/675/1551 1891/375/1548
f 1900/383/1549 1889/360/1540 1888/384/1549
f 1907/385/1550 1896/368/1542 1895/386/1550
f 1885/366/1543 1898/370/1544 1886/371/1544
f 1892/388/1551 1905/373/1546 1893/374/1546
f 1918/390/1333 1931/391/1333 1919/411/1333
f 1923/394/1333 1912/393/1333 1911/395/1333
f 1926/397/1333 1915/396/1333 1914/398/1333
f 1917/399/1333 1930/392/1333 1918/390/1333
f 1922/401/1333 1911/395/1333 1910/402/1333
f 1932/404/1333 1909/403/1333 1920/405/1333
f 1925/407/1333 1914/398/1333 1913/406/1333
f 1928/408/1333 1917/399/1333 1916/409/1333
f 1921/410/1333 1910/402/1333 1909/403/1333
f 1919/411/1333 1932/404/1333 1920/405/1333
f 1924/412/1333 1913/406/1333 1912/393/1333
f 1927/413/1333 1916/409/1333 1915/396/1333
f 1925/414/1552 1938/415/1553 1926/430/1554
f 1942/676/1336 1938/677/1336 1934/678/1336
f 1932/420/1555 1933/421/1556 1921/679/1557
f 1922/423/1558 1935/424/1559 1923/431/1560
f 1941/427/1561 1930/426/1562 1929/428/1563
f 1938/415/1553 1927/429/1564 1926/430/1554
f 1923/431/1560 1936/432/1565 1924/680/1566
f 1942/434/1567 1931/433/1568 1930/426/1562
f 1939/436/1569 1928/435/1570 1927/429/1564
f 1924/437/1566 1937/416/1571 1925/414/1552
f 1943/439/1572 1932/420/1555 1931/433/1568
f 1921/440/1557 1934/425/1573 1922/423/1558
f 1940/442/1574 1929/428/1563 1928/443/1570
f 1918/444/1575 1968/445/1576 1917/448/1577
f 1968/445/1576 1916/447/1578 1917/448/1577
f 1980/450/1579 1915/449/1580 1916/451/1578
f 1992/453/1581 1914/452/1582 1915/449/1580
f 2004/455/1583 1913/454/1584 1914/452/1582
f 2016/457/1585 1912/456/1586 1913/454/1584
f 2028/459/1587 1911/458/1588 1912/460/1586
f 1911/458/1588 2052/461/1589 1910/463/1590
f 1910/463/1590 2064/464/1591 1909/465/1592
f 1909/465/1592 2076/466/1593 1920/681/1594
f 1920/467/1594 2088/468/1595 1919/470/1596
f 1919/470/1596 1945/446/1597 1918/444/1575
f 1945/446/1597 1967/471/1488 1968/445/1576
f 1947/474/1499 1967/473/1488 1946/475/1501
f 1948/477/1498 1966/476/1487 1947/474/1499
f 1949/479/1497 1965/478/1486 1948/477/1498
f 1950/481/1496 1964/480/1485 1949/479/1497
f 1950/481/1496 1962/482/1483 1963/502/1484
f 1951/483/1494 1961/484/1482 1962/482/1483
f 1953/486/1493 1961/484/1482 1952/485/1495
f 1954/488/1492 1960/487/1481 1953/486/1493
f 1955/490/1491 1959/489/1480 1954/488/1492
f 1955/491/1491 1957/492/1598 1958/682/1478
f 1956/493/1599 1875/494/1600 1957/492/1598
f 1968/496/1576 1979/497/1475 1980/683/1579
f 1967/473/1488 1978/498/1474 1979/497/1475
f 1966/476/1487 1977/499/1473 1978/498/1474
f 1965/478/1486 1976/500/1472 1977/499/1473
f 1964/480/1485 1975/501/1471 1976/500/1472
f 1963/502/1484 1974/503/1470 1975/501/1471
f 1962/482/1483 1973/504/1469 1974/503/1470
f 1961/484/1482 1972/505/1468 1973/504/1469
f 1960/487/1481 1971/506/1467 1972/505/1468
f 1959/489/1480 1970/507/1466 1971/506/1467
f 1958/508/1478 1969/509/1601 1970/507/1466
f 1957/492/1598 1876/511/1602 1969/684/1601
f 1980/450/1579 1991/512/1463 1992/453/1581
f 1979/513/1475 1990/514/1462 1991/512/1463
f 1978/515/1474 1989/516/1461 1990/514/1462
f 1977/517/1473 1988/518/1460 1989/516/1461
f 1976/519/1472 1987/520/1459 1988/518/1460
f 1975/521/1471 1986/522/1458 1987/520/1459
f 1974/523/1470 1985/524/1457 1986/522/1458
f 1973/525/1469 1984/526/1456 1985/524/1457
f 1972/527/1468 1983/528/1455 1984/526/1456
f 1971/529/1467 1982/530/1454 1983/528/1455
f 1970/531/1466 1981/532/1603 1982/530/1454
f 1876/534/1602 1981/532/1603 1969/533/1601
f 1992/453/1581 2003/535/1451 2004/455/1583
f 1991/512/1463 2002/536/1450 2003/535/1451
f 1990/514/1462 2001/537/1449 2002/536/1450
f 1989/516/1461 2000/538/1448 2001/537/1449
f 1988/518/1460 1999/539/1447 2000/538/1448
f 1987/520/1459 1998/540/1446 1999/539/1447
f 1986/522/1458 1997/541/1445 1998/540/1446
f 1985/524/1457 1996/542/1444 1997/541/1445
f 1984/526/1456 1995/543/1443 1996/542/1444
f 1983/528/1455 1994/544/1442 1995/543/1443
f 1982/530/1454 1993/545/1604 1994/544/1442
f 1877/546/1605 1993/545/1604 1981/532/1603
f 2004/455/1583 2015/547/1440 2016/457/1585
f 2003/535/1451 2014/548/1439 2015/547/1440
f 2002/536/1450 2013/549/1438 2014/548/1439
f 2001/537/1449 2012/550/1437 2013/549/1438
f 2000/538/1448 2011/551/1436 2012/550/1437
f 1999/539/1447 2010/552/1435 2011/551/1436
f 1998/540/1446 2009/553/1434 2010/552/1435
f 1997/541/1445 2008/554/1433 2009/553/1434
f 1996/542/1444 2007/555/1432 2008/554/1433
f 1995/543/1443 2006/556/1431 2007/555/1432
f 1994/544/1442 2005/557/1606 2006/556/1431
f 1878/558/1607 2005/557/1606 1993/545/1604
f 2016/457/1585 2027/559/1428 2028/685/1587
f 2015/547/1440 2026/560/1427 2027/559/1428
f 2014/548/1439 2025/561/1426 2026/560/1427
f 2013/562/1438 2024/563/1425 2025/582/1426
f 2012/564/1437 2023/565/1424 2024/563/1425
f 2011/566/1436 2022/567/1423 2023/565/1424
f 2010/568/1435 2021/569/1422 2022/567/1423
f 2009/553/1434 2020/571/1421 2021/686/1422
f 2008/554/1433 2019/572/1420 2020/571/1421
f 2007/555/1432 2018/573/1419 2019/572/1420
f 2006/556/1431 2017/574/1608 2018/573/1419
f 1879/575/1609 2017/574/1608 2005/557/1606
f 2028/459/1587 2039/576/1416 2040/462/1610
f 2027/578/1428 2038/579/1414 2039/600/1416
f 2026/580/1427 2037/581/1412 2038/579/1414
f 2025/582/1426 2036/583/1408 2037/581/1412
f 2024/563/1425 2035/584/1405 2036/583/1408
f 2023/565/1424 2034/585/1406 2035/584/1405
f 2022/567/1423 2033/586/1404 2034/585/1406
f 2021/569/1422 2032/587/1402 2033/586/1404
f 2020/588/1421 2031/589/1400 2032/587/1402
f 2019/590/1420 2030/591/1396 2031/589/1400
f 2018/593/1419 2029/594/1611 2030/608/1396
f 2017/595/1608 1881/596/1612 2029/594/1611
f 2040/462/1610 2051/598/1413 2052/461/1589
f 2038/579/1414 2051/599/1413 2039/600/1416
f 2037/581/1412 2050/601/1411 2038/579/1414
f 2036/583/1408 2049/602/1409 2037/581/1412
f 2036/583/1408 2047/603/1407 2048/614/1410
f 2035/584/1405 2046/604/1403 2047/603/1407
f 2033/586/1404 2046/604/1403 2034/585/1406
f 2032/587/1402 2045/605/1401 2033/586/1404
f 2031/589/1400 2044/606/1399 2032/587/1402
f 2030/591/1396 2043/607/1397 2031/589/1400
f 2030/608/1396 2041/609/1613 2042/623/1398
f 2029/594/1611 1882/610/1614 2041/609/1613
f 2051/598/1413 2064/464/1591 2052/461/1589
f 2050/601/1411 2063/611/1536 2051/599/1413
f 2049/602/1409 2062/612/1535 2050/601/1411
f 2048/614/1410 2061/613/1534 2049/602/1409
f 2047/603/1407 2060/615/1533 2048/614/1410
f 2046/604/1403 2059/616/1532 2047/603/1407
f 2045/605/1401 2058/617/1531 2046/604/1403
f 2044/606/1399 2057/618/1530 2045/605/1401
f 2043/607/1397 2056/619/1529 2044/606/1399
f 2042/621/1398 2055/620/1528 2043/607/1397
f 2041/609/1613 2054/622/1527 2042/623/1398
f 2041/609/1613 1883/624/1615 2053/687/1616
f 2063/625/1536 2076/469/1593 2064/626/1591
f 2062/628/1535 2075/627/1524 2063/625/1536
f 2061/630/1534 2074/629/1523 2062/628/1535
f 2060/632/1533 2073/631/1522 2061/630/1534
f 2059/634/1532 2072/633/1521 2060/632/1533
f 2058/636/1531 2071/635/1520 2059/634/1532
f 2057/638/1530 2070/637/1519 2058/636/1531
f 2056/640/1529 2069/639/1518 2057/638/1530
f 2055/642/1528 2068/641/1517 2056/640/1529
f 2054/644/1527 2067/643/1516 2055/642/1528
f 2053/646/1616 2066/645/1515 2054/644/1527
f 2053/646/1616 1884/647/1617 2065/659/1618
f 2075/627/1524 2088/468/1595 2076/469/1593
f 2074/629/1523 2087/649/1512 2075/627/1524
f 2073/631/1522 2086/650/1511 2074/629/1523
f 2072/633/1521 2085/651/1510 2073/631/1522
f 2071/635/1520 2084/652/1509 2072/633/1521
f 2070/637/1519 2083/653/1508 2071/635/1520
f 2069/639/1518 2082/654/1507 2070/637/1519
f 2068/641/1517 2081/655/1506 2069/639/1518
f 2067/643/1516 2080/656/1505 2068/641/1517
f 2066/645/1515 2079/657/1504 2067/643/1516
f 2065/659/1618 2078/658/1503 2066/645/1515
f 2065/659/1618 1873/660/1619 2077/669/1620
f 2087/649/1512 1945/446/1597 2088/468/1595
f 2086/650/1511 1946/472/1501 2087/649/1512
f 2085/651/1510 1947/661/1499 2086/650/1511
f 2084/652/1509 1948/662/1498 2085/651/1510
f 2083/653/1508 1949/663/1497 2084/652/1509
f 2082/654/1507 1950/664/1496 2083/653/1508
f 2081/655/1506 1951/665/1494 2082/654/1507
f 2080/656/1505 1952/666/1495 2081/655/1506
f 2079/657/1504 1953/667/1493 2080/656/1505
f 2078/658/1503 1954/668/1492 2079/657/1504
f 2077/669/1620 1955/491/1491 2078/658/1503
f 2077/669/1620 1874/495/1621 1956/493/1599
f 2098/336/1139 2111/337/1139 2110/338/1139
f 2092/339/1139 2103/340/1139 2091/341/1139
f 2094/344/1139 2107/359/1139 2106/343/1139
f 2097/345/1139 2110/338/1139 2109/346/1139
f 2090/347/1139 2103/340/1139 2102/348/1139
f 2089/356/1139 2112/351/1139 2100/349/1139
f 2094/344/1139 2105/352/1139 2093/353/1139
f 2096/355/1139 2109/346/1139 2108/354/1139
f 2090/347/1139 2101/350/1139 2089/356/1139
f 2099/357/1139 2112/351/1139 2111/337/1139
f 2093/353/1139 2104/358/1139 2092/339/1139
f 2096/355/1139 2107/359/1139 2095/342/1139
f 2105/360/1622 2118/361/1623 2117/362/1622
f 2116/363/1143 2120/364/1143 2124/365/1143
f 2101/366/1624 2124/367/1625 2112/368/1625
f 2103/369/1626 2114/370/1627 2102/371/1627
f 2110/372/1628 2121/373/1629 2109/374/1629
f 2106/376/1623 2119/382/1630 2118/361/1623
f 2103/369/1626 2116/377/1631 2115/378/1626
f 2110/372/1628 2123/379/1632 2122/380/1628
f 2108/675/1633 2119/382/1630 2107/375/1630
f 2105/360/1622 2116/383/1631 2104/384/1631
f 2112/368/1625 2123/385/1632 2111/386/1632
f 2101/366/1624 2114/370/1627 2113/387/1624
f 2108/388/1633 2121/373/1629 2120/389/1633
f 2134/390/1124 2147/391/1124 2146/392/1124
f 2128/393/1124 2139/394/1124 2127/395/1124
f 2131/396/1124 2142/397/1124 2130/398/1124
f 2133/399/1124 2146/392/1124 2145/400/1124
f 2127/395/1124 2138/401/1124 2126/402/1124
f 2125/403/1124 2148/404/1124 2136/405/1124
f 2130/398/1124 2141/407/1124 2129/406/1124
f 2133/399/1124 2144/408/1124 2132/409/1124
f 2126/402/1124 2137/410/1124 2125/403/1124
f 2135/411/1124 2148/404/1124 2147/391/1124
f 2129/406/1124 2140/412/1124 2128/393/1124
f 2132/409/1124 2143/413/1124 2131/396/1124
f 2141/414/1634 2154/415/1635 2153/416/1636
f 2152/417/1127 2156/418/1127 2160/419/1127
f 2148/420/1637 2149/421/1638 2160/422/1639
f 2138/423/1640 2151/424/1641 2150/425/1642
f 2146/426/1643 2157/427/1644 2145/428/1645
f 2143/429/1646 2154/415/1635 2142/430/1647
f 2139/431/1648 2152/432/1649 2151/424/1641
f 2147/433/1650 2158/434/1651 2146/426/1643
f 2144/435/1652 2155/436/1653 2143/429/1646
f 2140/437/1654 2153/416/1636 2152/438/1649
f 2148/420/1637 2159/439/1655 2147/433/1650
f 2137/440/1656 2150/425/1642 2149/441/1638
f 2145/428/1645 2156/442/1657 2144/443/1652
f 2134/444/1658 2184/445/1659 2161/446/1660
f 2132/447/1661 2184/445/1659 2133/448/1662
f 2131/449/1663 2196/450/1664 2132/451/1661
f 2130/452/1665 2208/453/1666 2131/449/1663
f 2129/454/1667 2220/455/1668 2130/452/1665
f 2128/456/1669 2232/457/1670 2129/454/1667
f 2127/458/1671 2244/459/1672 2128/460/1669
f 2127/458/1671 2268/461/1673 2256/462/1674
f 2126/463/1675 2280/464/1676 2268/461/1673
f 2125/465/1677 2292/466/1678 2280/464/1676
f 2136/467/1679 2304/468/1680 2292/469/1678
f 2135/470/1681 2161/446/1660 2304/468/1680
f 2161/446/1660 2183/471/1281 2162/472/1305
f 2183/473/1281 2163/474/1292 2162/475/1305
f 2182/476/1280 2164/477/1291 2163/474/1292
f 2181/478/1279 2165/479/1290 2164/477/1291
f 2180/480/1278 2166/481/1289 2165/479/1290
f 2166/481/1289 2178/482/1276 2167/483/1288
f 2167/483/1288 2177/484/1275 2168/485/1298
f 2177/484/1275 2169/486/1287 2168/485/1298
f 2176/487/1274 2170/488/1286 2169/486/1287
f 2175/489/1273 2171/490/1285 2170/488/1286
f 2171/491/1285 2173/492/1682 2172/493/1683
f 2172/493/1683 2091/494/1684 2090/495/1685
f 2184/496/1659 2195/497/1269 2183/473/1281
f 2183/473/1281 2194/498/1268 2182/476/1280
f 2182/476/1280 2193/499/1267 2181/478/1279
f 2181/478/1279 2192/500/1266 2180/480/1278
f 2180/480/1278 2191/501/1265 2179/502/1277
f 2179/502/1277 2190/503/1264 2178/482/1276
f 2178/482/1276 2189/504/1263 2177/484/1275
f 2177/484/1275 2188/505/1262 2176/487/1274
f 2176/487/1274 2187/506/1261 2175/489/1273
f 2175/489/1273 2186/507/1260 2174/508/1272
f 2174/508/1272 2185/509/1686 2173/510/1682
f 2173/492/1682 2092/511/1687 2091/494/1684
f 2196/450/1664 2207/512/1257 2195/513/1269
f 2195/513/1269 2206/514/1256 2194/515/1268
f 2194/515/1268 2205/516/1255 2193/517/1267
f 2193/517/1267 2204/518/1254 2192/519/1266
f 2192/519/1266 2203/520/1253 2191/521/1265
f 2191/521/1265 2202/522/1252 2190/523/1264
f 2190/523/1264 2201/524/1251 2189/525/1263
f 2189/525/1263 2200/526/1250 2188/527/1262
f 2188/527/1262 2199/528/1249 2187/529/1261
f 2187/529/1261 2198/530/1248 2186/531/1260
f 2186/531/1260 2197/532/1688 2185/533/1686
f 2197/532/1688 2092/534/1687 2185/533/1686
f 2208/453/1666 2219/535/1245 2207/512/1257
f 2207/512/1257 2218/536/1244 2206/514/1256
f 2206/514/1256 2217/537/1243 2205/516/1255
f 2205/516/1255 2216/538/1242 2204/518/1254
f 2204/518/1254 2215/539/1241 2203/520/1253
f 2203/520/1253 2214/540/1240 2202/522/1252
f 2202/522/1252 2213/541/1239 2201/524/1251
f 2201/524/1251 2212/542/1238 2200/526/1250
f 2200/526/1250 2211/543/1237 2199/528/1249
f 2199/528/1249 2210/544/1236 2198/530/1248
f 2198/530/1248 2209/545/1689 2197/532/1688
f 2209/545/1689 2093/546/1690 2197/532/1688
f 2220/455/1668 2231/547/1234 2219/535/1245
f 2219/535/1245 2230/548/1233 2218/536/1244
f 2218/536/1244 2229/549/1232 2217/537/1243
f 2217/537/1243 2228/550/1231 2216/538/1242
f 2216/538/1242 2227/551/1230 2215/539/1241
f 2215/539/1241 2226/552/1229 2214/540/1240
f 2214/540/1240 2225/553/1228 2213/541/1239
f 2213/541/1239 2224/554/1227 2212/542/1238
f 2212/542/1238 2223/555/1226 2211/543/1237
f 2211/543/1237 2222/556/1225 2210/544/1236
f 2210/544/1236 2221/557/1691 2209/545/1689
f 2221/557/1691 2094/558/1692 2209/545/1689
f 2232/457/1670 2243/559/1221 2231/547/1234
f 2231/547/1234 2242/560/1220 2230/548/1233
f 2230/548/1233 2241/561/1219 2229/549/1232
f 2229/562/1232 2240/563/1218 2228/564/1231
f 2228/564/1231 2239/565/1217 2227/566/1230
f 2227/566/1230 2238/567/1215 2226/568/1229
f 2226/568/1229 2237/569/1214 2225/570/1228
f 2225/553/1228 2236/571/1213 2224/554/1227
f 2224/554/1227 2235/572/1212 2223/555/1226
f 2223/555/1226 2234/573/1211 2222/556/1225
f 2222/556/1225 2233/574/1693 2221/557/1691
f 2233/574/1693 2095/575/1694 2221/557/1691
f 2244/459/1672 2255/576/1222 2243/577/1221
f 2243/578/1221 2254/579/1205 2242/580/1220
f 2242/580/1220 2253/581/1203 2241/582/1219
f 2241/582/1219 2252/583/1200 2240/563/1218
f 2240/563/1218 2251/584/1198 2239/565/1217
f 2239/565/1217 2250/585/1216 2238/567/1215
f 2238/567/1215 2249/586/1196 2237/569/1214
f 2237/569/1214 2248/587/1194 2236/588/1213
f 2236/588/1213 2247/589/1192 2235/590/1212
f 2235/590/1212 2246/591/1189 2234/592/1211
f 2234/593/1211 2245/594/1695 2233/595/1693
f 2233/595/1693 2097/596/1696 2096/597/1697
f 2256/462/1674 2267/598/1206 2255/576/1222
f 2267/599/1206 2254/579/1205 2255/600/1222
f 2266/601/1204 2253/581/1203 2254/579/1205
f 2265/602/1202 2252/583/1200 2253/581/1203
f 2252/583/1200 2263/603/1199 2251/584/1198
f 2251/584/1198 2262/604/1197 2250/585/1216
f 2262/604/1197 2249/586/1196 2250/585/1216
f 2261/605/1195 2248/587/1194 2249/586/1196
f 2260/606/1193 2247/589/1192 2248/587/1194
f 2259/607/1191 2246/591/1189 2247/589/1192
f 2246/608/1189 2257/609/1698 2245/594/1695
f 2245/594/1695 2098/610/1699 2097/596/1696
f 2280/464/1676 2267/598/1206 2268/461/1673
f 2279/611/1329 2266/601/1204 2267/599/1206
f 2278/612/1328 2265/602/1202 2266/601/1204
f 2277/613/1327 2264/614/1201 2265/602/1202
f 2276/615/1326 2263/603/1199 2264/614/1201
f 2275/616/1325 2262/604/1197 2263/603/1199
f 2274/617/1324 2261/605/1195 2262/604/1197
f 2273/618/1323 2260/606/1193 2261/605/1195
f 2272/619/1322 2259/607/1191 2260/606/1193
f 2271/620/1321 2258/621/1190 2259/607/1191
f 2270/622/1320 2257/609/1698 2258/623/1190
f 2257/609/1698 2099/624/1700 2098/610/1699
f 2292/469/1678 2279/625/1329 2280/626/1676
f 2291/627/1317 2278/628/1328 2279/625/1329
f 2290/629/1316 2277/630/1327 2278/628/1328
f 2289/631/1315 2276/632/1326 2277/630/1327
f 2288/633/1314 2275/634/1325 2276/632/1326
f 2287/635/1313 2274/636/1324 2275/634/1325
f 2286/637/1312 2273/638/1323 2274/636/1324
f 2285/639/1311 2272/640/1322 2273/638/1323
f 2284/641/1310 2271/642/1321 2272/640/1322
f 2283/643/1309 2270/644/1320 2271/642/1321
f 2282/645/1308 2269/646/1701 2270/644/1320
f 2269/646/1701 2100/647/1702 2099/648/1700
f 2304/468/1680 2291/627/1317 2292/469/1678
f 2303/649/1306 2290/629/1316 2291/627/1317
f 2302/650/1304 2289/631/1315 2290/629/1316
f 2301/651/1303 2288/633/1314 2289/631/1315
f 2300/652/1302 2287/635/1313 2288/633/1314
f 2299/653/1301 2286/637/1312 2287/635/1313
f 2298/654/1300 2285/639/1311 2286/637/1312
f 2297/655/1299 2284/641/1310 2285/639/1311
f 2296/656/1297 2283/643/1309 2284/641/1310
f 2295/657/1296 2282/645/1308 2283/643/1309
f 2294/658/1295 2281/659/1703 2282/645/1308
f 2281/659/1703 2089/660/1704 2100/647/1702
f 2161/446/1660 2303/649/1306 2304/468/1680
f 2162/472/1305 2302/650/1304 2303/649/1306
f 2163/661/1292 2301/651/1303 2302/650/1304
f 2164/662/1291 2300/652/1302 2301/651/1303
f 2165/663/1290 2299/653/1301 2300/652/1302
f 2166/664/1289 2298/654/1300 2299/653/1301
f 2167/665/1288 2297/655/1299 2298/654/1300
f 2168/666/1298 2296/656/1297 2297/655/1299
f 2169/667/1287 2295/657/1296 2296/656/1297
f 2170/668/1286 2294/658/1295 2295/657/1296
f 2171/491/1285 2293/669/1705 2294/658/1295
f 2293/669/1705 2090/495/1685 2089/660/1704
f 1450/336/1124 1451/357/1124 1463/337/1124
f 1444/339/1124 1456/358/1124 1455/340/1124
f 1447/342/1124 1459/359/1124 1458/343/1124
f 1449/345/1124 1450/336/1124 1462/338/1124
f 1442/347/1124 1443/341/1124 1455/340/1124
f 1452/349/1124 1441/356/1124 1453/350/1124
f 1446/344/1124 1458/343/1124 1457/352/1124
f 1449/345/1124 1461/346/1124 1460/354/1124
f 1442/347/1124 1454/348/1124 1453/350/1124
f 1451/357/1124 1452/349/1124 1464/351/1124
f 1444/339/1124 1445/353/1124 1457/352/1124
f 1448/355/1124 1460/354/1124 1459/359/1124
f 1457/360/1125 1458/376/1126 1470/361/1126
f 1476/365/1127 1465/688/1127 1466/672/1127
f 1466/672/1127 1467/689/1127 1468/363/1127
f 1468/363/1127 1469/690/1706 1470/671/1127
f 1470/671/1127 1471/691/1127 1472/364/1127
f 1472/364/1127 1473/692/1127 1474/670/1127
f 1474/670/1127 1475/693/1127 1476/365/1127
f 1476/365/1127 1466/672/1127 1468/363/1127
f 1468/363/1127 1470/671/1127 1472/364/1127
f 1472/364/1127 1474/670/1127 1476/365/1127
f 1453/366/1128 1465/387/1128 1476/367/1129
f 1455/369/1130 1467/378/1130 1466/370/1131
f 1462/372/1132 1474/380/1132 1473/373/1133
f 1459/375/1134 1471/382/1134 1470/361/1126
f 1455/369/1130 1456/673/1135 1468/377/1135
f 1462/372/1132 1463/674/1136 1475/379/1136
f 1459/375/1134 1460/675/1138 1472/381/1137
f 1457/360/1125 1469/362/1125 1468/383/1135
f 1464/368/1129 1476/367/1129 1475/385/1136
f 1453/366/1128 1454/371/1131 1466/370/1131
f 1460/388/1138 1461/374/1133 1473/373/1133
f 1486/390/1139 1487/411/1139 1499/391/1139
f 1480/393/1139 1492/412/1139 1491/394/1139
f 1483/396/1139 1495/413/1139 1494/397/1139
f 1485/399/1139 1486/390/1139 1498/392/1139
f 1479/395/1139 1491/394/1139 1490/401/1139
f 1477/403/1139 1489/410/1139 1500/404/1139
f 1481/406/1139 1482/398/1139 1494/397/1139
f 1485/399/1139 1497/400/1139 1496/408/1139
f 1478/402/1139 1490/401/1139 1489/410/1139
f 1487/411/1139 1488/405/1139 1500/404/1139
f 1480/393/1139 1481/406/1139 1493/407/1139
f 1484/409/1139 1496/408/1139 1495/413/1139
f 1493/414/1140 1494/430/1154 1506/415/1141
f 1512/419/1143 1501/694/1143 1502/678/1143
f 1502/678/1143 1503/695/1143 1504/417/1143
f 1504/417/1143 1505/696/1143 1506/677/1143
f 1506/677/1143 1507/697/1143 1508/418/1143
f 1508/418/1143 1509/698/1143 1510/676/1143
f 1510/676/1143 1511/699/1143 1512/419/1143
f 1512/419/1143 1502/678/1143 1504/417/1143
f 1504/417/1143 1506/677/1143 1508/418/1143
f 1508/418/1143 1510/676/1143 1512/419/1143
f 1500/420/1144 1489/679/1163 1501/421/1145
f 1490/423/1147 1491/431/1155 1503/424/1148
f 1498/426/1150 1510/434/1158 1509/427/1151
f 1495/429/1153 1507/436/1160 1506/415/1141
f 1491/431/1155 1492/680/1161 1504/432/1156
f 1499/433/1157 1511/439/1162 1510/434/1158
f 1496/435/1159 1508/700/1164 1507/436/1160
f 1492/437/1161 1493/414/1140 1505/416/1142
f 1500/420/1144 1512/422/1146 1511/439/1162
f 1489/440/1163 1490/423/1147 1502/425/1149
f 1497/428/1152 1509/427/1151 1508/442/1164
f 1486/444/1165 1485/448/1169 1536/445/1166
f 1484/447/1168 1548/701/1171 1536/445/1166
f 1483/449/1170 1560/453/1173 1548/450/1171
f 1482/452/1172 1572/455/1175 1560/453/1173
f 1481/454/1174 1584/457/1177 1572/455/1175
f 1480/456/1176 1596/685/1179 1584/457/1177
f 1479/458/1178 1608/462/1181 1596/459/1179
f 1479/458/1178 1478/463/1182 1620/461/1180
f 1478/463/1182 1477/465/1184 1632/464/1183
f 1477/465/1184 1488/681/1186 1644/466/1185
f 1488/467/1186 1487/470/1188 1656/468/1187
f 1487/470/1188 1486/444/1165 1513/446/1167
f 1513/446/1167 1536/445/1166 1535/471/1189
f 1535/473/1189 1534/476/1192 1515/474/1191
f 1534/476/1192 1533/478/1194 1516/477/1193
f 1533/478/1194 1532/480/1196 1517/479/1195
f 1532/480/1196 1531/502/1216 1518/481/1197
f 1518/481/1197 1531/502/1216 1530/482/1198
f 1519/483/1199 1530/482/1198 1529/484/1200
f 1529/484/1200 1528/487/1203 1521/486/1202
f 1528/487/1203 1527/489/1205 1522/488/1204
f 1527/489/1205 1526/508/1222 1523/490/1206
f 1523/491/1206 1526/682/1222 1525/492/1207
f 1524/493/1208 1525/492/1207 1443/494/1209
f 1536/496/1166 1548/683/1171 1547/497/1211
f 1535/473/1189 1547/497/1211 1546/498/1212
f 1534/476/1192 1546/498/1212 1545/499/1213
f 1533/478/1194 1545/499/1213 1544/500/1214
f 1532/480/1196 1544/500/1214 1543/501/1215
f 1531/502/1216 1543/501/1215 1542/503/1217
f 1530/482/1198 1542/503/1217 1541/504/1218
f 1529/484/1200 1541/504/1218 1540/505/1219
f 1528/487/1203 1540/505/1219 1539/506/1220
f 1527/489/1205 1539/506/1220 1538/507/1221
f 1526/508/1222 1538/507/1221 1537/509/1223
f 1525/492/1207 1537/684/1223 1444/511/1224
f 1548/450/1171 1560/453/1173 1559/512/1225
f 1547/513/1211 1559/512/1225 1558/514/1226
f 1546/515/1212 1558/514/1226 1557/516/1227
f 1545/517/1213 1557/516/1227 1556/518/1228
f 1544/519/1214 1556/518/1228 1555/520/1229
f 1543/521/1215 1555/520/1229 1554/522/1230
f 1542/523/1217 1554/522/1230 1553/524/1231
f 1541/525/1218 1553/524/1231 1552/526/1232
f 1540/527/1219 1552/526/1232 1551/528/1233
f 1539/529/1220 1551/528/1233 1550/530/1234
f 1538/531/1221 1550/530/1234 1549/532/1235
f 1549/532/1235 1445/546/1247 1444/534/1224
f 1560/453/1173 1572/455/1175 1571/535/1236
f 1559/512/1225 1571/535/1236 1570/536/1237
f 1558/514/1226 1570/536/1237 1569/537/1238
f 1557/516/1227 1569/537/1238 1568/538/1239
f 1556/518/1228 1568/538/1239 1567/539/1240
f 1555/520/1229 1567/539/1240 1566/540/1241
f 1554/522/1230 1566/540/1241 1565/541/1242
f 1553/524/1231 1565/541/1242 1564/542/1243
f 1552/526/1232 1564/542/1243 1563/543/1244
f 1551/528/1233 1563/543/1244 1562/544/1245
f 1550/530/1234 1562/544/1245 1561/545/1246
f 1561/545/1246 1446/558/1259 1445/546/1247
f 1572/455/1175 1584/457/1177 1583/547/1248
f 1571/535/1236 1583/547/1248 1582/548/1249
f 1570/536/1237 1582/548/1249 1581/549/1250
f 1569/537/1238 1581/549/1250 1580/550/1251
f 1568/538/1239 1580/550/1251 1579/551/1252
f 1567/539/1240 1579/551/1252 1578/552/1253
f 1566/540/1241 1578/552/1253 1577/553/1254
f 1565/541/1242 1577/553/1254 1576/554/1255
f 1564/542/1243 1576/554/1255 1575/555/1256
f 1563/543/1244 1575/555/1256 1574/556/1257
f 1562/544/1245 1574/556/1257 1573/557/1258
f 1573/557/1258 1447/575/1271 1446/558/1259
f 1584/457/1177 1596/685/1179 1595/559/1260
f 1583/547/1248 1595/559/1260 1594/560/1261
f 1582/548/1249 1594/560/1261 1593/561/1262
f 1581/562/1250 1593/582/1262 1592/563/1263
f 1580/564/1251 1592/563/1263 1591/565/1264
f 1579/566/1252 1591/565/1264 1590/567/1265
f 1578/568/1253 1590/567/1265 1589/569/1266
f 1577/553/1254 1589/686/1266 1588/571/1267
f 1576/554/1255 1588/571/1267 1587/572/1268
f 1575/555/1256 1587/572/1268 1586/573/1269
f 1574/556/1257 1586/573/1269 1585/574/1270
f 1585/574/1270 1448/702/1284 1447/575/1271
f 1596/459/1179 1608/462/1181 1607/576/1272
f 1595/578/1260 1607/600/1272 1606/579/1273
f 1594/580/1261 1606/579/1273 1605/581/1274
f 1593/582/1262 1605/581/1274 1604/583/1275
f 1592/563/1263 1604/583/1275 1603/584/1276
f 1591/565/1264 1603/584/1276 1602/585/1277
f 1590/567/1265 1602/585/1277 1601/586/1278
f 1589/569/1266 1601/586/1278 1600/587/1279
f 1588/588/1267 1600/587/1279 1599/589/1280
f 1587/590/1268 1599/589/1280 1598/591/1281
f 1586/593/1269 1598/608/1281 1597/594/1282
f 1585/595/1270 1597/594/1282 1449/596/1283
f 1608/462/1181 1620/461/1180 1619/598/1285
f 1619/599/1285 1618/601/1286 1606/579/1273
f 1618/601/1286 1617/602/1287 1605/581/1274
f 1617/602/1287 1616/614/1298 1604/583/1275
f 1604/583/1275 1616/614/1298 1615/603/1288
f 1603/584/1276 1615/603/1288 1614/604/1289
f 1614/604/1289 1613/605/1290 1601/586/1278
f 1613/605/1290 1612/606/1291 1600/587/1279
f 1612/606/1291 1611/607/1292 1599/589/1280
f 1611/607/1292 1610/621/1305 1598/591/1281
f 1598/608/1281 1610/623/1305 1609/609/1293
f 1597/594/1282 1609/609/1293 1450/610/1294
f 1632/464/1183 1631/703/1295 1619/598/1285
f 1631/611/1295 1630/612/1296 1618/601/1286
f 1630/612/1296 1629/613/1297 1617/602/1287
f 1629/613/1297 1628/615/1299 1616/614/1298
f 1628/615/1299 1627/616/1300 1615/603/1288
f 1627/616/1300 1626/617/1301 1614/604/1289
f 1626/617/1301 1625/618/1302 1613/605/1290
f 1625/618/1302 1624/619/1303 1612/606/1291
f 1624/619/1303 1623/620/1304 1611/607/1292
f 1623/620/1304 1622/704/1306 1610/621/1305
f 1622/622/1306 1621/687/1318 1609/609/1293
f 1609/609/1293 1621/687/1318 1451/624/1307
f 1644/469/1185 1643/627/1308 1631/625/1295
f 1643/627/1308 1642/629/1309 1630/628/1296
f 1642/629/1309 1641/631/1310 1629/630/1297
f 1641/631/1310 1640/633/1311 1628/632/1299
f 1640/633/1311 1639/635/1312 1627/634/1300
f 1639/635/1312 1638/637/1313 1626/636/1301
f 1638/637/1313 1637/639/1314 1625/638/1302
f 1637/639/1314 1636/641/1315 1624/640/1303
f 1636/641/1315 1635/643/1316 1623/642/1304
f 1635/643/1316 1634/645/1317 1622/644/1306
f 1634/645/1317 1633/659/1330 1621/646/1318
f 1621/646/1318 1633/659/1330 1452/647/1319
f 1656/468/1187 1655/649/1320 1643/627/1308
f 1655/649/1320 1654/650/1321 1642/629/1309
f 1654/650/1321 1653/651/1322 1641/631/1310
f 1653/651/1322 1652/652/1323 1640/633/1311
f 1652/652/1323 1651/653/1324 1639/635/1312
f 1651/653/1324 1650/654/1325 1638/637/1313
f 1650/654/1325 1649/655/1326 1637/639/1314
f 1649/655/1326 1648/656/1327 1636/641/1315
f 1648/656/1327 1647/657/1328 1635/643/1316
f 1647/657/1328 1646/658/1329 1634/645/1317
f 1646/658/1329 1645/669/1332 1633/659/1330
f 1633/659/1330 1645/669/1332 1441/660/1331
f 1513/446/1167 1514/472/1190 1655/649/1320
f 1514/472/1190 1515/661/1191 1654/650/1321
f 1515/661/1191 1516/662/1193 1653/651/1322
f 1516/662/1193 1517/663/1195 1652/652/1323
f 1517/663/1195 1518/664/1197 1651/653/1324
f 1518/664/1197 1519/665/1199 1650/654/1325
f 1519/665/1199 1520/666/1201 1649/655/1326
f 1520/666/1201 1521/667/1202 1648/656/1327
f 1521/667/1202 1522/668/1204 1647/657/1328
f 1522/668/1204 1523/491/1206 1646/658/1329
f 1523/491/1206 1524/493/1208 1645/669/1332
f 1645/669/1332 1524/493/1208 1442/495/1210
f 1666/336/1333 1678/338/1333 1679/337/1333
f 1671/340/1333 1672/358/1333 1660/339/1333
f 1674/343/1333 1675/359/1333 1663/342/1333
f 1665/345/1333 1677/346/1333 1678/338/1333
f 1658/347/1333 1670/348/1333 1671/340/1333
f 1680/351/1333 1669/350/1333 1657/356/1333
f 1673/352/1333 1674/343/1333 1662/344/1333
f 1676/354/1333 1677/346/1333 1665/345/1333
f 1669/350/1333 1670/348/1333 1658/347/1333
f 1667/357/1333 1679/337/1333 1680/351/1333
f 1672/358/1333 1673/352/1333 1661/353/1333
f 1675/359/1333 1676/354/1333 1664/355/1333
f 1673/360/1334 1685/362/1334 1686/361/1335
f 1682/672/1336 1681/688/1336 1692/365/1336
f 1692/365/1336 1691/693/1336 1690/670/1336
f 1690/670/1336 1689/692/1336 1688/364/1336
f 1688/364/1336 1687/691/1336 1686/671/1336
f 1686/671/1336 1685/690/1707 1684/363/1336
f 1684/363/1336 1683/689/1336 1682/672/1336
f 1682/672/1336 1692/365/1336 1690/670/1336
f 1690/670/1336 1688/364/1336 1686/671/1336
f 1686/671/1336 1684/363/1336 1682/672/1336
f 1692/367/1337 1681/387/1338 1669/366/1338
f 1682/370/1339 1683/378/1340 1671/369/1340
f 1689/373/1341 1690/380/1342 1678/372/1342
f 1686/361/1335 1687/382/1343 1675/375/1343
f 1671/369/1340 1683/378/1340 1684/377/1344
f 1678/372/1342 1690/380/1342 1691/379/1345
f 1675/375/1343 1687/382/1343 1688/381/1346
f 1684/383/1344 1685/362/1334 1673/360/1334
f 1691/385/1345 1692/367/1337 1680/368/1337
f 1669/366/1338 1681/387/1338 1682/370/1339
f 1676/388/1347 1688/389/1346 1689/373/1341
f 1702/390/1348 1714/392/1348 1715/391/1348
f 1707/394/1348 1708/412/1348 1696/393/1348
f 1710/397/1348 1711/413/1348 1699/396/1348
f 1701/399/1348 1713/400/1348 1714/392/1348
f 1706/401/1348 1707/394/1348 1695/395/1348
f 1704/405/1348 1716/404/1348 1705/410/1348
f 1697/406/1348 1709/407/1348 1710/397/1348
f 1712/408/1348 1713/400/1348 1701/399/1348
f 1705/410/1348 1706/401/1348 1694/402/1348
f 1703/411/1348 1715/391/1348 1716/404/1348
f 1696/393/1348 1708/412/1348 1709/407/1348
f 1711/413/1348 1712/408/1348 1700/409/1348
f 1709/414/1349 1721/416/1369 1722/415/1350
f 1718/678/1352 1717/694/1352 1728/419/1352
f 1728/419/1352 1727/699/1352 1726/676/1352
f 1726/676/1352 1725/698/1352 1724/418/1352
f 1724/418/1352 1723/697/1352 1722/677/1352
f 1722/677/1352 1721/696/1352 1720/417/1352
f 1720/417/1352 1719/695/1352 1718/678/1352
f 1718/678/1352 1728/419/1352 1726/676/1352
f 1726/676/1352 1724/418/1352 1722/677/1352
f 1722/677/1352 1720/417/1352 1718/678/1352
f 1716/420/1353 1728/422/1708 1717/421/1354
f 1706/423/1356 1718/425/1371 1719/424/1357
f 1725/427/1359 1726/434/1365 1714/426/1360
f 1722/415/1350 1723/436/1367 1711/429/1362
f 1707/431/1358 1719/424/1357 1720/432/1363
f 1726/434/1365 1727/439/1370 1715/433/1366
f 1723/436/1367 1724/700/1372 1712/435/1368
f 1708/437/1364 1720/438/1363 1721/416/1369
f 1727/439/1370 1728/422/1708 1716/420/1353
f 1705/440/1355 1717/441/1354 1718/425/1371
f 1724/442/1372 1725/427/1359 1713/428/1361
f 1702/444/1373 1729/446/1395 1752/445/1374
f 1752/445/1374 1764/701/1377 1700/447/1376
f 1764/450/1377 1776/453/1379 1699/449/1378
f 1776/453/1379 1788/455/1381 1698/452/1380
f 1788/455/1381 1800/457/1383 1697/454/1382
f 1800/457/1383 1812/685/1385 1696/456/1384
f 1812/459/1385 1824/462/1479 1695/458/1386
f 1695/458/1386 1824/462/1479 1836/461/1387
f 1694/463/1388 1836/461/1387 1848/464/1389
f 1693/465/1390 1848/464/1389 1860/466/1391
f 1704/467/1392 1860/469/1391 1872/468/1393
f 1703/470/1394 1872/468/1393 1729/446/1395
f 1729/446/1395 1730/472/1398 1751/471/1396
f 1731/474/1397 1750/476/1400 1751/473/1396
f 1732/477/1399 1749/478/1402 1750/476/1400
f 1733/479/1401 1748/480/1404 1749/478/1402
f 1734/481/1403 1747/502/1406 1748/480/1404
f 1734/481/1403 1735/483/1407 1746/482/1405
f 1735/483/1407 1736/485/1410 1745/484/1408
f 1737/486/1409 1744/487/1412 1745/484/1408
f 1738/488/1411 1743/489/1414 1744/487/1412
f 1739/490/1413 1742/508/1416 1743/489/1414
f 1739/491/1413 1740/493/1417 1741/492/1415
f 1740/493/1417 1658/495/1539 1659/494/1418
f 1752/496/1374 1751/473/1396 1763/497/1419
f 1751/473/1396 1750/476/1400 1762/498/1420
f 1750/476/1400 1749/478/1402 1761/499/1421
f 1749/478/1402 1748/480/1404 1760/500/1422
f 1748/480/1404 1747/502/1406 1759/501/1423
f 1747/502/1406 1746/482/1405 1758/503/1424
f 1746/482/1405 1745/484/1408 1757/504/1425
f 1745/484/1408 1744/487/1412 1756/505/1426
f 1744/487/1412 1743/489/1414 1755/506/1427
f 1743/489/1414 1742/508/1416 1754/507/1428
f 1742/508/1416 1741/510/1415 1753/509/1429
f 1741/492/1415 1659/494/1418 1660/511/1430
f 1764/450/1377 1763/513/1419 1775/512/1431
f 1763/513/1419 1762/515/1420 1774/514/1432
f 1762/515/1420 1761/517/1421 1773/516/1433
f 1761/517/1421 1760/519/1422 1772/518/1434
f 1760/519/1422 1759/521/1423 1771/520/1435
f 1759/521/1423 1758/523/1424 1770/522/1436
f 1758/523/1424 1757/525/1425 1769/524/1437
f 1757/525/1425 1756/527/1426 1768/526/1438
f 1756/527/1426 1755/529/1427 1767/528/1439
f 1755/529/1427 1754/531/1428 1766/530/1440
f 1754/531/1428 1753/533/1429 1765/532/1441
f 1660/534/1430 1661/546/1453 1765/532/1441
f 1776/453/1379 1775/512/1431 1787/535/1442
f 1775/512/1431 1774/514/1432 1786/536/1443
f 1774/514/1432 1773/516/1433 1785/537/1444
f 1773/516/1433 1772/518/1434 1784/538/1445
f 1772/518/1434 1771/520/1435 1783/539/1446
f 1771/520/1435 1770/522/1436 1782/540/1447
f 1770/522/1436 1769/524/1437 1781/541/1448
f 1769/524/1437 1768/526/1438 1780/542/1449
f 1768/526/1438 1767/528/1439 1779/543/1450
f 1767/528/1439 1766/530/1440 1778/544/1451
f 1766/530/1440 1765/532/1441 1777/545/1452
f 1661/546/1453 1662/558/1465 1777/545/1452
f 1788/455/1381 1787/535/1442 1799/547/1454
f 1787/535/1442 1786/536/1443 1798/548/1455
f 1786/536/1443 1785/537/1444 1797/549/1456
f 1785/537/1444 1784/538/1445 1796/550/1457
f 1784/538/1445 1783/539/1446 1795/551/1458
f 1783/539/1446 1782/540/1447 1794/552/1459
f 1782/540/1447 1781/541/1448 1793/553/1460
f 1781/541/1448 1780/542/1449 1792/554/1461
f 1780/542/1449 1779/543/1450 1791/555/1462
f 1779/543/1450 1778/544/1451 1790/556/1463
f 1778/544/1451 1777/545/1452 1789/557/1464
f 1662/558/1465 1663/575/1477 1789/557/1464
f 1800/457/1383 1799/547/1454 1811/559/1466
f 1799/547/1454 1798/548/1455 1810/560/1467
f 1798/548/1455 1797/549/1456 1809/561/1468
f 1797/562/1456 1796/564/1457 1808/563/1469
f 1796/564/1457 1795/566/1458 1807/565/1470
f 1795/566/1458 1794/568/1459 1806/567/1471
f 1794/568/1459 1793/570/1460 1805/569/1472
f 1793/553/1460 1792/554/1461 1804/571/1473
f 1792/554/1461 1791/555/1462 1803/572/1474
f 1791/555/1462 1790/556/1463 1802/573/1475
f 1790/556/1463 1789/557/1464 1801/574/1476
f 1663/575/1477 1664/702/1709 1801/574/1476
f 1812/459/1385 1811/577/1466 1823/576/1478
f 1811/578/1466 1810/580/1467 1822/579/1480
f 1810/580/1467 1809/582/1468 1821/581/1481
f 1809/582/1468 1808/563/1469 1820/583/1482
f 1808/563/1469 1807/565/1470 1819/584/1483
f 1807/565/1470 1806/567/1471 1818/585/1484
f 1806/567/1471 1805/569/1472 1817/586/1485
f 1805/569/1472 1804/588/1473 1816/587/1486
f 1804/588/1473 1803/590/1474 1815/589/1487
f 1803/590/1474 1802/592/1475 1814/591/1488
f 1802/593/1475 1801/595/1476 1813/594/1489
f 1801/595/1476 1664/597/1709 1665/596/1490
f 1824/462/1479 1823/576/1478 1835/598/1491
f 1822/579/1480 1834/601/1492 1835/599/1491
f 1821/581/1481 1833/602/1493 1834/601/1492
f 1820/583/1482 1832/614/1495 1833/602/1493
f 1820/583/1482 1819/584/1483 1831/603/1494
f 1819/584/1483 1818/585/1484 1830/604/1496
f 1817/586/1485 1829/605/1497 1830/604/1496
f 1816/587/1486 1828/606/1498 1829/605/1497
f 1815/589/1487 1827/607/1499 1828/606/1498
f 1814/591/1488 1826/621/1501 1827/607/1499
f 1814/608/1488 1813/594/1489 1825/609/1500
f 1813/594/1489 1665/596/1490 1666/610/1502
f 1835/598/1491 1847/703/1503 1848/464/1389
f 1834/601/1492 1846/612/1504 1847/611/1503
f 1833/602/1493 1845/613/1505 1846/612/1504
f 1832/614/1495 1844/615/1506 1845/613/1505
f 1831/603/1494 1843/616/1507 1844/615/1506
f 1830/604/1496 1842/617/1508 1843/616/1507
f 1829/605/1497 1841/618/1509 1842/617/1508
f 1828/606/1498 1840/619/1510 1841/618/1509
f 1827/607/1499 1839/620/1511 1840/619/1510
f 1826/621/1501 1838/704/1512 1839/620/1511
f 1825/609/1500 1837/687/1514 1838/622/1512
f 1825/609/1500 1666/610/1502 1667/624/1513
f 1847/625/1503 1859/627/1515 1860/469/1391
f 1846/628/1504 1858/629/1516 1859/627/1515
f 1845/630/1505 1857/631/1517 1858/629/1516
f 1844/632/1506 1856/633/1518 1857/631/1517
f 1843/634/1507 1855/635/1519 1856/633/1518
f 1842/636/1508 1854/637/1520 1855/635/1519
f 1841/638/1509 1853/639/1521 1854/637/1520
f 1840/640/1510 1852/641/1522 1853/639/1521
f 1839/642/1511 1851/643/1523 1852/641/1522
f 1838/644/1512 1850/645/1524 1851/643/1523
f 1837/646/1514 1849/659/1526 1850/645/1524
f 1837/646/1514 1667/648/1513 1668/647/1525
f 1859/627/1515 1871/649/1527 1872/468/1393
f 1858/629/1516 1870/650/1528 1871/649/1527
f 1857/631/1517 1869/651/1529 1870/650/1528
f 1856/633/1518 1868/652/1530 1869/651/1529
f 1855/635/1519 1867/653/1531 1868/652/1530
f 1854/637/1520 1866/654/1532 1867/653/1531
f 1853/639/1521 1865/655/1533 1866/654/1532
f 1852/641/1522 1864/656/1534 1865/655/1533
f 1851/643/1523 1863/657/1535 1864/656/1534
f 1850/645/1524 1862/658/1536 1863/657/1535
f 1849/659/1526 1861/669/1538 1862/658/1536
f 1849/659/1526 1668/647/1525 1657/660/1537
f 1871/649/1527 1730/472/1398 1729/446/1395
f 1870/650/1528 1731/661/1397 1730/472/1398
f 1869/651/1529 1732/662/1399 1731/661/1397
f 1868/652/1530 1733/663/1401 1732/662/1399
f 1867/653/1531 1734/664/1403 1733/663/1401
f 1866/654/1532 1735/665/1407 1734/664/1403
f 1865/655/1533 1736/666/1410 1735/665/1407
f 1864/656/1534 1737/667/1409 1736/666/1410
f 1863/657/1535 1738/668/1411 1737/667/1409
f 1862/658/1536 1739/491/1413 1738/668/1411
f 1861/669/1538 1740/493/1417 1739/491/1413
f 1861/669/1538 1657/660/1537 1658/495/1539
f 1882/336/1348 1894/338/1348 1895/337/1348
f 1887/340/1348 1888/358/1348 1876/339/1348
f 1878/344/1348 1890/343/1348 1891/359/1348
f 1881/345/1348 1893/346/1348 1894/338/1348
f 1874/347/1348 1886/348/1348 1887/340/1348
f 1896/351/1348 1885/350/1348 1873/356/1348
f 1889/352/1348 1890/343/1348 1878/344/1348
f 1880/355/1348 1892/354/1348 1893/346/1348
f 1885/350/1348 1886/348/1348 1874/347/1348
f 1883/357/1348 1895/337/1348 1896/351/1348
f 1888/358/1348 1889/352/1348 1877/353/1348
f 1891/359/1348 1892/354/1348 1880/355/1348
f 1889/360/1540 1901/362/1540 1902/361/1541
f 1898/672/1352 1897/688/1352 1908/365/1352
f 1908/365/1352 1907/693/1352 1906/670/1352
f 1906/670/1352 1905/692/1352 1904/364/1352
f 1904/364/1352 1903/691/1352 1902/671/1352
f 1902/671/1352 1901/690/1710 1900/363/1352
f 1900/363/1352 1899/689/1352 1898/672/1352
f 1898/672/1352 1908/365/1352 1906/670/1352
f 1906/670/1352 1904/364/1352 1902/671/1352
f 1902/671/1352 1900/363/1352 1898/672/1352
f 1908/367/1542 1897/387/1543 1885/366/1543
f 1898/370/1544 1899/378/1545 1887/369/1545
f 1905/373/1546 1906/380/1547 1894/372/1547
f 1890/376/1541 1902/361/1541 1903/382/1548
f 1887/369/1545 1899/378/1545 1900/377/1549
f 1894/372/1547 1906/380/1547 1907/379/1550
f 1903/382/1548 1904/381/1551 1892/675/1551
f 1900/383/1549 1901/362/1540 1889/360/1540
f 1907/385/1550 1908/367/1542 1896/368/1542
f 1885/366/1543 1897/387/1543 1898/370/1544
f 1892/388/1551 1904/389/1551 1905/373/1546
f 1918/390/1333 1930/392/1333 1931/391/1333
f 1923/394/1333 1924/412/1333 1912/393/1333
f 1926/397/1333 1927/413/1333 1915/396/1333
f 1917/399/1333 1929/400/1333 1930/392/1333
f 1922/401/1333 1923/394/1333 1911/395/1333
f 1932/404/1333 1921/410/1333 1909/403/1333
f 1925/407/1333 1926/397/1333 1914/398/1333
f 1928/408/1333 1929/400/1333 1917/399/1333
f 1921/410/1333 1922/401/1333 1910/402/1333
f 1919/411/1333 1931/391/1333 1932/404/1333
f 1924/412/1333 1925/407/1333 1913/406/1333
f 1927/413/1333 1928/408/1333 1916/409/1333
f 1925/414/1552 1937/416/1571 1938/415/1553
f 1934/678/1336 1933/694/1336 1944/419/1336
f 1944/419/1336 1943/699/1336 1942/676/1336
f 1942/676/1336 1941/698/1336 1940/418/1336
f 1940/418/1336 1939/697/1336 1938/677/1336
f 1938/677/1336 1937/696/1336 1936/417/1336
f 1936/417/1336 1935/695/1336 1934/678/1336
f 1934/678/1336 1944/419/1336 1942/676/1336
f 1942/676/1336 1940/418/1336 1938/677/1336
f 1938/677/1336 1936/417/1336 1934/678/1336
f 1932/420/1555 1944/422/1711 1933/421/1556
f 1922/423/1558 1934/425/1573 1935/424/1559
f 1941/427/1561 1942/434/1567 1930/426/1562
f 1938/415/1553 1939/436/1569 1927/429/1564
f 1923/431/1560 1935/424/1559 1936/432/1565
f 1942/434/1567 1943/439/1572 1931/433/1568
f 1939/436/1569 1940/700/1574 1928/435/1570
f 1924/437/1566 1936/438/1565 1937/416/1571
f 1943/439/1572 1944/422/1711 1932/420/1555
f 1921/440/1557 1933/441/1556 1934/425/1573
f 1940/442/1574 1941/427/1561 1929/428/1563
f 1918/444/1575 1945/446/1597 1968/445/1576
f 1968/445/1576 1980/701/1579 1916/447/1578
f 1980/450/1579 1992/453/1581 1915/449/1580
f 1992/453/1581 2004/455/1583 1914/452/1582
f 2004/455/1583 2016/457/1585 1913/454/1584
f 2016/457/1585 2028/685/1587 1912/456/1586
f 2028/459/1587 2040/462/1610 1911/458/1588
f 1911/458/1588 2040/462/1610 2052/461/1589
f 1910/463/1590 2052/461/1589 2064/464/1591
f 1909/465/1592 2064/464/1591 2076/466/1593
f 1920/467/1594 2076/469/1593 2088/468/1595
f 1919/470/1596 2088/468/1595 1945/446/1597
f 1945/446/1597 1946/472/1501 1967/471/1488
f 1947/474/1499 1966/476/1487 1967/473/1488
f 1948/477/1498 1965/478/1486 1966/476/1487
f 1949/479/1497 1964/480/1485 1965/478/1486
f 1950/481/1496 1963/502/1484 1964/480/1485
f 1950/481/1496 1951/483/1494 1962/482/1483
f 1951/483/1494 1952/485/1495 1961/484/1482
f 1953/486/1493 1960/487/1481 1961/484/1482
f 1954/488/1492 1959/489/1480 1960/487/1481
f 1955/490/1491 1958/508/1478 1959/489/1480
f 1955/491/1491 1956/493/1599 1957/492/1598
f 1956/493/1599 1874/495/1621 1875/494/1600
f 1968/496/1576 1967/473/1488 1979/497/1475
f 1967/473/1488 1966/476/1487 1978/498/1474
f 1966/476/1487 1965/478/1486 1977/499/1473
f 1965/478/1486 1964/480/1485 1976/500/1472
f 1964/480/1485 1963/502/1484 1975/501/1471
f 1963/502/1484 1962/482/1483 1974/503/1470
f 1962/482/1483 1961/484/1482 1973/504/1469
f 1961/484/1482 1960/487/1481 1972/505/1468
f 1960/487/1481 1959/489/1480 1971/506/1467
f 1959/489/1480 1958/508/1478 1970/507/1466
f 1958/508/1478 1957/510/1598 1969/509/1601
f 1957/492/1598 1875/494/1600 1876/511/1602
f 1980/450/1579 1979/513/1475 1991/512/1463
f 1979/513/1475 1978/515/1474 1990/514/1462
f 1978/515/1474 1977/517/1473 1989/516/1461
f 1977/517/1473 1976/519/1472 1988/518/1460
f 1976/519/1472 1975/521/1471 1987/520/1459
f 1975/521/1471 1974/523/1470 1986/522/1458
f 1974/523/1470 1973/525/1469 1985/524/1457
f 1973/525/1469 1972/527/1468 1984/526/1456
f 1972/527/1468 1971/529/1467 1983/528/1455
f 1971/529/1467 1970/531/1466 1982/530/1454
f 1970/531/1466 1969/533/1601 1981/532/1603
f 1876/534/1602 1877/546/1605 1981/532/1603
f 1992/453/1581 1991/512/1463 2003/535/1451
f 1991/512/1463 1990/514/1462 2002/536/1450
f 1990/514/1462 1989/516/1461 2001/537/1449
f 1989/516/1461 1988/518/1460 2000/538/1448
f 1988/518/1460 1987/520/1459 1999/539/1447
f 1987/520/1459 1986/522/1458 1998/540/1446
f 1986/522/1458 1985/524/1457 1997/541/1445
f 1985/524/1457 1984/526/1456 1996/542/1444
f 1984/526/1456 1983/528/1455 1995/543/1443
f 1983/528/1455 1982/530/1454 1994/544/1442
f 1982/530/1454 1981/532/1603 1993/545/1604
f 1877/546/1605 1878/558/1607 1993/545/1604
f 2004/455/1583 2003/535/1451 2015/547/1440
f 2003/535/1451 2002/536/1450 2014/548/1439
f 2002/536/1450 2001/537/1449 2013/549/1438
f 2001/537/1449 2000/538/1448 2012/550/1437
f 2000/538/1448 1999/539/1447 2011/551/1436
f 1999/539/1447 1998/540/1446 2010/552/1435
f 1998/540/1446 1997/541/1445 2009/553/1434
f 1997/541/1445 1996/542/1444 2008/554/1433
f 1996/542/1444 1995/543/1443 2007/555/1432
f 1995/543/1443 1994/544/1442 2006/556/1431
f 1994/544/1442 1993/545/1604 2005/557/1606
f 1878/558/1607 1879/575/1609 2005/557/1606
f 2016/457/1585 2015/547/1440 2027/559/1428
f 2015/547/1440 2014/548/1439 2026/560/1427
f 2014/548/1439 2013/549/1438 2025/561/1426
f 2013/562/1438 2012/564/1437 2024/563/1425
f 2012/564/1437 2011/566/1436 2023/565/1424
f 2011/566/1436 2010/568/1435 2022/567/1423
f 2010/568/1435 2009/570/1434 2021/569/1422
f 2009/553/1434 2008/554/1433 2020/571/1421
f 2008/554/1433 2007/555/1432 2019/572/1420
f 2007/555/1432 2006/556/1431 2018/573/1419
f 2006/556/1431 2005/557/1606 2017/574/1608
f 1879/575/1609 1880/702/1712 2017/574/1608
f 2028/459/1587 2027/577/1428 2039/576/1416
f 2027/578/1428 2026/580/1427 2038/579/1414
f 2026/580/1427 2025/582/1426 2037/581/1412
f 2025/582/1426 2024/563/1425 2036/583/1408
f 2024/563/1425 2023/565/1424 2035/584/1405
f 2023/565/1424 2022/567/1423 2034/585/1406
f 2022/567/1423 2021/569/1422 2033/586/1404
f 2021/569/1422 2020/588/1421 2032/587/1402
f 2020/588/1421 2019/590/1420 2031/589/1400
f 2019/590/1420 2018/592/1419 2030/591/1396
f 2018/593/1419 2017/595/1608 2029/594/1611
f 2017/595/1608 1880/597/1712 1881/596/1612
f 2040/462/1610 2039/576/1416 2051/598/1413
f 2038/579/1414 2050/601/1411 2051/599/1413
f 2037/581/1412 2049/602/1409 2050/601/1411
f 2036/583/1408 2048/614/1410 2049/602/1409
f 2036/583/1408 2035/584/1405 2047/603/1407
f 2035/584/1405 2034/585/1406 2046/604/1403
f 2033/586/1404 2045/605/1401 2046/604/1403
f 2032/587/1402 2044/606/1399 2045/605/1401
f 2031/589/1400 2043/607/1397 2044/606/1399
f 2030/591/1396 2042/621/1398 2043/607/1397
f 2030/608/1396 2029/594/1611 2041/609/1613
f 2029/594/1611 1881/596/1612 1882/610/1614
f 2051/598/1413 2063/703/1536 2064/464/1591
f 2050/601/1411 2062/612/1535 2063/611/1536
f 2049/602/1409 2061/613/1534 2062/612/1535
f 2048/614/1410 2060/615/1533 2061/613/1534
f 2047/603/1407 2059/616/1532 2060/615/1533
f 2046/604/1403 2058/617/1531 2059/616/1532
f 2045/605/1401 2057/618/1530 2058/617/1531
f 2044/606/1399 2056/619/1529 2057/618/1530
f 2043/607/1397 2055/620/1528 2056/619/1529
f 2042/621/1398 2054/704/1527 2055/620/1528
f 2041/609/1613 2053/687/1616 2054/622/1527
f 2041/609/1613 1882/610/1614 1883/624/1615
f 2063/625/1536 2075/627/1524 2076/469/1593
f 2062/628/1535 2074/629/1523 2075/627/1524
f 2061/630/1534 2073/631/1522 2074/629/1523
f 2060/632/1533 2072/633/1521 2073/631/1522
f 2059/634/1532 2071/635/1520 2072/633/1521
f 2058/636/1531 2070/637/1519 2071/635/1520
f 2057/638/1530 2069/639/1518 2070/637/1519
f 2056/640/1529 2068/641/1517 2069/639/1518
f 2055/642/1528 2067/643/1516 2068/641/1517
f 2054/644/1527 2066/645/1515 2067/643/1516
f 2053/646/1616 2065/659/1618 2066/645/1515
f 2053/646/1616 1883/648/1615 1884/647/1617
f 2075/627/1524 2087/649/1512 2088/468/1595
f 2074/629/1523 2086/650/1511 2087/649/1512
f 2073/631/1522 2085/651/1510 2086/650/1511
f 2072/633/1521 2084/652/1509 2085/651/1510
f 2071/635/1520 2083/653/1508 2084/652/1509
f 2070/637/1519 2082/654/1507 2083/653/1508
f 2069/639/1518 2081/655/1506 2082/654/1507
f 2068/641/1517 2080/656/1505 2081/655/1506
f 2067/643/1516 2079/657/1504 2080/656/1505
f 2066/645/1515 2078/658/1503 2079/657/1504
f 2065/659/1618 2077/669/1620 2078/658/1503
f 2065/659/1618 1884/647/1617 1873/660/1619
f 2087/649/1512 1946/472/1501 1945/446/1597
f 2086/650/1511 1947/661/1499 1946/472/1501
f 2085/651/1510 1948/662/1498 1947/661/1499
f 2084/652/1509 1949/663/1497 1948/662/1498
f 2083/653/1508 1950/664/1496 1949/663/1497
f 2082/654/1507 1951/665/1494 1950/664/1496
f 2081/655/1506 1952/666/1495 1951/665/1494
f 2080/656/1505 1953/667/1493 1952/666/1495
f 2079/657/1504 1954/668/1492 1953/667/1493
f 2078/658/1503 1955/491/1491 1954/668/1492
f 2077/669/1620 1956/493/1599 1955/491/1491
f 2077/669/1620 1873/660/1619 1874/495/1621
f 2098/336/1139 2099/357/1139 2111/337/1139
f 2092/339/1139 2104/358/1139 2103/340/1139
f 2094/344/1139 2095/342/1139 2107/359/1139
f 2097/345/1139 2098/336/1139 2110/338/1139
f 2090/347/1139 2091/341/1139 2103/340/1139
f 2089/356/1139 2101/350/1139 2112/351/1139
f 2094/344/1139 2106/343/1139 2105/352/1139
f 2096/355/1139 2097/345/1139 2109/346/1139
f 2090/347/1139 2102/348/1139 2101/350/1139
f 2099/357/1139 2100/349/1139 2112/351/1139
f 2093/353/1139 2105/352/1139 2104/358/1139
f 2096/355/1139 2108/354/1139 2107/359/1139
f 2105/360/1622 2106/376/1623 2118/361/1623
f 2124/365/1143 2113/688/1143 2114/672/1143
f 2114/672/1143 2115/689/1143 2116/363/1143
f 2116/363/1143 2117/690/1713 2118/671/1143
f 2118/671/1143 2119/691/1143 2120/364/1143
f 2120/364/1143 2121/692/1143 2122/670/1143
f 2122/670/1143 2123/693/1714 2124/365/1143
f 2124/365/1143 2114/672/1143 2116/363/1143
f 2116/363/1143 2118/671/1143 2120/364/1143
f 2120/364/1143 2122/670/1143 2124/365/1143
f 2101/366/1624 2113/387/1624 2124/367/1625
f 2103/369/1626 2115/378/1626 2114/370/1627
f 2110/372/1628 2122/380/1628 2121/373/1629
f 2106/376/1623 2107/375/1630 2119/382/1630
f 2103/369/1626 2104/673/1631 2116/377/1631
f 2110/372/1628 2111/674/1632 2123/379/1632
f 2108/675/1633 2120/381/1633 2119/382/1630
f 2105/360/1622 2117/362/1622 2116/383/1631
f 2112/368/1625 2124/367/1625 2123/385/1632
f 2101/366/1624 2102/371/1627 2114/370/1627
f 2108/388/1633 2109/374/1629 2121/373/1629
f 2134/390/1124 2135/411/1124 2147/391/1124
f 2128/393/1124 2140/412/1124 2139/394/1124
f 2131/396/1124 2143/413/1124 2142/397/1124
f 2133/399/1124 2134/390/1124 2146/392/1124
f 2127/395/1124 2139/394/1124 2138/401/1124
f 2125/403/1124 2137/410/1124 2148/404/1124
f 2130/398/1124 2142/397/1124 2141/407/1124
f 2133/399/1124 2145/400/1124 2144/408/1124
f 2126/402/1124 2138/401/1124 2137/410/1124
f 2135/411/1124 2136/405/1124 2148/404/1124
f 2129/406/1124 2141/407/1124 2140/412/1124
f 2132/409/1124 2144/408/1124 2143/413/1124
f 2141/414/1634 2142/430/1647 2154/415/1635
f 2160/419/1127 2149/694/1127 2150/678/1127
f 2150/678/1127 2151/695/1127 2152/417/1127
f 2152/417/1127 2153/696/1127 2154/677/1127
f 2154/677/1127 2155/697/1127 2156/418/1127
f 2156/418/1127 2157/698/1127 2158/676/1127
f 2158/676/1127 2159/699/1127 2160/419/1127
f 2160/419/1127 2150/678/1127 2152/417/1127
f 2152/417/1127 2154/677/1127 2156/418/1127
f 2156/418/1127 2158/676/1127 2160/419/1127
f 2148/420/1637 2137/679/1656 2149/421/1638
f 2138/423/1640 2139/431/1648 2151/424/1641
f 2146/426/1643 2158/434/1651 2157/427/1644
f 2143/429/1646 2155/436/1653 2154/415/1635
f 2139/431/1648 2140/680/1654 2152/432/1649
f 2147/433/1650 2159/439/1655 2158/434/1651
f 2144/435/1652 2156/700/1657 2155/436/1653
f 2140/437/1654 2141/414/1634 2153/416/1636
f 2148/420/1637 2160/422/1639 2159/439/1655
f 2137/440/1656 2138/423/1640 2150/425/1642
f 2145/428/1645 2157/427/1644 2156/442/1657
f 2134/444/1658 2133/448/1662 2184/445/1659
f 2132/447/1661 2196/701/1664 2184/445/1659
f 2131/449/1663 2208/453/1666 2196/450/1664
f 2130/452/1665 2220/455/1668 2208/453/1666
f 2129/454/1667 2232/457/1670 2220/455/1668
f 2128/456/1669 2244/685/1672 2232/457/1670
f 2127/458/1671 2256/462/1674 2244/459/1672
f 2127/458/1671 2126/463/1675 2268/461/1673
f 2126/463/1675 2125/465/1677 2280/464/1676
f 2125/465/1677 2136/681/1679 2292/466/1678
f 2136/467/1679 2135/470/1681 2304/468/1680
f 2135/470/1681 2134/444/1658 2161/446/1660
f 2161/446/1660 2184/445/1659 2183/471/1281
f 2183/473/1281 2182/476/1280 2163/474/1292
f 2182/476/1280 2181/478/1279 2164/477/1291
f 2181/478/1279 2180/480/1278 2165/479/1290
f 2180/480/1278 2179/502/1277 2166/481/1289
f 2166/481/1289 2179/502/1277 2178/482/1276
f 2167/483/1288 2178/482/1276 2177/484/1275
f 2177/484/1275 2176/487/1274 2169/486/1287
f 2176/487/1274 2175/489/1273 2170/488/1286
f 2175/489/1273 2174/508/1272 2171/490/1285
f 2171/491/1285 2174/682/1272 2173/492/1682
f 2172/493/1683 2173/492/1682 2091/494/1684
f 2184/496/1659 2196/683/1664 2195/497/1269
f 2183/473/1281 2195/497/1269 2194/498/1268
f 2182/476/1280 2194/498/1268 2193/499/1267
f 2181/478/1279 2193/499/1267 2192/500/1266
f 2180/480/1278 2192/500/1266 2191/501/1265
f 2179/502/1277 2191/501/1265 2190/503/1264
f 2178/482/1276 2190/503/1264 2189/504/1263
f 2177/484/1275 2189/504/1263 2188/505/1262
f 2176/487/1274 2188/505/1262 2187/506/1261
f 2175/489/1273 2187/506/1261 2186/507/1260
f 2174/508/1272 2186/507/1260 2185/509/1686
f 2173/492/1682 2185/684/1686 2092/511/1687
f 2196/450/1664 2208/453/1666 2207/512/1257
f 2195/513/1269 2207/512/1257 2206/514/1256
f 2194/515/1268 2206/514/1256 2205/516/1255
f 2193/517/1267 2205/516/1255 2204/518/1254
f 2192/519/1266 2204/518/1254 2203/520/1253
f 2191/521/1265 2203/520/1253 2202/522/1252
f 2190/523/1264 2202/522/1252 2201/524/1251
f 2189/525/1263 2201/524/1251 2200/526/1250
f 2188/527/1262 2200/526/1250 2199/528/1249
f 2187/529/1261 2199/528/1249 2198/530/1248
f 2186/531/1260 2198/530/1248 2197/532/1688
f 2197/532/1688 2093/546/1690 2092/534/1687
f 2208/453/1666 2220/455/1668 2219/535/1245
f 2207/512/1257 2219/535/1245 2218/536/1244
f 2206/514/1256 2218/536/1244 2217/537/1243
f 2205/516/1255 2217/537/1243 2216/538/1242
f 2204/518/1254 2216/538/1242 2215/539/1241
f 2203/520/1253 2215/539/1241 2214/540/1240
f 2202/522/1252 2214/540/1240 2213/541/1239
f 2201/524/1251 2213/541/1239 2212/542/1238
f 2200/526/1250 2212/542/1238 2211/543/1237
f 2199/528/1249 2211/543/1237 2210/544/1236
f 2198/530/1248 2210/544/1236 2209/545/1689
f 2209/545/1689 2094/558/1692 2093/546/1690
f 2220/455/1668 2232/457/1670 2231/547/1234
f 2219/535/1245 2231/547/1234 2230/548/1233
f 2218/536/1244 2230/548/1233 2229/549/1232
f 2217/537/1243 2229/549/1232 2228/550/1231
f 2216/538/1242 2228/550/1231 2227/551/1230
f 2215/539/1241 2227/551/1230 2226/552/1229
f 2214/540/1240 2226/552/1229 2225/553/1228
f 2213/541/1239 2225/553/1228 2224/554/1227
f 2212/542/1238 2224/554/1227 2223/555/1226
f 2211/543/1237 2223/555/1226 2222/556/1225
f 2210/544/1236 2222/556/1225 2221/557/1691
f 2221/557/1691 2095/575/1694 2094/558/1692
f 2232/457/1670 2244/685/1672 2243/559/1221
f 2231/547/1234 2243/559/1221 2242/560/1220
f 2230/548/1233 2242/560/1220 2241/561/1219
f 2229/562/1232 2241/582/1219 2240/563/1218
f 2228/564/1231 2240/563/1218 2239/565/1217
f 2227/566/1230 2239/565/1217 2238/567/1215
f 2226/568/1229 2238/567/1215 2237/569/1214
f 2225/553/1228 2237/686/1214 2236/571/1213
f 2224/554/1227 2236/571/1213 2235/572/1212
f 2223/555/1226 2235/572/1212 2234/573/1211
f 2222/556/1225 2234/573/1211 2233/574/1693
f 2233/574/1693 2096/702/1697 2095/575/1694
f 2244/459/1672 2256/462/1674 2255/576/1222
f 2243/578/1221 2255/600/1222 2254/579/1205
f 2242/580/1220 2254/579/1205 2253/581/1203
f 2241/582/1219 2253/581/1203 2252/583/1200
f 2240/563/1218 2252/583/1200 2251/584/1198
f 2239/565/1217 2251/584/1198 2250/585/1216
f 2238/567/1215 2250/585/1216 2249/586/1196
f 2237/569/1214 2249/586/1196 2248/587/1194
f 2236/588/1213 2248/587/1194 2247/589/1192
f 2235/590/1212 2247/589/1192 2246/591/1189
f 2234/593/1211 2246/608/1189 2245/594/1695
f 2233/595/1693 2245/594/1695 2097/596/1696
f 2256/462/1674 2268/461/1673 2267/598/1206
f 2267/599/1206 2266/601/1204 2254/579/1205
f 2266/601/1204 2265/602/1202 2253/581/1203
f 2265/602/1202 2264/614/1201 2252/583/1200
f 2252/583/1200 2264/614/1201 2263/603/1199
f 2251/584/1198 2263/603/1199 2262/604/1197
f 2262/604/1197 2261/605/1195 2249/586/1196
f 2261/605/1195 2260/606/1193 2248/587/1194
f 2260/606/1193 2259/607/1191 2247/589/1192
f 2259/607/1191 2258/621/1190 2246/591/1189
f 2246/608/1189 2258/623/1190 2257/609/1698
f 2245/594/1695 2257/609/1698 2098/610/1699
f 2280/464/1676 2279/703/1329 2267/598/1206
f 2279/611/1329 2278/612/1328 2266/601/1204
f 2278/612/1328 2277/613/1327 2265/602/1202
f 2277/613/1327 2276/615/1326 2264/614/1201
f 2276/615/1326 2275/616/1325 2263/603/1199
f 2275/616/1325 2274/617/1324 2262/604/1197
f 2274/617/1324 2273/618/1323 2261/605/1195
f 2273/618/1323 2272/619/1322 2260/606/1193
f 2272/619/1322 2271/620/1321 2259/607/1191
f 2271/620/1321 2270/704/1320 2258/621/1190
f 2270/622/1320 2269/687/1701 2257/609/1698
f 2257/609/1698 2269/687/1701 2099/624/1700
f 2292/469/1678 2291/627/1317 2279/625/1329
f 2291/627/1317 2290/629/1316 2278/628/1328
f 2290/629/1316 2289/631/1315 2277/630/1327
f 2289/631/1315 2288/633/1314 2276/632/1326
f 2288/633/1314 2287/635/1313 2275/634/1325
f 2287/635/1313 2286/637/1312 2274/636/1324
f 2286/637/1312 2285/639/1311 2273/638/1323
f 2285/639/1311 2284/641/1310 2272/640/1322
f 2284/641/1310 2283/643/1309 2271/642/1321
f 2283/643/1309 2282/645/1308 2270/644/1320
f 2282/645/1308 2281/659/1703 2269/646/1701
f 2269/646/1701 2281/659/1703 2100/647/1702
f 2304/468/1680 2303/649/1306 2291/627/1317
f 2303/649/1306 2302/650/1304 2290/629/1316
f 2302/650/1304 2301/651/1303 2289/631/1315
f 2301/651/1303 2300/652/1302 2288/633/1314
f 2300/652/1302 2299/653/1301 2287/635/1313
f 2299/653/1301 2298/654/1300 2286/637/1312
f 2298/654/1300 2297/655/1299 2285/639/1311
f 2297/655/1299 2296/656/1297 2284/641/1310
f 2296/656/1297 2295/657/1296 2283/643/1309
f 2295/657/1296 2294/658/1295 2282/645/1308
f 2294/658/1295 2293/669/1705 2281/659/1703
f 2281/659/1703 2293/669/1705 2089/660/1704
f 2161/446/1660 2162/472/1305 2303/649/1306
f 2162/472/1305 2163/661/1292 2302/650/1304
f 2163/661/1292 2164/662/1291 2301/651/1303
f 2164/662/1291 2165/663/1290 2300/652/1302
f 2165/663/1290 2166/664/1289 2299/653/1301
f 2166/664/1289 2167/665/1288 2298/654/1300
f 2167/665/1288 2168/666/1298 2297/655/1299
f 2168/666/1298 2169/667/1287 2296/656/1297
f 2169/667/1287 2170/668/1286 2295/657/1296
f 2170/668/1286 2171/491/1285 2294/658/1295
f 2171/491/1285 2172/493/1683 2293/669/1705
f 2293/669/1705 2172/493/1683 2090/495/1685
o Vert.003
v 0.534652 0.592613 -0.349629
v 0.523621 0.625930 -0.387575
v 0.526948 0.673410 -0.408368
v 0.543560 0.722401 -0.406680
v 0.569000 0.759779 -0.382971
v 0.596465 0.775523 -0.343575
v 0.618586 0.765419 -0.299063
v 0.629545 0.732130 -0.261213
v 0.626443 0.684562 -0.240118
v 0.609967 0.635517 -0.241623
v 0.584477 0.598159 -0.265399
v 0.556892 0.582462 -0.304956
v 1.336215 -0.055010 -0.891503
v 1.335020 -0.093641 -0.915857
v 1.333333 -0.111435 -0.957827
v 1.331634 -0.103451 -1.005643
v 1.330402 -0.071653 -1.045967
v 1.329983 -0.024467 -1.067712
v 1.330453 0.025224 -1.065769
v 1.331659 0.063922 -1.041212
v 1.333273 0.081243 -1.000669
v 1.334889 0.072703 -0.954525
v 1.336096 0.040745 -0.914683
v 1.336597 -0.005896 -0.891298
v 1.336545 -0.059599 -0.881320
v 1.335211 -0.102692 -0.908486
v 1.333324 -0.122584 -0.955433
v 1.331421 -0.113730 -1.008928
v 1.330048 -0.078259 -1.053913
v 1.329586 -0.025584 -1.078058
v 1.330115 0.029884 -1.075785
v 1.331461 0.073074 -1.048329
v 1.333259 0.092368 -1.003183
v 1.335062 0.082834 -0.951728
v 1.336407 0.047172 -0.907315
v 1.336971 -0.004825 -0.881133
v 1.388788 -0.057264 -0.881196
v 1.387454 -0.099521 -0.908417
v 1.385581 -0.119147 -0.954880
v 1.383700 -0.110696 -1.007570
v 1.382354 -0.076178 -1.051606
v 1.381916 -0.024747 -1.074898
v 1.382458 0.029503 -1.072149
v 1.383807 0.071855 -1.044643
v 1.385593 0.090910 -0.999899
v 1.387375 0.081801 -0.949189
v 1.388690 0.047075 -0.905781
v 1.389221 -0.003736 -0.880620
v 0.448889 0.620260 -0.302698
v 0.437855 0.653578 -0.340648
v 0.441189 0.701055 -0.361431
v 0.457833 0.750034 -0.359701
v 0.483316 0.787395 -0.335934
v 0.510823 0.803123 -0.296483
v 0.532974 0.793006 -0.251930
v 0.543942 0.759714 -0.214067
v 0.540777 0.712171 -0.193057
v 0.524262 0.663141 -0.194614
v 0.498732 0.625799 -0.218445
v 0.471154 0.610099 -0.257991
v 0.527371 0.577992 -0.354127
v 0.514466 0.616970 -0.398520
v 0.518373 0.672511 -0.422826
v 0.537806 0.729826 -0.420853
v 0.567603 0.773541 -0.393069
v 0.599750 0.791954 -0.346960
v 0.625603 0.780143 -0.294919
v 0.638414 0.741203 -0.250652
v 0.634823 0.685538 -0.225922
v 0.615538 0.628164 -0.227696
v 0.585713 0.584460 -0.255517
v 0.553388 0.566117 -0.301867
v 0.441597 0.605597 -0.307326
v 0.428689 0.644576 -0.351724
v 0.432604 0.700113 -0.376018
v 0.452074 0.757414 -0.373996
v 0.481890 0.801122 -0.346186
v 0.514080 0.819518 -0.300019
v 0.540006 0.807678 -0.247881
v 0.552827 0.768734 -0.203600
v 0.549168 0.713096 -0.178961
v 0.529838 0.655740 -0.180796
v 0.499965 0.612054 -0.208682
v 0.467644 0.593710 -0.255025
v 1.210843 -0.018549 -0.884763
v 1.138730 0.017607 -0.865720
v 1.110629 -0.015312 -0.884582
v 1.183022 -0.052117 -0.903216
v 1.081502 -0.026837 -0.919234
v 1.153092 -0.064673 -0.938502
v 1.059066 -0.013761 -0.960690
v 1.129138 -0.052504 -0.980490
v 1.049485 0.020746 -0.997409
v 1.117756 -0.018736 -1.017901
v 1.055528 0.067526 -1.019462
v 1.122051 0.027736 -1.040454
v 1.075696 0.113826 -1.021169
v 1.140714 0.073878 -1.043794
v 1.104552 0.146902 -1.002177
v 1.168720 0.107465 -1.026241
v 1.134129 0.157760 -0.967481
v 1.198620 0.119492 -0.991986
v 1.156230 0.143724 -0.926536
v 1.222454 0.106759 -0.950009
v 1.165031 0.109021 -0.890119
v 1.233694 0.072851 -0.911897
v 1.158552 0.062945 -0.867990
v 1.229360 0.027117 -0.887859
v 0.993412 0.136165 -0.781011
v 0.934811 0.210696 -0.726069
v 0.889380 0.208406 -0.746762
v 0.945262 0.127647 -0.796419
v 0.856611 0.224052 -0.780704
v 0.906308 0.138522 -0.827764
v 0.845080 0.253513 -0.818964
v 0.887139 0.165706 -0.866281
v 0.857896 0.289128 -0.851157
v 0.892709 0.201600 -0.901843
v 0.891813 0.321450 -0.868674
v 0.921192 0.236583 -0.924892
v 0.937899 0.341708 -0.866917
v 0.964745 0.261541 -0.929122
v 0.983845 0.344509 -0.845703
v 1.011808 0.270000 -0.913602
v 1.017165 0.328824 -0.811178
v 1.050184 0.259736 -0.882704
v 1.028727 0.298803 -0.772896
v 1.069886 0.233214 -0.844831
v 1.015407 0.262725 -0.741051
v 1.065422 0.197338 -0.809506
v 0.980949 0.230500 -0.723930
v 1.037484 0.161721 -0.786008
v 0.880437 0.333696 -0.627696
v 0.804942 0.436013 -0.536797
v 0.775852 0.459972 -0.570406
v 0.841529 0.346930 -0.656329
v 0.769591 0.496075 -0.604014
v 0.821656 0.377202 -0.691139
v 0.787133 0.534727 -0.629083
v 0.826321 0.416285 -0.722695
v 0.823790 0.566135 -0.639424
v 0.854247 0.453585 -0.742261
v 0.870314 0.582278 -0.632317
v 0.897718 0.478990 -0.744587
v 0.914728 0.578750 -0.609283
v 0.944908 0.485793 -0.729132
v 0.945151 0.556095 -0.576069
v 0.983185 0.472355 -0.700201
v 0.953031 0.519991 -0.541483
v 1.002483 0.442342 -0.665692
v 0.935767 0.480059 -0.515065
v 0.997832 0.403659 -0.634868
v 0.897799 0.447372 -0.504333
v 0.970546 0.366591 -0.615571
v 0.849666 0.431208 -0.512392
v 0.927669 0.340940 -0.612906
v 0.735241 0.497707 -0.481456
v 0.622507 0.562907 -0.403625
v 0.609354 0.597301 -0.440040
v 0.716986 0.526348 -0.517806
v 0.616091 0.643547 -0.462780
v 0.717249 0.569556 -0.544027
v 0.640734 0.689301 -0.466087
v 0.736548 0.615978 -0.552671
v 0.676775 0.722212 -0.448952
v 0.769850 0.652632 -0.540904
v 0.714338 0.733526 -0.416199
v 0.807782 0.669128 -0.511885
v 0.743345 0.720238 -0.376601
v 0.839718 0.660997 -0.473806
v 0.756338 0.685827 -0.340363
v 0.857078 0.630796 -0.437195
v 0.749991 0.639474 -0.316988
v 0.855570 0.587044 -0.411853
v 0.725476 0.593794 -0.313446
v 0.835892 0.541664 -0.404403
v 0.689546 0.560918 -0.330467
v 0.803479 0.506549 -0.416430
v 0.651788 0.549636 -0.363583
v 0.766809 0.490578 -0.444530
v -0.534652 0.592613 -0.349629
v -0.523621 0.625930 -0.387575
v -0.526948 0.673410 -0.408368
v -0.543560 0.722401 -0.406680
v -0.569000 0.759779 -0.382971
v -0.596465 0.775523 -0.343575
v -0.618586 0.765419 -0.299063
v -0.629545 0.732130 -0.261213
v -0.626443 0.684562 -0.240118
v -0.609967 0.635517 -0.241623
v -0.584477 0.598159 -0.265399
v -0.556892 0.582462 -0.304956
v -1.336215 -0.055010 -0.891503
v -1.335020 -0.093641 -0.915857
v -1.333333 -0.111435 -0.957827
v -1.331634 -0.103451 -1.005643
v -1.330402 -0.071653 -1.045967
v -1.329983 -0.024467 -1.067712
v -1.330453 0.025224 -1.065769
v -1.331659 0.063922 -1.041212
v -1.333273 0.081243 -1.000669
v -1.334889 0.072703 -0.954525
v -1.336096 0.040745 -0.914683
v -1.336597 -0.005896 -0.891298
v -1.336545 -0.059599 -0.881320
v -1.335211 -0.102692 -0.908486
v -1.333324 -0.122584 -0.955433
v -1.331421 -0.113730 -1.008928
v -1.330048 -0.078259 -1.053913
v -1.329586 -0.025584 -1.078058
v -1.330115 0.029884 -1.075785
v -1.331461 0.073074 -1.048329
v -1.333259 0.092368 -1.003183
v -1.335062 0.082834 -0.951728
v -1.336407 0.047172 -0.907315
v -1.336971 -0.004825 -0.881133
v -1.388788 -0.057264 -0.881196
v -1.387454 -0.099521 -0.908417
v -1.385581 -0.119147 -0.954880
v -1.383700 -0.110696 -1.007570
v -1.382354 -0.076178 -1.051606
v -1.381916 -0.024747 -1.074898
v -1.382458 0.029503 -1.072149
v -1.383807 0.071855 -1.044643
v -1.385593 0.090910 -0.999899
v -1.387375 0.081801 -0.949189
v -1.388690 0.047075 -0.905781
v -1.389221 -0.003736 -0.880620
v -0.448889 0.620260 -0.302698
v -0.437855 0.653578 -0.340648
v -0.441189 0.701055 -0.361431
v -0.457833 0.750034 -0.359701
v -0.483316 0.787395 -0.335934
v -0.510823 0.803123 -0.296483
v -0.532974 0.793006 -0.251930
v -0.543942 0.759714 -0.214067
v -0.540777 0.712171 -0.193057
v -0.524262 0.663141 -0.194614
v -0.498732 0.625799 -0.218445
v -0.471154 0.610099 -0.257991
v -0.527371 0.577992 -0.354127
v -0.514466 0.616970 -0.398520
v -0.518373 0.672511 -0.422826
v -0.537806 0.729826 -0.420853
v -0.567603 0.773541 -0.393069
v -0.599750 0.791954 -0.346960
v -0.625603 0.780143 -0.294919
v -0.638414 0.741203 -0.250652
v -0.634823 0.685538 -0.225922
v -0.615538 0.628164 -0.227696
v -0.585713 0.584460 -0.255517
v -0.553388 0.566117 -0.301867
v -0.441597 0.605597 -0.307326
v -0.428689 0.644576 -0.351724
v -0.432604 0.700113 -0.376018
v -0.452074 0.757414 -0.373996
v -0.481890 0.801122 -0.346186
v -0.514080 0.819518 -0.300019
v -0.540006 0.807678 -0.247881
v -0.552827 0.768734 -0.203600
v -0.549168 0.713096 -0.178961
v -0.529838 0.655740 -0.180796
v -0.499965 0.612054 -0.208682
v -0.467644 0.593710 -0.255025
v -1.210843 -0.018549 -0.884763
v -1.138730 0.017607 -0.865720
v -1.110629 -0.015312 -0.884582
v -1.183022 -0.052117 -0.903216
v -1.081502 -0.026837 -0.919234
v -1.153092 -0.064673 -0.938502
v -1.059066 -0.013761 -0.960690
v -1.129138 -0.052504 -0.980490
v -1.049485 0.020746 -0.997409
v -1.117756 -0.018736 -1.017901
v -1.055528 0.067526 -1.019462
v -1.122051 0.027736 -1.040454
v -1.075696 0.113826 -1.021169
v -1.140714 0.073878 -1.043794
v -1.104552 0.146902 -1.002177
v -1.168720 0.107465 -1.026241
v -1.134129 0.157760 -0.967481
v -1.198620 0.119492 -0.991986
v -1.156230 0.143724 -0.926536
v -1.222454 0.106759 -0.950009
v -1.165031 0.109021 -0.890119
v -1.233694 0.072851 -0.911897
v -1.158552 0.062945 -0.867990
v -1.229360 0.027117 -0.887859
v -0.993412 0.136165 -0.781011
v -0.934811 0.210696 -0.726069
v -0.889380 0.208406 -0.746762
v -0.945262 0.127647 -0.796419
v -0.856611 0.224052 -0.780704
v -0.906308 0.138522 -0.827764
v -0.845080 0.253513 -0.818964
v -0.887139 0.165706 -0.866281
v -0.857896 0.289128 -0.851157
v -0.892709 0.201600 -0.901843
v -0.891813 0.321450 -0.868674
v -0.921192 0.236583 -0.924892
v -0.937899 0.341708 -0.866917
v -0.964745 0.261541 -0.929122
v -0.983845 0.344509 -0.845703
v -1.011808 0.270000 -0.913602
v -1.017165 0.328824 -0.811178
v -1.050184 0.259736 -0.882704
v -1.028727 0.298803 -0.772896
v -1.069886 0.233214 -0.844831
v -1.015407 0.262725 -0.741051
v -1.065422 0.197338 -0.809506
v -0.980949 0.230500 -0.723930
v -1.037484 0.161721 -0.786008
v -0.880437 0.333696 -0.627696
v -0.804942 0.436013 -0.536797
v -0.775852 0.459972 -0.570406
v -0.841529 0.346930 -0.656329
v -0.769591 0.496075 -0.604014
v -0.821656 0.377202 -0.691139
v -0.787133 0.534727 -0.629083
v -0.826321 0.416285 -0.722695
v -0.823790 0.566135 -0.639424
v -0.854247 0.453585 -0.742261
v -0.870314 0.582278 -0.632317
v -0.897718 0.478990 -0.744587
v -0.914728 0.578750 -0.609283
v -0.944908 0.485793 -0.729132
v -0.945151 0.556095 -0.576069
v -0.983185 0.472355 -0.700201
v -0.953031 0.519991 -0.541483
v -1.002483 0.442342 -0.665692
v -0.935767 0.480059 -0.515065
v -0.997832 0.403659 -0.634868
v -0.897799 0.447372 -0.504333
v -0.970546 0.366591 -0.615571
v -0.849666 0.431208 -0.512392
v -0.927669 0.340940 -0.612906
v -0.735241 0.497707 -0.481456
v -0.622507 0.562907 -0.403625
v -0.609354 0.597301 -0.440040
v -0.716986 0.526348 -0.517806
v -0.616091 0.643547 -0.462780
v -0.717249 0.569556 -0.544027
v -0.640734 0.689301 -0.466087
v -0.736548 0.615978 -0.552671
v -0.676775 0.722212 -0.448952
v -0.769850 0.652632 -0.540904
v -0.714338 0.733526 -0.416199
v -0.807782 0.669128 -0.511885
v -0.743345 0.720238 -0.376601
v -0.839718 0.660997 -0.473806
v -0.756338 0.685827 -0.340363
v -0.857078 0.630796 -0.437195
v -0.749991 0.639474 -0.316988
v -0.855570 0.587044 -0.411853
v -0.725476 0.593794 -0.313446
v -0.835892 0.541664 -0.404403
v -0.689546 0.560918 -0.330467
v -0.803479 0.506549 -0.416430
v -0.651788 0.549636 -0.363583
v -0.766809 0.490578 -0.444530
v 0.534652 0.592613 0.349629
v 0.523621 0.625930 0.387575
v 0.526948 0.673410 0.408368
v 0.543560 0.722401 0.406680
v 0.569000 0.759779 0.382971
v 0.596465 0.775523 0.343575
v 0.618586 0.765419 0.299063
v 0.629545 0.732130 0.261213
v 0.626443 0.684562 0.240118
v 0.609967 0.635517 0.241623
v 0.584477 0.598159 0.265399
v 0.556892 0.582462 0.304956
v 1.336215 -0.055010 0.891503
v 1.335020 -0.093641 0.915857
v 1.333333 -0.111435 0.957827
v 1.331634 -0.103451 1.005643
v 1.330402 -0.071653 1.045967
v 1.329983 -0.024467 1.067712
v 1.330453 0.025224 1.065769
v 1.331659 0.063922 1.041212
v 1.333273 0.081243 1.000669
v 1.334889 0.072703 0.954525
v 1.336096 0.040745 0.914683
v 1.336597 -0.005896 0.891298
v 1.336545 -0.059599 0.881320
v 1.335211 -0.102692 0.908486
v 1.333324 -0.122584 0.955433
v 1.331421 -0.113730 1.008928
v 1.330048 -0.078259 1.053913
v 1.329586 -0.025584 1.078058
v 1.330115 0.029884 1.075785
v 1.331461 0.073074 1.048329
v 1.333259 0.092368 1.003183
v 1.335062 0.082834 0.951728
v 1.336407 0.047172 0.907315
v 1.336971 -0.004825 0.881133
v 1.388788 -0.057264 0.881196
v 1.387454 -0.099521 0.908417
v 1.385581 -0.119147 0.954880
v 1.383700 -0.110696 1.007570
v 1.382354 -0.076178 1.051606
v 1.381916 -0.024747 1.074898
v 1.382458 0.029503 1.072149
v 1.383807 0.071855 1.044643
v 1.385593 0.090910 0.999899
v 1.387375 0.081801 0.949189
v 1.388690 0.047075 0.905781
v 1.389221 -0.003736 0.880620
v 0.448889 0.620260 0.302698
v 0.437855 0.653578 0.340648
v 0.441189 0.701055 0.361431
v 0.457833 0.750034 0.359701
v 0.483316 0.787395 0.335934
v 0.510823 0.803123 0.296483
v 0.532974 0.793006 0.251930
v 0.543942 0.759714 0.214067
v 0.540777 0.712171 0.193057
v 0.524262 0.663141 0.194614
v 0.498732 0.625799 0.218445
v 0.471154 0.610099 0.257991
v 0.527371 0.577992 0.354127
v 0.514466 0.616970 0.398520
v 0.518373 0.672511 0.422826
v 0.537806 0.729826 0.420853
v 0.567603 0.773541 0.393069
v 0.599750 0.791954 0.346960
v 0.625603 0.780143 0.294919
v 0.638414 0.741203 0.250652
v 0.634823 0.685538 0.225922
v 0.615538 0.628164 0.227696
v 0.585713 0.584460 0.255517
v 0.553388 0.566117 0.301867
v 0.441597 0.605597 0.307326
v 0.428689 0.644576 0.351724
v 0.432604 0.700113 0.376018
v 0.452074 0.757414 0.373996
v 0.481890 0.801122 0.346186
v 0.514080 0.819518 0.300019
v 0.540006 0.807678 0.247881
v 0.552827 0.768734 0.203600
v 0.549168 0.713096 0.178961
v 0.529838 0.655740 0.180796
v 0.499965 0.612054 0.208682
v 0.467644 0.593710 0.255025
v 1.210843 -0.018549 0.884763
v 1.138730 0.017607 0.865720
v 1.110629 -0.015312 0.884582
v 1.183022 -0.052117 0.903216
v 1.081502 -0.026837 0.919234
v 1.153092 -0.064673 0.938502
v 1.059066 -0.013761 0.960690
v 1.129138 -0.052504 0.980490
v 1.049485 0.020746 0.997409
v 1.117756 -0.018736 1.017901
v 1.055528 0.067526 1.019462
v 1.122051 0.027736 1.040454
v 1.075696 0.113826 1.021169
v 1.140714 0.073878 1.043794
v 1.104552 0.146902 1.002177
v 1.168720 0.107465 1.026241
v 1.134129 0.157760 0.967481
v 1.198620 0.119492 0.991986
v 1.156230 0.143724 0.926536
v 1.222454 0.106759 0.950009
v 1.165031 0.109021 0.890119
v 1.233694 0.072851 0.911897
v 1.158552 0.062945 0.867990
v 1.229360 0.027117 0.887859
v 0.993412 0.136165 0.781011
v 0.934811 0.210696 0.726069
v 0.889380 0.208406 0.746762
v 0.945262 0.127647 0.796419
v 0.856611 0.224052 0.780704
v 0.906308 0.138522 0.827764
v 0.845080 0.253513 0.818964
v 0.887139 0.165706 0.866281
v 0.857896 0.289128 0.851157
v 0.892709 0.201600 0.901843
v 0.891813 0.321450 0.868674
v 0.921192 0.236583 0.924892
v 0.937899 0.341708 0.866917
v 0.964745 0.261541 0.929122
v 0.983845 0.344509 0.845703
v 1.011808 0.270000 0.913602
v 1.017165 0.328824 0.811178
v 1.050184 0.259736 0.882704
v 1.028727 0.298803 0.772896
v 1.069886 0.233214 0.844831
v 1.015407 0.262725 0.741051
v 1.065422 0.197338 0.809506
v 0.980949 0.230500 0.723930
v 1.037484 0.161721 0.786008
v 0.880437 0.333696 0.627696
v 0.804942 0.436013 0.536797
v 0.775852 0.459972 0.570406
v 0.841529 0.346930 0.656329
v 0.769591 0.496075 0.604014
v 0.821656 0.377202 0.691139
v 0.787133 0.534727 0.629083
v 0.826321 0.416285 0.722695
v 0.823790 0.566135 0.639424
v 0.854247 0.453585 0.742261
v 0.870314 0.582278 0.632317
v 0.897718 0.478990 0.744587
v 0.914728 0.578750 0.609283
v 0.944908 0.485793 0.729132
v 0.945151 0.556095 0.576069
v 0.983185 0.472355 0.700201
v 0.953031 0.519991 0.541483
v 1.002483 0.442342 0.665692
v 0.935767 0.480059 0.515065
v 0.997832 0.403659 0.634868
v 0.897799 0.447372 0.504333
v 0.970546 0.366591 0.615571
v 0.849666 0.431208 0.512392
v 0.927669 0.340940 0.612906
v 0.735241 0.497707 0.481456
v 0.622507 0.562907 0.403625
v 0.609354 0.597301 0.440040
v 0.716986 0.526348 0.517806
v 0.616091 0.643547 0.462780
v 0.717249 0.569556 0.544027
v 0.640734 0.689301 0.466087
v 0.736548 0.615978 0.552671
v 0.676775 0.722212 0.448952
v 0.769850 0.652632 0.540904
v 0.714338 0.733526 0.416199
v 0.807782 0.669128 0.511885
v 0.743345 0.720238 0.376601
v 0.839718 0.660997 0.473806
v 0.756338 0.685827 0.340363
v 0.857078 0.630796 0.437195
v 0.749991 0.639474 0.316988
v 0.855570 0.587044 0.411853
v 0.725476 0.593794 0.313446
v 0.835892 0.541664 0.404403
v 0.689546 0.560918 0.330467
v 0.803479 0.506549 0.416430
v 0.651788 0.549636 0.363583
v 0.766809 0.490578 0.444530
v -0.534652 0.592613 0.349629
v -0.523621 0.625930 0.387575
v -0.526948 0.673410 0.408368
v -0.543560 0.722401 0.406680
v -0.569000 0.759779 0.382971
v -0.596465 0.775523 0.343575
v -0.618586 0.765419 0.299063
v -0.629545 0.732130 0.261213
v -0.626443 0.684562 0.240118
v -0.609967 0.635517 0.241623
v -0.584477 0.598159 0.265399
v -0.556892 0.582462 0.304956
v -1.336215 -0.055010 0.891503
v -1.335020 -0.093641 0.915857
v -1.333333 -0.111435 0.957827
v -1.331634 -0.103451 1.005643
v -1.330402 -0.071653 1.045967
v -1.329983 -0.024467 1.067712
v -1.330453 0.025224 1.065769
v -1.331659 0.063922 1.041212
v -1.333273 0.081243 1.000669
v -1.334889 0.072703 0.954525
v -1.336096 0.040745 0.914683
v -1.336597 -0.005896 0.891298
v -1.336545 -0.059599 0.881320
v -1.335211 -0.102692 0.908486
v -1.333324 -0.122584 0.955433
v -1.331421 -0.113730 1.008928
v -1.330048 -0.078259 1.053913
v -1.329586 -0.025584 1.078058
v -1.330115 0.029884 1.075785
v -1.331461 0.073074 1.048329
v -1.333259 0.092368 1.003183
v -1.335062 0.082834 0.951728
v -1.336407 0.047172 0.907315
v -1.336971 -0.004825 0.881133
v -1.388788 -0.057264 0.881196
v -1.387454 -0.099521 0.908417
v -1.385581 -0.119147 0.954880
v -1.383700 -0.110696 1.007570
v -1.382354 -0.076178 1.051606
v -1.381916 -0.024747 1.074898
v -1.382458 0.029503 1.072149
v -1.383807 0.071855 1.044643
v -1.385593 0.090910 0.999899
v -1.387375 0.081801 0.949189
v -1.388690 0.047075 0.905781
v -1.389221 -0.003736 0.880620
v -0.448889 0.620260 0.302698
v -0.437855 0.653578 0.340648
v -0.441189 0.701055 0.361431
v -0.457833 0.750034 0.359701
v -0.483316 0.787395 0.335934
v -0.510823 0.803123 0.296483
v -0.532974 0.793006 0.251930
v -0.543942 0.759714 0.214067
v -0.540777 0.712171 0.193057
v -0.524262 0.663141 0.194614
v -0.498732 0.625799 0.218445
v -0.471154 0.610099 0.257991
v -0.527371 0.577992 0.354127
v -0.514466 0.616970 0.398520
v -0.518373 0.672511 0.422826
v -0.537806 0.729826 0.420853
v -0.567603 0.773541 0.393069
v -0.599750 0.791954 0.346960
v -0.625603 0.780143 0.294919
v -0.638414 0.741203 0.250652
v -0.634823 0.685538 0.225922
v -0.615538 0.628164 0.227696
v -0.585713 0.584460 0.255517
v -0.553388 0.566117 0.301867
v -0.441597 0.605597 0.307326
v -0.428689 0.644576 0.351724
v -0.432604 0.700113 0.376018
v -0.452074 0.757414 0.373996
v -0.481890 0.801122 0.346186
v -0.514080 0.819518 0.300019
v -0.540006 0.807678 0.247881
v -0.552827 0.768734 0.203600
v -0.549168 0.713096 0.178961
v -0.529838 0.655740 0.180796
v -0.499965 0.612054 0.208682
v -0.467644 0.593710 0.255025
v -1.210843 -0.018549 0.884763
v -1.138730 0.017607 0.865720
v -1.110629 -0.015312 0.884582
v -1.183022 -0.052117 0.903216
v -1.081502 -0.026837 0.919234
v -1.153092 -0.064673 0.938502
v -1.059066 -0.013761 0.960690
v -1.129138 -0.052504 0.980490
v -1.049485 0.020746 0.997409
v -1.117756 -0.018736 1.017901
v -1.055528 0.067526 1.019462
v -1.122051 0.027736 1.040454
v -1.075696 0.113826 1.021169
v -1.140714 0.073878 1.043794
v -1.104552 0.146902 1.002177
v -1.168720 0.107465 1.026241
v -1.134129 0.157760 0.967481
v -1.198620 0.119492 0.991986
v -1.156230 0.143724 0.926536
v -1.222454 0.106759 0.950009
v -1.165031 0.109021 0.890119
v -1.233694 0.072851 0.911897
v -1.158552 0.062945 0.867990
v -1.229360 0.027117 0.887859
v -0.993412 0.136165 0.781011
v -0.934811 0.210696 0.726069
v -0.889380 0.208406 0.746762
v -0.945262 0.127647 0.796419
v -0.856611 0.224052 0.780704
v -0.906308 0.138522 0.827764
v -0.845080 0.253513 0.818964
v -0.887139 0.165706 0.866281
v -0.857896 0.289128 0.851157
v -0.892709 0.201600 0.901843
v -0.891813 0.321450 0.868674
v -0.921192 0.236583 0.924892
v -0.937899 0.341708 0.866917
v -0.964745 0.261541 0.929122
v -0.983845 0.344509 0.845703
v -1.011808 0.270000 0.913602
v -1.017165 0.328824 0.811178
v -1.050184 0.259736 0.882704
v -1.028727 0.298803 0.772896
v -1.069886 0.233214 0.844831
v -1.015407 0.262725 0.741051
v -1.065422 0.197338 0.809506
v -0.980949 0.230500 0.723930
v -1.037484 0.161721 0.786008
v -0.880437 0.333696 0.627696
v -0.804942 0.436013 0.536797
v -0.775852 0.459972 0.570406
v -0.841529 0.346930 0.656329
v -0.769591 0.496075 0.604014
v -0.821656 0.377202 0.691139
v -0.787133 0.534727 0.629083
v -0.826321 0.416285 0.722695
v -0.823790 0.566135 0.639424
v -0.854247 0.453585 0.742261
v -0.870314 0.582278 0.632317
v -0.897718 0.478990 0.744587
v -0.914728 0.578750 0.609283
v -0.944908 0.485793 0.729132
v -0.945151 0.556095 0.576069
v -0.983185 0.472355 0.700201
v -0.953031 0.519991 0.541483
v -1.002483 0.442342 0.665692
v -0.935767 0.480059 0.515065
v -0.997832 0.403659 0.634868
v -0.897799 0.447372 0.504333
v -0.970546 0.366591 0.615571
v -0.849666 0.431208 0.512392
v -0.927669 0.340940 0.612906
v -0.735241 0.497707 0.481456
v -0.622507 0.562907 0.403625
v -0.609354 0.597301 0.440040
v -0.716986 0.526348 0.517806
v -0.616091 0.643547 0.462780
v -0.717249 0.569556 0.544027
v -0.640734 0.689301 0.466087
v -0.736548 0.615978 0.552671
v -0.676775 0.722212 0.448952
v -0.769850 0.652632 0.540904
v -0.714338 0.733526 0.416199
v -0.807782 0.669128 0.511885
v -0.743345 0.720238 0.376601
v -0.839718 0.660997 0.473806
v -0.756338 0.685827 0.340363
v -0.857078 0.630796 0.437195
v -0.749991 0.639474 0.316988
v -0.855570 0.587044 0.411853
v -0.725476 0.593794 0.313446
v -0.835892 0.541664 0.404403
v -0.689546 0.560918 0.330467
v -0.803479 0.506549 0.416430
v -0.651788 0.549636 0.363583
v -0.766809 0.490578 0.444530
v 0.534652 1.407387 -0.349629
v 0.523621 1.374070 -0.387575
v 0.526948 1.326590 -0.408368
v 0.543560 1.277599 -0.406680
v 0.569000 1.240221 -0.382971
v 0.596465 1.224477 -0.343575
v 0.618586 1.234581 -0.299063
v 0.629545 1.267870 -0.261213
v 0.626443 1.315438 -0.240118
v 0.609967 1.364483 -0.241623
v 0.584477 1.401841 -0.265399
v 0.556892 1.417538 -0.304956
v 1.336215 2.055010 -0.891503
v 1.335020 2.093641 -0.915857
v 1.333333 2.111435 -0.957827
v 1.331634 2.103451 -1.005643
v 1.330402 2.071652 -1.045967
v 1.329983 2.024467 -1.067712
v 1.330453 1.974776 -1.065769
v 1.331659 1.936078 -1.041212
v 1.333273 1.918757 -1.000669
v 1.334889 1.927297 -0.954525
v 1.336096 1.959255 -0.914683
v 1.336597 2.005896 -0.891298
v 1.336545 2.059599 -0.881320
v 1.335211 2.102692 -0.908486
v 1.333324 2.122584 -0.955433
v 1.331421 2.113730 -1.008928
v 1.330048 2.078259 -1.053913
v 1.329586 2.025584 -1.078058
v 1.330115 1.970116 -1.075785
v 1.331461 1.926926 -1.048329
v 1.333259 1.907631 -1.003183
v 1.335062 1.917166 -0.951728
v 1.336407 1.952828 -0.907315
v 1.336971 2.004826 -0.881133
v 1.388788 2.057264 -0.881196
v 1.387454 2.099521 -0.908417
v 1.385581 2.119147 -0.954880
v 1.383700 2.110696 -1.007570
v 1.382354 2.076178 -1.051606
v 1.381916 2.024747 -1.074898
v 1.382458 1.970497 -1.072149
v 1.383807 1.928145 -1.044643
v 1.385593 1.909090 -0.999899
v 1.387375 1.918199 -0.949189
v 1.388690 1.952925 -0.905781
v 1.389221 2.003736 -0.880620
v 0.448889 1.379740 -0.302698
v 0.437855 1.346422 -0.340648
v 0.441189 1.298945 -0.361431
v 0.457833 1.249966 -0.359701
v 0.483316 1.212605 -0.335934
v 0.510823 1.196877 -0.296483
v 0.532974 1.206994 -0.251930
v 0.543942 1.240286 -0.214067
v 0.540777 1.287829 -0.193057
v 0.524262 1.336859 -0.194614
v 0.498732 1.374201 -0.218445
v 0.471154 1.389901 -0.257991
v 0.527371 1.422008 -0.354127
v 0.514466 1.383030 -0.398520
v 0.518373 1.327489 -0.422826
v 0.537806 1.270174 -0.420853
v 0.567603 1.226459 -0.393069
v 0.599750 1.208046 -0.346960
v 0.625603 1.219857 -0.294919
v 0.638414 1.258797 -0.250652
v 0.634823 1.314462 -0.225922
v 0.615538 1.371836 -0.227696
v 0.585713 1.415540 -0.255517
v 0.553388 1.433883 -0.301867
v 0.441597 1.394403 -0.307326
v 0.428689 1.355424 -0.351724
v 0.432604 1.299887 -0.376018
v 0.452074 1.242586 -0.373996
v 0.481890 1.198878 -0.346186
v 0.514080 1.180482 -0.300019
v 0.540006 1.192322 -0.247881
v 0.552827 1.231266 -0.203600
v 0.549168 1.286904 -0.178961
v 0.529838 1.344260 -0.180796
v 0.499965 1.387946 -0.208682
v 0.467644 1.406290 -0.255025
v 1.210843 2.018549 -0.884763
v 1.138730 1.982393 -0.865720
v 1.110629 2.015312 -0.884582
v 1.183022 2.052117 -0.903216
v 1.081502 2.026836 -0.919234
v 1.153092 2.064673 -0.938502
v 1.059066 2.013761 -0.960690
v 1.129138 2.052504 -0.980490
v 1.049485 1.979254 -0.997409
v 1.117756 2.018736 -1.017901
v 1.055528 1.932474 -1.019462
v 1.122051 1.972264 -1.040454
v 1.075696 1.886174 -1.021169
v 1.140714 1.926121 -1.043794
v 1.104552 1.853098 -1.002177
v 1.168720 1.892535 -1.026241
v 1.134129 1.842240 -0.967481
v 1.198620 1.880508 -0.991986
v 1.156230 1.856276 -0.926536
v 1.222454 1.893241 -0.950009
v 1.165031 1.890979 -0.890119
v 1.233694 1.927149 -0.911897
v 1.158552 1.937055 -0.867990
v 1.229360 1.972883 -0.887859
v 0.993412 1.863835 -0.781011
v 0.934811 1.789304 -0.726069
v 0.889380 1.791594 -0.746762
v 0.945262 1.872353 -0.796419
v 0.856611 1.775948 -0.780704
v 0.906308 1.861478 -0.827764
v 0.845080 1.746487 -0.818964
v 0.887139 1.834294 -0.866281
v 0.857896 1.710872 -0.851157
v 0.892709 1.798400 -0.901843
v 0.891813 1.678550 -0.868674
v 0.921192 1.763417 -0.924892
v 0.937899 1.658292 -0.866917
v 0.964745 1.738459 -0.929122
v 0.983845 1.655491 -0.845703
v 1.011808 1.730000 -0.913602
v 1.017165 1.671176 -0.811178
v 1.050184 1.740263 -0.882704
v 1.028727 1.701197 -0.772896
v 1.069886 1.766786 -0.844831
v 1.015407 1.737275 -0.741051
v 1.065422 1.802662 -0.809506
v 0.980949 1.769500 -0.723930
v 1.037484 1.838279 -0.786008
v 0.880437 1.666305 -0.627696
v 0.804942 1.563987 -0.536797
v 0.775852 1.540028 -0.570406
v 0.841529 1.653070 -0.656329
v 0.769591 1.503925 -0.604014
v 0.821656 1.622797 -0.691139
v 0.787133 1.465273 -0.629083
v 0.826321 1.583715 -0.722695
v 0.823790 1.433865 -0.639424
v 0.854247 1.546415 -0.742261
v 0.870314 1.417722 -0.632317
v 0.897718 1.521010 -0.744587
v 0.914728 1.421250 -0.609283
v 0.944908 1.514207 -0.729132
v 0.945151 1.443905 -0.576069
v 0.983185 1.527645 -0.700201
v 0.953031 1.480009 -0.541483
v 1.002483 1.557658 -0.665692
v 0.935767 1.519941 -0.515065
v 0.997832 1.596341 -0.634868
v 0.897799 1.552628 -0.504333
v 0.970546 1.633409 -0.615571
v 0.849666 1.568792 -0.512392
v 0.927669 1.659060 -0.612906
v 0.735241 1.502293 -0.481456
v 0.622507 1.437093 -0.403625
v 0.609354 1.402699 -0.440040
v 0.716986 1.473652 -0.517806
v 0.616091 1.356453 -0.462780
v 0.717249 1.430444 -0.544027
v 0.640734 1.310699 -0.466087
v 0.736548 1.384022 -0.552671
v 0.676775 1.277788 -0.448952
v 0.769850 1.347368 -0.540904
v 0.714338 1.266474 -0.416199
v 0.807782 1.330872 -0.511885
v 0.743345 1.279762 -0.376601
v 0.839718 1.339003 -0.473806
v 0.756338 1.314173 -0.340363
v 0.857078 1.369204 -0.437195
v 0.749991 1.360526 -0.316988
v 0.855570 1.412956 -0.411853
v 0.725476 1.406206 -0.313446
v 0.835892 1.458336 -0.404403
v 0.689546 1.439082 -0.330467
v 0.803479 1.493451 -0.416430
v 0.651788 1.450364 -0.363583
v 0.766809 1.509422 -0.444530
v -0.534652 1.407387 -0.349629
v -0.523621 1.374070 -0.387575
v -0.526948 1.326590 -0.408368
v -0.543560 1.277599 -0.406680
v -0.569000 1.240221 -0.382971
v -0.596465 1.224477 -0.343575
v -0.618586 1.234581 -0.299063
v -0.629545 1.267870 -0.261213
v -0.626443 1.315438 -0.240118
v -0.609967 1.364483 -0.241623
v -0.584477 1.401841 -0.265399
v -0.556892 1.417538 -0.304956
v -1.336215 2.055010 -0.891503
v -1.335020 2.093641 -0.915857
v -1.333333 2.111435 -0.957827
v -1.331634 2.103451 -1.005643
v -1.330402 2.071652 -1.045967
v -1.329983 2.024467 -1.067712
v -1.330453 1.974776 -1.065769
v -1.331659 1.936078 -1.041212
v -1.333273 1.918757 -1.000669
v -1.334889 1.927297 -0.954525
v -1.336096 1.959255 -0.914683
v -1.336597 2.005896 -0.891298
v -1.336545 2.059599 -0.881320
v -1.335211 2.102692 -0.908486
v -1.333324 2.122584 -0.955433
v -1.331421 2.113730 -1.008928
v -1.330048 2.078259 -1.053913
v -1.329586 2.025584 -1.078058
v -1.330115 1.970116 -1.075785
v -1.331461 1.926926 -1.048329
v -1.333259 1.907631 -1.003183
v -1.335062 1.917166 -0.951728
v -1.336407 1.952828 -0.907315
v -1.336971 2.004826 -0.881133
v -1.388788 2.057264 -0.881196
v -1.387454 2.099521 -0.908417
v -1.385581 2.119147 -0.954880
v -1.383700 2.110696 -1.007570
v -1.382354 2.076178 -1.051606
v -1.381916 2.024747 -1.074898
v -1.382458 1.970497 -1.072149
v -1.383807 1.928145 -1.044643
v -1.385593 1.909090 -0.999899
v -1.387375 1.918199 -0.949189
v -1.388690 1.952925 -0.905781
v -1.389221 2.003736 -0.880620
v -0.448889 1.379740 -0.302698
v -0.437855 1.346422 -0.340648
v -0.441189 1.298945 -0.361431
v -0.457833 1.249966 -0.359701
v -0.483316 1.212605 -0.335934
v -0.510823 1.196877 -0.296483
v -0.532974 1.206994 -0.251930
v -0.543942 1.240286 -0.214067
v -0.540777 1.287829 -0.193057
v -0.524262 1.336859 -0.194614
v -0.498732 1.374201 -0.218445
v -0.471154 1.389901 -0.257991
v -0.527371 1.422008 -0.354127
v -0.514466 1.383030 -0.398520
v -0.518373 1.327489 -0.422826
v -0.537806 1.270174 -0.420853
v -0.567603 1.226459 -0.393069
v -0.599750 1.208046 -0.346960
v -0.625603 1.219857 -0.294919
v -0.638414 1.258797 -0.250652
v -0.634823 1.314462 -0.225922
v -0.615538 1.371836 -0.227696
v -0.585713 1.415540 -0.255517
v -0.553388 1.433883 -0.301867
v -0.441597 1.394403 -0.307326
v -0.428689 1.355424 -0.351724
v -0.432604 1.299887 -0.376018
v -0.452074 1.242586 -0.373996
v -0.481890 1.198878 -0.346186
v -0.514080 1.180482 -0.300019
v -0.540006 1.192322 -0.247881
v -0.552827 1.231266 -0.203600
v -0.549168 1.286904 -0.178961
v -0.529838 1.344260 -0.180796
v -0.499965 1.387946 -0.208682
v -0.467644 1.406290 -0.255025
v -1.210843 2.018549 -0.884763
v -1.138730 1.982393 -0.865720
v -1.110629 2.015312 -0.884582
v -1.183022 2.052117 -0.903216
v -1.081502 2.026836 -0.919234
v -1.153092 2.064673 -0.938502
v -1.059066 2.013761 -0.960690
v -1.129138 2.052504 -0.980490
v -1.049485 1.979254 -0.997409
v -1.117756 2.018736 -1.017901
v -1.055528 1.932474 -1.019462
v -1.122051 1.972264 -1.040454
v -1.075696 1.886174 -1.021169
v -1.140714 1.926121 -1.043794
v -1.104552 1.853098 -1.002177
v -1.168720 1.892535 -1.026241
v -1.134129 1.842240 -0.967481
v -1.198620 1.880508 -0.991986
v -1.156230 1.856276 -0.926536
v -1.222454 1.893241 -0.950009
v -1.165031 1.890979 -0.890119
v -1.233694 1.927149 -0.911897
v -1.158552 1.937055 -0.867990
v -1.229360 1.972883 -0.887859
v -0.993412 1.863835 -0.781011
v -0.934811 1.789304 -0.726069
v -0.889380 1.791594 -0.746762
v -0.945262 1.872353 -0.796419
v -0.856611 1.775948 -0.780704
v -0.906308 1.861478 -0.827764
v -0.845080 1.746487 -0.818964
v -0.887139 1.834294 -0.866281
v -0.857896 1.710872 -0.851157
v -0.892709 1.798400 -0.901843
v -0.891813 1.678550 -0.868674
v -0.921192 1.763417 -0.924892
v -0.937899 1.658292 -0.866917
v -0.964745 1.738459 -0.929122
v -0.983845 1.655491 -0.845703
v -1.011808 1.730000 -0.913602
v -1.017165 1.671176 -0.811178
v -1.050184 1.740263 -0.882704
v -1.028727 1.701197 -0.772896
v -1.069886 1.766786 -0.844831
v -1.015407 1.737275 -0.741051
v -1.065422 1.802662 -0.809506
v -0.980949 1.769500 -0.723930
v -1.037484 1.838279 -0.786008
v -0.880437 1.666305 -0.627696
v -0.804942 1.563987 -0.536797
v -0.775852 1.540028 -0.570406
v -0.841529 1.653070 -0.656329
v -0.769591 1.503925 -0.604014
v -0.821656 1.622797 -0.691139
v -0.787133 1.465273 -0.629083
v -0.826321 1.583715 -0.722695
v -0.823790 1.433865 -0.639424
v -0.854247 1.546415 -0.742261
v -0.870314 1.417722 -0.632317
v -0.897718 1.521010 -0.744587
v -0.914728 1.421250 -0.609283
v -0.944908 1.514207 -0.729132
v -0.945151 1.443905 -0.576069
v -0.983185 1.527645 -0.700201
v -0.953031 1.480009 -0.541483
v -1.002483 1.557658 -0.665692
v -0.935767 1.519941 -0.515065
v -0.997832 1.596341 -0.634868
v -0.897799 1.552628 -0.504333
v -0.970546 1.633409 -0.615571
v -0.849666 1.568792 -0.512392
v -0.927669 1.659060 -0.612906
v -0.735241 1.502293 -0.481456
v -0.622507 1.437093 -0.403625
v -0.609354 1.402699 -0.440040
v -0.716986 1.473652 -0.517806
v -0.616091 1.356453 -0.462780
v -0.717249 1.430444 -0.544027
v -0.640734 1.310699 -0.466087
v -0.736548 1.384022 -0.552671
v -0.676775 1.277788 -0.448952
v -0.769850 1.347368 -0.540904
v -0.714338 1.266474 -0.416199
v -0.807782 1.330872 -0.511885
v -0.743345 1.279762 -0.376601
v -0.839718 1.339003 -0.473806
v -0.756338 1.314173 -0.340363
v -0.857078 1.369204 -0.437195
v -0.749991 1.360526 -0.316988
v -0.855570 1.412956 -0.411853
v -0.725476 1.406206 -0.313446
v -0.835892 1.458336 -0.404403
v -0.689546 1.439082 -0.330467
v -0.803479 1.493451 -0.416430
v -0.651788 1.450364 -0.363583
v -0.766809 1.509422 -0.444530
v 0.534652 1.407387 0.349629
v 0.523621 1.374070 0.387575
v 0.526948 1.326590 0.408368
v 0.543560 1.277599 0.406680
v 0.569000 1.240221 0.382971
v 0.596465 1.224477 0.343575
v 0.618586 1.234581 0.299063
v 0.629545 1.267870 0.261213
v 0.626443 1.315438 0.240118
v 0.609967 1.364483 0.241623
v 0.584477 1.401841 0.265399
v 0.556892 1.417538 0.304956
v 1.336215 2.055010 0.891503
v 1.335020 2.093641 0.915857
v 1.333333 2.111435 0.957827
v 1.331634 2.103451 1.005643
v 1.330402 2.071652 1.045967
v 1.329983 2.024467 1.067712
v 1.330453 1.974776 1.065769
v 1.331659 1.936078 1.041212
v 1.333273 1.918757 1.000669
v 1.334889 1.927297 0.954525
v 1.336096 1.959255 0.914683
v 1.336597 2.005896 0.891298
v 1.336545 2.059599 0.881320
v 1.335211 2.102692 0.908486
v 1.333324 2.122584 0.955433
v 1.331421 2.113730 1.008928
v 1.330048 2.078259 1.053913
v 1.329586 2.025584 1.078058
v 1.330115 1.970116 1.075785
v 1.331461 1.926926 1.048329
v 1.333259 1.907631 1.003183
v 1.335062 1.917166 0.951728
v 1.336407 1.952828 0.907315
v 1.336971 2.004826 0.881133
v 1.388788 2.057264 0.881196
v 1.387454 2.099521 0.908417
v 1.385581 2.119147 0.954880
v 1.383700 2.110696 1.007570
v 1.382354 2.076178 1.051606
v 1.381916 2.024747 1.074898
v 1.382458 1.970497 1.072149
v 1.383807 1.928145 1.044643
v 1.385593 1.909090 0.999899
v 1.387375 1.918199 0.949189
v 1.388690 1.952925 0.905781
v 1.389221 2.003736 0.880620
v 0.448889 1.379740 0.302698
v 0.437855 1.346422 0.340648
v 0.441189 1.298945 0.361431
v 0.457833 1.249966 0.359701
v 0.483316 1.212605 0.335934
v 0.510823 1.196877 0.296483
v 0.532974 1.206994 0.251930
v 0.543942 1.240286 0.214067
v 0.540777 1.287829 0.193057
v 0.524262 1.336859 0.194614
v 0.498732 1.374201 0.218445
v 0.471154 1.389901 0.257991
v 0.527371 1.422008 0.354127
v 0.514466 1.383030 0.398520
v 0.518373 1.327489 0.422826
v 0.537806 1.270174 0.420853
v 0.567603 1.226459 0.393069
v 0.599750 1.208046 0.346960
v 0.625603 1.219857 0.294919
v 0.638414 1.258797 0.250652
v 0.634823 1.314462 0.225922
v 0.615538 1.371836 0.227696
v 0.585713 1.415540 0.255517
v 0.553388 1.433883 0.301867
v 0.441597 1.394403 0.307326
v 0.428689 1.355424 0.351724
v 0.432604 1.299887 0.376018
v 0.452074 1.242586 0.373996
v 0.481890 1.198878 0.346186
v 0.514080 1.180482 0.300019
v 0.540006 1.192322 0.247881
v 0.552827 1.231266 0.203600
v 0.549168 1.286904 0.178961
v 0.529838 1.344260 0.180796
v 0.499965 1.387946 0.208682
v 0.467644 1.406290 0.255025
v 1.210843 2.018549 0.884763
v 1.138730 1.982393 0.865720
v 1.110629 2.015312 0.884582
v 1.183022 2.052117 0.903216
v 1.081502 2.026836 0.919234
v 1.153092 2.064673 0.938502
v 1.059066 2.013761 0.960690
v 1.129138 2.052504 0.980490
v 1.049485 1.979254 0.997409
v 1.117756 2.018736 1.017901
v 1.055528 1.932474 1.019462
v 1.122051 1.972264 1.040454
v 1.075696 1.886174 1.021169
v 1.140714 1.926121 1.043794
v 1.104552 1.853098 1.002177
v 1.168720 1.892535 1.026241
v 1.134129 1.842240 0.967481
v 1.198620 1.880508 0.991986
v 1.156230 1.856276 0.926536
v 1.222454 1.893241 0.950009
v 1.165031 1.890979 0.890119
v 1.233694 1.927149 0.911897
v 1.158552 1.937055 0.867990
v 1.229360 1.972883 0.887859
v 0.993412 1.863835 0.781011
v 0.934811 1.789304 0.726069
v 0.889380 1.791594 0.746762
v 0.945262 1.872353 0.796419
v 0.856611 1.775948 0.780704
v 0.906308 1.861478 0.827764
v 0.845080 1.746487 0.818964
v 0.887139 1.834294 0.866281
v 0.857896 1.710872 0.851157
v 0.892709 1.798400 0.901843
v 0.891813 1.678550 0.868674
v 0.921192 1.763417 0.924892
v 0.937899 1.658292 0.866917
v 0.964745 1.738459 0.929122
v 0.983845 1.655491 0.845703
v 1.011808 1.730000 0.913602
v 1.017165 1.671176 0.811178
v 1.050184 1.740263 0.882704
v 1.028727 1.701197 0.772896
v 1.069886 1.766786 0.844831
v 1.015407 1.737275 0.741051
v 1.065422 1.802662 0.809506
v 0.980949 1.769500 0.723930
v 1.037484 1.838279 0.786008
v 0.880437 1.666305 0.627696
v 0.804942 1.563987 0.536797
v 0.775852 1.540028 0.570406
v 0.841529 1.653070 0.656329
v 0.769591 1.503925 0.604014
v 0.821656 1.622797 0.691139
v 0.787133 1.465273 0.629083
v 0.826321 1.583715 0.722695
v 0.823790 1.433865 0.639424
v 0.854247 1.546415 0.742261
v 0.870314 1.417722 0.632317
v 0.897718 1.521010 0.744587
v 0.914728 1.421250 0.609283
v 0.944908 1.514207 0.729132
v 0.945151 1.443905 0.576069
v 0.983185 1.527645 0.700201
v 0.953031 1.480009 0.541483
v 1.002483 1.557658 0.665692
v 0.935767 1.519941 0.515065
v 0.997832 1.596341 0.634868
v 0.897799 1.552628 0.504333
v 0.970546 1.633409 0.615571
v 0.849666 1.568792 0.512392
v 0.927669 1.659060 0.612906
v 0.735241 1.502293 0.481456
v 0.622507 1.437093 0.403625
v 0.609354 1.402699 0.440040
v 0.716986 1.473652 0.517806
v 0.616091 1.356453 0.462780
v 0.717249 1.430444 0.544027
v 0.640734 1.310699 0.466087
v 0.736548 1.384022 0.552671
v 0.676775 1.277788 0.448952
v 0.769850 1.347368 0.540904
v 0.714338 1.266474 0.416199
v 0.807782 1.330872 0.511885
v 0.743345 1.279762 0.376601
v 0.839718 1.339003 0.473806
v 0.756338 1.314173 0.340363
v 0.857078 1.369204 0.437195
v 0.749991 1.360526 0.316988
v 0.855570 1.412956 0.411853
v 0.725476 1.406206 0.313446
v 0.835892 1.458336 0.404403
v 0.689546 1.439082 0.330467
v 0.803479 1.493451 0.416430
v 0.651788 1.450364 0.363583
v 0.766809 1.509422 0.444530
v -0.534652 1.407387 0.349629
v -0.523621 1.374070 0.387575
v -0.526948 1.326590 0.408368
v -0.543560 1.277599 0.406680
v -0.569000 1.240221 0.382971
v -0.596465 1.224477 0.343575
v -0.618586 1.234581 0.299063
v -0.629545 1.267870 0.261213
v -0.626443 1.315438 0.240118
v -0.609967 1.364483 0.241623
v -0.584477 1.401841 0.265399
v -0.556892 1.417538 0.304956
v -1.336215 2.055010 0.891503
v -1.335020 2.093641 0.915857
v -1.333333 2.111435 0.957827
v -1.331634 2.103451 1.005643
v -1.330402 2.071652 1.045967
v -1.329983 2.024467 1.067712
v -1.330453 1.974776 1.065769
v -1.331659 1.936078 1.041212
v -1.333273 1.918757 1.000669
v -1.334889 1.927297 0.954525
v -1.336096 1.959255 0.914683
v -1.336597 2.005896 0.891298
v -1.336545 2.059599 0.881320
v -1.335211 2.102692 0.908486
v -1.333324 2.122584 0.955433
v -1.331421 2.113730 1.008928
v -1.330048 2.078259 1.053913
v -1.329586 2.025584 1.078058
v -1.330115 1.970116 1.075785
v -1.331461 1.926926 1.048329
v -1.333259 1.907631 1.003183
v -1.335062 1.917166 0.951728
v -1.336407 1.952828 0.907315
v -1.336971 2.004826 0.881133
v -1.388788 2.057264 0.881196
v -1.387454 2.099521 0.908417
v -1.385581 2.119147 0.954880
v -1.383700 2.110696 1.007570
v -1.382354 2.076178 1.051606
v -1.381916 2.024747 1.074898
v -1.382458 1.970497 1.072149
v -1.383807 1.928145 1.044643
v -1.385593 1.909090 0.999899
v -1.387375 1.918199 0.949189
v -1.388690 1.952925 0.905781
v -1.389221 2.003736 0.880620
v -0.448889 1.379740 0.302698
v -0.437855 1.346422 0.340648
v -0.441189 1.298945 0.361431
v -0.457833 1.249966 0.359701
v -0.483316 1.212605 0.335934
v -0.510823 1.196877 0.296483
v -0.532974 1.206994 0.251930
v -0.543942 1.240286 0.214067
v -0.540777 1.287829 0.193057
v -0.524262 1.336859 0.194614
v -0.498732 1.374201 0.218445
v -0.471154 1.389901 0.257991
v -0.527371 1.422008 0.354127
v -0.514466 1.383030 0.398520
v -0.518373 1.327489 0.422826
v -0.537806 1.270174 0.420853
v -0.567603 1.226459 0.393069
v -0.599750 1.208046 0.346960
v -0.625603 1.219857 0.294919
v -0.638414 1.258797 0.250652
v -0.634823 1.314462 0.225922
v -0.615538 1.371836 0.227696
v -0.585713 1.415540 0.255517
v -0.553388 1.433883 0.301867
v -0.441597 1.394403 0.307326
v -0.428689 1.355424 0.351724
v -0.432604 1.299887 0.376018
v -0.452074 1.242586 0.373996
v -0.481890 1.198878 0.346186
v -0.514080 1.180482 0.300019
v -0.540006 1.192322 0.247881
v -0.552827 1.231266 0.203600
v -0.549168 1.286904 0.178961
v -0.529838 1.344260 0.180796
v -0.499965 1.387946 0.208682
v -0.467644 1.406290 0.255025
v -1.210843 2.018549 0.884763
v -1.138730 1.982393 0.865720
v -1.110629 2.015312 0.884582
v -1.183022 2.052117 0.903216
v -1.081502 2.026836 0.919234
v -1.153092 2.064673 0.938502
v -1.059066 2.013761 0.960690
v -1.129138 2.052504 0.980490
v -1.049485 1.979254 0.997409
v -1.117756 2.018736 1.017901
v -1.055528 1.932474 1.019462
v -1.122051 1.972264 1.040454
v -1.075696 1.886174 1.021169
v -1.140714 1.926121 1.043794
v -1.104552 1.853098 1.002177
v -1.168720 1.892535 1.026241
v -1.134129 1.842240 0.967481
v -1.198620 1.880508 0.991986
v -1.156230 1.856276 0.926536
v -1.222454 1.893241 0.950009
v -1.165031 1.890979 0.890119
v -1.233694 1.927149 0.911897
v -1.158552 1.937055 0.867990
v -1.229360 1.972883 0.887859
v -0.993412 1.863835 0.781011
v -0.934811 1.789304 0.726069
v -0.889380 1.791594 0.746762
v -0.945262 1.872353 0.796419
v -0.856611 1.775948 0.780704
v -0.906308 1.861478 0.827764
v -0.845080 1.746487 0.818964
v -0.887139 1.834294 0.866281
v -0.857896 1.710872 0.851157
v -0.892709 1.798400 0.901843
v -0.891813 1.678550 0.868674
v -0.921192 1.763417 0.924892
v -0.937899 1.658292 0.866917
v -0.964745 1.738459 0.929122
v -0.983845 1.655491 0.845703
v -1.011808 1.730000 0.913602
v -1.017165 1.671176 0.811178
v -1.050184 1.740263 0.882704
v -1.028727 1.701197 0.772896
v -1.069886 1.766786 0.844831
v -1.015407 1.737275 0.741051
v -1.065422 1.802662 0.809506
v -0.980949 1.769500 0.723930
v -1.037484 1.838279 0.786008
v -0.880437 1.666305 0.627696
v -0.804942 1.563987 0.536797
v -0.775852 1.540028 0.570406
v -0.841529 1.653070 0.656329
v -0.769591 1.503925 0.604014
v -0.821656 1.622797 0.691139
v -0.787133 1.465273 0.629083
v -0.826321 1.583715 0.722695
v -0.823790 1.433865 0.639424
v -0.854247 1.546415 0.742261
v -0.870314 1.417722 0.632317
v -0.897718 1.521010 0.744587
v -0.914728 1.421250 0.609283
v -0.944908 1.514207 0.729132
v -0.945151 1.443905 0.576069
v -0.983185 1.527645 0.700201
v -0.953031 1.480009 0.541483
v -1.002483 1.557658 0.665692
v -0.935767 1.519941 0.515065
v -0.997832 1.596341 0.634868
v -0.897799 1.552628 0.504333
v -0.970546 1.633409 0.615571
v -0.849666 1.568792 0.512392
v -0.927669 1.659060 0.612906
v -0.735241 1.502293 0.481456
v -0.622507 1.437093 0.403625
v -0.609354 1.402699 0.440040
v -0.716986 1.473652 0.517806
v -0.616091 1.356453 0.462780
v -0.717249 1.430444 0.544027
v -0.640734 1.310699 0.466087
v -0.736548 1.384022 0.552671
v -0.676775 1.277788 0.448952
v -0.769850 1.347368 0.540904
v -0.714338 1.266474 0.416199
v -0.807782 1.330872 0.511885
v -0.743345 1.279762 0.376601
v -0.839718 1.339003 0.473806
v -0.756338 1.314173 0.340363
v -0.857078 1.369204 0.437195
v -0.749991 1.360526 0.316988
v -0.855570 1.412956 0.411853
v -0.725476 1.406206 0.313446
v -0.835892 1.458336 0.404403
v -0.689546 1.439082 0.330467
v -0.803479 1.493451 0.416430
v -0.651788 1.450364 0.363583
v -0.766809 1.509422 0.444530
vn 0.8365 -0.2694 -0.4772
vn 0.8360 -0.2692 -0.4782
vn 0.8360 -0.2692 -0.4783
vn -0.9993 0.0070 0.0361
vn -0.9993 0.0072 0.0359
vn -0.9993 0.0070 0.0362
vn -0.9993 0.0088 0.0368
vn -0.9993 0.0088 0.0372
vn -0.9993 0.0087 0.0367
vn -0.9993 0.0078 0.0374
vn -0.9993 0.0082 0.0375
vn -0.9993 0.0070 0.0365
vn -0.9993 0.0070 0.0366
vn -0.9993 0.0084 0.0363
vn -0.9993 0.0079 0.0359
vn -0.9993 0.0075 0.0359
vn -0.9993 0.0074 0.0359
vn -0.9993 0.0086 0.0375
vn -0.9993 0.0073 0.0370
vn -0.9993 0.0072 0.0370
vn -0.9993 0.0077 0.0374
vn 0.0603 -0.6139 -0.7871
vn 0.0635 -0.1888 -0.9800
vn 0.0599 -0.6165 -0.7851
vn 0.9993 -0.0080 -0.0368
vn 0.9993 -0.0080 -0.0366
vn 0.9993 -0.0078 -0.0367
vn -0.0140 0.2234 0.9746
vn 0.0080 -0.2753 0.9613
vn -0.0143 0.2251 0.9742
vn 0.0463 -0.7711 0.6350
vn 0.0635 -0.9898 0.1276
vn 0.0423 -0.7550 0.6544
vn -0.0001 0.9149 0.4038
vn 0.0321 0.9950 -0.0943
vn 0.0353 0.9911 -0.1285
vn 0.0658 0.2945 -0.9534
vn 0.0622 -0.1936 -0.9791
vn 0.0628 -0.9923 0.1072
vn 0.0648 -0.9151 -0.3980
vn -0.0210 0.6329 0.7739
vn -0.0033 0.9049 0.4257
vn 0.0611 0.7524 -0.6559
vn 0.0707 0.3091 -0.9484
vn 0.0627 -0.9105 -0.4086
vn -0.0199 0.6243 0.7810
vn 0.0134 -0.2921 0.9563
vn 0.0629 0.7713 -0.6334
vn -0.8371 0.2670 0.4775
vn -0.8371 0.2673 0.4773
vn -0.8369 0.2674 0.4776
vn -0.8376 0.2681 0.4759
vn -0.8378 0.2676 0.4758
vn -0.8378 0.2676 0.4759
vn -0.8367 0.2653 0.4791
vn -0.8361 0.2660 0.4798
vn 0.8371 -0.2659 -0.4782
vn 0.8364 -0.2664 -0.4790
vn 0.8371 -0.2685 -0.4767
vn 0.8364 -0.2695 -0.4772
vn -0.8377 0.2666 0.4766
vn -0.8357 0.2669 0.4799
vn -0.8357 0.2670 0.4799
vn 0.8364 -0.2663 -0.4791
vn 0.8359 -0.2677 -0.4791
vn -0.8376 0.2659 0.4773
vn 0.8371 -0.2684 -0.4767
vn 0.8376 -0.2675 -0.4763
vn -0.8360 0.2679 0.4789
vn -0.8360 0.2679 0.4788
vn 0.8359 -0.2677 -0.4792
vn 0.8357 -0.2686 -0.4791
vn -0.4273 -0.8613 -0.2750
vn -0.2088 -0.9606 0.1836
vn -0.4292 -0.8586 -0.2802
vn -0.4950 -0.0695 -0.8661
vn -0.5313 -0.5293 -0.6615
vn -0.4948 -0.0673 -0.8664
vn 0.4971 0.0726 0.8646
vn 0.3314 -0.4129 0.8483
vn 0.3322 -0.4114 0.8488
vn 0.2078 0.9606 -0.1848
vn 0.4283 0.8606 0.2756
vn 0.4300 0.8584 0.2799
vn -0.3304 0.4138 -0.8483
vn -0.3307 0.4133 -0.8484
vn 0.0744 -0.7939 0.6034
vn 0.0718 -0.7963 0.6006
vn 0.5327 0.5340 0.6565
vn 0.5327 0.5314 0.6587
vn -0.0751 0.7933 -0.6042
vn -0.0734 0.7953 -0.6018
vn -0.2059 -0.9602 0.1887
vn -0.5310 -0.5330 -0.6588
vn 0.4978 0.0735 0.8642
vn 0.2054 0.9602 -0.1892
vn 0.8377 -0.2657 -0.4771
vn -0.8372 0.2657 0.4780
vn -0.8367 0.2654 0.4791
vn -0.8373 0.2687 0.4762
vn -0.8376 0.2682 0.4759
vn 0.8382 -0.2654 -0.4764
vn -0.8372 0.2658 0.4780
vn -0.8368 0.2691 0.4768
vn 0.8384 -0.2655 -0.4761
vn -0.8368 0.2691 0.4767
vn -0.8363 0.2690 0.4777
vn 0.8380 -0.2664 -0.4763
vn 0.8379 -0.2664 -0.4763
vn 0.1694 -0.3358 0.9266
vn -0.1360 -0.7039 0.6972
vn 0.0508 -0.2583 0.9647
vn -0.1776 -0.6860 0.7056
vn -0.3070 -0.9299 0.2027
vn -0.4702 -0.8369 0.2800
vn -0.3989 -0.8608 -0.3160
vn -0.6341 -0.7467 -0.2012
vn -0.3895 -0.5810 -0.7146
vn -0.6394 -0.4719 -0.6070
vn -0.2881 -0.2003 -0.9364
vn -0.4942 -0.0959 -0.8641
vn -0.1161 0.2307 -0.9661
vn 0.1573 0.6564 -0.7378
vn -0.2114 0.3118 -0.9264
vn 0.4772 0.8171 -0.3234
vn 0.1142 0.6592 -0.7432
vn 0.6542 0.7340 0.1827
vn 0.3274 0.9100 -0.2544
vn 0.6314 0.4663 0.6196
vn 0.4060 0.8613 0.3055
vn 0.4648 0.0938 0.8804
vn 0.3502 0.5951 0.7234
vn 0.2169 0.2137 0.9525
vn 0.1008 0.1923 0.9762
vn -0.1692 -0.7644 0.6221
vn -0.0430 -0.3226 0.9456
vn -0.2463 -0.9625 0.1135
vn -0.2718 -0.8849 -0.3782
vn -0.2506 -0.6154 -0.7473
vn -0.1812 -0.2215 -0.9582
vn -0.0476 0.2464 -0.9680
vn 0.1394 0.7199 -0.6799
vn 0.2680 0.9545 -0.1308
vn 0.2797 0.8687 0.4087
vn 0.2077 0.5925 0.7783
vn -0.0634 -0.6351 0.7698
vn -0.3671 -0.7127 0.5977
vn 0.0777 -0.5400 0.8381
vn -0.5293 -0.6353 0.5623
vn -0.7064 -0.6798 0.1972
vn -0.8566 -0.4710 0.2107
vn -0.8524 -0.4640 -0.2411
vn -0.9640 -0.1828 -0.1930
vn -0.7803 -0.1380 -0.6100
vn -0.8242 0.1580 -0.5438
vn -0.5129 0.2188 -0.8301
vn -0.4719 0.4617 -0.7511
vn -0.1075 0.5240 -0.8449
vn 0.0051 0.6468 -0.7627
vn 0.3468 0.6885 -0.6369
vn 0.4850 0.6617 -0.5718
vn 0.7047 0.6577 -0.2662
vn 0.8383 0.4977 -0.2227
vn 0.8716 0.4515 0.1908
vn 0.9609 0.1927 0.1987
vn 0.7976 0.1225 0.5905
vn 0.7915 -0.1620 0.5893
vn 0.5103 -0.2214 0.8310
vn 0.4315 -0.4418 0.7865
vn -0.5386 -0.7820 0.3136
vn -0.7586 -0.5679 0.3193
vn -0.3429 -0.7138 0.6107
vn -0.8285 -0.5565 -0.0630
vn -0.9619 -0.2652 -0.0660
vn -0.8898 -0.1819 -0.4186
vn -0.8944 0.1106 -0.4333
vn -0.7128 0.2386 -0.6596
vn -0.5801 0.4536 -0.6766
vn -0.3483 0.5939 -0.7252
vn -0.1139 0.6716 -0.7321
vn 0.1058 0.7914 -0.6020
vn 0.3769 0.7106 -0.5941
vn 0.5314 0.7821 -0.3254
vn 0.7674 0.5637 -0.3055
vn 0.8206 0.5705 0.0344
vn 0.9614 0.2688 0.0582
vn 0.8977 0.2094 0.3877
vn 0.9089 -0.0974 0.4054
vn 0.7371 -0.2105 0.6422
vn 0.6153 -0.4615 0.6391
vn 0.3742 -0.5787 0.7246
vn 0.1866 -0.6739 0.7149
vn -0.0956 -0.7907 0.6046
vn -0.5245 -0.8243 -0.2133
vn -0.7694 -0.5196 -0.3716
vn -0.5873 -0.8092 0.0186
vn -0.6421 -0.4838 -0.5946
vn -0.7423 -0.0878 -0.6643
vn -0.5870 -0.0164 -0.8095
vn -0.5080 0.3699 -0.7779
vn -0.3749 0.4530 -0.8088
vn -0.1284 0.7255 -0.6762
vn -0.0564 0.8030 -0.5933
vn 0.2868 0.8766 -0.3864
vn 0.2825 0.9342 -0.2179
vn 0.6183 0.7859 0.0048
vn 0.5437 0.8120 0.2121
vn 0.7816 0.4907 0.3851
vn 0.6573 0.4852 0.5767
vn 0.7471 0.0733 0.6607
vn 0.6044 0.0390 0.7957
vn 0.5236 -0.3675 0.7686
vn 0.3949 -0.4267 0.8136
vn 0.1609 -0.7187 0.6765
vn 0.0782 -0.7881 0.6105
vn -0.2467 -0.8817 0.4021
vn -0.2609 -0.9372 0.2314
vn -0.2099 -0.9586 0.1926
vn -0.4488 -0.8541 -0.2628
vn -0.5338 -0.0551 -0.8438
vn -0.5653 -0.5215 -0.6392
vn -0.3616 0.4265 -0.8290
vn -0.0842 0.8019 -0.5914
vn 0.2227 0.9565 -0.1882
vn 0.4661 0.8454 0.2610
vn 0.5798 0.5173 0.6295
vn 0.5438 0.0631 0.8368
vn 0.3674 -0.4167 0.8315
vn 0.0906 -0.7965 0.5978
vn -0.8360 -0.2692 -0.4782
vn -0.8365 -0.2694 -0.4772
vn -0.8360 -0.2692 -0.4783
vn 0.9993 0.0070 0.0361
vn 0.9993 0.0072 0.0359
vn 0.9993 0.0088 0.0368
vn 0.9993 0.0088 0.0372
vn 0.9993 0.0082 0.0375
vn 0.9993 0.0078 0.0374
vn 0.9993 0.0070 0.0365
vn 0.9993 0.0070 0.0362
vn 0.9993 0.0084 0.0363
vn 0.9993 0.0087 0.0367
vn 0.9993 0.0075 0.0359
vn 0.9993 0.0079 0.0359
vn 0.9993 0.0074 0.0359
vn 0.9993 0.0086 0.0375
vn 0.9993 0.0073 0.0370
vn 0.9993 0.0070 0.0366
vn 0.9993 0.0079 0.0360
vn 0.9993 0.0077 0.0374
vn -0.0603 -0.6139 -0.7871
vn -0.0635 -0.1888 -0.9800
vn -0.0622 -0.1936 -0.9791
vn -0.9993 -0.0079 -0.0366
vn -0.9993 -0.0080 -0.0367
vn -0.9993 -0.0079 -0.0368
vn 0.0140 0.2234 0.9746
vn -0.0080 -0.2753 0.9613
vn -0.0134 -0.2921 0.9563
vn -0.0463 -0.7711 0.6350
vn -0.0635 -0.9898 0.1276
vn -0.0628 -0.9923 0.1072
vn -0.0321 0.9950 -0.0943
vn 0.0001 0.9149 0.4038
vn -0.0353 0.9911 -0.1285
vn -0.0658 0.2945 -0.9534
vn -0.0648 -0.9151 -0.3980
vn -0.0627 -0.9105 -0.4086
vn 0.0033 0.9049 0.4257
vn 0.0210 0.6329 0.7739
vn -0.0707 0.3091 -0.9484
vn -0.0611 0.7524 -0.6559
vn -0.0599 -0.6165 -0.7851
vn 0.0199 0.6243 0.7810
vn -0.0423 -0.7550 0.6544
vn -0.0629 0.7713 -0.6334
vn 0.8370 0.2674 0.4774
vn 0.8371 0.2672 0.4773
vn 0.8370 0.2671 0.4776
vn 0.8378 0.2676 0.4758
vn 0.8376 0.2681 0.4759
vn 0.8378 0.2676 0.4759
vn 0.8361 0.2660 0.4798
vn 0.8367 0.2653 0.4791
vn -0.8371 -0.2659 -0.4782
vn -0.8364 -0.2664 -0.4790
vn -0.8364 -0.2663 -0.4791
vn -0.8371 -0.2685 -0.4767
vn -0.8371 -0.2684 -0.4767
vn 0.8377 0.2666 0.4766
vn 0.8357 0.2669 0.4799
vn 0.8357 0.2670 0.4799
vn -0.8359 -0.2677 -0.4791
vn -0.8359 -0.2677 -0.4792
vn 0.8376 0.2659 0.4773
vn -0.8376 -0.2675 -0.4763
vn 0.8360 0.2679 0.4789
vn -0.8357 -0.2686 -0.4791
vn 0.4273 -0.8613 -0.2750
vn 0.2088 -0.9606 0.1836
vn 0.2059 -0.9602 0.1887
vn 0.4950 -0.0695 -0.8661
vn 0.5313 -0.5293 -0.6615
vn 0.5310 -0.5330 -0.6588
vn -0.3314 -0.4129 0.8483
vn -0.4971 0.0726 0.8646
vn -0.3322 -0.4114 0.8488
vn -0.4283 0.8606 0.2756
vn -0.2078 0.9606 -0.1848
vn -0.4300 0.8584 0.2799
vn 0.3304 0.4138 -0.8483
vn 0.4948 -0.0673 -0.8664
vn -0.0744 -0.7939 0.6034
vn -0.5327 0.5340 0.6565
vn -0.5327 0.5314 0.6587
vn 0.0751 0.7933 -0.6042
vn 0.0734 0.7953 -0.6018
vn -0.0718 -0.7963 0.6006
vn 0.4292 -0.8586 -0.2802
vn -0.4978 0.0735 0.8642
vn -0.2054 0.9602 -0.1892
vn -0.8377 -0.2657 -0.4771
vn 0.8367 0.2654 0.4791
vn 0.8372 0.2657 0.4780
vn 0.8376 0.2682 0.4759
vn 0.8373 0.2687 0.4762
vn -0.8382 -0.2654 -0.4764
vn 0.8368 0.2691 0.4768
vn 0.8368 0.2691 0.4767
vn -0.8384 -0.2655 -0.4761
vn 0.8363 0.2690 0.4777
vn -0.8380 -0.2664 -0.4763
vn -0.8379 -0.2664 -0.4763
vn 0.8360 0.2679 0.4788
vn -0.1694 -0.3358 0.9266
vn 0.1360 -0.7039 0.6972
vn 0.1776 -0.6860 0.7056
vn 0.3070 -0.9299 0.2027
vn 0.4702 -0.8369 0.2800
vn 0.3989 -0.8608 -0.3160
vn 0.6341 -0.7467 -0.2012
vn 0.3895 -0.5810 -0.7146
vn 0.6394 -0.4719 -0.6070
vn 0.2881 -0.2003 -0.9364
vn 0.4942 -0.0959 -0.8641
vn 0.1161 0.2307 -0.9661
vn 0.2114 0.3118 -0.9264
vn -0.1573 0.6564 -0.7378
vn -0.1142 0.6592 -0.7432
vn -0.4772 0.8171 -0.3234
vn -0.3274 0.9100 -0.2544
vn -0.6542 0.7340 0.1827
vn -0.4060 0.8613 0.3055
vn -0.6314 0.4663 0.6196
vn -0.3502 0.5951 0.7234
vn -0.4648 0.0938 0.8804
vn -0.2169 0.2137 0.9525
vn -0.1008 0.1923 0.9762
vn -0.0508 -0.2583 0.9647
vn 0.1692 -0.7644 0.6221
vn 0.2463 -0.9625 0.1135
vn 0.2718 -0.8849 -0.3782
vn 0.2506 -0.6154 -0.7473
vn 0.1812 -0.2215 -0.9582
vn 0.0476 0.2464 -0.9680
vn -0.1394 0.7199 -0.6799
vn -0.2680 0.9545 -0.1308
vn -0.2797 0.8687 0.4087
vn -0.2077 0.5925 0.7783
vn 0.0634 -0.6351 0.7698
vn 0.3671 -0.7127 0.5977
vn 0.5293 -0.6353 0.5623
vn 0.7064 -0.6798 0.1972
vn 0.8566 -0.4710 0.2107
vn 0.8524 -0.4640 -0.2411
vn 0.9640 -0.1828 -0.1930
vn 0.7803 -0.1380 -0.6100
vn 0.8242 0.1580 -0.5438
vn 0.5129 0.2188 -0.8301
vn 0.4719 0.4617 -0.7511
vn 0.1075 0.5240 -0.8449
vn -0.0051 0.6468 -0.7627
vn -0.3468 0.6885 -0.6369
vn -0.4850 0.6617 -0.5718
vn -0.7047 0.6577 -0.2662
vn -0.8383 0.4977 -0.2227
vn -0.8716 0.4515 0.1908
vn -0.9609 0.1927 0.1987
vn -0.7976 0.1225 0.5905
vn -0.7915 -0.1620 0.5893
vn -0.5103 -0.2214 0.8310
vn -0.4315 -0.4418 0.7865
vn -0.0777 -0.5400 0.8381
vn 0.5386 -0.7820 0.3136
vn 0.7586 -0.5679 0.3193
vn 0.8285 -0.5565 -0.0630
vn 0.9619 -0.2652 -0.0660
vn 0.8898 -0.1819 -0.4186
vn 0.8944 0.1106 -0.4333
vn 0.7128 0.2386 -0.6596
vn 0.5801 0.4536 -0.6766
vn 0.3483 0.5939 -0.7252
vn 0.1139 0.6716 -0.7321
vn -0.1058 0.7914 -0.6020
vn -0.3769 0.7106 -0.5941
vn -0.5314 0.7821 -0.3254
vn -0.7674 0.5637 -0.3055
vn -0.8206 0.5705 0.0344
vn -0.9614 0.2688 0.0582
vn -0.8977 0.2094 0.3877
vn -0.9089 -0.0974 0.4054
vn -0.7371 -0.2105 0.6422
vn -0.6153 -0.4615 0.6391
vn -0.3742 -0.5787 0.7246
vn -0.1866 -0.6739 0.7149
vn 0.0956 -0.7907 0.6046
vn 0.3429 -0.7138 0.6107
vn 0.5245 -0.8243 -0.2133
vn 0.7694 -0.5196 -0.3716
vn 0.6421 -0.4838 -0.5946
vn 0.7423 -0.0878 -0.6643
vn 0.5870 -0.0164 -0.8095
vn 0.5080 0.3699 -0.7779
vn 0.3749 0.4530 -0.8088
vn 0.1284 0.7255 -0.6762
vn 0.0564 0.8030 -0.5933
vn -0.2868 0.8766 -0.3864
vn -0.2825 0.9342 -0.2179
vn -0.6183 0.7859 0.0048
vn -0.5437 0.8120 0.2121
vn -0.7816 0.4907 0.3851
vn -0.6573 0.4852 0.5767
vn -0.7471 0.0733 0.6607
vn -0.6044 0.0390 0.7957
vn -0.5236 -0.3675 0.7686
vn -0.3949 -0.4267 0.8136
vn -0.1609 -0.7187 0.6765
vn -0.0782 -0.7881 0.6105
vn 0.2467 -0.8817 0.4021
vn 0.2609 -0.9372 0.2314
vn 0.5873 -0.8092 0.0186
vn 0.2099 -0.9586 0.1926
vn 0.4488 -0.8541 -0.2628
vn 0.5653 -0.5215 -0.6392
vn 0.5338 -0.0551 -0.8438
vn 0.3616 0.4265 -0.8290
vn 0.0842 0.8019 -0.5914
vn -0.2227 0.9565 -0.1882
vn -0.4661 0.8454 0.2610
vn -0.5798 0.5173 0.6295
vn -0.5438 0.0631 0.8368
vn -0.3674 -0.4167 0.8315
vn -0.0906 -0.7965 0.5978
vn 0.8360 -0.2692 0.4782
vn 0.8365 -0.2694 0.4772
vn 0.8360 -0.2692 0.4783
vn -0.9993 0.0070 -0.0361
vn -0.9993 0.0072 -0.0359
vn -0.9993 0.0088 -0.0368
vn -0.9993 0.0088 -0.0372
vn -0.9993 0.0082 -0.0375
vn -0.9993 0.0078 -0.0374
vn -0.9993 0.0070 -0.0365
vn -0.9993 0.0070 -0.0362
vn -0.9993 0.0084 -0.0363
vn -0.9993 0.0087 -0.0367
vn -0.9993 0.0075 -0.0359
vn -0.9993 0.0079 -0.0359
vn -0.9993 0.0074 -0.0359
vn -0.9993 0.0086 -0.0375
vn -0.9993 0.0073 -0.0370
vn -0.9993 0.0070 -0.0366
vn -0.9993 0.0079 -0.0360
vn -0.9993 0.0077 -0.0374
vn 0.0603 -0.6139 0.7871
vn 0.0635 -0.1888 0.9800
vn 0.0622 -0.1936 0.9791
vn 0.9993 -0.0079 0.0366
vn 0.9993 -0.0080 0.0367
vn 0.9993 -0.0079 0.0368
vn -0.0140 0.2234 -0.9746
vn 0.0080 -0.2753 -0.9613
vn 0.0134 -0.2921 -0.9563
vn 0.0463 -0.7711 -0.6350
vn 0.0635 -0.9898 -0.1276
vn 0.0628 -0.9923 -0.1072
vn 0.0321 0.9950 0.0943
vn -0.0001 0.9149 -0.4038
vn 0.0353 0.9911 0.1285
vn 0.0658 0.2945 0.9534
vn 0.0648 -0.9151 0.3980
vn 0.0627 -0.9105 0.4086
vn -0.0033 0.9049 -0.4257
vn -0.0210 0.6329 -0.7739
vn 0.0707 0.3091 0.9484
vn 0.0611 0.7524 0.6559
vn 0.0599 -0.6165 0.7851
vn -0.0199 0.6243 -0.7810
vn 0.0423 -0.7550 -0.6544
vn 0.0629 0.7713 0.6334
vn -0.8370 0.2674 -0.4774
vn -0.8371 0.2672 -0.4773
vn -0.8370 0.2671 -0.4776
vn -0.8378 0.2676 -0.4758
vn -0.8376 0.2681 -0.4759
vn -0.8378 0.2676 -0.4759
vn -0.8361 0.2660 -0.4798
vn -0.8367 0.2653 -0.4791
vn 0.8371 -0.2659 0.4782
vn 0.8364 -0.2664 0.4790
vn 0.8364 -0.2663 0.4791
vn 0.8371 -0.2685 0.4767
vn 0.8371 -0.2684 0.4767
vn -0.8377 0.2666 -0.4766
vn -0.8357 0.2669 -0.4799
vn -0.8357 0.2670 -0.4799
vn 0.8359 -0.2677 0.4791
vn 0.8359 -0.2677 0.4792
vn -0.8376 0.2659 -0.4773
vn 0.8376 -0.2675 0.4763
vn -0.8360 0.2679 -0.4789
vn 0.8357 -0.2686 0.4791
vn -0.4273 -0.8613 0.2750
vn -0.2088 -0.9606 -0.1836
vn -0.2059 -0.9602 -0.1887
vn -0.4950 -0.0695 0.8661
vn -0.5313 -0.5293 0.6615
vn -0.5310 -0.5330 0.6588
vn 0.3314 -0.4129 -0.8483
vn 0.4971 0.0726 -0.8646
vn 0.3322 -0.4114 -0.8488
vn 0.4283 0.8606 -0.2756
vn 0.2078 0.9606 0.1848
vn 0.4300 0.8584 -0.2799
vn -0.3304 0.4138 0.8483
vn -0.4948 -0.0673 0.8664
vn 0.0744 -0.7939 -0.6034
vn 0.5327 0.5340 -0.6565
vn 0.5327 0.5314 -0.6587
vn -0.0751 0.7933 0.6042
vn -0.0734 0.7953 0.6018
vn 0.0718 -0.7963 -0.6006
vn -0.4292 -0.8586 0.2802
vn 0.4978 0.0735 -0.8642
vn 0.2054 0.9602 0.1892
vn 0.8377 -0.2657 0.4771
vn -0.8367 0.2654 -0.4791
vn -0.8372 0.2657 -0.4780
vn -0.8376 0.2682 -0.4759
vn -0.8373 0.2687 -0.4762
vn 0.8382 -0.2654 0.4764
vn -0.8368 0.2691 -0.4768
vn -0.8368 0.2691 -0.4767
vn 0.8384 -0.2655 0.4761
vn -0.8363 0.2690 -0.4777
vn 0.8380 -0.2664 0.4763
vn 0.8379 -0.2664 0.4763
vn -0.8360 0.2679 -0.4788
vn 0.1694 -0.3358 -0.9266
vn -0.1360 -0.7039 -0.6972
vn -0.1776 -0.6860 -0.7056
vn -0.3070 -0.9299 -0.2027
vn -0.4702 -0.8369 -0.2800
vn -0.3989 -0.8608 0.3160
vn -0.6341 -0.7467 0.2012
vn -0.3895 -0.5810 0.7146
vn -0.6394 -0.4719 0.6070
vn -0.2881 -0.2003 0.9364
vn -0.4942 -0.0959 0.8641
vn -0.1161 0.2307 0.9661
vn -0.2114 0.3118 0.9264
vn 0.1573 0.6564 0.7378
vn 0.1142 0.6592 0.7432
vn 0.4772 0.8171 0.3234
vn 0.3274 0.9100 0.2544
vn 0.6542 0.7340 -0.1827
vn 0.4060 0.8613 -0.3055
vn 0.6314 0.4663 -0.6196
vn 0.3502 0.5951 -0.7234
vn 0.4648 0.0938 -0.8804
vn 0.2169 0.2137 -0.9525
vn 0.1008 0.1923 -0.9762
vn 0.0508 -0.2583 -0.9647
vn -0.1692 -0.7644 -0.6221
vn -0.2463 -0.9625 -0.1135
vn -0.2718 -0.8849 0.3782
vn -0.2506 -0.6154 0.7473
vn -0.1812 -0.2215 0.9582
vn -0.0476 0.2464 0.9680
vn 0.1394 0.7199 0.6799
vn 0.2680 0.9545 0.1308
vn 0.2797 0.8687 -0.4087
vn 0.2077 0.5925 -0.7783
vn -0.0634 -0.6351 -0.7698
vn -0.3671 -0.7127 -0.5977
vn -0.5293 -0.6353 -0.5623
vn -0.7064 -0.6798 -0.1972
vn -0.8566 -0.4710 -0.2107
vn -0.8524 -0.4640 0.2411
vn -0.9640 -0.1828 0.1930
vn -0.7803 -0.1380 0.6100
vn -0.8242 0.1580 0.5438
vn -0.5129 0.2188 0.8301
vn -0.4719 0.4617 0.7511
vn -0.1075 0.5240 0.8449
vn 0.0051 0.6468 0.7627
vn 0.3468 0.6885 0.6369
vn 0.4850 0.6617 0.5718
vn 0.7047 0.6577 0.2662
vn 0.8383 0.4977 0.2227
vn 0.8716 0.4515 -0.1908
vn 0.9609 0.1927 -0.1987
vn 0.7976 0.1225 -0.5905
vn 0.7915 -0.1620 -0.5893
vn 0.5103 -0.2214 -0.8310
vn 0.4315 -0.4418 -0.7865
vn 0.0777 -0.5400 -0.8381
vn -0.5386 -0.7820 -0.3136
vn -0.7586 -0.5679 -0.3193
vn -0.8285 -0.5565 0.0630
vn -0.9619 -0.2652 0.0660
vn -0.8898 -0.1819 0.4186
vn -0.8944 0.1106 0.4333
vn -0.7128 0.2386 0.6596
vn -0.5801 0.4536 0.6766
vn -0.3483 0.5939 0.7252
vn -0.1139 0.6716 0.7321
vn 0.1058 0.7914 0.6020
vn 0.3769 0.7106 0.5941
vn 0.5314 0.7821 0.3254
vn 0.7674 0.5637 0.3055
vn 0.8206 0.5705 -0.0344
vn 0.9614 0.2688 -0.0582
vn 0.8977 0.2094 -0.3877
vn 0.9089 -0.0974 -0.4054
vn 0.7371 -0.2105 -0.6422
vn 0.6153 -0.4615 -0.6391
vn 0.3742 -0.5787 -0.7246
vn 0.1866 -0.6739 -0.7149
vn -0.0956 -0.7907 -0.6046
vn -0.3429 -0.7138 -0.6107
vn -0.5245 -0.8243 0.2133
vn -0.7694 -0.5196 0.3716
vn -0.6421 -0.4838 0.5946
vn -0.7423 -0.0878 0.6643
vn -0.5870 -0.0164 0.8095
vn -0.5080 0.3699 0.7779
vn -0.3749 0.4530 0.8088
vn -0.1284 0.7255 0.6762
vn -0.0564 0.8030 0.5933
vn 0.2868 0.8766 0.3864
vn 0.2825 0.9342 0.2179
vn 0.6183 0.7859 -0.0048
vn 0.5437 0.8120 -0.2121
vn 0.7816 0.4907 -0.3851
vn 0.6573 0.4852 -0.5767
vn 0.7471 0.0733 -0.6607
vn 0.6044 0.0390 -0.7957
vn 0.5236 -0.3675 -0.7686
vn 0.3949 -0.4267 -0.8136
vn 0.1609 -0.7187 -0.6765
vn 0.0782 -0.7881 -0.6105
vn -0.2467 -0.8817 -0.4021
vn -0.2609 -0.9372 -0.2314
vn -0.5873 -0.8092 -0.0186
vn -0.2099 -0.9586 -0.1926
vn -0.4488 -0.8541 0.2628
vn -0.5653 -0.5215 0.6392
vn -0.5338 -0.0551 0.8438
vn -0.3616 0.4265 0.8290
vn -0.0842 0.8019 0.5914
vn 0.2227 0.9565 0.1882
vn 0.4661 0.8454 -0.2610
vn 0.5798 0.5173 -0.6295
vn 0.5438 0.0631 -0.8368
vn 0.3674 -0.4167 -0.8315
vn 0.0906 -0.7965 -0.5978
vn -0.8365 -0.2694 0.4772
vn -0.8360 -0.2692 0.4782
vn -0.8360 -0.2692 0.4783
vn 0.9993 0.0070 -0.0361
vn 0.9993 0.0072 -0.0359
vn 0.9993 0.0070 -0.0362
vn 0.9993 0.0088 -0.0368
vn 0.9993 0.0088 -0.0372
vn 0.9993 0.0087 -0.0367
vn 0.9993 0.0078 -0.0374
vn 0.9993 0.0082 -0.0375
vn 0.9993 0.0070 -0.0365
vn 0.9993 0.0070 -0.0366
vn 0.9993 0.0084 -0.0363
vn 0.9993 0.0079 -0.0359
vn 0.9993 0.0075 -0.0359
vn 0.9993 0.0074 -0.0359
vn 0.9993 0.0086 -0.0375
vn 0.9993 0.0073 -0.0370
vn 0.9993 0.0072 -0.0370
vn 0.9993 0.0077 -0.0374
vn -0.0603 -0.6139 0.7871
vn -0.0635 -0.1888 0.9800
vn -0.0599 -0.6165 0.7851
vn -0.9993 -0.0080 0.0368
vn -0.9993 -0.0080 0.0366
vn -0.9993 -0.0078 0.0367
vn 0.0140 0.2234 -0.9746
vn -0.0080 -0.2753 -0.9613
vn 0.0143 0.2251 -0.9742
vn -0.0463 -0.7711 -0.6350
vn -0.0635 -0.9898 -0.1276
vn -0.0423 -0.7550 -0.6544
vn 0.0001 0.9149 -0.4038
vn -0.0321 0.9950 0.0943
vn -0.0353 0.9911 0.1285
vn -0.0658 0.2945 0.9534
vn -0.0622 -0.1936 0.9791
vn -0.0628 -0.9923 -0.1072
vn -0.0648 -0.9151 0.3980
vn 0.0210 0.6329 -0.7739
vn 0.0033 0.9049 -0.4257
vn -0.0611 0.7524 0.6559
vn -0.0707 0.3091 0.9484
vn -0.0627 -0.9105 0.4086
vn 0.0199 0.6243 -0.7810
vn -0.0134 -0.2921 -0.9563
vn -0.0629 0.7713 0.6334
vn 0.8371 0.2670 -0.4775
vn 0.8371 0.2673 -0.4773
vn 0.8369 0.2674 -0.4776
vn 0.8376 0.2681 -0.4759
vn 0.8378 0.2676 -0.4758
vn 0.8378 0.2676 -0.4759
vn 0.8367 0.2653 -0.4791
vn 0.8361 0.2660 -0.4798
vn -0.8371 -0.2659 0.4782
vn -0.8364 -0.2664 0.4790
vn -0.8371 -0.2685 0.4767
vn -0.8364 -0.2695 0.4772
vn 0.8377 0.2666 -0.4766
vn 0.8357 0.2669 -0.4799
vn 0.8357 0.2670 -0.4799
vn -0.8364 -0.2663 0.4791
vn -0.8359 -0.2677 0.4791
vn 0.8376 0.2659 -0.4773
vn -0.8371 -0.2684 0.4767
vn -0.8376 -0.2675 0.4763
vn 0.8360 0.2679 -0.4789
vn 0.8360 0.2679 -0.4788
vn -0.8359 -0.2677 0.4792
vn -0.8357 -0.2686 0.4791
vn 0.4273 -0.8613 0.2750
vn 0.2088 -0.9606 -0.1836
vn 0.4292 -0.8586 0.2802
vn 0.4950 -0.0695 0.8661
vn 0.5313 -0.5293 0.6615
vn 0.4948 -0.0673 0.8664
vn -0.4971 0.0726 -0.8646
vn -0.3314 -0.4129 -0.8483
vn -0.3322 -0.4114 -0.8488
vn -0.2078 0.9606 0.1848
vn -0.4283 0.8606 -0.2756
vn -0.4300 0.8584 -0.2799
vn 0.3304 0.4138 0.8483
vn 0.3307 0.4133 0.8484
vn -0.0744 -0.7939 -0.6034
vn -0.0718 -0.7963 -0.6006
vn -0.5327 0.5340 -0.6565
vn -0.5327 0.5314 -0.6587
vn 0.0751 0.7933 0.6042
vn 0.0734 0.7953 0.6018
vn 0.2059 -0.9602 -0.1887
vn 0.5310 -0.5330 0.6588
vn -0.4978 0.0735 -0.8642
vn -0.2054 0.9602 0.1892
vn -0.8377 -0.2657 0.4771
vn 0.8372 0.2657 -0.4780
vn 0.8367 0.2654 -0.4791
vn 0.8373 0.2687 -0.4762
vn 0.8376 0.2682 -0.4759
vn -0.8382 -0.2654 0.4764
vn 0.8372 0.2658 -0.4780
vn 0.8368 0.2691 -0.4768
vn -0.8384 -0.2655 0.4761
vn 0.8368 0.2691 -0.4767
vn 0.8363 0.2690 -0.4777
vn -0.8380 -0.2664 0.4763
vn -0.8379 -0.2664 0.4763
vn -0.1694 -0.3358 -0.9266
vn 0.1360 -0.7039 -0.6972
vn -0.0508 -0.2583 -0.9647
vn 0.1776 -0.6860 -0.7056
vn 0.3070 -0.9299 -0.2027
vn 0.4702 -0.8369 -0.2800
vn 0.3989 -0.8608 0.3160
vn 0.6341 -0.7467 0.2012
vn 0.3895 -0.5810 0.7146
vn 0.6394 -0.4719 0.6070
vn 0.2881 -0.2003 0.9364
vn 0.4942 -0.0959 0.8641
vn 0.1161 0.2307 0.9661
vn -0.1573 0.6564 0.7378
vn 0.2114 0.3118 0.9264
vn -0.4772 0.8171 0.3234
vn -0.1142 0.6592 0.7432
vn -0.6542 0.7340 -0.1827
vn -0.3274 0.9100 0.2544
vn -0.6314 0.4663 -0.6196
vn -0.4060 0.8613 -0.3055
vn -0.4648 0.0938 -0.8804
vn -0.3502 0.5951 -0.7234
vn -0.2169 0.2137 -0.9525
vn -0.1008 0.1923 -0.9762
vn 0.1692 -0.7644 -0.6221
vn 0.0430 -0.3226 -0.9456
vn 0.2463 -0.9625 -0.1135
vn 0.2718 -0.8849 0.3782
vn 0.2506 -0.6154 0.7473
vn 0.1812 -0.2215 0.9582
vn 0.0476 0.2464 0.9680
vn -0.1394 0.7199 0.6799
vn -0.2680 0.9545 0.1308
vn -0.2797 0.8687 -0.4087
vn -0.2077 0.5925 -0.7783
vn 0.0634 -0.6351 -0.7698
vn 0.3671 -0.7127 -0.5977
vn -0.0777 -0.5400 -0.8381
vn 0.5293 -0.6353 -0.5623
vn 0.7064 -0.6798 -0.1972
vn 0.8566 -0.4710 -0.2107
vn 0.8524 -0.4640 0.2411
vn 0.9640 -0.1828 0.1930
vn 0.7803 -0.1380 0.6100
vn 0.8242 0.1580 0.5438
vn 0.5129 0.2188 0.8301
vn 0.4719 0.4617 0.7511
vn 0.1075 0.5240 0.8449
vn -0.0051 0.6468 0.7627
vn -0.3468 0.6885 0.6369
vn -0.4850 0.6617 0.5718
vn -0.7047 0.6577 0.2662
vn -0.8383 0.4977 0.2227
vn -0.8716 0.4515 -0.1908
vn -0.9609 0.1927 -0.1987
vn -0.7976 0.1225 -0.5905
vn -0.7915 -0.1620 -0.5893
vn -0.5103 -0.2214 -0.8310
vn -0.4315 -0.4418 -0.7865
vn 0.5386 -0.7820 -0.3136
vn 0.7586 -0.5679 -0.3193
vn 0.3429 -0.7138 -0.6107
vn 0.8285 -0.5565 0.0630
vn 0.9619 -0.2652 0.0660
vn 0.8898 -0.1819 0.4186
vn 0.8944 0.1106 0.4333
vn 0.7128 0.2386 0.6596
vn 0.5801 0.4536 0.6766
vn 0.3483 0.5939 0.7252
vn 0.1139 0.6716 0.7321
vn -0.1058 0.7914 0.6020
vn -0.3769 0.7106 0.5941
vn -0.5314 0.7821 0.3254
vn -0.7674 0.5637 0.3055
vn -0.8206 0.5705 -0.0344
vn -0.9614 0.2688 -0.0582
vn -0.8977 0.2094 -0.3877
vn -0.9089 -0.0974 -0.4054
vn -0.7371 -0.2105 -0.6422
vn -0.6153 -0.4615 -0.6391
vn -0.3742 -0.5787 -0.7246
vn -0.1866 -0.6739 -0.7149
vn 0.0956 -0.7907 -0.6046
vn 0.5245 -0.8243 0.2133
vn 0.7694 -0.5196 0.3716
vn 0.5873 -0.8092 -0.0186
vn 0.6421 -0.4838 0.5946
vn 0.7423 -0.0878 0.6643
vn 0.5870 -0.0164 0.8095
vn 0.5080 0.3699 0.7779
vn 0.3749 0.4530 0.8088
vn 0.1284 0.7255 0.6762
vn 0.0564 0.8030 0.5933
vn -0.2868 0.8766 0.3864
vn -0.2825 0.9342 0.2179
vn -0.6183 0.7859 -0.0048
vn -0.5437 0.8120 -0.2121
vn -0.7816 0.4907 -0.3851
vn -0.6573 0.4852 -0.5767
vn -0.7471 0.0733 -0.6607
vn -0.6044 0.0390 -0.7957
vn -0.5236 -0.3675 -0.7686
vn -0.3949 -0.4267 -0.8136
vn -0.1609 -0.7187 -0.6765
vn -0.0782 -0.7881 -0.6105
vn 0.2467 -0.8817 -0.4021
vn 0.2609 -0.9372 -0.2314
vn 0.2099 -0.9586 -0.1926
vn 0.4488 -0.8541 0.2628
vn 0.5338 -0.0551 0.8438
vn 0.5653 -0.5215 0.6392
vn 0.3616 0.4265 0.8290
vn 0.0842 0.8019 0.5914
vn -0.2227 0.9565 0.1882
vn -0.4661 0.8454 -0.2610
vn -0.5798 0.5173 -0.6295
vn -0.5438 0.0631 -0.8368
vn -0.3674 -0.4167 -0.8315
vn -0.0906 -0.7965 -0.5978
vn 0.8360 0.2692 -0.4782
vn 0.8365 0.2694 -0.4772
vn 0.8360 0.2692 -0.4783
vn -0.9993 -0.0070 0.0361
vn -0.9993 -0.0072 0.0360
vn -0.9993 -0.0072 0.0359
vn -0.9993 -0.0088 0.0368
vn -0.9993 -0.0088 0.0372
vn -0.9993 -0.0082 0.0375
vn -0.9993 -0.0078 0.0374
vn -0.9993 -0.0070 0.0365
vn -0.9993 -0.0070 0.0362
vn -0.9993 -0.0084 0.0363
vn -0.9993 -0.0087 0.0367
vn -0.9993 -0.0075 0.0359
vn -0.9993 -0.0079 0.0359
vn -0.9993 -0.0074 0.0359
vn -0.9993 -0.0086 0.0375
vn -0.9993 -0.0073 0.0370
vn -0.9993 -0.0070 0.0366
vn -0.9993 -0.0077 0.0374
vn 0.0604 0.6139 -0.7871
vn 0.0635 0.1888 -0.9800
vn 0.0622 0.1936 -0.9791
vn 0.9993 0.0079 -0.0366
vn 0.9993 0.0080 -0.0367
vn 0.9993 0.0079 -0.0368
vn -0.0140 -0.2234 0.9746
vn 0.0080 0.2753 0.9613
vn 0.0134 0.2921 0.9563
vn 0.0463 0.7711 0.6350
vn 0.0634 0.9898 0.1276
vn 0.0628 0.9923 0.1072
vn 0.0321 -0.9950 -0.0943
vn -0.0000 -0.9149 0.4038
vn 0.0354 -0.9911 -0.1285
vn 0.0658 -0.2945 -0.9534
vn 0.0648 0.9151 -0.3980
vn 0.0627 0.9105 -0.4086
vn -0.0033 -0.9049 0.4257
vn -0.0210 -0.6329 0.7739
vn 0.0707 -0.3091 -0.9484
vn 0.0611 -0.7524 -0.6559
vn 0.0599 0.6165 -0.7851
vn -0.0199 -0.6243 0.7810
vn 0.0423 0.7550 0.6544
vn 0.0629 -0.7713 -0.6334
vn -0.8370 -0.2674 0.4774
vn -0.8371 -0.2672 0.4773
vn -0.8370 -0.2671 0.4776
vn -0.8378 -0.2676 0.4758
vn -0.8376 -0.2681 0.4759
vn -0.8378 -0.2676 0.4759
vn -0.8361 -0.2660 0.4798
vn -0.8367 -0.2653 0.4791
vn 0.8371 0.2659 -0.4782
vn 0.8364 0.2664 -0.4790
vn 0.8364 0.2663 -0.4791
vn 0.8371 0.2685 -0.4767
vn 0.8371 0.2684 -0.4767
vn -0.8377 -0.2666 0.4766
vn -0.8357 -0.2669 0.4799
vn -0.8357 -0.2670 0.4799
vn 0.8359 0.2677 -0.4791
vn 0.8359 0.2677 -0.4792
vn -0.8376 -0.2659 0.4773
vn 0.8376 0.2675 -0.4763
vn -0.8360 -0.2679 0.4789
vn 0.8357 0.2686 -0.4791
vn -0.4273 0.8613 -0.2750
vn -0.2088 0.9606 0.1836
vn -0.2059 0.9602 0.1887
vn -0.4950 0.0695 -0.8661
vn -0.5313 0.5293 -0.6615
vn -0.5310 0.5330 -0.6588
vn 0.3314 0.4129 0.8483
vn 0.4971 -0.0726 0.8646
vn 0.3322 0.4114 0.8488
vn 0.4283 -0.8606 0.2756
vn 0.2078 -0.9606 -0.1848
vn 0.4300 -0.8584 0.2799
vn -0.3304 -0.4138 -0.8483
vn -0.4948 0.0673 -0.8664
vn 0.0744 0.7939 0.6034
vn 0.5327 -0.5340 0.6565
vn 0.5327 -0.5314 0.6587
vn -0.0751 -0.7933 -0.6042
vn -0.0734 -0.7953 -0.6018
vn 0.0718 0.7963 0.6006
vn -0.4292 0.8586 -0.2802
vn 0.4978 -0.0735 0.8642
vn 0.2054 -0.9602 -0.1892
vn 0.8377 0.2657 -0.4771
vn -0.8367 -0.2654 0.4791
vn -0.8372 -0.2657 0.4780
vn -0.8376 -0.2682 0.4759
vn -0.8373 -0.2687 0.4762
vn 0.8382 0.2654 -0.4764
vn -0.8368 -0.2691 0.4768
vn -0.8368 -0.2691 0.4767
vn 0.8384 0.2655 -0.4761
vn -0.8363 -0.2690 0.4777
vn 0.8380 0.2664 -0.4763
vn 0.8379 0.2664 -0.4763
vn -0.8360 -0.2679 0.4788
vn 0.1694 0.3358 0.9266
vn -0.1360 0.7039 0.6972
vn -0.1776 0.6860 0.7056
vn -0.3070 0.9299 0.2027
vn -0.4702 0.8369 0.2800
vn -0.3989 0.8608 -0.3160
vn -0.6341 0.7467 -0.2012
vn -0.3895 0.5810 -0.7146
vn -0.6394 0.4719 -0.6070
vn -0.2881 0.2003 -0.9364
vn -0.4942 0.0959 -0.8641
vn -0.1161 -0.2307 -0.9661
vn -0.2114 -0.3118 -0.9264
vn 0.1573 -0.6564 -0.7378
vn 0.1142 -0.6592 -0.7432
vn 0.4772 -0.8171 -0.3234
vn 0.3274 -0.9100 -0.2544
vn 0.6542 -0.7340 0.1827
vn 0.4060 -0.8613 0.3055
vn 0.6314 -0.4663 0.6196
vn 0.3502 -0.5951 0.7234
vn 0.4648 -0.0938 0.8804
vn 0.2169 -0.2137 0.9525
vn 0.1008 -0.1923 0.9762
vn 0.0508 0.2583 0.9647
vn -0.1692 0.7644 0.6221
vn -0.2463 0.9625 0.1135
vn -0.2718 0.8849 -0.3782
vn -0.2506 0.6154 -0.7473
vn -0.1812 0.2215 -0.9582
vn -0.0476 -0.2464 -0.9680
vn 0.1394 -0.7199 -0.6799
vn 0.2680 -0.9545 -0.1308
vn 0.2797 -0.8687 0.4087
vn 0.2077 -0.5925 0.7783
vn -0.0634 0.6351 0.7698
vn -0.3671 0.7127 0.5977
vn -0.5293 0.6353 0.5623
vn -0.7064 0.6798 0.1972
vn -0.8566 0.4710 0.2107
vn -0.8524 0.4640 -0.2411
vn -0.9640 0.1828 -0.1930
vn -0.7803 0.1380 -0.6100
vn -0.8242 -0.1580 -0.5438
vn -0.5129 -0.2188 -0.8301
vn -0.4719 -0.4617 -0.7511
vn -0.1075 -0.5240 -0.8449
vn 0.0051 -0.6468 -0.7627
vn 0.3468 -0.6885 -0.6369
vn 0.4850 -0.6617 -0.5718
vn 0.7047 -0.6577 -0.2662
vn 0.8383 -0.4977 -0.2227
vn 0.8716 -0.4515 0.1908
vn 0.9609 -0.1927 0.1987
vn 0.7976 -0.1225 0.5905
vn 0.7915 0.1620 0.5893
vn 0.5103 0.2214 0.8310
vn 0.4315 0.4418 0.7865
vn 0.0777 0.5400 0.8380
vn -0.5386 0.7820 0.3136
vn -0.7586 0.5679 0.3193
vn -0.8285 0.5565 -0.0630
vn -0.9619 0.2652 -0.0660
vn -0.8898 0.1819 -0.4186
vn -0.8944 -0.1106 -0.4333
vn -0.7128 -0.2386 -0.6596
vn -0.5801 -0.4536 -0.6766
vn -0.3483 -0.5939 -0.7252
vn -0.1139 -0.6716 -0.7321
vn 0.1058 -0.7914 -0.6020
vn 0.3769 -0.7106 -0.5941
vn 0.5314 -0.7821 -0.3254
vn 0.7674 -0.5637 -0.3055
vn 0.8206 -0.5705 0.0344
vn 0.9614 -0.2688 0.0582
vn 0.8977 -0.2094 0.3877
vn 0.9089 0.0974 0.4054
vn 0.7371 0.2105 0.6422
vn 0.6153 0.4615 0.6391
vn 0.3742 0.5787 0.7246
vn 0.1866 0.6739 0.7149
vn -0.0956 0.7907 0.6046
vn -0.3429 0.7138 0.6107
vn -0.5245 0.8243 -0.2133
vn -0.7694 0.5196 -0.3716
vn -0.6421 0.4838 -0.5946
vn -0.7423 0.0878 -0.6643
vn -0.5870 0.0164 -0.8095
vn -0.5080 -0.3699 -0.7779
vn -0.3749 -0.4530 -0.8088
vn -0.1284 -0.7255 -0.6762
vn -0.0564 -0.8030 -0.5933
vn 0.2868 -0.8766 -0.3864
vn 0.2825 -0.9342 -0.2179
vn 0.6183 -0.7859 0.0048
vn 0.5437 -0.8120 0.2121
vn 0.7816 -0.4907 0.3851
vn 0.6573 -0.4852 0.5767
vn 0.7471 -0.0733 0.6607
vn 0.6044 -0.0390 0.7957
vn 0.5236 0.3675 0.7686
vn 0.3949 0.4267 0.8136
vn 0.1609 0.7187 0.6765
vn 0.0782 0.7881 0.6105
vn -0.2467 0.8817 0.4021
vn -0.2609 0.9372 0.2314
vn -0.5873 0.8092 0.0186
vn -0.2099 0.9586 0.1926
vn -0.4488 0.8541 -0.2628
vn -0.5653 0.5215 -0.6392
vn -0.5338 0.0551 -0.8438
vn -0.3616 -0.4265 -0.8290
vn -0.0842 -0.8019 -0.5914
vn 0.2227 -0.9565 -0.1882
vn 0.4661 -0.8454 0.2610
vn 0.5798 -0.5173 0.6295
vn 0.5438 -0.0631 0.8368
vn 0.3674 0.4167 0.8315
vn 0.0906 0.7965 0.5978
vn -0.8365 0.2694 -0.4772
vn -0.8360 0.2692 -0.4782
vn -0.8360 0.2692 -0.4783
vn 0.9993 -0.0070 0.0361
vn 0.9993 -0.0072 0.0360
vn 0.9993 -0.0070 0.0362
vn 0.9993 -0.0088 0.0368
vn 0.9993 -0.0088 0.0372
vn 0.9993 -0.0087 0.0367
vn 0.9993 -0.0078 0.0374
vn 0.9993 -0.0082 0.0375
vn 0.9993 -0.0070 0.0365
vn 0.9993 -0.0070 0.0366
vn 0.9993 -0.0084 0.0363
vn 0.9993 -0.0079 0.0359
vn 0.9993 -0.0075 0.0359
vn 0.9993 -0.0074 0.0359
vn 0.9993 -0.0086 0.0375
vn 0.9993 -0.0073 0.0370
vn 0.9993 -0.0072 0.0370
vn 0.9993 -0.0072 0.0359
vn 0.9993 -0.0077 0.0374
vn -0.0604 0.6139 -0.7871
vn -0.0635 0.1888 -0.9800
vn -0.0599 0.6165 -0.7851
vn -0.9993 0.0080 -0.0368
vn -0.9993 0.0080 -0.0366
vn -0.9993 0.0078 -0.0367
vn 0.0140 -0.2234 0.9746
vn -0.0080 0.2753 0.9613
vn 0.0143 -0.2251 0.9742
vn -0.0463 0.7711 0.6350
vn -0.0634 0.9898 0.1276
vn -0.0423 0.7550 0.6544
vn 0.0001 -0.9149 0.4038
vn -0.0321 -0.9950 -0.0943
vn -0.0353 -0.9911 -0.1285
vn -0.0658 -0.2945 -0.9534
vn -0.0622 0.1936 -0.9791
vn -0.0628 0.9923 0.1072
vn -0.0648 0.9151 -0.3980
vn 0.0210 -0.6329 0.7739
vn 0.0033 -0.9049 0.4257
vn -0.0611 -0.7524 -0.6559
vn -0.0707 -0.3091 -0.9484
vn -0.0627 0.9105 -0.4086
vn 0.0199 -0.6243 0.7810
vn -0.0134 0.2921 0.9563
vn -0.0629 -0.7713 -0.6334
vn 0.8371 -0.2670 0.4775
vn 0.8371 -0.2673 0.4773
vn 0.8369 -0.2674 0.4776
vn 0.8376 -0.2681 0.4759
vn 0.8378 -0.2676 0.4758
vn 0.8378 -0.2676 0.4759
vn 0.8367 -0.2653 0.4791
vn 0.8361 -0.2660 0.4798
vn -0.8371 0.2659 -0.4782
vn -0.8364 0.2664 -0.4790
vn -0.8371 0.2659 -0.4781
vn -0.8371 0.2685 -0.4767
vn -0.8364 0.2695 -0.4772
vn 0.8377 -0.2666 0.4766
vn 0.8357 -0.2669 0.4799
vn 0.8357 -0.2670 0.4799
vn -0.8364 0.2663 -0.4791
vn -0.8359 0.2677 -0.4791
vn 0.8376 -0.2659 0.4773
vn -0.8371 0.2684 -0.4767
vn -0.8376 0.2675 -0.4763
vn 0.8360 -0.2679 0.4789
vn 0.8360 -0.2679 0.4788
vn -0.8359 0.2677 -0.4792
vn -0.8357 0.2686 -0.4791
vn 0.4273 0.8613 -0.2750
vn 0.2088 0.9606 0.1836
vn 0.4292 0.8586 -0.2802
vn 0.4950 0.0695 -0.8661
vn 0.5313 0.5293 -0.6615
vn 0.4948 0.0673 -0.8664
vn -0.4971 -0.0726 0.8646
vn -0.3314 0.4129 0.8483
vn -0.3322 0.4114 0.8488
vn -0.2078 -0.9606 -0.1848
vn -0.4283 -0.8606 0.2756
vn -0.4300 -0.8584 0.2799
vn 0.3304 -0.4138 -0.8483
vn 0.3307 -0.4133 -0.8484
vn -0.0744 0.7939 0.6034
vn -0.0718 0.7963 0.6006
vn -0.5327 -0.5340 0.6565
vn -0.5327 -0.5314 0.6587
vn 0.0751 -0.7933 -0.6042
vn 0.0734 -0.7953 -0.6018
vn 0.2059 0.9602 0.1887
vn 0.5310 0.5330 -0.6588
vn -0.4978 -0.0735 0.8642
vn -0.2054 -0.9602 -0.1892
vn -0.8377 0.2657 -0.4771
vn 0.8372 -0.2657 0.4780
vn 0.8367 -0.2654 0.4791
vn 0.8373 -0.2687 0.4762
vn 0.8376 -0.2682 0.4759
vn -0.8382 0.2654 -0.4764
vn 0.8372 -0.2658 0.4780
vn 0.8368 -0.2691 0.4768
vn -0.8384 0.2655 -0.4761
vn 0.8368 -0.2691 0.4767
vn 0.8363 -0.2690 0.4777
vn -0.8380 0.2664 -0.4763
vn -0.8379 0.2664 -0.4763
vn -0.1694 0.3358 0.9266
vn 0.1360 0.7039 0.6972
vn -0.0508 0.2583 0.9647
vn 0.1776 0.6860 0.7056
vn 0.3070 0.9299 0.2027
vn 0.4702 0.8369 0.2800
vn 0.3989 0.8608 -0.3160
vn 0.6341 0.7467 -0.2012
vn 0.3895 0.5810 -0.7146
vn 0.6394 0.4719 -0.6070
vn 0.2881 0.2003 -0.9364
vn 0.4942 0.0959 -0.8641
vn 0.1161 -0.2307 -0.9661
vn -0.1573 -0.6564 -0.7378
vn 0.2114 -0.3118 -0.9264
vn -0.4772 -0.8171 -0.3234
vn -0.1142 -0.6592 -0.7432
vn -0.6542 -0.7340 0.1827
vn -0.3274 -0.9100 -0.2544
vn -0.6314 -0.4663 0.6196
vn -0.4061 -0.8613 0.3055
vn -0.4648 -0.0938 0.8804
vn -0.3502 -0.5951 0.7234
vn -0.2169 -0.2137 0.9525
vn -0.1008 -0.1923 0.9762
vn 0.1692 0.7644 0.6221
vn 0.0430 0.3226 0.9456
vn 0.2463 0.9625 0.1135
vn 0.2718 0.8849 -0.3782
vn 0.2506 0.6154 -0.7473
vn 0.1812 0.2215 -0.9582
vn 0.0476 -0.2464 -0.9680
vn -0.1394 -0.7199 -0.6799
vn -0.2680 -0.9545 -0.1308
vn -0.2797 -0.8687 0.4087
vn -0.2077 -0.5925 0.7783
vn 0.0634 0.6351 0.7698
vn 0.3671 0.7127 0.5977
vn -0.0777 0.5400 0.8380
vn 0.5293 0.6353 0.5623
vn 0.7064 0.6798 0.1972
vn 0.8566 0.4710 0.2107
vn 0.8524 0.4640 -0.2411
vn 0.9640 0.1828 -0.1930
vn 0.7803 0.1380 -0.6100
vn 0.8242 -0.1580 -0.5438
vn 0.5129 -0.2188 -0.8301
vn 0.4719 -0.4617 -0.7511
vn 0.1075 -0.5240 -0.8449
vn -0.0051 -0.6468 -0.7627
vn -0.3468 -0.6885 -0.6369
vn -0.4850 -0.6617 -0.5718
vn -0.7047 -0.6577 -0.2662
vn -0.8383 -0.4977 -0.2227
vn -0.8716 -0.4515 0.1908
vn -0.9609 -0.1927 0.1987
vn -0.7976 -0.1225 0.5905
vn -0.7915 0.1620 0.5893
vn -0.5103 0.2214 0.8310
vn -0.4315 0.4418 0.7865
vn 0.5386 0.7820 0.3136
vn 0.7586 0.5679 0.3193
vn 0.3429 0.7138 0.6107
vn 0.8285 0.5565 -0.0630
vn 0.9619 0.2652 -0.0660
vn 0.8898 0.1819 -0.4186
vn 0.8944 -0.1106 -0.4333
vn 0.7128 -0.2386 -0.6596
vn 0.5801 -0.4536 -0.6766
vn 0.3483 -0.5939 -0.7252
vn 0.1139 -0.6716 -0.7321
vn -0.1058 -0.7914 -0.6020
vn -0.3769 -0.7106 -0.5941
vn -0.5314 -0.7821 -0.3254
vn -0.7674 -0.5637 -0.3055
vn -0.8206 -0.5705 0.0344
vn -0.9614 -0.2688 0.0582
vn -0.8977 -0.2094 0.3877
vn -0.9089 0.0974 0.4054
vn -0.7371 0.2105 0.6422
vn -0.6153 0.4615 0.6391
vn -0.3742 0.5787 0.7246
vn -0.1866 0.6739 0.7149
vn 0.0956 0.7907 0.6046
vn 0.5245 0.8243 -0.2133
vn 0.7694 0.5196 -0.3716
vn 0.5873 0.8092 0.0186
vn 0.6421 0.4838 -0.5946
vn 0.7423 0.0878 -0.6643
vn 0.5870 0.0164 -0.8095
vn 0.5080 -0.3699 -0.7779
vn 0.3749 -0.4530 -0.8088
vn 0.1284 -0.7255 -0.6762
vn 0.0564 -0.8030 -0.5933
vn -0.2868 -0.8766 -0.3864
vn -0.2825 -0.9342 -0.2179
vn -0.6183 -0.7859 0.0048
vn -0.5437 -0.8120 0.2121
vn -0.7816 -0.4907 0.3851
vn -0.6573 -0.4852 0.5767
vn -0.7471 -0.0733 0.6607
vn -0.6044 -0.0390 0.7957
vn -0.5236 0.3675 0.7686
vn -0.3949 0.4267 0.8136
vn -0.1609 0.7187 0.6765
vn -0.0782 0.7881 0.6105
vn 0.2467 0.8817 0.4021
vn 0.2609 0.9372 0.2314
vn 0.2099 0.9586 0.1926
vn 0.4488 0.8541 -0.2628
vn 0.5338 0.0551 -0.8438
vn 0.5653 0.5215 -0.6392
vn 0.3616 -0.4265 -0.8290
vn 0.0842 -0.8019 -0.5914
vn -0.2227 -0.9565 -0.1882
vn -0.4661 -0.8454 0.2610
vn -0.5798 -0.5173 0.6295
vn -0.5438 -0.0631 0.8368
vn -0.3674 0.4167 0.8315
vn -0.0906 0.7965 0.5978
vn 0.8365 0.2694 0.4772
vn 0.8360 0.2692 0.4782
vn 0.8360 0.2692 0.4783
vn -0.9993 -0.0070 -0.0361
vn -0.9993 -0.0072 -0.0360
vn -0.9993 -0.0070 -0.0362
vn -0.9993 -0.0088 -0.0368
vn -0.9993 -0.0088 -0.0372
vn -0.9993 -0.0087 -0.0367
vn -0.9993 -0.0078 -0.0374
vn -0.9993 -0.0082 -0.0375
vn -0.9993 -0.0070 -0.0365
vn -0.9993 -0.0070 -0.0366
vn -0.9993 -0.0084 -0.0363
vn -0.9993 -0.0079 -0.0359
vn -0.9993 -0.0075 -0.0359
vn -0.9993 -0.0074 -0.0359
vn -0.9993 -0.0086 -0.0375
vn -0.9993 -0.0073 -0.0370
vn -0.9993 -0.0072 -0.0370
vn -0.9993 -0.0072 -0.0359
vn -0.9993 -0.0077 -0.0374
vn 0.0604 0.6139 0.7871
vn 0.0635 0.1888 0.9800
vn 0.0599 0.6165 0.7851
vn 0.9993 0.0080 0.0368
vn 0.9993 0.0080 0.0366
vn 0.9993 0.0078 0.0367
vn -0.0140 -0.2234 -0.9746
vn 0.0080 0.2753 -0.9613
vn -0.0143 -0.2251 -0.9742
vn 0.0463 0.7711 -0.6350
vn 0.0634 0.9898 -0.1276
vn 0.0423 0.7550 -0.6544
vn -0.0001 -0.9149 -0.4038
vn 0.0321 -0.9950 0.0943
vn 0.0353 -0.9911 0.1285
vn 0.0658 -0.2945 0.9534
vn 0.0622 0.1936 0.9791
vn 0.0628 0.9923 -0.1072
vn 0.0648 0.9151 0.3980
vn -0.0210 -0.6329 -0.7739
vn -0.0033 -0.9049 -0.4257
vn 0.0611 -0.7524 0.6559
vn 0.0707 -0.3091 0.9484
vn 0.0627 0.9105 0.4086
vn -0.0199 -0.6243 -0.7810
vn 0.0134 0.2921 -0.9563
vn 0.0629 -0.7713 0.6334
vn -0.8371 -0.2670 -0.4775
vn -0.8371 -0.2673 -0.4773
vn -0.8369 -0.2674 -0.4776
vn -0.8376 -0.2681 -0.4759
vn -0.8378 -0.2676 -0.4758
vn -0.8378 -0.2676 -0.4759
vn -0.8367 -0.2653 -0.4791
vn -0.8361 -0.2660 -0.4798
vn 0.8371 0.2659 0.4782
vn 0.8364 0.2664 0.4790
vn 0.8371 0.2659 0.4781
vn 0.8371 0.2685 0.4767
vn 0.8364 0.2695 0.4772
vn -0.8377 -0.2666 -0.4766
vn -0.8357 -0.2669 -0.4799
vn -0.8357 -0.2670 -0.4799
vn 0.8364 0.2663 0.4791
vn 0.8359 0.2677 0.4791
vn -0.8376 -0.2659 -0.4773
vn 0.8371 0.2684 0.4767
vn 0.8376 0.2675 0.4763
vn -0.8360 -0.2679 -0.4789
vn -0.8360 -0.2679 -0.4788
vn 0.8359 0.2677 0.4792
vn 0.8357 0.2686 0.4791
vn -0.4273 0.8613 0.2750
vn -0.2088 0.9606 -0.1836
vn -0.4292 0.8586 0.2802
vn -0.4950 0.0695 0.8661
vn -0.5313 0.5293 0.6615
vn -0.4948 0.0673 0.8664
vn 0.4971 -0.0726 -0.8646
vn 0.3314 0.4129 -0.8483
vn 0.3322 0.4114 -0.8488
vn 0.2078 -0.9606 0.1848
vn 0.4283 -0.8606 -0.2756
vn 0.4300 -0.8584 -0.2799
vn -0.3304 -0.4138 0.8483
vn -0.3307 -0.4133 0.8484
vn 0.0744 0.7939 -0.6034
vn 0.0718 0.7963 -0.6006
vn 0.5327 -0.5340 -0.6565
vn 0.5327 -0.5314 -0.6587
vn -0.0751 -0.7933 0.6042
vn -0.0734 -0.7953 0.6018
vn -0.2059 0.9602 -0.1887
vn -0.5310 0.5330 0.6588
vn 0.4978 -0.0735 -0.8642
vn 0.2054 -0.9602 0.1892
vn 0.8377 0.2657 0.4771
vn -0.8372 -0.2657 -0.4780
vn -0.8367 -0.2654 -0.4791
vn -0.8373 -0.2687 -0.4762
vn -0.8376 -0.2682 -0.4759
vn 0.8382 0.2654 0.4764
vn -0.8372 -0.2658 -0.4780
vn -0.8368 -0.2691 -0.4768
vn 0.8384 0.2655 0.4761
vn -0.8368 -0.2691 -0.4767
vn -0.8363 -0.2690 -0.4777
vn 0.8380 0.2664 0.4763
vn 0.8379 0.2664 0.4763
vn 0.1694 0.3358 -0.9266
vn -0.1360 0.7039 -0.6972
vn 0.0508 0.2583 -0.9647
vn -0.1776 0.6860 -0.7056
vn -0.3070 0.9299 -0.2027
vn -0.4702 0.8369 -0.2800
vn -0.3989 0.8608 0.3160
vn -0.6341 0.7467 0.2012
vn -0.3895 0.5810 0.7146
vn -0.6394 0.4719 0.6070
vn -0.2881 0.2003 0.9364
vn -0.4942 0.0959 0.8641
vn -0.1161 -0.2307 0.9661
vn 0.1573 -0.6564 0.7378
vn -0.2114 -0.3118 0.9264
vn 0.4772 -0.8171 0.3234
vn 0.1142 -0.6592 0.7432
vn 0.6542 -0.7340 -0.1827
vn 0.3274 -0.9100 0.2544
vn 0.6314 -0.4663 -0.6196
vn 0.4061 -0.8613 -0.3055
vn 0.4648 -0.0938 -0.8804
vn 0.3502 -0.5951 -0.7234
vn 0.2169 -0.2137 -0.9525
vn 0.1008 -0.1923 -0.9762
vn -0.1692 0.7644 -0.6221
vn -0.0430 0.3226 -0.9456
vn -0.2463 0.9625 -0.1135
vn -0.2718 0.8849 0.3782
vn -0.2506 0.6154 0.7473
vn -0.1812 0.2215 0.9582
vn -0.0476 -0.2464 0.9680
vn 0.1394 -0.7199 0.6799
vn 0.2680 -0.9545 0.1308
vn 0.2797 -0.8687 -0.4087
vn 0.2077 -0.5925 -0.7783
vn -0.0634 0.6351 -0.7698
vn -0.3671 0.7127 -0.5977
vn 0.0777 0.5400 -0.8380
vn -0.5293 0.6353 -0.5623
vn -0.7064 0.6798 -0.1972
vn -0.8566 0.4710 -0.2107
vn -0.8524 0.4640 0.2411
vn -0.9640 0.1828 0.1930
vn -0.7803 0.1380 0.6100
vn -0.8242 -0.1580 0.5438
vn -0.5129 -0.2188 0.8301
vn -0.4719 -0.4617 0.7511
vn -0.1075 -0.5240 0.8449
vn 0.0051 -0.6468 0.7627
vn 0.3468 -0.6885 0.6369
vn 0.4850 -0.6617 0.5718
vn 0.7047 -0.6577 0.2662
vn 0.8383 -0.4977 0.2227
vn 0.8716 -0.4515 -0.1908
vn 0.9609 -0.1927 -0.1987
vn 0.7976 -0.1225 -0.5905
vn 0.7915 0.1620 -0.5893
vn 0.5103 0.2214 -0.8310
vn 0.4315 0.4418 -0.7865
vn -0.5386 0.7820 -0.3136
vn -0.7586 0.5679 -0.3193
vn -0.3429 0.7138 -0.6107
vn -0.8285 0.5565 0.0630
vn -0.9619 0.2652 0.0660
vn -0.8898 0.1819 0.4186
vn -0.8944 -0.1106 0.4333
vn -0.7128 -0.2386 0.6596
vn -0.5801 -0.4536 0.6766
vn -0.3483 -0.5939 0.7252
vn -0.1139 -0.6716 0.7321
vn 0.1058 -0.7914 0.6020
vn 0.3769 -0.7106 0.5941
vn 0.5314 -0.7821 0.3254
vn 0.7674 -0.5637 0.3055
vn 0.8206 -0.5705 -0.0344
vn 0.9614 -0.2688 -0.0582
vn 0.8977 -0.2094 -0.3877
vn 0.9089 0.0974 -0.4054
vn 0.7371 0.2105 -0.6422
vn 0.6153 0.4615 -0.6391
vn 0.3742 0.5787 -0.7246
vn 0.1866 0.6739 -0.7149
vn -0.0956 0.7907 -0.6046
vn -0.5245 0.8243 0.2133
vn -0.7694 0.5196 0.3716
vn -0.5873 0.8092 -0.0186
vn -0.6421 0.4838 0.5946
vn -0.7423 0.0878 0.6643
vn -0.5870 0.0164 0.8095
vn -0.5080 -0.3699 0.7779
vn -0.3749 -0.4530 0.8088
vn -0.1284 -0.7255 0.6762
vn -0.0564 -0.8030 0.5933
vn 0.2868 -0.8766 0.3864
vn 0.2825 -0.9342 0.2179
vn 0.6183 -0.7859 -0.0048
vn 0.5437 -0.8120 -0.2121
vn 0.7816 -0.4907 -0.3851
vn 0.6573 -0.4852 -0.5767
vn 0.7471 -0.0733 -0.6607
vn 0.6044 -0.0390 -0.7957
vn 0.5236 0.3675 -0.7686
vn 0.3949 0.4267 -0.8136
vn 0.1609 0.7187 -0.6765
vn 0.0782 0.7881 -0.6105
vn -0.2467 0.8817 -0.4021
vn -0.2609 0.9372 -0.2314
vn -0.2099 0.9586 -0.1926
vn -0.4488 0.8541 0.2628
vn -0.5338 0.0551 0.8438
vn -0.5653 0.5215 0.6392
vn -0.3616 -0.4265 0.8290
vn -0.0842 -0.8019 0.5914
vn 0.2227 -0.9565 0.1882
vn 0.4661 -0.8454 -0.2610
vn 0.5798 -0.5173 -0.6295
vn 0.5438 -0.0631 -0.8368
vn 0.3674 0.4167 -0.8315
vn 0.0906 0.7965 -0.5978
vn -0.8360 0.2692 0.4782
vn -0.8365 0.2694 0.4772
vn -0.8360 0.2692 0.4783
vn 0.9993 -0.0070 -0.0361
vn 0.9993 -0.0072 -0.0360
vn 0.9993 -0.0072 -0.0359
vn 0.9993 -0.0088 -0.0368
vn 0.9993 -0.0088 -0.0372
vn 0.9993 -0.0082 -0.0375
vn 0.9993 -0.0078 -0.0374
vn 0.9993 -0.0070 -0.0365
vn 0.9993 -0.0070 -0.0362
vn 0.9993 -0.0084 -0.0363
vn 0.9993 -0.0087 -0.0367
vn 0.9993 -0.0075 -0.0359
vn 0.9993 -0.0079 -0.0359
vn 0.9993 -0.0074 -0.0359
vn 0.9993 -0.0086 -0.0375
vn 0.9993 -0.0073 -0.0370
vn 0.9993 -0.0070 -0.0366
vn 0.9993 -0.0077 -0.0374
vn -0.0604 0.6139 0.7871
vn -0.0635 0.1888 0.9800
vn -0.0622 0.1936 0.9791
vn -0.9993 0.0079 0.0366
vn -0.9993 0.0080 0.0367
vn -0.9993 0.0079 0.0368
vn 0.0140 -0.2234 -0.9746
vn -0.0080 0.2753 -0.9613
vn -0.0134 0.2921 -0.9563
vn -0.0463 0.7711 -0.6350
vn -0.0634 0.9898 -0.1276
vn -0.0628 0.9923 -0.1072
vn -0.0321 -0.9950 0.0943
vn -0.0000 -0.9149 -0.4038
vn -0.0354 -0.9911 0.1285
vn -0.0658 -0.2945 0.9534
vn -0.0648 0.9151 0.3980
vn -0.0627 0.9105 0.4086
vn 0.0033 -0.9049 -0.4257
vn 0.0210 -0.6329 -0.7739
vn -0.0707 -0.3091 0.9484
vn -0.0611 -0.7524 0.6559
vn -0.0599 0.6165 0.7851
vn 0.0199 -0.6243 -0.7810
vn -0.0423 0.7550 -0.6544
vn -0.0629 -0.7713 0.6334
vn 0.8370 -0.2674 -0.4774
vn 0.8371 -0.2672 -0.4773
vn 0.8370 -0.2671 -0.4776
vn 0.8378 -0.2676 -0.4758
vn 0.8376 -0.2681 -0.4759
vn 0.8378 -0.2676 -0.4759
vn 0.8361 -0.2660 -0.4798
vn 0.8367 -0.2653 -0.4791
vn -0.8371 0.2659 0.4782
vn -0.8364 0.2664 0.4790
vn -0.8364 0.2663 0.4791
vn -0.8371 0.2685 0.4767
vn -0.8371 0.2684 0.4767
vn 0.8377 -0.2666 -0.4766
vn 0.8357 -0.2669 -0.4799
vn 0.8357 -0.2670 -0.4799
vn -0.8359 0.2677 0.4791
vn -0.8359 0.2677 0.4792
vn 0.8376 -0.2659 -0.4773
vn -0.8376 0.2675 0.4763
vn 0.8360 -0.2679 -0.4789
vn -0.8357 0.2686 0.4791
vn 0.4273 0.8613 0.2750
vn 0.2088 0.9606 -0.1836
vn 0.2059 0.9602 -0.1887
vn 0.4950 0.0695 0.8661
vn 0.5313 0.5293 0.6615
vn 0.5310 0.5330 0.6588
vn -0.3314 0.4129 -0.8483
vn -0.4971 -0.0726 -0.8646
vn -0.3322 0.4114 -0.8488
vn -0.4283 -0.8606 -0.2756
vn -0.2078 -0.9606 0.1848
vn -0.4300 -0.8584 -0.2799
vn 0.3304 -0.4138 0.8483
vn 0.4948 0.0673 0.8664
vn -0.0744 0.7939 -0.6034
vn -0.5327 -0.5340 -0.6565
vn -0.5327 -0.5314 -0.6587
vn 0.0751 -0.7933 0.6042
vn 0.0734 -0.7953 0.6018
vn -0.0718 0.7963 -0.6006
vn 0.4292 0.8586 0.2802
vn -0.4978 -0.0735 -0.8642
vn -0.2054 -0.9602 0.1892
vn -0.8377 0.2657 0.4771
vn 0.8367 -0.2654 -0.4791
vn 0.8372 -0.2657 -0.4780
vn 0.8376 -0.2682 -0.4759
vn 0.8373 -0.2687 -0.4762
vn -0.8382 0.2654 0.4764
vn 0.8368 -0.2691 -0.4768
vn 0.8368 -0.2691 -0.4767
vn -0.8384 0.2655 0.4761
vn 0.8363 -0.2690 -0.4777
vn -0.8380 0.2664 0.4763
vn -0.8379 0.2664 0.4763
vn 0.8360 -0.2679 -0.4788
vn -0.1694 0.3358 -0.9266
vn 0.1360 0.7039 -0.6972
vn 0.1776 0.6860 -0.7056
vn 0.3070 0.9299 -0.2027
vn 0.4702 0.8369 -0.2800
vn 0.3989 0.8608 0.3160
vn 0.6341 0.7467 0.2012
vn 0.3895 0.5810 0.7146
vn 0.6394 0.4719 0.6070
vn 0.2881 0.2003 0.9364
vn 0.4942 0.0959 0.8641
vn 0.1161 -0.2307 0.9661
vn 0.2114 -0.3118 0.9264
vn -0.1573 -0.6564 0.7378
vn -0.1142 -0.6592 0.7432
vn -0.4772 -0.8171 0.3234
vn -0.3274 -0.9100 0.2544
vn -0.6542 -0.7340 -0.1827
vn -0.4060 -0.8613 -0.3055
vn -0.6314 -0.4663 -0.6196
vn -0.3502 -0.5951 -0.7234
vn -0.4648 -0.0938 -0.8804
vn -0.2169 -0.2137 -0.9525
vn -0.1008 -0.1923 -0.9762
vn -0.0508 0.2583 -0.9647
vn 0.1692 0.7644 -0.6221
vn 0.2463 0.9625 -0.1135
vn 0.2718 0.8849 0.3782
vn 0.2506 0.6154 0.7473
vn 0.1812 0.2215 0.9582
vn 0.0476 -0.2464 0.9680
vn -0.1394 -0.7199 0.6799
vn -0.2680 -0.9545 0.1308
vn -0.2797 -0.8687 -0.4087
vn -0.2077 -0.5925 -0.7783
vn 0.0634 0.6351 -0.7698
vn 0.3671 0.7127 -0.5977
vn 0.5293 0.6353 -0.5623
vn 0.7064 0.6798 -0.1972
vn 0.8566 0.4710 -0.2107
vn 0.8524 0.4640 0.2411
vn 0.9640 0.1828 0.1930
vn 0.7803 0.1380 0.6100
vn 0.8242 -0.1580 0.5438
vn 0.5129 -0.2188 0.8301
vn 0.4719 -0.4617 0.7511
vn 0.1075 -0.5240 0.8449
vn -0.0051 -0.6468 0.7627
vn -0.3468 -0.6885 0.6369
vn -0.4850 -0.6617 0.5718
vn -0.7047 -0.6577 0.2662
vn -0.8383 -0.4977 0.2227
vn -0.8716 -0.4515 -0.1908
vn -0.9609 -0.1927 -0.1987
vn -0.7976 -0.1225 -0.5905
vn -0.7915 0.1620 -0.5893
vn -0.5103 0.2214 -0.8310
vn -0.4315 0.4418 -0.7865
vn -0.0777 0.5400 -0.8380
vn 0.5386 0.7820 -0.3136
vn 0.7586 0.5679 -0.3193
vn 0.8285 0.5565 0.0630
vn 0.9619 0.2652 0.0660
vn 0.8898 0.1819 0.4186
vn 0.8944 -0.1106 0.4333
vn 0.7128 -0.2386 0.6596
vn 0.5801 -0.4536 0.6766
vn 0.3483 -0.5939 0.7252
vn 0.1139 -0.6716 0.7321
vn -0.1058 -0.7914 0.6020
vn -0.3769 -0.7106 0.5941
vn -0.5314 -0.7821 0.3254
vn -0.7674 -0.5637 0.3055
vn -0.8206 -0.5705 -0.0344
vn -0.9614 -0.2688 -0.0582
vn -0.8977 -0.2094 -0.3877
vn -0.9089 0.0974 -0.4054
vn -0.7371 0.2105 -0.6422
vn -0.6153 0.4615 -0.6391
vn -0.3742 0.5787 -0.7246
vn -0.1866 0.6739 -0.7149
vn 0.0956 0.7907 -0.6046
vn 0.3429 0.7138 -0.6107
vn 0.5245 0.8243 0.2133
vn 0.7694 0.5196 0.3716
vn 0.6421 0.4838 0.5946
vn 0.7423 0.0878 0.6643
vn 0.5870 0.0164 0.8095
vn 0.5080 -0.3699 0.7779
vn 0.3749 -0.4530 0.8088
vn 0.1284 -0.7255 0.6762
vn 0.0564 -0.8030 0.5933
vn -0.2868 -0.8766 0.3864
vn -0.2825 -0.9342 0.2179
vn -0.6183 -0.7859 -0.0048
vn -0.5437 -0.8120 -0.2121
vn -0.7816 -0.4907 -0.3851
vn -0.6573 -0.4852 -0.5767
vn -0.7471 -0.0733 -0.6607
vn -0.6044 -0.0390 -0.7957
vn -0.5236 0.3675 -0.7686
vn -0.3949 0.4267 -0.8136
vn -0.1609 0.7187 -0.6765
vn -0.0782 0.7881 -0.6105
vn 0.2467 0.8817 -0.4021
vn 0.2609 0.9372 -0.2314
vn 0.5873 0.8092 -0.0186
vn 0.2099 0.9586 -0.1926
vn 0.4488 0.8541 0.2628
vn 0.5653 0.5215 0.6392
vn 0.5338 0.0551 0.8438
vn 0.3616 -0.4265 0.8290
vn 0.0842 -0.8019 0.5914
vn -0.2227 -0.9565 0.1882
vn -0.4661 -0.8454 -0.2610
vn -0.5798 -0.5173 -0.6295
vn -0.5438 -0.0631 -0.8368
vn -0.3674 0.4167 -0.8315
vn -0.0906 0.7965 -0.5978
vn 0.9993 -0.0077 -0.0371
vn 0.9993 -0.0077 -0.0370
vn 0.9993 -0.0079 -0.0369
vn 0.9993 -0.0083 -0.0371
vn 0.9993 -0.0081 -0.0368
vn 0.9993 -0.0081 -0.0365
vn 0.9993 -0.0079 -0.0365
vn 0.9993 -0.0077 -0.0365
vn 0.9993 -0.0075 -0.0363
vn -0.8370 0.2672 0.4776
vn -0.8370 0.2670 0.4777
vn -0.8366 0.2666 0.4785
vn -0.8375 0.2666 0.4770
vn -0.8374 0.2668 0.4771
vn -0.8372 0.2676 0.4770
vn -0.8372 0.2676 0.4769
vn -0.8369 0.2675 0.4775
vn -0.8361 0.2682 0.4786
vn -0.8364 -0.2695 -0.4772
vn 0.9993 0.0072 0.0370
vn -0.9993 -0.0077 -0.0371
vn -0.9993 -0.0078 -0.0367
vn -0.9993 -0.0075 -0.0363
vn -0.9993 -0.0079 -0.0365
vn -0.9993 -0.0081 -0.0365
vn -0.9993 -0.0083 -0.0371
vn -0.9993 -0.0081 -0.0369
vn -0.9993 -0.0079 -0.0369
vn 0.0143 0.2251 0.9742
vn 0.8370 0.2672 0.4776
vn 0.8369 0.2675 0.4776
vn 0.8361 0.2682 0.4786
vn 0.8372 0.2676 0.4769
vn 0.8372 0.2676 0.4770
vn 0.8375 0.2666 0.4770
vn 0.8370 0.2670 0.4777
vn 0.8366 0.2666 0.4785
vn 0.3307 0.4133 -0.8484
vn 0.8372 0.2658 0.4780
vn 0.0430 -0.3226 0.9456
vn 0.8364 -0.2695 0.4772
vn -0.9993 0.0072 -0.0370
vn 0.9993 -0.0077 0.0371
vn 0.9993 -0.0078 0.0367
vn 0.9993 -0.0075 0.0363
vn 0.9993 -0.0079 0.0365
vn 0.9993 -0.0081 0.0365
vn 0.9993 -0.0083 0.0371
vn 0.9993 -0.0081 0.0369
vn 0.9993 -0.0079 0.0369
vn -0.0143 0.2251 -0.9742
vn -0.8370 0.2672 -0.4776
vn -0.8369 0.2675 -0.4776
vn -0.8361 0.2682 -0.4786
vn -0.8372 0.2676 -0.4769
vn -0.8372 0.2676 -0.4770
vn -0.8375 0.2666 -0.4770
vn -0.8370 0.2670 -0.4777
vn -0.8366 0.2666 -0.4785
vn -0.3307 0.4133 0.8484
vn -0.8372 0.2658 -0.4780
vn -0.0430 -0.3226 -0.9456
vn -0.9993 -0.0077 0.0371
vn -0.9993 -0.0077 0.0370
vn -0.9993 -0.0079 0.0369
vn -0.9993 -0.0083 0.0371
vn -0.9993 -0.0081 0.0368
vn -0.9993 -0.0081 0.0365
vn -0.9993 -0.0079 0.0365
vn -0.9993 -0.0077 0.0365
vn -0.9993 -0.0075 0.0363
vn 0.8370 0.2672 -0.4776
vn 0.8370 0.2670 -0.4777
vn 0.8366 0.2666 -0.4785
vn 0.8375 0.2666 -0.4770
vn 0.8374 0.2668 -0.4771
vn 0.8372 0.2676 -0.4770
vn 0.8372 0.2676 -0.4769
vn 0.8369 0.2675 -0.4775
vn 0.8361 0.2682 -0.4786
vn 0.8364 0.2695 -0.4772
vn -0.9993 -0.0072 0.0370
vn 0.9993 0.0077 -0.0371
vn 0.9993 0.0078 -0.0367
vn 0.9993 0.0075 -0.0363
vn 0.9993 0.0079 -0.0365
vn 0.9993 0.0081 -0.0365
vn 0.9993 0.0083 -0.0371
vn 0.9993 0.0081 -0.0369
vn 0.9993 0.0079 -0.0369
vn -0.0143 -0.2251 0.9742
vn -0.8370 -0.2672 0.4776
vn -0.8369 -0.2675 0.4776
vn -0.8361 -0.2682 0.4786
vn -0.8372 -0.2676 0.4769
vn -0.8372 -0.2676 0.4770
vn -0.8375 -0.2666 0.4770
vn -0.8370 -0.2670 0.4777
vn -0.8366 -0.2666 0.4785
vn 0.8371 0.2659 -0.4781
vn -0.3307 -0.4133 -0.8484
vn -0.8372 -0.2658 0.4780
vn -0.0430 0.3226 0.9456
vn -0.9993 0.0077 -0.0371
vn -0.9993 0.0077 -0.0370
vn -0.9993 0.0079 -0.0369
vn -0.9993 0.0083 -0.0371
vn -0.9993 0.0081 -0.0368
vn -0.9993 0.0081 -0.0365
vn -0.9993 0.0079 -0.0365
vn -0.9993 0.0077 -0.0365
vn -0.9993 0.0075 -0.0363
vn 0.8370 -0.2672 0.4776
vn 0.8370 -0.2670 0.4777
vn 0.8366 -0.2666 0.4785
vn 0.8375 -0.2666 0.4770
vn 0.8374 -0.2668 0.4771
vn 0.8372 -0.2676 0.4770
vn 0.8372 -0.2676 0.4769
vn 0.8369 -0.2675 0.4775
vn 0.8361 -0.2682 0.4786
vn 0.9993 0.0077 0.0371
vn 0.9993 0.0077 0.0370
vn 0.9993 0.0079 0.0369
vn 0.9993 0.0083 0.0371
vn 0.9993 0.0081 0.0368
vn 0.9993 0.0081 0.0365
vn 0.9993 0.0079 0.0365
vn 0.9993 0.0077 0.0365
vn 0.9993 0.0075 0.0363
vn -0.8370 -0.2672 -0.4776
vn -0.8370 -0.2670 -0.4777
vn -0.8366 -0.2666 -0.4785
vn -0.8375 -0.2666 -0.4770
vn -0.8374 -0.2668 -0.4771
vn -0.8372 -0.2676 -0.4770
vn -0.8372 -0.2676 -0.4769
vn -0.8369 -0.2675 -0.4775
vn -0.8361 -0.2682 -0.4786
vn -0.8364 0.2695 0.4772
vn 0.9993 -0.0072 -0.0370
vn -0.9993 0.0077 0.0371
vn -0.9993 0.0078 0.0367
vn -0.9993 0.0075 0.0363
vn -0.9993 0.0079 0.0365
vn -0.9993 0.0081 0.0365
vn -0.9993 0.0083 0.0371
vn -0.9993 0.0081 0.0369
vn -0.9993 0.0079 0.0369
vn 0.0143 -0.2251 -0.9742
vn 0.8370 -0.2672 -0.4776
vn 0.8369 -0.2675 -0.4776
vn 0.8361 -0.2682 -0.4786
vn 0.8372 -0.2676 -0.4769
vn 0.8372 -0.2676 -0.4770
vn 0.8375 -0.2666 -0.4770
vn 0.8370 -0.2670 -0.4777
vn 0.8366 -0.2666 -0.4785
vn -0.8371 0.2659 0.4781
vn 0.3307 -0.4133 0.8484
vn 0.8372 -0.2658 -0.4780
vn 0.0430 0.3226 -0.9456
vt 0.936023 0.168995
vt 0.933789 0.168392
vt 0.934265 0.167898
vt 0.408284 0.959984
vt 0.406957 0.961773
vt 0.408006 0.959649
vt 0.411561 0.966894
vt 0.413510 0.966089
vt 0.411662 0.967357
vt 0.413254 0.959840
vt 0.414583 0.961548
vt 0.414177 0.961686
vt 0.409862 0.958856
vt 0.409765 0.958391
vt 0.409688 0.966952
vt 0.409567 0.967423
vt 0.408116 0.965915
vt 0.406869 0.964197
vt 0.407267 0.964061
vt 0.414583 0.963962
vt 0.414173 0.963851
vt 0.411673 0.958804
vt 0.411783 0.958333
vt 0.407814 0.966267
vt 0.407342 0.961888
vt 0.413211 0.965757
vt 0.413548 0.959489
vt 0.962434 0.853155
vt 0.964202 0.851092
vt 0.964400 0.853296
vt 0.421666 0.965892
vt 0.423342 0.958333
vt 0.428114 0.964042
vt 0.961198 0.480960
vt 0.959168 0.483078
vt 0.959156 0.480853
vt 0.960887 0.485116
vt 0.958259 0.485896
vt 0.958839 0.484924
vt 0.634570 0.958535
vt 0.636526 0.959933
vt 0.634363 0.960151
vt 0.961708 0.849316
vt 0.962235 0.850890
vt 0.961708 0.857353
vt 0.964208 0.855607
vt 0.963682 0.857402
vt 0.960849 0.478888
vt 0.958259 0.477532
vt 0.960275 0.477557
vt 0.634364 0.962175
vt 0.636728 0.963839
vt 0.634572 0.964094
vt 0.962240 0.855522
vt 0.958820 0.478828
vt 0.961215 0.483235
vt 0.636527 0.961937
vt 0.328862 0.964213
vt 0.333528 0.959026
vt 0.335219 0.965991
vt 0.335229 0.960083
vt 0.336848 0.961742
vt 0.336212 0.961940
vt 0.331542 0.967129
vt 0.329388 0.966581
vt 0.329838 0.966074
vt 0.936003 0.160917
vt 0.933776 0.161476
vt 0.935825 0.160226
vt 0.938220 0.169697
vt 0.935845 0.169675
vt 0.336848 0.964269
vt 0.336211 0.964100
vt 0.328247 0.964403
vt 0.934253 0.161987
vt 0.932594 0.163659
vt 0.335687 0.966481
vt 0.938051 0.169012
vt 0.940270 0.168447
vt 0.328872 0.962046
vt 0.328260 0.961867
vt 0.933244 0.163852
vt 0.932594 0.166187
vt 0.609834 0.964743
vt 0.605960 0.966749
vt 0.605658 0.964774
vt 0.609834 0.959903
vt 0.605546 0.962276
vt 0.605658 0.959935
vt 0.961724 0.168608
vt 0.965918 0.171152
vt 0.961722 0.171128
vt 0.952110 0.162262
vt 0.948133 0.160321
vt 0.952312 0.160226
vt 0.610136 0.958333
vt 0.605961 0.958367
vt 0.961901 0.173212
vt 0.966098 0.173236
vt 0.962215 0.164902
vt 0.966100 0.166354
vt 0.961907 0.166329
vt 0.952312 0.166943
vt 0.947929 0.164823
vt 0.952110 0.164722
vt 0.962211 0.174303
vt 0.966408 0.174327
vt 0.609722 0.962245
vt 0.965919 0.168633
vt 0.947930 0.162362
vt 0.938190 0.160242
vt 0.938024 0.160930
vt 0.333511 0.967099
vt 0.331382 0.967815
vt 0.335699 0.959569
vt 0.940237 0.161518
vt 0.939775 0.162022
vt 0.333689 0.967778
vt 0.331408 0.958366
vt 0.333708 0.958333
vt 0.941426 0.163720
vt 0.940792 0.163904
vt 0.331563 0.959054
vt 0.329416 0.959658
vt 0.941444 0.166260
vt 0.940805 0.166074
vt 0.933244 0.166013
vt 0.329861 0.960157
vt 0.939803 0.167944
vt 0.962539 0.234956
vt 0.963201 0.238628
vt 0.961542 0.238238
vt 0.964183 0.235325
vt 0.964155 0.238583
vt 0.933447 0.862996
vt 0.934864 0.865643
vt 0.933333 0.866434
vt 0.934992 0.862247
vt 0.936900 0.864986
vt 0.937035 0.861643
vt 0.938892 0.864637
vt 0.939028 0.861353
vt 0.940343 0.864704
vt 0.949941 0.489127
vt 0.949640 0.492665
vt 0.948265 0.489683
vt 0.951823 0.488640
vt 0.951259 0.492117
vt 0.953394 0.488345
vt 0.953150 0.491624
vt 0.958847 0.233444
vt 0.956924 0.235879
vt 0.957767 0.232684
vt 0.960592 0.234272
vt 0.957925 0.236664
vt 0.959615 0.237520
vt 0.957671 0.241506
vt 0.960230 0.244229
vt 0.959186 0.242873
vt 0.960525 0.245210
vt 0.935165 0.874334
vt 0.933468 0.874168
vt 0.937284 0.874116
vt 0.939250 0.873570
vt 0.940551 0.872849
vt 0.955197 0.498712
vt 0.956105 0.497242
vt 0.954814 0.491313
vt 0.957222 0.495808
vt 0.954863 0.240055
vt 0.956091 0.240481
vt 0.963181 0.222045
vt 0.964944 0.225553
vt 0.963476 0.226475
vt 0.942034 0.863516
vt 0.943093 0.867615
vt 0.941599 0.866996
vt 0.943702 0.863985
vt 0.945130 0.867692
vt 0.945750 0.863923
vt 0.947162 0.867223
vt 0.938969 0.849316
vt 0.940109 0.853047
vt 0.938306 0.852297
vt 0.947147 0.476816
vt 0.947770 0.481436
vt 0.946188 0.480847
vt 0.948914 0.477403
vt 0.949789 0.481926
vt 0.950980 0.477834
vt 0.951715 0.482200
vt 0.940541 0.459629
vt 0.942685 0.462674
vt 0.940736 0.463239
vt 0.942578 0.459242
vt 0.944758 0.462718
vt 0.959278 0.223045
vt 0.961452 0.227063
vt 0.959432 0.227148
vt 0.961328 0.222761
vt 0.941592 0.874065
vt 0.940551 0.872676
vt 0.934338 0.853200
vt 0.936193 0.852349
vt 0.947249 0.490164
vt 0.953035 0.482201
vt 0.957961 0.226715
vt 0.940551 0.851598
vt 0.942393 0.857079
vt 0.940937 0.856603
vt 0.942387 0.851747
vt 0.944378 0.856972
vt 0.944409 0.851314
vt 0.946353 0.856311
vt 0.946096 0.850427
vt 0.947775 0.855270
vt 0.952008 0.463762
vt 0.951429 0.470202
vt 0.949803 0.469676
vt 0.953879 0.464302
vt 0.953439 0.470733
vt 0.955884 0.464785
vt 0.955290 0.471126
vt 0.940026 0.447342
vt 0.941155 0.452446
vt 0.939197 0.452812
vt 0.942130 0.447274
vt 0.943185 0.452700
vt 0.956388 0.211863
vt 0.958206 0.217289
vt 0.956188 0.217262
vt 0.958504 0.211574
vt 0.960183 0.216767
vt 0.960258 0.210774
vt 0.961591 0.215827
vt 0.941184 0.862640
vt 0.947630 0.863335
vt 0.946136 0.476249
vt 0.938967 0.460557
vt 0.944526 0.459493
vt 0.956217 0.853824
vt 0.957931 0.859373
vt 0.955949 0.859770
vt 0.958349 0.853579
vt 0.959975 0.859427
vt 0.960355 0.853808
vt 0.961526 0.859933
vt 0.950719 0.452165
vt 0.953109 0.457979
vt 0.951417 0.458313
vt 0.952596 0.451830
vt 0.955190 0.457719
vt 0.954708 0.451571
vt 0.957077 0.457603
vt 0.956489 0.451456
vt 0.958259 0.457663
vt 0.956219 0.198843
vt 0.956030 0.205306
vt 0.954469 0.204443
vt 0.957978 0.199668
vt 0.958011 0.205929
vt 0.960073 0.200213
vt 0.959888 0.206152
vt 0.961943 0.200337
vt 0.961182 0.205922
vt 0.954541 0.854471
vt 0.954536 0.860502
vt 0.954299 0.849736
vt 0.955348 0.863715
vt 0.954299 0.865114
vt 0.955981 0.849449
vt 0.957161 0.862899
vt 0.960118 0.849377
vt 0.958114 0.849317
vt 0.959232 0.862865
vt 0.961464 0.849612
vt 0.961026 0.863600
vt 0.950737 0.446731
vt 0.949034 0.447587
vt 0.950747 0.463306
vt 0.952692 0.445962
vt 0.954377 0.445487
vt 0.958824 0.192978
vt 0.955264 0.197971
vt 0.957836 0.192216
vt 0.957493 0.465078
vt 0.941366 0.442271
vt 0.960516 0.193957
vt 0.954506 0.211564
vt 0.962458 0.194886
vt 0.964132 0.195515
vt 0.963087 0.200008
vt 0.427017 0.959612
vt 0.420622 0.961468
vt 0.425498 0.967188
vt 0.960301 0.486100
vt 0.610136 0.966716
vt 0.965088 0.235265
vt 0.940440 0.861463
vt 0.964347 0.221091
vt 0.940551 0.850273
vt 0.952773 0.478009
vt 0.947027 0.849316
vt 0.944028 0.447833
vt 0.961161 0.209689
vt 0.944758 0.453497
vt 0.961708 0.854447
vt 0.957481 0.451516
vt 0.943406 0.442789
vt 0.965088 0.195678
vt 0.427202 0.966060
vt 0.423463 0.967126
vt 0.420622 0.963820
vt 0.421626 0.959461
vt 0.425304 0.958388
vt 0.428035 0.961681
vt 0.636728 0.958333
vt 0.963682 0.849569
vt 0.966408 0.164927
vt 0.948131 0.167046
vt 0.958259 0.494779
s 1
f 2316/705/1715 2365/706/1716 2305/707/1717
f 2326/708/1718 2339/709/1719 2338/710/1720
f 2319/711/1721 2332/712/1722 2331/713/1723
f 2323/714/1724 2334/715/1725 2322/716/1725
f 2325/717/1726 2338/710/1720 2337/718/1727
f 2318/719/1728 2331/713/1723 2330/720/1728
f 2317/721/1729 2340/722/1730 2328/723/1731
f 2322/716/1725 2333/724/1732 2321/725/1732
f 2324/726/1733 2337/718/1727 2336/727/1734
f 2318/719/1728 2329/728/1729 2317/721/1729
f 2328/723/1731 2339/709/1719 2327/729/1719
f 2320/730/1722 2333/724/1732 2332/712/1722
f 2324/726/1733 2335/731/1735 2323/714/1724
f 2333/732/1736 2346/733/1737 2345/734/1738
f 2344/735/1739 2348/736/1740 2352/737/1741
f 2340/738/1742 2341/739/1743 2352/740/1744
f 2330/741/1745 2343/742/1746 2342/743/1747
f 2338/744/1748 2349/745/1749 2337/746/1750
f 2335/747/1751 2346/733/1737 2334/748/1752
f 2331/749/1753 2344/750/1754 2343/751/1746
f 2339/752/1755 2350/753/1756 2338/754/1748
f 2336/755/1757 2347/756/1758 2335/757/1751
f 2332/758/1759 2345/734/1738 2344/750/1754
f 2340/738/1742 2351/759/1760 2339/752/1755
f 2329/760/1761 2342/743/1747 2341/739/1743
f 2337/746/1750 2348/761/1762 2336/755/1757
f 2361/762/1763 2357/763/1764 2353/764/1765
f 2356/765/1766 2379/766/1767 2355/767/1768
f 2363/768/1769 2386/769/1770 2362/770/1770
f 2309/771/1771 2368/772/1772 2369/773/1771
f 2316/705/1715 2375/774/1773 2376/775/1774
f 2355/767/1768 2378/776/1775 2354/777/1775
f 2362/770/1770 2385/778/1776 2361/762/1777
f 2308/779/1778 2367/780/1779 2368/772/1772
f 2353/764/1780 2378/776/1775 2377/781/1780
f 2315/782/1781 2374/783/1782 2375/774/1773
f 2360/784/1783 2385/778/1776 2384/785/1784
f 2307/786/1785 2366/787/1786 2367/780/1779
f 2365/788/1787 2388/789/1788 2377/790/1789
f 2367/791/1790 2378/792/1791 2379/793/1792
f 2373/794/1793 2386/795/1794 2374/796/1795
f 2370/797/1796 2383/798/1797 2371/799/1798
f 2368/800/1799 2379/793/1792 2380/801/1800
f 2375/802/1801 2386/795/1794 2387/803/1802
f 2371/804/1798 2384/805/1803 2372/806/1804
f 2368/807/1799 2381/808/1805 2369/809/1806
f 2376/810/1807 2387/803/1802 2388/811/1788
f 2366/812/1808 2377/790/1789 2378/792/1791
f 2372/806/1804 2385/813/1809 2373/794/1793
f 2369/809/1806 2382/814/1810 2370/797/1796
f 2309/771/1771 2370/815/1811 2310/816/1811
f 2364/817/1812 2387/818/1813 2363/768/1769
f 2357/763/1814 2380/819/1815 2356/765/1766
f 2310/816/1811 2371/820/1816 2311/821/1816
f 2364/817/1812 2377/781/1780 2388/822/1817
f 2357/763/1814 2382/823/1818 2381/824/1814
f 2311/821/1816 2372/825/1819 2312/826/1819
f 2358/827/1820 2383/828/1821 2382/823/1818
f 2312/826/1819 2373/829/1822 2313/830/1823
f 2305/707/1717 2366/787/1786 2306/831/1786
f 2359/832/1821 2384/785/1784 2383/828/1821
f 2314/833/1782 2373/829/1822 2374/783/1782
f 2390/834/1824 2392/835/1825 2389/836/1826
f 2391/837/1827 2394/838/1828 2392/835/1825
f 2393/839/1829 2396/840/1830 2394/841/1828
f 2395/842/1831 2398/843/1832 2396/840/1830
f 2397/844/1833 2400/845/1834 2398/843/1832
f 2399/846/1835 2402/847/1836 2400/845/1834
f 2403/848/1837 2402/849/1836 2401/850/1838
f 2405/851/1839 2404/852/1840 2403/848/1837
f 2407/853/1841 2406/854/1842 2405/851/1839
f 2409/855/1843 2408/856/1844 2407/857/1841
f 2411/858/1845 2410/859/1846 2409/855/1843
f 2390/834/1824 2412/860/1847 2411/858/1845
f 2389/836/1826 2328/861/1848 2412/860/1847
f 2389/836/1826 2318/862/1849 2317/863/1850
f 2392/835/1825 2319/864/1851 2318/862/1849
f 2394/841/1828 2320/865/1852 2319/866/1851
f 2396/840/1830 2321/867/1853 2320/865/1852
f 2398/843/1832 2322/868/1854 2321/867/1853
f 2400/845/1834 2323/869/1855 2322/868/1854
f 2404/852/1840 2323/870/1855 2402/849/1836
f 2406/854/1842 2324/871/1856 2404/852/1840
f 2408/872/1844 2325/873/1857 2406/854/1842
f 2410/859/1846 2326/874/1858 2408/856/1844
f 2412/860/1847 2327/875/1859 2410/859/1846
f 2414/876/1860 2416/877/1861 2413/878/1862
f 2415/879/1863 2418/880/1864 2416/881/1861
f 2417/882/1865 2420/883/1866 2418/880/1864
f 2419/884/1867 2422/885/1868 2420/883/1866
f 2421/886/1869 2424/887/1870 2422/888/1868
f 2423/889/1871 2426/890/1872 2424/891/1870
f 2425/892/1873 2428/893/1874 2426/890/1872
f 2427/894/1875 2430/895/1876 2428/893/1874
f 2429/896/1877 2432/897/1878 2430/898/1876
f 2431/899/1879 2434/900/1880 2432/897/1878
f 2433/901/1881 2436/902/1882 2434/903/1880
f 2435/904/1883 2413/878/1862 2436/902/1882
f 2436/902/1882 2390/834/1824 2411/858/1845
f 2413/878/1862 2391/837/1827 2390/834/1824
f 2416/881/1861 2393/905/1829 2391/906/1827
f 2418/907/1864 2395/842/1831 2393/839/1829
f 2420/908/1866 2397/844/1833 2395/842/1831
f 2422/888/1868 2399/846/1835 2397/844/1833
f 2424/891/1870 2401/850/1838 2399/909/1835
f 2426/890/1872 2403/848/1837 2401/850/1838
f 2430/895/1876 2403/848/1837 2428/893/1874
f 2432/910/1878 2405/851/1839 2430/895/1876
f 2434/903/1880 2407/857/1841 2432/911/1878
f 2436/902/1882 2409/855/1843 2434/903/1880
f 2438/912/1884 2440/913/1885 2437/914/1886
f 2439/915/1887 2442/916/1888 2440/913/1885
f 2441/917/1889 2444/918/1890 2442/916/1888
f 2443/919/1891 2446/920/1892 2444/918/1890
f 2445/921/1893 2448/922/1894 2446/923/1892
f 2447/924/1895 2450/925/1896 2448/922/1894
f 2449/926/1897 2452/927/1898 2450/925/1896
f 2451/928/1899 2454/929/1900 2452/930/1898
f 2453/931/1901 2456/932/1902 2454/929/1900
f 2455/933/1903 2458/934/1904 2456/935/1902
f 2457/936/1905 2460/937/1906 2458/934/1904
f 2459/938/1907 2437/939/1886 2460/937/1906
f 2460/937/1906 2414/876/1860 2435/904/1883
f 2437/914/1886 2415/879/1863 2414/940/1860
f 2440/913/1885 2417/882/1865 2415/879/1863
f 2442/916/1888 2419/884/1867 2417/882/1865
f 2444/918/1890 2421/941/1869 2419/884/1867
f 2446/923/1892 2423/889/1871 2421/942/1869
f 2448/922/1894 2425/892/1873 2423/889/1871
f 2450/925/1896 2427/894/1875 2425/892/1873
f 2452/930/1898 2429/896/1877 2427/943/1875
f 2454/929/1900 2431/899/1879 2429/896/1877
f 2456/932/1902 2433/944/1881 2431/899/1879
f 2460/937/1906 2433/901/1881 2458/934/1904
f 2462/945/1908 2464/946/1909 2461/947/1910
f 2463/948/1911 2466/949/1912 2464/946/1909
f 2465/950/1913 2468/951/1914 2466/949/1912
f 2467/952/1915 2470/953/1916 2468/954/1914
f 2469/955/1917 2472/956/1918 2470/953/1916
f 2471/957/1919 2474/958/1920 2472/956/1918
f 2473/959/1921 2476/960/1922 2474/958/1920
f 2475/961/1923 2478/962/1924 2476/963/1922
f 2477/964/1925 2480/965/1926 2478/962/1924
f 2479/966/1927 2482/967/1928 2480/965/1926
f 2481/968/1929 2484/969/1930 2482/967/1928
f 2483/970/1931 2461/947/1910 2484/971/1930
f 2316/972/1932 2462/945/1908 2483/970/1931
f 2484/971/1930 2438/973/1884 2459/974/1907
f 2305/975/1933 2463/948/1911 2462/945/1908
f 2461/947/1910 2439/976/1887 2438/973/1884
f 2307/977/1934 2463/948/1911 2306/978/1935
f 2464/946/1909 2441/979/1889 2439/976/1887
f 2308/980/1936 2465/950/1913 2307/977/1934
f 2466/949/1912 2443/981/1891 2441/979/1889
f 2309/982/1937 2467/952/1915 2308/983/1936
f 2468/954/1914 2445/921/1893 2443/984/1891
f 2310/985/1938 2469/955/1917 2309/982/1937
f 2470/953/1916 2447/924/1895 2445/921/1893
f 2311/986/1939 2471/957/1919 2310/985/1938
f 2472/956/1918 2449/926/1897 2447/924/1895
f 2312/987/1940 2473/988/1921 2311/989/1939
f 2474/958/1920 2451/990/1899 2449/926/1897
f 2312/987/1940 2477/964/1925 2475/961/1923
f 2476/991/1922 2453/931/1901 2451/928/1899
f 2313/992/1941 2479/966/1927 2477/964/1925
f 2478/962/1924 2455/933/1903 2453/993/1901
f 2314/994/1942 2481/968/1929 2479/966/1927
f 2480/965/1926 2457/936/1905 2455/933/1903
f 2315/995/1943 2483/996/1931 2481/968/1929
f 2482/967/1928 2459/938/1907 2457/936/1905
f 2545/706/1944 2496/705/1945 2485/707/1946
f 2506/708/1947 2519/709/1948 2507/729/1948
f 2499/711/1949 2512/712/1950 2500/730/1950
f 2514/715/1951 2503/714/1952 2502/716/1951
f 2505/717/1953 2518/710/1954 2506/708/1947
f 2498/719/1955 2511/713/1956 2499/711/1949
f 2520/722/1957 2497/721/1958 2508/723/1959
f 2513/724/1960 2502/716/1951 2501/725/1960
f 2504/726/1961 2517/718/1962 2505/717/1953
f 2509/728/1963 2498/719/1955 2497/721/1958
f 2519/709/1948 2508/723/1959 2507/729/1948
f 2500/730/1950 2513/724/1960 2501/725/1960
f 2515/731/1964 2504/726/1961 2503/714/1952
f 2513/732/1965 2526/733/1966 2514/748/1967
f 2530/997/1968 2526/998/1969 2522/999/1970
f 2520/738/1971 2521/739/1972 2509/760/1973
f 2510/741/1974 2523/742/1975 2511/1000/1976
f 2529/745/1977 2518/744/1978 2517/746/1979
f 2526/733/1966 2515/747/1980 2514/748/1967
f 2511/749/1976 2524/750/1981 2512/758/1982
f 2530/753/1983 2519/752/1984 2518/754/1978
f 2527/756/1985 2516/755/1986 2515/757/1980
f 2512/758/1982 2525/734/1987 2513/732/1965
f 2531/759/1988 2520/738/1971 2519/752/1984
f 2509/760/1973 2522/743/1989 2510/741/1974
f 2528/761/1990 2517/746/1979 2516/755/1986
f 2535/767/1991 2539/832/1992 2543/768/1993
f 2559/766/1994 2536/765/1995 2535/767/1996
f 2566/769/1997 2543/768/1998 2542/770/1997
f 2489/771/1999 2548/772/2000 2488/779/2001
f 2496/705/1945 2555/774/2002 2495/782/2003
f 2558/776/2004 2535/767/1996 2534/777/2004
f 2565/778/2005 2542/770/1997 2541/762/2006
f 2488/779/2001 2547/780/2007 2487/786/2008
f 2533/764/2009 2558/776/2004 2534/777/2004
f 2495/782/2003 2554/783/2010 2494/833/2010
f 2540/784/2011 2565/778/2005 2541/762/2006
f 2487/786/2008 2546/787/2012 2486/831/2012
f 2545/788/2013 2568/789/2014 2556/1001/2015
f 2547/791/2016 2558/792/2017 2546/812/2018
f 2566/795/2019 2553/794/2020 2554/796/2021
f 2563/798/2022 2550/797/2023 2551/799/2024
f 2548/800/2025 2559/793/2026 2547/791/2016
f 2555/802/2027 2566/795/2019 2554/796/2021
f 2564/805/2028 2551/804/2024 2552/806/2029
f 2561/808/2030 2548/807/2025 2549/809/2031
f 2556/810/2015 2567/803/2032 2555/802/2027
f 2546/812/2018 2557/790/2033 2545/788/2013
f 2565/813/2034 2552/806/2029 2553/794/2020
f 2562/814/2035 2549/809/2031 2550/797/2023
f 2550/815/2036 2489/771/1999 2490/816/2036
f 2567/818/2037 2544/817/2038 2543/768/1998
f 2560/819/2039 2537/763/2040 2536/765/1995
f 2551/820/2041 2490/816/2036 2491/821/2041
f 2544/817/2038 2557/781/2009 2533/764/2009
f 2537/763/2040 2562/823/2042 2538/827/2043
f 2552/825/2044 2491/821/2041 2492/826/2044
f 2538/827/2043 2563/828/2045 2539/832/2045
f 2553/829/2046 2492/826/2044 2493/830/2047
f 2546/787/2012 2485/707/1946 2486/831/2012
f 2539/832/2045 2564/785/2048 2540/784/2011
f 2494/833/2010 2553/829/2046 2493/830/2047
f 2570/834/2049 2572/835/2050 2571/837/2051
f 2571/837/2051 2574/838/2052 2573/1002/2053
f 2573/839/2053 2576/840/2054 2575/842/2055
f 2575/842/2055 2578/843/2056 2577/844/2057
f 2577/844/2057 2580/845/2058 2579/846/2059
f 2579/846/2059 2582/847/2060 2581/1003/2061
f 2582/849/2060 2583/848/2062 2581/850/2061
f 2584/852/2063 2585/851/2064 2583/848/2062
f 2586/854/2065 2587/853/2066 2585/851/2064
f 2588/856/2067 2589/855/2068 2587/857/2066
f 2590/859/2069 2591/858/2070 2589/855/2068
f 2592/860/2071 2570/834/2049 2591/858/2070
f 2508/861/2072 2569/836/2073 2592/860/2071
f 2569/836/2073 2498/862/2074 2572/835/2050
f 2572/835/2050 2499/864/2075 2574/838/2052
f 2574/841/2052 2500/865/2076 2576/840/2054
f 2576/840/2054 2501/867/2077 2578/843/2056
f 2578/843/2056 2502/868/2078 2580/845/2058
f 2580/845/2058 2503/869/2079 2582/847/2060
f 2503/870/2079 2584/852/2063 2582/849/2060
f 2504/871/2080 2586/854/2065 2584/852/2063
f 2505/873/2081 2588/872/2067 2586/854/2065
f 2506/874/2082 2590/859/2069 2588/856/2067
f 2507/875/2083 2592/860/2071 2590/859/2069
f 2594/876/2084 2596/877/2085 2595/1004/2086
f 2595/879/2086 2598/880/2087 2597/882/2088
f 2597/882/2088 2600/883/2089 2599/884/2090
f 2599/884/2090 2602/885/2091 2601/941/2092
f 2601/886/2092 2604/887/2093 2603/1005/2094
f 2603/889/2094 2606/890/2095 2605/892/2096
f 2605/892/2096 2608/893/2097 2607/894/2098
f 2607/894/2098 2610/895/2099 2609/1006/2100
f 2609/896/2100 2612/897/2101 2611/899/2102
f 2611/899/2102 2614/900/2103 2613/944/2104
f 2613/901/2104 2616/902/2105 2615/904/2106
f 2615/904/2106 2593/878/2107 2594/876/2084
f 2616/902/2105 2570/834/2049 2593/878/2107
f 2593/878/2107 2571/837/2051 2596/877/2085
f 2596/881/2085 2573/905/2053 2598/880/2087
f 2598/907/2087 2575/842/2055 2600/908/2089
f 2600/908/2089 2577/844/2057 2602/888/2091
f 2602/888/2091 2579/846/2059 2604/887/2093
f 2604/891/2093 2581/850/2061 2606/890/2095
f 2606/890/2095 2583/848/2062 2608/893/2097
f 2583/848/2062 2610/895/2099 2608/893/2097
f 2585/851/2064 2612/910/2101 2610/895/2099
f 2587/857/2066 2614/903/2103 2612/911/2101
f 2589/855/2068 2616/902/2105 2614/903/2103
f 2618/912/2108 2620/913/2109 2619/915/2110
f 2619/915/2110 2622/916/2111 2621/917/2112
f 2621/917/2112 2624/918/2113 2623/919/2114
f 2623/919/2114 2626/920/2115 2625/1007/2116
f 2625/921/2116 2628/922/2117 2627/924/2118
f 2627/924/2118 2630/925/2119 2629/926/2120
f 2629/926/2120 2632/927/2121 2631/990/2122
f 2631/928/2122 2634/929/2123 2633/931/2124
f 2633/931/2124 2636/932/2125 2635/1008/2126
f 2635/933/2126 2638/934/2127 2637/936/2128
f 2637/936/2128 2640/937/2129 2639/938/2130
f 2639/938/2130 2617/939/2131 2618/1009/2108
f 2640/937/2129 2594/876/2084 2617/939/2131
f 2617/914/2131 2595/879/2086 2620/913/2109
f 2620/913/2109 2597/882/2088 2622/916/2111
f 2622/916/2111 2599/884/2090 2624/918/2113
f 2624/918/2113 2601/941/2092 2626/920/2115
f 2626/923/2115 2603/889/2094 2628/922/2117
f 2628/922/2117 2605/892/2096 2630/925/2119
f 2630/925/2119 2607/894/2098 2632/927/2121
f 2632/930/2121 2609/896/2100 2634/929/2123
f 2634/929/2123 2611/899/2102 2636/932/2125
f 2636/932/2125 2613/944/2104 2638/1010/2127
f 2613/901/2104 2640/937/2129 2638/934/2127
f 2642/945/2132 2644/946/2133 2643/948/2134
f 2643/948/2134 2646/949/2135 2645/950/2136
f 2645/950/2136 2648/951/2137 2647/1011/2138
f 2647/952/2138 2650/953/2139 2649/955/2140
f 2649/955/2140 2652/956/2141 2651/957/2142
f 2651/957/2142 2654/958/2143 2653/959/2144
f 2653/959/2144 2656/960/2145 2655/1012/2146
f 2655/961/2146 2658/962/2147 2657/964/2148
f 2657/964/2148 2660/965/2149 2659/966/2150
f 2659/966/2150 2662/967/2151 2661/968/2152
f 2661/968/2152 2664/969/2153 2663/996/2154
f 2663/970/2154 2641/947/2155 2642/945/2132
f 2496/972/2156 2642/945/2132 2485/975/2157
f 2664/971/2153 2618/973/2108 2641/947/2155
f 2485/975/2157 2643/948/2134 2486/978/2158
f 2641/947/2155 2619/976/2110 2644/946/2133
f 2643/948/2134 2487/977/2159 2486/978/2158
f 2644/946/2133 2621/979/2112 2646/949/2135
f 2645/950/2136 2488/980/2160 2487/977/2159
f 2646/949/2135 2623/981/2114 2648/951/2137
f 2647/952/2138 2489/982/2161 2488/983/2160
f 2648/954/2137 2625/921/2116 2650/953/2139
f 2649/955/2140 2490/985/2162 2489/982/2161
f 2650/953/2139 2627/924/2118 2652/956/2141
f 2651/957/2142 2491/986/2163 2490/985/2162
f 2652/956/2141 2629/926/2120 2654/958/2143
f 2653/988/2144 2492/987/2164 2491/989/2163
f 2654/958/2143 2631/990/2122 2656/960/2145
f 2492/987/2164 2657/964/2148 2493/992/2165
f 2656/991/2145 2633/931/2124 2658/1013/2147
f 2493/992/2165 2659/966/2150 2494/994/2166
f 2658/962/2147 2635/933/2126 2660/965/2149
f 2494/994/2166 2661/968/2152 2495/995/2167
f 2660/965/2149 2637/936/2128 2662/967/2151
f 2495/995/2167 2663/996/2154 2496/1014/2156
f 2662/967/2151 2639/938/2130 2664/969/2153
f 2725/706/2168 2676/705/2169 2665/707/2170
f 2686/708/2171 2699/709/2172 2687/729/2172
f 2679/711/2173 2692/712/2174 2680/730/2174
f 2694/715/2175 2683/714/2176 2682/716/2175
f 2685/717/2177 2698/710/2178 2686/708/2171
f 2678/719/2179 2691/713/2180 2679/711/2173
f 2700/722/2181 2677/721/2182 2688/723/2183
f 2693/724/2184 2682/716/2175 2681/725/2184
f 2684/726/2185 2697/718/2186 2685/717/2177
f 2689/728/2187 2678/719/2179 2677/721/2182
f 2699/709/2172 2688/723/2183 2687/729/2172
f 2680/730/2174 2693/724/2184 2681/725/2184
f 2695/731/2188 2684/726/2185 2683/714/2176
f 2693/732/2189 2706/733/2190 2694/748/2191
f 2710/997/2192 2706/998/2193 2702/999/2194
f 2700/738/2195 2701/739/2196 2689/760/2197
f 2690/741/2198 2703/742/2199 2691/1000/2200
f 2709/745/2201 2698/744/2202 2697/746/2203
f 2706/733/2190 2695/747/2204 2694/748/2191
f 2691/749/2200 2704/750/2205 2692/758/2206
f 2710/753/2207 2699/752/2208 2698/754/2202
f 2707/756/2209 2696/755/2210 2695/757/2204
f 2692/758/2206 2705/734/2211 2693/732/2189
f 2711/759/2212 2700/738/2195 2699/752/2208
f 2689/760/2197 2702/743/2213 2690/741/2198
f 2708/761/2214 2697/746/2203 2696/755/2210
f 2715/767/2215 2719/832/2216 2723/768/2217
f 2739/766/2218 2716/765/2219 2715/767/2220
f 2746/769/2221 2723/768/2222 2722/770/2221
f 2669/771/2223 2728/772/2224 2668/779/2225
f 2676/705/2169 2735/774/2226 2675/782/2227
f 2738/776/2228 2715/767/2220 2714/777/2228
f 2745/778/2229 2722/770/2221 2721/762/2230
f 2668/779/2225 2727/780/2231 2667/786/2232
f 2713/764/2233 2738/776/2228 2714/777/2228
f 2675/782/2227 2734/783/2234 2674/833/2234
f 2720/784/2235 2745/778/2229 2721/762/2230
f 2667/786/2232 2726/787/2236 2666/831/2236
f 2725/788/2237 2748/789/2238 2736/1001/2239
f 2727/791/2240 2738/792/2241 2726/812/2242
f 2746/795/2243 2733/794/2244 2734/796/2245
f 2743/798/2246 2730/797/2247 2731/799/2248
f 2728/800/2249 2739/793/2250 2727/791/2240
f 2735/802/2251 2746/795/2243 2734/796/2245
f 2744/805/2252 2731/804/2248 2732/806/2253
f 2741/808/2254 2728/807/2249 2729/809/2255
f 2736/810/2239 2747/803/2256 2735/802/2251
f 2726/812/2242 2737/790/2257 2725/788/2237
f 2745/813/2258 2732/806/2253 2733/794/2244
f 2742/814/2259 2729/809/2255 2730/797/2247
f 2730/815/2260 2669/771/2223 2670/816/2260
f 2747/818/2261 2724/817/2262 2723/768/2222
f 2740/819/2263 2717/763/2264 2716/765/2219
f 2731/820/2265 2670/816/2260 2671/821/2265
f 2724/817/2262 2737/781/2233 2713/764/2233
f 2717/763/2264 2742/823/2266 2718/827/2267
f 2732/825/2268 2671/821/2265 2672/826/2268
f 2718/827/2267 2743/828/2269 2719/832/2269
f 2733/829/2270 2672/826/2268 2673/830/2271
f 2726/787/2236 2665/707/2170 2666/831/2236
f 2719/832/2269 2744/785/2272 2720/784/2235
f 2674/833/2234 2733/829/2270 2673/830/2271
f 2750/834/2273 2752/835/2274 2751/837/2275
f 2751/837/2275 2754/838/2276 2753/1002/2277
f 2753/839/2277 2756/840/2278 2755/842/2279
f 2755/842/2279 2758/843/2280 2757/844/2281
f 2757/844/2281 2760/845/2282 2759/846/2283
f 2759/846/2283 2762/847/2284 2761/1003/2285
f 2762/849/2284 2763/848/2286 2761/850/2285
f 2764/852/2287 2765/851/2288 2763/848/2286
f 2766/854/2289 2767/853/2290 2765/851/2288
f 2768/856/2291 2769/855/2292 2767/857/2290
f 2770/859/2293 2771/858/2294 2769/855/2292
f 2772/860/2295 2750/834/2273 2771/858/2294
f 2688/861/2296 2749/836/2297 2772/860/2295
f 2749/836/2297 2678/862/2298 2752/835/2274
f 2752/835/2274 2679/864/2299 2754/838/2276
f 2754/841/2276 2680/865/2300 2756/840/2278
f 2756/840/2278 2681/867/2301 2758/843/2280
f 2758/843/2280 2682/868/2302 2760/845/2282
f 2760/845/2282 2683/869/2303 2762/847/2284
f 2683/870/2303 2764/852/2287 2762/849/2284
f 2684/871/2304 2766/854/2289 2764/852/2287
f 2685/873/2305 2768/872/2291 2766/854/2289
f 2686/874/2306 2770/859/2293 2768/856/2291
f 2687/875/2307 2772/860/2295 2770/859/2293
f 2774/876/2308 2776/877/2309 2775/1004/2310
f 2775/879/2310 2778/880/2311 2777/882/2312
f 2777/882/2312 2780/883/2313 2779/884/2314
f 2779/884/2314 2782/885/2315 2781/941/2316
f 2781/886/2316 2784/887/2317 2783/1005/2318
f 2783/889/2318 2786/890/2319 2785/892/2320
f 2785/892/2320 2788/893/2321 2787/894/2322
f 2787/894/2322 2790/895/2323 2789/1006/2324
f 2789/896/2324 2792/897/2325 2791/899/2326
f 2791/899/2326 2794/900/2327 2793/944/2328
f 2793/901/2328 2796/902/2329 2795/904/2330
f 2795/904/2330 2773/878/2331 2774/876/2308
f 2796/902/2329 2750/834/2273 2773/878/2331
f 2773/878/2331 2751/837/2275 2776/877/2309
f 2776/881/2309 2753/905/2277 2778/880/2311
f 2778/907/2311 2755/842/2279 2780/908/2313
f 2780/908/2313 2757/844/2281 2782/888/2315
f 2782/888/2315 2759/846/2283 2784/887/2317
f 2784/891/2317 2761/850/2285 2786/890/2319
f 2786/890/2319 2763/848/2286 2788/893/2321
f 2763/848/2286 2790/895/2323 2788/893/2321
f 2765/851/2288 2792/910/2325 2790/895/2323
f 2767/857/2290 2794/903/2327 2792/911/2325
f 2769/855/2292 2796/902/2329 2794/903/2327
f 2798/912/2332 2800/913/2333 2799/915/2334
f 2799/915/2334 2802/916/2335 2801/917/2336
f 2801/917/2336 2804/918/2337 2803/919/2338
f 2803/919/2338 2806/920/2339 2805/1007/2340
f 2805/921/2340 2808/922/2341 2807/924/2342
f 2807/924/2342 2810/925/2343 2809/926/2344
f 2809/926/2344 2812/927/2345 2811/990/2346
f 2811/928/2346 2814/929/2347 2813/931/2348
f 2813/931/2348 2816/932/2349 2815/1008/2350
f 2815/933/2350 2818/934/2351 2817/936/2352
f 2817/936/2352 2820/937/2353 2819/938/2354
f 2819/938/2354 2797/939/2355 2798/1009/2332
f 2820/937/2353 2774/876/2308 2797/939/2355
f 2797/914/2355 2775/879/2310 2800/913/2333
f 2800/913/2333 2777/882/2312 2802/916/2335
f 2802/916/2335 2779/884/2314 2804/918/2337
f 2804/918/2337 2781/941/2316 2806/920/2339
f 2806/923/2339 2783/889/2318 2808/922/2341
f 2808/922/2341 2785/892/2320 2810/925/2343
f 2810/925/2343 2787/894/2322 2812/927/2345
f 2812/930/2345 2789/896/2324 2814/929/2347
f 2814/929/2347 2791/899/2326 2816/932/2349
f 2816/932/2349 2793/944/2328 2818/1010/2351
f 2793/901/2328 2820/937/2353 2818/934/2351
f 2822/945/2356 2824/946/2357 2823/948/2358
f 2823/948/2358 2826/949/2359 2825/950/2360
f 2825/950/2360 2828/951/2361 2827/1011/2362
f 2827/952/2362 2830/953/2363 2829/955/2364
f 2829/955/2364 2832/956/2365 2831/957/2366
f 2831/957/2366 2834/958/2367 2833/959/2368
f 2833/959/2368 2836/960/2369 2835/1012/2370
f 2835/961/2370 2838/962/2371 2837/964/2372
f 2837/964/2372 2840/965/2373 2839/966/2374
f 2839/966/2374 2842/967/2375 2841/968/2376
f 2841/968/2376 2844/969/2377 2843/996/2378
f 2843/970/2378 2821/947/2379 2822/945/2356
f 2676/972/2380 2822/945/2356 2665/975/2381
f 2844/971/2377 2798/973/2332 2821/947/2379
f 2665/975/2381 2823/948/2358 2666/978/2382
f 2821/947/2379 2799/976/2334 2824/946/2357
f 2823/948/2358 2667/977/2383 2666/978/2382
f 2824/946/2357 2801/979/2336 2826/949/2359
f 2825/950/2360 2668/980/2384 2667/977/2383
f 2826/949/2359 2803/981/2338 2828/951/2361
f 2827/952/2362 2669/982/2385 2668/983/2384
f 2828/954/2361 2805/921/2340 2830/953/2363
f 2829/955/2364 2670/985/2386 2669/982/2385
f 2830/953/2363 2807/924/2342 2832/956/2365
f 2831/957/2366 2671/986/2387 2670/985/2386
f 2832/956/2365 2809/926/2344 2834/958/2367
f 2833/988/2368 2672/987/2388 2671/989/2387
f 2834/958/2367 2811/990/2346 2836/960/2369
f 2672/987/2388 2837/964/2372 2673/992/2389
f 2836/991/2369 2813/931/2348 2838/1013/2371
f 2673/992/2389 2839/966/2374 2674/994/2390
f 2838/962/2371 2815/933/2350 2840/965/2373
f 2674/994/2390 2841/968/2376 2675/995/2391
f 2840/965/2373 2817/936/2352 2842/967/2375
f 2675/995/2391 2843/996/2378 2676/1014/2380
f 2842/967/2375 2819/938/2354 2844/969/2377
f 2856/705/2392 2905/706/2393 2845/707/2394
f 2866/708/2395 2879/709/2396 2878/710/2397
f 2859/711/2398 2872/712/2399 2871/713/2400
f 2863/714/2401 2874/715/2402 2862/716/2402
f 2865/717/2403 2878/710/2397 2877/718/2404
f 2858/719/2405 2871/713/2400 2870/720/2405
f 2857/721/2406 2880/722/2407 2868/723/2408
f 2862/716/2402 2873/724/2409 2861/725/2409
f 2864/726/2410 2877/718/2404 2876/727/2411
f 2858/719/2405 2869/728/2406 2857/721/2406
f 2868/723/2408 2879/709/2396 2867/729/2396
f 2860/730/2399 2873/724/2409 2872/712/2399
f 2864/726/2410 2875/731/2412 2863/714/2401
f 2873/732/2413 2886/733/2414 2885/734/2415
f 2884/735/2416 2888/736/2417 2892/737/2418
f 2880/738/2419 2881/739/2420 2892/740/2421
f 2870/741/2422 2883/742/2423 2882/743/2424
f 2878/744/2425 2889/745/2426 2877/746/2427
f 2875/747/2428 2886/733/2414 2874/748/2429
f 2871/749/2430 2884/750/2431 2883/751/2423
f 2879/752/2432 2890/753/2433 2878/754/2425
f 2876/755/2434 2887/756/2435 2875/757/2428
f 2872/758/2436 2885/734/2415 2884/750/2431
f 2880/738/2419 2891/759/2437 2879/752/2432
f 2869/760/2438 2882/743/2424 2881/739/2420
f 2877/746/2427 2888/761/2439 2876/755/2434
f 2901/762/2440 2897/763/2441 2893/764/2442
f 2896/765/2443 2919/766/2444 2895/767/2445
f 2903/768/2446 2926/769/2447 2902/770/2447
f 2849/771/2448 2908/772/2449 2909/773/2448
f 2856/705/2392 2915/774/2450 2916/775/2451
f 2895/767/2445 2918/776/2452 2894/777/2452
f 2902/770/2447 2925/778/2453 2901/762/2454
f 2848/779/2455 2907/780/2456 2908/772/2449
f 2893/764/2457 2918/776/2452 2917/781/2457
f 2855/782/2458 2914/783/2459 2915/774/2450
f 2900/784/2460 2925/778/2453 2924/785/2461
f 2847/786/2462 2906/787/2463 2907/780/2456
f 2905/788/2464 2928/789/2465 2917/790/2466
f 2907/791/2467 2918/792/2468 2919/793/2469
f 2913/794/2470 2926/795/2471 2914/796/2472
f 2910/797/2473 2923/798/2474 2911/799/2475
f 2908/800/2476 2919/793/2469 2920/801/2477
f 2915/802/2478 2926/795/2471 2927/803/2479
f 2911/804/2475 2924/805/2480 2912/806/2481
f 2908/807/2476 2921/808/2482 2909/809/2483
f 2916/810/2484 2927/803/2479 2928/811/2465
f 2906/812/2485 2917/790/2466 2918/792/2468
f 2912/806/2481 2925/813/2486 2913/794/2470
f 2909/809/2483 2922/814/2487 2910/797/2473
f 2849/771/2448 2910/815/2488 2850/816/2488
f 2904/817/2489 2927/818/2490 2903/768/2446
f 2897/763/2491 2920/819/2492 2896/765/2443
f 2850/816/2488 2911/820/2493 2851/821/2493
f 2904/817/2489 2917/781/2457 2928/822/2494
f 2897/763/2491 2922/823/2495 2921/824/2491
f 2851/821/2493 2912/825/2496 2852/826/2496
f 2898/827/2497 2923/828/2498 2922/823/2495
f 2852/826/2496 2913/829/2499 2853/830/2500
f 2845/707/2394 2906/787/2463 2846/831/2463
f 2899/832/2498 2924/785/2461 2923/828/2498
f 2854/833/2459 2913/829/2499 2914/783/2459
f 2930/834/2501 2932/835/2502 2929/836/2503
f 2931/837/2504 2934/838/2505 2932/835/2502
f 2933/839/2506 2936/840/2507 2934/841/2505
f 2935/842/2508 2938/843/2509 2936/840/2507
f 2937/844/2510 2940/845/2511 2938/843/2509
f 2939/846/2512 2942/847/2513 2940/845/2511
f 2943/848/2514 2942/849/2513 2941/850/2515
f 2945/851/2516 2944/852/2517 2943/848/2514
f 2947/853/2518 2946/854/2519 2945/851/2516
f 2949/855/2520 2948/856/2521 2947/857/2518
f 2951/858/2522 2950/859/2523 2949/855/2520
f 2930/834/2501 2952/860/2524 2951/858/2522
f 2929/836/2503 2868/861/2525 2952/860/2524
f 2929/836/2503 2858/862/2526 2857/863/2527
f 2932/835/2502 2859/864/2528 2858/862/2526
f 2934/841/2505 2860/865/2529 2859/866/2528
f 2936/840/2507 2861/867/2530 2860/865/2529
f 2938/843/2509 2862/868/2531 2861/867/2530
f 2940/845/2511 2863/869/2532 2862/868/2531
f 2944/852/2517 2863/870/2532 2942/849/2513
f 2946/854/2519 2864/871/2533 2944/852/2517
f 2948/872/2521 2865/873/2534 2946/854/2519
f 2950/859/2523 2866/874/2535 2948/856/2521
f 2952/860/2524 2867/875/2536 2950/859/2523
f 2954/876/2537 2956/877/2538 2953/878/2539
f 2955/879/2540 2958/880/2541 2956/881/2538
f 2957/882/2542 2960/883/2543 2958/880/2541
f 2959/884/2544 2962/885/2545 2960/883/2543
f 2961/886/2546 2964/887/2547 2962/888/2545
f 2963/889/2548 2966/890/2549 2964/891/2547
f 2965/892/2550 2968/893/2551 2966/890/2549
f 2967/894/2552 2970/895/2553 2968/893/2551
f 2969/896/2554 2972/897/2555 2970/898/2553
f 2971/899/2556 2974/900/2557 2972/897/2555
f 2973/901/2558 2976/902/2559 2974/903/2557
f 2975/904/2560 2953/878/2539 2976/902/2559
f 2976/902/2559 2930/834/2501 2951/858/2522
f 2953/878/2539 2931/837/2504 2930/834/2501
f 2956/881/2538 2933/905/2506 2931/906/2504
f 2958/907/2541 2935/842/2508 2933/839/2506
f 2960/908/2543 2937/844/2510 2935/842/2508
f 2962/888/2545 2939/846/2512 2937/844/2510
f 2964/891/2547 2941/850/2515 2939/909/2512
f 2966/890/2549 2943/848/2514 2941/850/2515
f 2970/895/2553 2943/848/2514 2968/893/2551
f 2972/910/2555 2945/851/2516 2970/895/2553
f 2974/903/2557 2947/857/2518 2972/911/2555
f 2976/902/2559 2949/855/2520 2974/903/2557
f 2978/912/2561 2980/913/2562 2977/914/2563
f 2979/915/2564 2982/916/2565 2980/913/2562
f 2981/917/2566 2984/918/2567 2982/916/2565
f 2983/919/2568 2986/920/2569 2984/918/2567
f 2985/921/2570 2988/922/2571 2986/923/2569
f 2987/924/2572 2990/925/2573 2988/922/2571
f 2989/926/2574 2992/927/2575 2990/925/2573
f 2991/928/2576 2994/929/2577 2992/930/2575
f 2993/931/2578 2996/932/2579 2994/929/2577
f 2995/933/2580 2998/934/2581 2996/935/2579
f 2997/936/2582 3000/937/2583 2998/934/2581
f 2999/938/2584 2977/939/2563 3000/937/2583
f 3000/937/2583 2954/876/2537 2975/904/2560
f 2977/914/2563 2955/879/2540 2954/940/2537
f 2980/913/2562 2957/882/2542 2955/879/2540
f 2982/916/2565 2959/884/2544 2957/882/2542
f 2984/918/2567 2961/941/2546 2959/884/2544
f 2986/923/2569 2963/889/2548 2961/942/2546
f 2988/922/2571 2965/892/2550 2963/889/2548
f 2990/925/2573 2967/894/2552 2965/892/2550
f 2992/930/2575 2969/896/2554 2967/943/2552
f 2994/929/2577 2971/899/2556 2969/896/2554
f 2996/932/2579 2973/944/2558 2971/899/2556
f 3000/937/2583 2973/901/2558 2998/934/2581
f 3002/945/2585 3004/946/2586 3001/947/2587
f 3003/948/2588 3006/949/2589 3004/946/2586
f 3005/950/2590 3008/951/2591 3006/949/2589
f 3007/952/2592 3010/953/2593 3008/954/2591
f 3009/955/2594 3012/956/2595 3010/953/2593
f 3011/957/2596 3014/958/2597 3012/956/2595
f 3013/959/2598 3016/960/2599 3014/958/2597
f 3015/961/2600 3018/962/2601 3016/963/2599
f 3017/964/2602 3020/965/2603 3018/962/2601
f 3019/966/2604 3022/967/2605 3020/965/2603
f 3021/968/2606 3024/969/2607 3022/967/2605
f 3023/970/2608 3001/947/2587 3024/971/2607
f 2856/972/2609 3002/945/2585 3023/970/2608
f 3024/971/2607 2978/973/2561 2999/974/2584
f 2845/975/2610 3003/948/2588 3002/945/2585
f 3001/947/2587 2979/976/2564 2978/973/2561
f 2847/977/2611 3003/948/2588 2846/978/2612
f 3004/946/2586 2981/979/2566 2979/976/2564
f 2848/980/2613 3005/950/2590 2847/977/2611
f 3006/949/2589 2983/981/2568 2981/979/2566
f 2849/982/2614 3007/952/2592 2848/983/2613
f 3008/954/2591 2985/921/2570 2983/984/2568
f 2850/985/2615 3009/955/2594 2849/982/2614
f 3010/953/2593 2987/924/2572 2985/921/2570
f 2851/986/2616 3011/957/2596 2850/985/2615
f 3012/956/2595 2989/926/2574 2987/924/2572
f 2852/987/2617 3013/988/2598 2851/989/2616
f 3014/958/2597 2991/990/2576 2989/926/2574
f 2852/987/2617 3017/964/2602 3015/961/2600
f 3016/991/2599 2993/931/2578 2991/928/2576
f 2853/992/2618 3019/966/2604 3017/964/2602
f 3018/962/2601 2995/933/2580 2993/993/2578
f 2854/994/2619 3021/968/2606 3019/966/2604
f 3020/965/2603 2997/936/2582 2995/933/2580
f 2855/995/2620 3023/996/2608 3021/968/2606
f 3022/967/2605 2999/938/2584 2997/936/2582
f 3085/706/2621 3036/705/2622 3025/707/2623
f 3046/708/2624 3059/709/2625 3047/729/2626
f 3039/711/2627 3052/712/2628 3040/730/2628
f 3054/715/2629 3043/714/2630 3042/716/2629
f 3045/717/2631 3058/710/2632 3046/708/2624
f 3038/719/2633 3051/713/2634 3039/711/2627
f 3060/722/2635 3037/721/2636 3048/723/2637
f 3053/724/2638 3042/716/2629 3041/725/2638
f 3044/726/2639 3057/718/2640 3045/717/2631
f 3049/728/2636 3038/719/2633 3037/721/2636
f 3059/709/2625 3048/723/2637 3047/729/2626
f 3040/730/2628 3053/724/2638 3041/725/2638
f 3055/731/2641 3044/726/2639 3043/714/2630
f 3053/732/2642 3066/733/2643 3054/748/2644
f 3070/997/2645 3066/998/2646 3062/999/2647
f 3060/738/2648 3061/739/2649 3049/760/2650
f 3050/741/2651 3063/742/2652 3051/1000/2653
f 3069/745/2654 3058/744/2655 3057/746/2656
f 3066/733/2643 3055/747/2657 3054/748/2644
f 3051/749/2653 3064/750/2658 3052/758/2659
f 3070/753/2660 3059/752/2661 3058/754/2655
f 3067/756/2662 3056/755/2663 3055/757/2657
f 3052/758/2659 3065/734/2664 3053/732/2642
f 3071/759/2665 3060/738/2648 3059/752/2661
f 3049/760/2650 3062/743/2666 3050/741/2651
f 3068/761/2667 3057/746/2656 3056/755/2663
f 3075/767/2668 3079/832/2669 3083/768/2670
f 3099/766/2671 3076/765/2672 3075/767/2673
f 3106/769/2674 3083/768/2675 3082/770/2674
f 3029/771/2676 3088/772/2677 3028/779/2678
f 3036/705/2622 3095/774/2679 3035/782/2680
f 3098/776/2681 3075/767/2673 3074/777/2681
f 3105/778/2682 3082/770/2674 3081/762/2683
f 3028/779/2678 3087/780/2684 3027/786/2685
f 3073/764/2686 3098/776/2681 3074/777/2681
f 3035/782/2680 3094/783/2687 3034/833/2687
f 3080/784/2688 3105/778/2682 3081/762/2683
f 3027/786/2685 3086/787/2689 3026/831/2689
f 3085/788/2690 3108/789/2691 3096/1001/2692
f 3087/791/2693 3098/792/2694 3086/812/2695
f 3106/795/2696 3093/794/2697 3094/796/2698
f 3103/798/2699 3090/797/2700 3091/799/2701
f 3088/800/2702 3099/793/2703 3087/791/2693
f 3095/802/2704 3106/795/2696 3094/796/2698
f 3104/805/2705 3091/804/2701 3092/806/2706
f 3101/808/2707 3088/807/2702 3089/809/2708
f 3096/810/2692 3107/803/2709 3095/802/2704
f 3086/812/2695 3097/790/2710 3085/788/2690
f 3105/813/2711 3092/806/2706 3093/794/2697
f 3102/814/2712 3089/809/2708 3090/797/2700
f 3090/815/2713 3029/771/2676 3030/816/2713
f 3107/818/2714 3084/817/2715 3083/768/2675
f 3100/819/2716 3077/763/2717 3076/765/2672
f 3091/820/2718 3030/816/2713 3031/821/2718
f 3084/817/2715 3097/781/2686 3073/764/2686
f 3077/763/2717 3102/823/2719 3078/827/2720
f 3092/825/2721 3031/821/2718 3032/826/2721
f 3078/827/2720 3103/828/2722 3079/832/2722
f 3093/829/2723 3032/826/2721 3033/830/2724
f 3086/787/2689 3025/707/2623 3026/831/2689
f 3079/832/2722 3104/785/2725 3080/784/2688
f 3034/833/2687 3093/829/2723 3033/830/2724
f 3110/834/2726 3112/835/2727 3111/837/2728
f 3111/837/2728 3114/838/2729 3113/1002/2730
f 3113/839/2730 3116/840/2731 3115/842/2732
f 3115/842/2732 3118/843/2733 3117/844/2734
f 3117/844/2734 3120/845/2735 3119/846/2736
f 3119/846/2736 3122/847/2737 3121/1003/2738
f 3122/849/2737 3123/848/2739 3121/850/2738
f 3124/852/2740 3125/851/2741 3123/848/2739
f 3126/854/2742 3127/853/2743 3125/851/2741
f 3128/856/2744 3129/855/2745 3127/857/2743
f 3130/859/2746 3131/858/2747 3129/855/2745
f 3132/860/2748 3110/834/2726 3131/858/2747
f 3048/861/2749 3109/836/2750 3132/860/2748
f 3109/836/2750 3038/862/2751 3112/835/2727
f 3112/835/2727 3039/864/2752 3114/838/2729
f 3114/841/2729 3040/865/2753 3116/840/2731
f 3116/840/2731 3041/867/2754 3118/843/2733
f 3118/843/2733 3042/868/2755 3120/845/2735
f 3120/845/2735 3043/869/2756 3122/847/2737
f 3043/870/2756 3124/852/2740 3122/849/2737
f 3044/871/2757 3126/854/2742 3124/852/2740
f 3045/873/2758 3128/872/2744 3126/854/2742
f 3046/874/2759 3130/859/2746 3128/856/2744
f 3047/875/2760 3132/860/2748 3130/859/2746
f 3134/876/2761 3136/877/2762 3135/1004/2763
f 3135/879/2763 3138/880/2764 3137/882/2765
f 3137/882/2765 3140/883/2766 3139/884/2767
f 3139/884/2767 3142/885/2768 3141/941/2769
f 3141/886/2769 3144/887/2770 3143/1005/2771
f 3143/889/2771 3146/890/2772 3145/892/2773
f 3145/892/2773 3148/893/2774 3147/894/2775
f 3147/894/2775 3150/895/2776 3149/1006/2777
f 3149/896/2777 3152/897/2778 3151/899/2779
f 3151/899/2779 3154/900/2780 3153/944/2781
f 3153/901/2781 3156/902/2782 3155/904/2783
f 3155/904/2783 3133/878/2784 3134/876/2761
f 3156/902/2782 3110/834/2726 3133/878/2784
f 3133/878/2784 3111/837/2728 3136/877/2762
f 3136/881/2762 3113/905/2730 3138/880/2764
f 3138/907/2764 3115/842/2732 3140/908/2766
f 3140/908/2766 3117/844/2734 3142/888/2768
f 3142/888/2768 3119/846/2736 3144/887/2770
f 3144/891/2770 3121/850/2738 3146/890/2772
f 3146/890/2772 3123/848/2739 3148/893/2774
f 3123/848/2739 3150/895/2776 3148/893/2774
f 3125/851/2741 3152/910/2778 3150/895/2776
f 3127/857/2743 3154/903/2780 3152/911/2778
f 3129/855/2745 3156/902/2782 3154/903/2780
f 3158/912/2785 3160/913/2786 3159/915/2787
f 3159/915/2787 3162/916/2788 3161/917/2789
f 3161/917/2789 3164/918/2790 3163/919/2791
f 3163/919/2791 3166/920/2792 3165/1007/2793
f 3165/921/2793 3168/922/2794 3167/924/2795
f 3167/924/2795 3170/925/2796 3169/926/2797
f 3169/926/2797 3172/927/2798 3171/990/2799
f 3171/928/2799 3174/929/2800 3173/931/2801
f 3173/931/2801 3176/932/2802 3175/1008/2803
f 3175/933/2803 3178/934/2804 3177/936/2805
f 3177/936/2805 3180/937/2806 3179/938/2807
f 3179/938/2807 3157/939/2808 3158/1009/2785
f 3180/937/2806 3134/876/2761 3157/939/2808
f 3157/914/2808 3135/879/2763 3160/913/2786
f 3160/913/2786 3137/882/2765 3162/916/2788
f 3162/916/2788 3139/884/2767 3164/918/2790
f 3164/918/2790 3141/941/2769 3166/920/2792
f 3166/923/2792 3143/889/2771 3168/922/2794
f 3168/922/2794 3145/892/2773 3170/925/2796
f 3170/925/2796 3147/894/2775 3172/927/2798
f 3172/930/2798 3149/896/2777 3174/929/2800
f 3174/929/2800 3151/899/2779 3176/932/2802
f 3176/932/2802 3153/944/2781 3178/1010/2804
f 3153/901/2781 3180/937/2806 3178/934/2804
f 3182/945/2809 3184/946/2810 3183/948/2811
f 3183/948/2811 3186/949/2812 3185/950/2813
f 3185/950/2813 3188/951/2814 3187/1011/2815
f 3187/952/2815 3190/953/2816 3189/955/2817
f 3189/955/2817 3192/956/2818 3191/957/2819
f 3191/957/2819 3194/958/2820 3193/959/2821
f 3193/959/2821 3196/960/2822 3195/1012/2823
f 3195/961/2823 3198/962/2824 3197/964/2825
f 3197/964/2825 3200/965/2826 3199/966/2827
f 3199/966/2827 3202/967/2828 3201/968/2829
f 3201/968/2829 3204/969/2830 3203/996/2831
f 3203/970/2831 3181/947/2832 3182/945/2809
f 3036/972/2833 3182/945/2809 3025/975/2834
f 3204/971/2830 3158/973/2785 3181/947/2832
f 3025/975/2834 3183/948/2811 3026/978/2835
f 3181/947/2832 3159/976/2787 3184/946/2810
f 3183/948/2811 3027/977/2836 3026/978/2835
f 3184/946/2810 3161/979/2789 3186/949/2812
f 3185/950/2813 3028/980/2837 3027/977/2836
f 3186/949/2812 3163/981/2791 3188/951/2814
f 3187/952/2815 3029/982/2838 3028/983/2837
f 3188/954/2814 3165/921/2793 3190/953/2816
f 3189/955/2817 3030/985/2839 3029/982/2838
f 3190/953/2816 3167/924/2795 3192/956/2818
f 3191/957/2819 3031/986/2840 3030/985/2839
f 3192/956/2818 3169/926/2797 3194/958/2820
f 3193/988/2821 3032/987/2841 3031/989/2840
f 3194/958/2820 3171/990/2799 3196/960/2822
f 3032/987/2841 3197/964/2825 3033/992/2842
f 3196/991/2822 3173/931/2801 3198/1013/2824
f 3033/992/2842 3199/966/2827 3034/994/2843
f 3198/962/2824 3175/933/2803 3200/965/2826
f 3034/994/2843 3201/968/2829 3035/995/2844
f 3200/965/2826 3177/936/2805 3202/967/2828
f 3035/995/2844 3203/996/2831 3036/1014/2833
f 3202/967/2828 3179/938/2807 3204/969/2830
f 3216/705/2845 3265/706/2846 3205/707/2847
f 3226/708/2848 3239/709/2849 3238/710/2850
f 3219/711/2851 3232/712/2852 3231/713/2853
f 3223/714/2854 3234/715/2855 3222/716/2855
f 3225/717/2856 3238/710/2850 3237/718/2857
f 3218/719/2858 3231/713/2853 3230/720/2858
f 3217/721/2859 3240/722/2860 3228/723/2861
f 3222/716/2855 3233/724/2862 3221/725/2862
f 3224/726/2863 3237/718/2857 3236/727/2864
f 3218/719/2858 3229/728/2859 3217/721/2859
f 3228/723/2861 3239/709/2849 3227/729/2865
f 3220/730/2852 3233/724/2862 3232/712/2852
f 3224/726/2863 3235/731/2866 3223/714/2854
f 3233/732/2867 3246/733/2868 3245/734/2869
f 3244/735/2870 3248/736/2871 3252/737/2872
f 3240/738/2873 3241/739/2874 3252/740/2875
f 3230/741/2876 3243/742/2877 3242/743/2878
f 3238/744/2879 3249/745/2880 3237/746/2881
f 3235/747/2882 3246/733/2868 3234/748/2883
f 3231/749/2884 3244/750/2885 3243/751/2877
f 3239/752/2886 3250/753/2887 3238/754/2879
f 3236/755/2888 3247/756/2889 3235/757/2882
f 3232/758/2890 3245/734/2869 3244/750/2885
f 3240/738/2873 3251/759/2891 3239/752/2886
f 3229/760/2892 3242/743/2878 3241/739/2874
f 3237/746/2881 3248/761/2893 3236/755/2888
f 3261/762/2894 3257/763/2895 3253/764/2896
f 3256/765/2897 3279/766/2898 3255/767/2899
f 3263/768/2900 3286/769/2901 3262/770/2901
f 3209/771/2902 3268/772/2903 3269/773/2904
f 3216/705/2845 3275/774/2905 3276/775/2906
f 3255/767/2899 3278/776/2907 3254/777/2907
f 3262/770/2901 3285/778/2908 3261/762/2909
f 3208/779/2910 3267/780/2911 3268/772/2903
f 3253/764/2912 3278/776/2907 3277/781/2912
f 3215/782/2913 3274/783/2914 3275/774/2905
f 3260/784/2915 3285/778/2908 3284/785/2916
f 3207/786/2917 3266/787/2918 3267/780/2911
f 3265/788/2919 3288/789/2920 3277/790/2921
f 3267/791/2922 3278/792/2923 3279/793/2924
f 3273/794/2925 3286/795/2926 3274/796/2927
f 3270/797/2928 3283/798/2929 3271/799/2930
f 3268/800/2931 3279/793/2924 3280/801/2932
f 3275/802/2933 3286/795/2926 3287/803/2934
f 3271/804/2930 3284/805/2935 3272/806/2936
f 3268/807/2931 3281/808/2937 3269/809/2938
f 3276/810/2939 3287/803/2934 3288/811/2920
f 3266/812/2940 3277/790/2921 3278/792/2923
f 3272/806/2936 3285/813/2941 3273/794/2925
f 3269/809/2938 3282/814/2942 3270/797/2928
f 3209/771/2902 3270/815/2943 3210/816/2943
f 3264/817/2944 3287/818/2945 3263/768/2900
f 3257/763/2946 3280/819/2947 3256/765/2897
f 3210/816/2943 3271/820/2948 3211/821/2948
f 3264/817/2944 3277/781/2912 3288/822/2949
f 3257/763/2946 3282/823/2950 3281/824/2946
f 3211/821/2948 3272/825/2951 3212/826/2951
f 3258/827/2952 3283/828/2953 3282/823/2950
f 3212/826/2951 3273/829/2954 3213/830/2955
f 3205/707/2847 3266/787/2918 3206/831/2918
f 3259/832/2953 3284/785/2916 3283/828/2953
f 3214/833/2914 3273/829/2954 3274/783/2914
f 3290/834/2956 3292/835/2957 3289/836/2958
f 3291/837/2959 3294/838/2960 3292/835/2957
f 3293/839/2961 3296/840/2962 3294/841/2960
f 3295/842/2963 3298/843/2964 3296/840/2962
f 3297/844/2965 3300/845/2966 3298/843/2964
f 3299/846/2967 3302/847/2968 3300/845/2966
f 3303/848/2969 3302/849/2968 3301/850/2970
f 3305/851/2971 3304/852/2972 3303/848/2969
f 3307/853/2973 3306/854/2974 3305/851/2971
f 3309/855/2975 3308/856/2976 3307/857/2973
f 3311/858/2977 3310/859/2978 3309/855/2975
f 3290/834/2956 3312/860/2979 3311/858/2977
f 3289/836/2958 3228/861/2980 3312/860/2979
f 3289/836/2958 3218/862/2981 3217/863/2982
f 3292/835/2957 3219/864/2983 3218/862/2981
f 3294/841/2960 3220/865/2984 3219/866/2983
f 3296/840/2962 3221/867/2985 3220/865/2984
f 3298/843/2964 3222/868/2986 3221/867/2985
f 3300/845/2966 3223/869/2987 3222/868/2986
f 3304/852/2972 3223/870/2987 3302/849/2968
f 3306/854/2974 3224/871/2988 3304/852/2972
f 3308/872/2976 3225/873/2989 3306/854/2974
f 3310/859/2978 3226/874/2990 3308/856/2976
f 3312/860/2979 3227/875/2991 3310/859/2978
f 3314/876/2992 3316/877/2993 3313/878/2994
f 3315/879/2995 3318/880/2996 3316/881/2993
f 3317/882/2997 3320/883/2998 3318/880/2996
f 3319/884/2999 3322/885/3000 3320/883/2998
f 3321/886/3001 3324/887/3002 3322/888/3000
f 3323/889/3003 3326/890/3004 3324/891/3002
f 3325/892/3005 3328/893/3006 3326/890/3004
f 3327/894/3007 3330/895/3008 3328/893/3006
f 3329/896/3009 3332/897/3010 3330/898/3008
f 3331/899/3011 3334/900/3012 3332/897/3010
f 3333/901/3013 3336/902/3014 3334/903/3012
f 3335/904/3015 3313/878/2994 3336/902/3014
f 3336/902/3014 3290/834/2956 3311/858/2977
f 3313/878/2994 3291/837/2959 3290/834/2956
f 3316/881/2993 3293/905/2961 3291/906/2959
f 3318/907/2996 3295/842/2963 3293/839/2961
f 3320/908/2998 3297/844/2965 3295/842/2963
f 3322/888/3000 3299/846/2967 3297/844/2965
f 3324/891/3002 3301/850/2970 3299/909/2967
f 3326/890/3004 3303/848/2969 3301/850/2970
f 3330/895/3008 3303/848/2969 3328/893/3006
f 3332/910/3010 3305/851/2971 3330/895/3008
f 3334/903/3012 3307/857/2973 3332/911/3010
f 3336/902/3014 3309/855/2975 3334/903/3012
f 3338/912/3016 3340/913/3017 3337/914/3018
f 3339/915/3019 3342/916/3020 3340/913/3017
f 3341/917/3021 3344/918/3022 3342/916/3020
f 3343/919/3023 3346/920/3024 3344/918/3022
f 3345/921/3025 3348/922/3026 3346/923/3024
f 3347/924/3027 3350/925/3028 3348/922/3026
f 3349/926/3029 3352/927/3030 3350/925/3028
f 3351/928/3031 3354/929/3032 3352/930/3030
f 3353/931/3033 3356/932/3034 3354/929/3032
f 3355/933/3035 3358/934/3036 3356/935/3034
f 3357/936/3037 3360/937/3038 3358/934/3036
f 3359/938/3039 3337/939/3018 3360/937/3038
f 3360/937/3038 3314/876/2992 3335/904/3015
f 3337/914/3018 3315/879/2995 3314/940/2992
f 3340/913/3017 3317/882/2997 3315/879/2995
f 3342/916/3020 3319/884/2999 3317/882/2997
f 3344/918/3022 3321/941/3001 3319/884/2999
f 3346/923/3024 3323/889/3003 3321/942/3001
f 3348/922/3026 3325/892/3005 3323/889/3003
f 3350/925/3028 3327/894/3007 3325/892/3005
f 3352/930/3030 3329/896/3009 3327/943/3007
f 3354/929/3032 3331/899/3011 3329/896/3009
f 3356/932/3034 3333/944/3013 3331/899/3011
f 3360/937/3038 3333/901/3013 3358/934/3036
f 3362/945/3040 3364/946/3041 3361/947/3042
f 3363/948/3043 3366/949/3044 3364/946/3041
f 3365/950/3045 3368/951/3046 3366/949/3044
f 3367/952/3047 3370/953/3048 3368/954/3046
f 3369/955/3049 3372/956/3050 3370/953/3048
f 3371/957/3051 3374/958/3052 3372/956/3050
f 3373/959/3053 3376/960/3054 3374/958/3052
f 3375/961/3055 3378/962/3056 3376/963/3054
f 3377/964/3057 3380/965/3058 3378/962/3056
f 3379/966/3059 3382/967/3060 3380/965/3058
f 3381/968/3061 3384/969/3062 3382/967/3060
f 3383/970/3063 3361/947/3042 3384/971/3062
f 3216/972/3064 3362/945/3040 3383/970/3063
f 3384/971/3062 3338/973/3016 3359/974/3039
f 3205/975/3065 3363/948/3043 3362/945/3040
f 3361/947/3042 3339/976/3019 3338/973/3016
f 3207/977/3066 3363/948/3043 3206/978/3067
f 3364/946/3041 3341/979/3021 3339/976/3019
f 3208/980/3068 3365/950/3045 3207/977/3066
f 3366/949/3044 3343/981/3023 3341/979/3021
f 3209/982/3069 3367/952/3047 3208/983/3068
f 3368/954/3046 3345/921/3025 3343/984/3023
f 3210/985/3070 3369/955/3049 3209/982/3069
f 3370/953/3048 3347/924/3027 3345/921/3025
f 3211/986/3071 3371/957/3051 3210/985/3070
f 3372/956/3050 3349/926/3029 3347/924/3027
f 3212/987/3072 3373/988/3053 3211/989/3071
f 3374/958/3052 3351/990/3031 3349/926/3029
f 3212/987/3072 3377/964/3057 3375/961/3055
f 3376/991/3054 3353/931/3033 3351/928/3031
f 3213/992/3073 3379/966/3059 3377/964/3057
f 3378/962/3056 3355/933/3035 3353/993/3033
f 3214/994/3074 3381/968/3061 3379/966/3059
f 3380/965/3058 3357/936/3037 3355/933/3035
f 3215/995/3075 3383/996/3063 3381/968/3061
f 3382/967/3060 3359/938/3039 3357/936/3037
f 3396/705/3076 3445/706/3077 3385/707/3078
f 3406/708/3079 3419/709/3080 3418/710/3081
f 3399/711/3082 3412/712/3083 3411/713/3084
f 3403/714/3085 3414/715/3086 3402/716/3086
f 3405/717/3087 3418/710/3081 3417/718/3088
f 3398/719/3089 3411/713/3084 3410/720/3089
f 3397/721/3090 3420/722/3091 3408/723/3092
f 3402/716/3086 3413/724/3093 3401/725/3093
f 3404/726/3094 3417/718/3088 3416/727/3095
f 3398/719/3089 3409/728/3090 3397/721/3090
f 3408/723/3092 3419/709/3080 3407/729/3096
f 3400/730/3083 3413/724/3093 3412/712/3083
f 3404/726/3094 3415/731/3097 3403/714/3085
f 3413/732/3098 3426/733/3099 3425/734/3100
f 3424/735/3101 3428/736/3102 3432/737/3103
f 3420/738/3104 3421/739/3105 3432/740/3106
f 3410/741/3107 3423/742/3108 3422/743/3109
f 3418/744/3110 3429/745/3111 3417/746/3112
f 3415/747/3113 3426/733/3099 3414/748/3114
f 3411/749/3115 3424/750/3116 3423/751/3108
f 3419/752/3117 3430/753/3118 3418/754/3110
f 3416/755/3119 3427/756/3120 3415/757/3113
f 3412/758/3121 3425/734/3100 3424/750/3116
f 3420/738/3104 3431/759/3122 3419/752/3117
f 3409/760/3123 3422/743/3109 3421/739/3105
f 3417/746/3112 3428/761/3124 3416/755/3119
f 3441/762/3125 3437/763/3126 3433/764/3127
f 3436/765/3128 3459/766/3129 3435/767/3130
f 3443/768/3131 3466/769/3132 3442/770/3132
f 3389/771/3133 3448/772/3134 3449/773/3135
f 3396/705/3076 3455/774/3136 3456/775/3137
f 3435/767/3130 3458/776/3138 3434/777/3138
f 3442/770/3132 3465/778/3139 3441/762/3140
f 3388/779/3141 3447/780/3142 3448/772/3134
f 3433/764/3143 3458/776/3138 3457/781/3143
f 3395/782/3144 3454/783/3145 3455/774/3136
f 3440/784/3146 3465/778/3139 3464/785/3147
f 3387/786/3148 3446/787/3149 3447/780/3142
f 3445/788/3150 3468/789/3151 3457/790/3152
f 3447/791/3153 3458/792/3154 3459/793/3155
f 3453/794/3156 3466/795/3157 3454/796/3158
f 3450/797/3159 3463/798/3160 3451/799/3161
f 3448/800/3162 3459/793/3155 3460/801/3163
f 3455/802/3164 3466/795/3157 3467/803/3165
f 3451/804/3161 3464/805/3166 3452/806/3167
f 3448/807/3162 3461/808/3168 3449/809/3169
f 3456/810/3170 3467/803/3165 3468/811/3151
f 3446/812/3171 3457/790/3152 3458/792/3154
f 3452/806/3167 3465/813/3172 3453/794/3156
f 3449/809/3169 3462/814/3173 3450/797/3159
f 3389/771/3133 3450/815/3174 3390/816/3174
f 3444/817/3175 3467/818/3176 3443/768/3131
f 3437/763/3177 3460/819/3178 3436/765/3128
f 3390/816/3174 3451/820/3179 3391/821/3179
f 3444/817/3175 3457/781/3143 3468/822/3180
f 3437/763/3177 3462/823/3181 3461/824/3177
f 3391/821/3179 3452/825/3182 3392/826/3182
f 3438/827/3183 3463/828/3184 3462/823/3181
f 3392/826/3182 3453/829/3185 3393/830/3186
f 3385/707/3078 3446/787/3149 3386/831/3149
f 3439/832/3184 3464/785/3147 3463/828/3184
f 3394/833/3145 3453/829/3185 3454/783/3145
f 3470/834/3187 3472/835/3188 3469/836/3189
f 3471/837/3190 3474/838/3191 3472/835/3188
f 3473/839/3192 3476/840/3193 3474/841/3191
f 3475/842/3194 3478/843/3195 3476/840/3193
f 3477/844/3196 3480/845/3197 3478/843/3195
f 3479/846/3198 3482/847/3199 3480/845/3197
f 3483/848/3200 3482/849/3199 3481/850/3201
f 3485/851/3202 3484/852/3203 3483/848/3200
f 3487/853/3204 3486/854/3205 3485/851/3202
f 3489/855/3206 3488/856/3207 3487/857/3204
f 3491/858/3208 3490/859/3209 3489/855/3206
f 3470/834/3187 3492/860/3210 3491/858/3208
f 3469/836/3189 3408/861/3211 3492/860/3210
f 3469/836/3189 3398/862/3212 3397/863/3213
f 3472/835/3188 3399/864/3214 3398/862/3212
f 3474/841/3191 3400/865/3215 3399/866/3214
f 3476/840/3193 3401/867/3216 3400/865/3215
f 3478/843/3195 3402/868/3217 3401/867/3216
f 3480/845/3197 3403/869/3218 3402/868/3217
f 3484/852/3203 3403/870/3218 3482/849/3199
f 3486/854/3205 3404/871/3219 3484/852/3203
f 3488/872/3207 3405/873/3220 3486/854/3205
f 3490/859/3209 3406/874/3221 3488/856/3207
f 3492/860/3210 3407/875/3222 3490/859/3209
f 3494/876/3223 3496/877/3224 3493/878/3225
f 3495/879/3226 3498/880/3227 3496/881/3224
f 3497/882/3228 3500/883/3229 3498/880/3227
f 3499/884/3230 3502/885/3231 3500/883/3229
f 3501/886/3232 3504/887/3233 3502/888/3231
f 3503/889/3234 3506/890/3235 3504/891/3233
f 3505/892/3236 3508/893/3237 3506/890/3235
f 3507/894/3238 3510/895/3239 3508/893/3237
f 3509/896/3240 3512/897/3241 3510/898/3239
f 3511/899/3242 3514/900/3243 3512/897/3241
f 3513/901/3244 3516/902/3245 3514/903/3243
f 3515/904/3246 3493/878/3225 3516/902/3245
f 3516/902/3245 3470/834/3187 3491/858/3208
f 3493/878/3225 3471/837/3190 3470/834/3187
f 3496/881/3224 3473/905/3192 3471/906/3190
f 3498/907/3227 3475/842/3194 3473/839/3192
f 3500/908/3229 3477/844/3196 3475/842/3194
f 3502/888/3231 3479/846/3198 3477/844/3196
f 3504/891/3233 3481/850/3201 3479/909/3198
f 3506/890/3235 3483/848/3200 3481/850/3201
f 3510/895/3239 3483/848/3200 3508/893/3237
f 3512/910/3241 3485/851/3202 3510/895/3239
f 3514/903/3243 3487/857/3204 3512/911/3241
f 3516/902/3245 3489/855/3206 3514/903/3243
f 3518/912/3247 3520/913/3248 3517/914/3249
f 3519/915/3250 3522/916/3251 3520/913/3248
f 3521/917/3252 3524/918/3253 3522/916/3251
f 3523/919/3254 3526/920/3255 3524/918/3253
f 3525/921/3256 3528/922/3257 3526/923/3255
f 3527/924/3258 3530/925/3259 3528/922/3257
f 3529/926/3260 3532/927/3261 3530/925/3259
f 3531/928/3262 3534/929/3263 3532/930/3261
f 3533/931/3264 3536/932/3265 3534/929/3263
f 3535/933/3266 3538/934/3267 3536/935/3265
f 3537/936/3268 3540/937/3269 3538/934/3267
f 3539/938/3270 3517/939/3249 3540/937/3269
f 3540/937/3269 3494/876/3223 3515/904/3246
f 3517/914/3249 3495/879/3226 3494/940/3223
f 3520/913/3248 3497/882/3228 3495/879/3226
f 3522/916/3251 3499/884/3230 3497/882/3228
f 3524/918/3253 3501/941/3232 3499/884/3230
f 3526/923/3255 3503/889/3234 3501/942/3232
f 3528/922/3257 3505/892/3236 3503/889/3234
f 3530/925/3259 3507/894/3238 3505/892/3236
f 3532/930/3261 3509/896/3240 3507/943/3238
f 3534/929/3263 3511/899/3242 3509/896/3240
f 3536/932/3265 3513/944/3244 3511/899/3242
f 3540/937/3269 3513/901/3244 3538/934/3267
f 3542/945/3271 3544/946/3272 3541/947/3273
f 3543/948/3274 3546/949/3275 3544/946/3272
f 3545/950/3276 3548/951/3277 3546/949/3275
f 3547/952/3278 3550/953/3279 3548/954/3277
f 3549/955/3280 3552/956/3281 3550/953/3279
f 3551/957/3282 3554/958/3283 3552/956/3281
f 3553/959/3284 3556/960/3285 3554/958/3283
f 3555/961/3286 3558/962/3287 3556/963/3285
f 3557/964/3288 3560/965/3289 3558/962/3287
f 3559/966/3290 3562/967/3291 3560/965/3289
f 3561/968/3292 3564/969/3293 3562/967/3291
f 3563/970/3294 3541/947/3273 3564/971/3293
f 3396/972/3295 3542/945/3271 3563/970/3294
f 3564/971/3293 3518/973/3247 3539/974/3270
f 3385/975/3296 3543/948/3274 3542/945/3271
f 3541/947/3273 3519/976/3250 3518/973/3247
f 3387/977/3297 3543/948/3274 3386/978/3298
f 3544/946/3272 3521/979/3252 3519/976/3250
f 3388/980/3299 3545/950/3276 3387/977/3297
f 3546/949/3275 3523/981/3254 3521/979/3252
f 3389/982/3300 3547/952/3278 3388/983/3299
f 3548/954/3277 3525/921/3256 3523/984/3254
f 3390/985/3301 3549/955/3280 3389/982/3300
f 3550/953/3279 3527/924/3258 3525/921/3256
f 3391/986/3302 3551/957/3282 3390/985/3301
f 3552/956/3281 3529/926/3260 3527/924/3258
f 3392/987/3303 3553/988/3284 3391/989/3302
f 3554/958/3283 3531/990/3262 3529/926/3260
f 3392/987/3303 3557/964/3288 3555/961/3286
f 3556/991/3285 3533/931/3264 3531/928/3262
f 3393/992/3304 3559/966/3290 3557/964/3288
f 3558/962/3287 3535/933/3266 3533/993/3264
f 3394/994/3305 3561/968/3292 3559/966/3290
f 3560/965/3289 3537/936/3268 3535/933/3266
f 3395/995/3306 3563/996/3294 3561/968/3292
f 3562/967/3291 3539/938/3270 3537/936/3268
f 3625/706/3307 3576/705/3308 3565/707/3309
f 3586/708/3310 3599/709/3311 3587/729/3312
f 3579/711/3313 3592/712/3314 3580/730/3314
f 3594/715/3315 3583/714/3316 3582/716/3315
f 3585/717/3317 3598/710/3318 3586/708/3310
f 3578/719/3319 3591/713/3320 3579/711/3313
f 3600/722/3321 3577/721/3322 3588/723/3323
f 3593/724/3324 3582/716/3315 3581/725/3324
f 3584/726/3325 3597/718/3326 3585/717/3317
f 3589/728/3322 3578/719/3319 3577/721/3322
f 3599/709/3311 3588/723/3323 3587/729/3312
f 3580/730/3314 3593/724/3324 3581/725/3324
f 3595/731/3327 3584/726/3325 3583/714/3316
f 3593/732/3328 3606/733/3329 3594/748/3330
f 3610/997/3331 3606/998/3332 3602/999/3333
f 3600/738/3334 3601/739/3335 3589/760/3336
f 3590/741/3337 3603/742/3338 3591/1000/3339
f 3609/745/3340 3598/744/3341 3597/746/3342
f 3606/733/3329 3595/747/3343 3594/748/3330
f 3591/749/3339 3604/750/3344 3592/758/3345
f 3610/753/3346 3599/752/3347 3598/754/3341
f 3607/756/3348 3596/755/3349 3595/757/3343
f 3592/758/3345 3605/734/3350 3593/732/3328
f 3611/759/3351 3600/738/3334 3599/752/3347
f 3589/760/3336 3602/743/3352 3590/741/3337
f 3608/761/3353 3597/746/3342 3596/755/3349
f 3615/767/3354 3619/832/3355 3623/768/3356
f 3639/766/3357 3616/765/3358 3615/767/3359
f 3646/769/3360 3623/768/3361 3622/770/3360
f 3569/771/3362 3628/772/3363 3568/779/3364
f 3576/705/3308 3635/774/3365 3575/782/3366
f 3638/776/3367 3615/767/3359 3614/777/3367
f 3645/778/3368 3622/770/3360 3621/762/3369
f 3568/779/3364 3627/780/3370 3567/786/3371
f 3613/764/3372 3638/776/3367 3614/777/3367
f 3575/782/3366 3634/783/3373 3574/833/3373
f 3620/784/3374 3645/778/3368 3621/762/3369
f 3567/786/3371 3626/787/3375 3566/831/3375
f 3625/788/3376 3648/789/3377 3636/1001/3378
f 3627/791/3379 3638/792/3380 3626/812/3381
f 3646/795/3382 3633/794/3383 3634/796/3384
f 3643/798/3385 3630/797/3386 3631/799/3387
f 3628/800/3388 3639/793/3389 3627/791/3379
f 3635/802/3390 3646/795/3382 3634/796/3384
f 3644/805/3391 3631/804/3387 3632/806/3392
f 3641/808/3393 3628/807/3388 3629/809/3394
f 3636/810/3378 3647/803/3395 3635/802/3390
f 3626/812/3381 3637/790/3396 3625/788/3376
f 3645/813/3397 3632/806/3392 3633/794/3383
f 3642/814/3398 3629/809/3394 3630/797/3386
f 3630/815/3399 3569/771/3362 3570/816/3399
f 3647/818/3400 3624/817/3401 3623/768/3361
f 3640/819/3402 3617/763/3403 3616/765/3358
f 3631/820/3404 3570/816/3399 3571/821/3404
f 3624/817/3401 3637/781/3372 3613/764/3372
f 3617/763/3403 3642/823/3405 3618/827/3406
f 3632/825/3407 3571/821/3404 3572/826/3407
f 3618/827/3406 3643/828/3408 3619/832/3408
f 3633/829/3409 3572/826/3407 3573/830/3410
f 3626/787/3375 3565/707/3309 3566/831/3375
f 3619/832/3408 3644/785/3411 3620/784/3374
f 3574/833/3373 3633/829/3409 3573/830/3410
f 3650/834/3412 3652/835/3413 3651/837/3414
f 3651/837/3414 3654/838/3415 3653/1002/3416
f 3653/839/3416 3656/840/3417 3655/842/3418
f 3655/842/3418 3658/843/3419 3657/844/3420
f 3657/844/3420 3660/845/3421 3659/846/3422
f 3659/846/3422 3662/847/3423 3661/1003/3424
f 3662/849/3423 3663/848/3425 3661/850/3424
f 3664/852/3426 3665/851/3427 3663/848/3425
f 3666/854/3428 3667/853/3429 3665/851/3427
f 3668/856/3430 3669/855/3431 3667/857/3429
f 3670/859/3432 3671/858/3433 3669/855/3431
f 3672/860/3434 3650/834/3412 3671/858/3433
f 3588/861/3435 3649/836/3436 3672/860/3434
f 3649/836/3436 3578/862/3437 3652/835/3413
f 3652/835/3413 3579/864/3438 3654/838/3415
f 3654/841/3415 3580/865/3439 3656/840/3417
f 3656/840/3417 3581/867/3440 3658/843/3419
f 3658/843/3419 3582/868/3441 3660/845/3421
f 3660/845/3421 3583/869/3442 3662/847/3423
f 3583/870/3442 3664/852/3426 3662/849/3423
f 3584/871/3443 3666/854/3428 3664/852/3426
f 3585/873/3444 3668/872/3430 3666/854/3428
f 3586/874/3445 3670/859/3432 3668/856/3430
f 3587/875/3446 3672/860/3434 3670/859/3432
f 3674/876/3447 3676/877/3448 3675/1004/3449
f 3675/879/3449 3678/880/3450 3677/882/3451
f 3677/882/3451 3680/883/3452 3679/884/3453
f 3679/884/3453 3682/885/3454 3681/941/3455
f 3681/886/3455 3684/887/3456 3683/1005/3457
f 3683/889/3457 3686/890/3458 3685/892/3459
f 3685/892/3459 3688/893/3460 3687/894/3461
f 3687/894/3461 3690/895/3462 3689/1006/3463
f 3689/896/3463 3692/897/3464 3691/899/3465
f 3691/899/3465 3694/900/3466 3693/944/3467
f 3693/901/3467 3696/902/3468 3695/904/3469
f 3695/904/3469 3673/878/3470 3674/876/3447
f 3696/902/3468 3650/834/3412 3673/878/3470
f 3673/878/3470 3651/837/3414 3676/877/3448
f 3676/881/3448 3653/905/3416 3678/880/3450
f 3678/907/3450 3655/842/3418 3680/908/3452
f 3680/908/3452 3657/844/3420 3682/888/3454
f 3682/888/3454 3659/846/3422 3684/887/3456
f 3684/891/3456 3661/850/3424 3686/890/3458
f 3686/890/3458 3663/848/3425 3688/893/3460
f 3663/848/3425 3690/895/3462 3688/893/3460
f 3665/851/3427 3692/910/3464 3690/895/3462
f 3667/857/3429 3694/903/3466 3692/911/3464
f 3669/855/3431 3696/902/3468 3694/903/3466
f 3698/912/3471 3700/913/3472 3699/915/3473
f 3699/915/3473 3702/916/3474 3701/917/3475
f 3701/917/3475 3704/918/3476 3703/919/3477
f 3703/919/3477 3706/920/3478 3705/1007/3479
f 3705/921/3479 3708/922/3480 3707/924/3481
f 3707/924/3481 3710/925/3482 3709/926/3483
f 3709/926/3483 3712/927/3484 3711/990/3485
f 3711/928/3485 3714/929/3486 3713/931/3487
f 3713/931/3487 3716/932/3488 3715/1008/3489
f 3715/933/3489 3718/934/3490 3717/936/3491
f 3717/936/3491 3720/937/3492 3719/938/3493
f 3719/938/3493 3697/939/3494 3698/1009/3471
f 3720/937/3492 3674/876/3447 3697/939/3494
f 3697/914/3494 3675/879/3449 3700/913/3472
f 3700/913/3472 3677/882/3451 3702/916/3474
f 3702/916/3474 3679/884/3453 3704/918/3476
f 3704/918/3476 3681/941/3455 3706/920/3478
f 3706/923/3478 3683/889/3457 3708/922/3480
f 3708/922/3480 3685/892/3459 3710/925/3482
f 3710/925/3482 3687/894/3461 3712/927/3484
f 3712/930/3484 3689/896/3463 3714/929/3486
f 3714/929/3486 3691/899/3465 3716/932/3488
f 3716/932/3488 3693/944/3467 3718/1010/3490
f 3693/901/3467 3720/937/3492 3718/934/3490
f 3722/945/3495 3724/946/3496 3723/948/3497
f 3723/948/3497 3726/949/3498 3725/950/3499
f 3725/950/3499 3728/951/3500 3727/1011/3501
f 3727/952/3501 3730/953/3502 3729/955/3503
f 3729/955/3503 3732/956/3504 3731/957/3505
f 3731/957/3505 3734/958/3506 3733/959/3507
f 3733/959/3507 3736/960/3508 3735/1012/3509
f 3735/961/3509 3738/962/3510 3737/964/3511
f 3737/964/3511 3740/965/3512 3739/966/3513
f 3739/966/3513 3742/967/3514 3741/968/3515
f 3741/968/3515 3744/969/3516 3743/996/3517
f 3743/970/3517 3721/947/3518 3722/945/3495
f 3576/972/3519 3722/945/3495 3565/975/3520
f 3744/971/3516 3698/973/3471 3721/947/3518
f 3565/975/3520 3723/948/3497 3566/978/3521
f 3721/947/3518 3699/976/3473 3724/946/3496
f 3723/948/3497 3567/977/3522 3566/978/3521
f 3724/946/3496 3701/979/3475 3726/949/3498
f 3725/950/3499 3568/980/3523 3567/977/3522
f 3726/949/3498 3703/981/3477 3728/951/3500
f 3727/952/3501 3569/982/3524 3568/983/3523
f 3728/954/3500 3705/921/3479 3730/953/3502
f 3729/955/3503 3570/985/3525 3569/982/3524
f 3730/953/3502 3707/924/3481 3732/956/3504
f 3731/957/3505 3571/986/3526 3570/985/3525
f 3732/956/3504 3709/926/3483 3734/958/3506
f 3733/988/3507 3572/987/3527 3571/989/3526
f 3734/958/3506 3711/990/3485 3736/960/3508
f 3572/987/3527 3737/964/3511 3573/992/3528
f 3736/991/3508 3713/931/3487 3738/1013/3510
f 3573/992/3528 3739/966/3513 3574/994/3529
f 3738/962/3510 3715/933/3489 3740/965/3512
f 3574/994/3529 3741/968/3515 3575/995/3530
f 3740/965/3512 3717/936/3491 3742/967/3514
f 3575/995/3530 3743/996/3517 3576/1014/3519
f 3742/967/3514 3719/938/3493 3744/969/3516
f 2316/705/1715 2376/775/1774 2365/706/1716
f 2326/708/1718 2327/729/1719 2339/709/1719
f 2319/711/1721 2320/730/1722 2332/712/1722
f 2323/714/1724 2335/731/1735 2334/715/1725
f 2325/717/1726 2326/708/1718 2338/710/1720
f 2318/719/1728 2319/711/1721 2331/713/1723
f 2317/721/1729 2329/728/1729 2340/722/1730
f 2322/716/1725 2334/715/1725 2333/724/1732
f 2324/726/1733 2325/717/1726 2337/718/1727
f 2318/719/1728 2330/720/1728 2329/728/1729
f 2328/723/1731 2340/722/1730 2339/709/1719
f 2320/730/1722 2321/725/1732 2333/724/1732
f 2324/726/1733 2336/727/1734 2335/731/1735
f 2333/732/1736 2334/748/1752 2346/733/1737
f 2352/737/1741 2341/1015/3531 2342/999/3532
f 2342/999/3532 2343/1016/3533 2344/735/1739
f 2344/735/1739 2345/1017/3534 2346/998/3535
f 2346/998/3535 2347/1018/3536 2348/736/1740
f 2348/736/1740 2349/1019/3537 2350/997/3538
f 2350/997/3538 2351/1020/3539 2352/737/1741
f 2352/737/1741 2342/999/3532 2344/735/1739
f 2344/735/1739 2346/998/3535 2348/736/1740
f 2348/736/1740 2350/997/3538 2352/737/1741
f 2340/738/1742 2329/760/1761 2341/739/1743
f 2330/741/1745 2331/1000/1753 2343/742/1746
f 2338/744/1748 2350/1021/1756 2349/745/1749
f 2335/747/1751 2347/1022/1758 2346/733/1737
f 2331/749/1753 2332/758/1759 2344/750/1754
f 2339/752/1755 2351/759/1760 2350/753/1756
f 2336/755/1757 2348/761/1762 2347/756/1758
f 2332/758/1759 2333/732/1736 2345/734/1738
f 2340/738/1742 2352/740/1744 2351/759/1760
f 2329/760/1761 2330/741/1745 2342/743/1747
f 2337/746/1750 2349/745/1749 2348/761/1762
f 2353/764/1765 2364/817/3540 2363/768/3541
f 2363/768/3541 2362/770/3542 2361/762/1763
f 2361/762/1763 2360/784/3543 2359/832/3544
f 2359/832/3544 2358/827/3545 2357/763/1764
f 2357/763/1764 2356/765/3546 2355/767/3547
f 2355/767/3547 2354/777/3548 2353/764/1765
f 2353/764/1765 2363/768/3541 2361/762/1763
f 2361/762/1763 2359/832/3544 2357/763/1764
f 2357/763/1764 2355/767/3547 2353/764/1765
f 2356/765/1766 2380/819/1815 2379/766/1767
f 2363/768/1769 2387/818/1813 2386/769/1770
f 2309/771/1771 2308/779/1778 2368/772/1772
f 2316/705/1715 2315/782/1781 2375/774/1773
f 2355/767/1768 2379/766/1767 2378/776/1775
f 2362/770/1770 2386/769/1770 2385/778/1776
f 2308/779/1778 2307/786/1785 2367/780/1779
f 2353/764/1780 2354/777/1775 2378/776/1775
f 2315/782/1781 2314/833/1782 2374/783/1782
f 2360/784/1783 2361/762/1777 2385/778/1776
f 2307/786/1785 2306/831/1786 2366/787/1786
f 2365/788/1787 2376/1001/1807 2388/789/1788
f 2367/791/1790 2366/812/1808 2378/792/1791
f 2373/794/1793 2385/813/1809 2386/795/1794
f 2370/797/1796 2382/814/1810 2383/798/1797
f 2368/800/1799 2367/791/1790 2379/793/1792
f 2375/802/1801 2374/796/1795 2386/795/1794
f 2371/804/1798 2383/1023/1797 2384/805/1803
f 2368/807/1799 2380/1024/1800 2381/808/1805
f 2376/810/1807 2375/802/1801 2387/803/1802
f 2366/812/1808 2365/788/1787 2377/790/1789
f 2372/806/1804 2384/805/1803 2385/813/1809
f 2369/809/1806 2381/808/1805 2382/814/1810
f 2309/771/1771 2369/773/1771 2370/815/1811
f 2364/817/1812 2388/822/1817 2387/818/1813
f 2357/763/1814 2381/824/1814 2380/819/1815
f 2310/816/1811 2370/815/1811 2371/820/1816
f 2364/817/1812 2353/764/1780 2377/781/1780
f 2357/763/1814 2358/827/1820 2382/823/1818
f 2311/821/1816 2371/820/1816 2372/825/1819
f 2358/827/1820 2359/832/1821 2383/828/1821
f 2312/826/1819 2372/825/1819 2373/829/1822
f 2305/707/1717 2365/706/1716 2366/787/1786
f 2359/832/1821 2360/784/1783 2384/785/1784
f 2314/833/1782 2313/830/1823 2373/829/1822
f 2390/834/1824 2391/837/1827 2392/835/1825
f 2391/837/1827 2393/1002/1829 2394/838/1828
f 2393/839/1829 2395/842/1831 2396/840/1830
f 2395/842/1831 2397/844/1833 2398/843/1832
f 2397/844/1833 2399/846/1835 2400/845/1834
f 2399/846/1835 2401/1003/1838 2402/847/1836
f 2403/848/1837 2404/852/1840 2402/849/1836
f 2405/851/1839 2406/854/1842 2404/852/1840
f 2407/853/1841 2408/872/1844 2406/854/1842
f 2409/855/1843 2410/859/1846 2408/856/1844
f 2411/858/1845 2412/860/1847 2410/859/1846
f 2390/834/1824 2389/836/1826 2412/860/1847
f 2389/836/1826 2317/863/1850 2328/861/1848
f 2389/836/1826 2392/835/1825 2318/862/1849
f 2392/835/1825 2394/838/1828 2319/864/1851
f 2394/841/1828 2396/840/1830 2320/865/1852
f 2396/840/1830 2398/843/1832 2321/867/1853
f 2398/843/1832 2400/845/1834 2322/868/1854
f 2400/845/1834 2402/847/1836 2323/869/1855
f 2404/852/1840 2324/871/1856 2323/870/1855
f 2406/854/1842 2325/873/1857 2324/871/1856
f 2408/872/1844 2326/1025/1858 2325/873/1857
f 2410/859/1846 2327/875/1859 2326/874/1858
f 2412/860/1847 2328/861/1848 2327/875/1859
f 2414/876/1860 2415/1004/1863 2416/877/1861
f 2415/879/1863 2417/882/1865 2418/880/1864
f 2417/882/1865 2419/884/1867 2420/883/1866
f 2419/884/1867 2421/941/1869 2422/885/1868
f 2421/886/1869 2423/1005/1871 2424/887/1870
f 2423/889/1871 2425/892/1873 2426/890/1872
f 2425/892/1873 2427/894/1875 2428/893/1874
f 2427/894/1875 2429/1006/1877 2430/895/1876
f 2429/896/1877 2431/899/1879 2432/897/1878
f 2431/899/1879 2433/944/1881 2434/900/1880
f 2433/901/1881 2435/904/1883 2436/902/1882
f 2435/904/1883 2414/876/1860 2413/878/1862
f 2436/902/1882 2413/878/1862 2390/834/1824
f 2413/878/1862 2416/877/1861 2391/837/1827
f 2416/881/1861 2418/880/1864 2393/905/1829
f 2418/907/1864 2420/908/1866 2395/842/1831
f 2420/908/1866 2422/888/1868 2397/844/1833
f 2422/888/1868 2424/887/1870 2399/846/1835
f 2424/891/1870 2426/890/1872 2401/850/1838
f 2426/890/1872 2428/893/1874 2403/848/1837
f 2430/895/1876 2405/851/1839 2403/848/1837
f 2432/910/1878 2407/853/1841 2405/851/1839
f 2434/903/1880 2409/855/1843 2407/857/1841
f 2436/902/1882 2411/858/1845 2409/855/1843
f 2438/912/1884 2439/915/1887 2440/913/1885
f 2439/915/1887 2441/917/1889 2442/916/1888
f 2441/917/1889 2443/919/1891 2444/918/1890
f 2443/919/1891 2445/1007/1893 2446/920/1892
f 2445/921/1893 2447/924/1895 2448/922/1894
f 2447/924/1895 2449/926/1897 2450/925/1896
f 2449/926/1897 2451/990/1899 2452/927/1898
f 2451/928/1899 2453/931/1901 2454/929/1900
f 2453/931/1901 2455/1008/1903 2456/932/1902
f 2455/933/1903 2457/936/1905 2458/934/1904
f 2457/936/1905 2459/938/1907 2460/937/1906
f 2459/938/1907 2438/1009/1884 2437/939/1886
f 2460/937/1906 2437/939/1886 2414/876/1860
f 2437/914/1886 2440/913/1885 2415/879/1863
f 2440/913/1885 2442/916/1888 2417/882/1865
f 2442/916/1888 2444/918/1890 2419/884/1867
f 2444/918/1890 2446/920/1892 2421/941/1869
f 2446/923/1892 2448/922/1894 2423/889/1871
f 2448/922/1894 2450/925/1896 2425/892/1873
f 2450/925/1896 2452/927/1898 2427/894/1875
f 2452/930/1898 2454/929/1900 2429/896/1877
f 2454/929/1900 2456/932/1902 2431/899/1879
f 2456/932/1902 2458/1010/1904 2433/944/1881
f 2460/937/1906 2435/904/1883 2433/901/1881
f 2462/945/1908 2463/948/1911 2464/946/1909
f 2463/948/1911 2465/950/1913 2466/949/1912
f 2465/950/1913 2467/1011/1915 2468/951/1914
f 2467/952/1915 2469/955/1917 2470/953/1916
f 2469/955/1917 2471/957/1919 2472/956/1918
f 2471/957/1919 2473/959/1921 2474/958/1920
f 2473/959/1921 2475/1012/1923 2476/960/1922
f 2475/961/1923 2477/964/1925 2478/962/1924
f 2477/964/1925 2479/966/1927 2480/965/1926
f 2479/966/1927 2481/968/1929 2482/967/1928
f 2481/968/1929 2483/996/1931 2484/969/1930
f 2483/970/1931 2462/945/1908 2461/947/1910
f 2316/972/1932 2305/975/1933 2462/945/1908
f 2484/971/1930 2461/947/1910 2438/973/1884
f 2305/975/1933 2306/978/1935 2463/948/1911
f 2461/947/1910 2464/946/1909 2439/976/1887
f 2307/977/1934 2465/950/1913 2463/948/1911
f 2464/946/1909 2466/949/1912 2441/979/1889
f 2308/980/1936 2467/1011/1915 2465/950/1913
f 2466/949/1912 2468/951/1914 2443/981/1891
f 2309/982/1937 2469/955/1917 2467/952/1915
f 2468/954/1914 2470/953/1916 2445/921/1893
f 2310/985/1938 2471/957/1919 2469/955/1917
f 2470/953/1916 2472/956/1918 2447/924/1895
f 2311/986/1939 2473/959/1921 2471/957/1919
f 2472/956/1918 2474/958/1920 2449/926/1897
f 2312/987/1940 2475/961/1923 2473/988/1921
f 2474/958/1920 2476/960/1922 2451/990/1899
f 2312/987/1940 2313/992/1941 2477/964/1925
f 2476/991/1922 2478/1013/1924 2453/931/1901
f 2313/992/1941 2314/994/1942 2479/966/1927
f 2478/962/1924 2480/965/1926 2455/933/1903
f 2314/994/1942 2315/995/1943 2481/968/1929
f 2480/965/1926 2482/967/1928 2457/936/1905
f 2315/995/1943 2316/1014/1932 2483/996/1931
f 2482/967/1928 2484/969/1930 2459/938/1907
f 2545/706/1944 2556/775/3549 2496/705/1945
f 2506/708/1947 2518/710/1954 2519/709/1948
f 2499/711/1949 2511/713/1956 2512/712/1950
f 2514/715/1951 2515/731/1964 2503/714/1952
f 2505/717/1953 2517/718/1962 2518/710/1954
f 2498/719/1955 2510/720/1955 2511/713/1956
f 2520/722/1957 2509/728/1963 2497/721/1958
f 2513/724/1960 2514/715/1951 2502/716/1951
f 2504/726/1961 2516/727/3550 2517/718/1962
f 2509/728/1963 2510/720/1955 2498/719/1955
f 2519/709/1948 2520/722/1957 2508/723/1959
f 2500/730/1950 2512/712/1950 2513/724/1960
f 2515/731/1964 2516/727/3550 2504/726/1961
f 2513/732/1965 2525/734/1987 2526/733/1966
f 2522/999/1970 2521/1015/3551 2532/737/3552
f 2532/737/3552 2531/1020/3553 2530/997/1968
f 2530/997/1968 2529/1019/3554 2528/736/3555
f 2528/736/3555 2527/1018/3555 2526/998/1969
f 2526/998/1969 2525/1017/3556 2524/735/3557
f 2524/735/3557 2523/1016/3558 2522/999/1970
f 2522/999/1970 2532/737/3552 2530/997/1968
f 2530/997/1968 2528/736/3555 2526/998/1969
f 2526/998/1969 2524/735/3557 2522/999/1970
f 2520/738/1971 2532/740/3559 2521/739/1972
f 2510/741/1974 2522/743/1989 2523/742/1975
f 2529/745/1977 2530/1021/1983 2518/744/1978
f 2526/733/1966 2527/1022/1985 2515/747/1980
f 2511/749/1976 2523/751/1975 2524/750/1981
f 2530/753/1983 2531/759/1988 2519/752/1984
f 2527/756/1985 2528/761/1990 2516/755/1986
f 2512/758/1982 2524/750/1981 2525/734/1987
f 2531/759/1988 2532/740/3559 2520/738/1971
f 2509/760/1973 2521/739/1972 2522/743/1989
f 2528/761/1990 2529/745/1977 2517/746/1979
f 2543/768/1993 2544/817/3560 2533/764/3561
f 2533/764/3561 2534/777/3562 2535/767/1991
f 2535/767/1991 2536/765/3563 2537/763/3564
f 2537/763/3564 2538/827/3564 2539/832/1992
f 2539/832/1992 2540/784/3565 2541/762/3566
f 2541/762/3566 2542/770/3567 2543/768/1993
f 2543/768/1993 2533/764/3561 2535/767/1991
f 2535/767/1991 2537/763/3564 2539/832/1992
f 2539/832/1992 2541/762/3566 2543/768/1993
f 2559/766/1994 2560/819/2039 2536/765/1995
f 2566/769/1997 2567/818/2037 2543/768/1998
f 2489/771/1999 2549/773/1999 2548/772/2000
f 2496/705/1945 2556/775/3549 2555/774/2002
f 2558/776/2004 2559/766/1994 2535/767/1996
f 2565/778/2005 2566/769/1997 2542/770/1997
f 2488/779/2001 2548/772/2000 2547/780/2007
f 2533/764/2009 2557/781/2009 2558/776/2004
f 2495/782/2003 2555/774/2002 2554/783/2010
f 2540/784/2011 2564/785/2048 2565/778/2005
f 2487/786/2008 2547/780/2007 2546/787/2012
f 2545/788/2013 2557/790/2033 2568/789/2014
f 2547/791/2016 2559/793/2026 2558/792/2017
f 2566/795/2019 2565/813/2034 2553/794/2020
f 2563/798/2022 2562/814/2035 2550/797/2023
f 2548/800/2025 2560/801/3568 2559/793/2026
f 2555/802/2027 2567/803/2032 2566/795/2019
f 2564/805/2028 2563/1023/2022 2551/804/2024
f 2561/808/2030 2560/1024/3568 2548/807/2025
f 2556/810/2015 2568/811/2014 2567/803/2032
f 2546/812/2018 2558/792/2017 2557/790/2033
f 2565/813/2034 2564/805/2028 2552/806/2029
f 2562/814/2035 2561/808/2030 2549/809/2031
f 2550/815/2036 2549/773/1999 2489/771/1999
f 2567/818/2037 2568/822/3569 2544/817/2038
f 2560/819/2039 2561/824/2040 2537/763/2040
f 2551/820/2041 2550/815/2036 2490/816/2036
f 2544/817/2038 2568/822/3569 2557/781/2009
f 2537/763/2040 2561/824/2040 2562/823/2042
f 2552/825/2044 2551/820/2041 2491/821/2041
f 2538/827/2043 2562/823/2042 2563/828/2045
f 2553/829/2046 2552/825/2044 2492/826/2044
f 2546/787/2012 2545/706/1944 2485/707/1946
f 2539/832/2045 2563/828/2045 2564/785/2048
f 2494/833/2010 2554/783/2010 2553/829/2046
f 2570/834/2049 2569/836/2073 2572/835/2050
f 2571/837/2051 2572/835/2050 2574/838/2052
f 2573/839/2053 2574/841/2052 2576/840/2054
f 2575/842/2055 2576/840/2054 2578/843/2056
f 2577/844/2057 2578/843/2056 2580/845/2058
f 2579/846/2059 2580/845/2058 2582/847/2060
f 2582/849/2060 2584/852/2063 2583/848/2062
f 2584/852/2063 2586/854/2065 2585/851/2064
f 2586/854/2065 2588/872/2067 2587/853/2066
f 2588/856/2067 2590/859/2069 2589/855/2068
f 2590/859/2069 2592/860/2071 2591/858/2070
f 2592/860/2071 2569/836/2073 2570/834/2049
f 2508/861/2072 2497/863/3570 2569/836/2073
f 2569/836/2073 2497/863/3570 2498/862/2074
f 2572/835/2050 2498/862/2074 2499/864/2075
f 2574/841/2052 2499/866/2075 2500/865/2076
f 2576/840/2054 2500/865/2076 2501/867/2077
f 2578/843/2056 2501/867/2077 2502/868/2078
f 2580/845/2058 2502/868/2078 2503/869/2079
f 2503/870/2079 2504/871/2080 2584/852/2063
f 2504/871/2080 2505/873/2081 2586/854/2065
f 2505/873/2081 2506/1025/2082 2588/872/2067
f 2506/874/2082 2507/875/2083 2590/859/2069
f 2507/875/2083 2508/861/2072 2592/860/2071
f 2594/876/2084 2593/878/2107 2596/877/2085
f 2595/879/2086 2596/881/2085 2598/880/2087
f 2597/882/2088 2598/880/2087 2600/883/2089
f 2599/884/2090 2600/883/2089 2602/885/2091
f 2601/886/2092 2602/888/2091 2604/887/2093
f 2603/889/2094 2604/891/2093 2606/890/2095
f 2605/892/2096 2606/890/2095 2608/893/2097
f 2607/894/2098 2608/893/2097 2610/895/2099
f 2609/896/2100 2610/898/2099 2612/897/2101
f 2611/899/2102 2612/897/2101 2614/900/2103
f 2613/901/2104 2614/903/2103 2616/902/2105
f 2615/904/2106 2616/902/2105 2593/878/2107
f 2616/902/2105 2591/858/2070 2570/834/2049
f 2593/878/2107 2570/834/2049 2571/837/2051
f 2596/881/2085 2571/906/2051 2573/905/2053
f 2598/907/2087 2573/839/2053 2575/842/2055
f 2600/908/2089 2575/842/2055 2577/844/2057
f 2602/888/2091 2577/844/2057 2579/846/2059
f 2604/891/2093 2579/909/2059 2581/850/2061
f 2606/890/2095 2581/850/2061 2583/848/2062
f 2583/848/2062 2585/851/2064 2610/895/2099
f 2585/851/2064 2587/853/2066 2612/910/2101
f 2587/857/2066 2589/855/2068 2614/903/2103
f 2589/855/2068 2591/858/2070 2616/902/2105
f 2618/912/2108 2617/914/2131 2620/913/2109
f 2619/915/2110 2620/913/2109 2622/916/2111
f 2621/917/2112 2622/916/2111 2624/918/2113
f 2623/919/2114 2624/918/2113 2626/920/2115
f 2625/921/2116 2626/923/2115 2628/922/2117
f 2627/924/2118 2628/922/2117 2630/925/2119
f 2629/926/2120 2630/925/2119 2632/927/2121
f 2631/928/2122 2632/930/2121 2634/929/2123
f 2633/931/2124 2634/929/2123 2636/932/2125
f 2635/933/2126 2636/935/2125 2638/934/2127
f 2637/936/2128 2638/934/2127 2640/937/2129
f 2639/938/2130 2640/937/2129 2617/939/2131
f 2640/937/2129 2615/904/2106 2594/876/2084
f 2617/914/2131 2594/940/2084 2595/879/2086
f 2620/913/2109 2595/879/2086 2597/882/2088
f 2622/916/2111 2597/882/2088 2599/884/2090
f 2624/918/2113 2599/884/2090 2601/941/2092
f 2626/923/2115 2601/942/2092 2603/889/2094
f 2628/922/2117 2603/889/2094 2605/892/2096
f 2630/925/2119 2605/892/2096 2607/894/2098
f 2632/930/2121 2607/943/2098 2609/896/2100
f 2634/929/2123 2609/896/2100 2611/899/2102
f 2636/932/2125 2611/899/2102 2613/944/2104
f 2613/901/2104 2615/904/2106 2640/937/2129
f 2642/945/2132 2641/947/2155 2644/946/2133
f 2643/948/2134 2644/946/2133 2646/949/2135
f 2645/950/2136 2646/949/2135 2648/951/2137
f 2647/952/2138 2648/954/2137 2650/953/2139
f 2649/955/2140 2650/953/2139 2652/956/2141
f 2651/957/2142 2652/956/2141 2654/958/2143
f 2653/959/2144 2654/958/2143 2656/960/2145
f 2655/961/2146 2656/963/2145 2658/962/2147
f 2657/964/2148 2658/962/2147 2660/965/2149
f 2659/966/2150 2660/965/2149 2662/967/2151
f 2661/968/2152 2662/967/2151 2664/969/2153
f 2663/970/2154 2664/971/2153 2641/947/2155
f 2496/972/2156 2663/970/2154 2642/945/2132
f 2664/971/2153 2639/974/2130 2618/973/2108
f 2485/975/2157 2642/945/2132 2643/948/2134
f 2641/947/2155 2618/973/2108 2619/976/2110
f 2643/948/2134 2645/950/2136 2487/977/2159
f 2644/946/2133 2619/976/2110 2621/979/2112
f 2645/950/2136 2647/1011/2138 2488/980/2160
f 2646/949/2135 2621/979/2112 2623/981/2114
f 2647/952/2138 2649/955/2140 2489/982/2161
f 2648/954/2137 2623/984/2114 2625/921/2116
f 2649/955/2140 2651/957/2142 2490/985/2162
f 2650/953/2139 2625/921/2116 2627/924/2118
f 2651/957/2142 2653/959/2144 2491/986/2163
f 2652/956/2141 2627/924/2118 2629/926/2120
f 2653/988/2144 2655/961/2146 2492/987/2164
f 2654/958/2143 2629/926/2120 2631/990/2122
f 2492/987/2164 2655/961/2146 2657/964/2148
f 2656/991/2145 2631/928/2122 2633/931/2124
f 2493/992/2165 2657/964/2148 2659/966/2150
f 2658/962/2147 2633/993/2124 2635/933/2126
f 2494/994/2166 2659/966/2150 2661/968/2152
f 2660/965/2149 2635/933/2126 2637/936/2128
f 2495/995/2167 2661/968/2152 2663/996/2154
f 2662/967/2151 2637/936/2128 2639/938/2130
f 2725/706/2168 2736/775/3571 2676/705/2169
f 2686/708/2171 2698/710/2178 2699/709/2172
f 2679/711/2173 2691/713/2180 2692/712/2174
f 2694/715/2175 2695/731/2188 2683/714/2176
f 2685/717/2177 2697/718/2186 2698/710/2178
f 2678/719/2179 2690/720/2179 2691/713/2180
f 2700/722/2181 2689/728/2187 2677/721/2182
f 2693/724/2184 2694/715/2175 2682/716/2175
f 2684/726/2185 2696/727/3572 2697/718/2186
f 2689/728/2187 2690/720/2179 2678/719/2179
f 2699/709/2172 2700/722/2181 2688/723/2183
f 2680/730/2174 2692/712/2174 2693/724/2184
f 2695/731/2188 2696/727/3572 2684/726/2185
f 2693/732/2189 2705/734/2211 2706/733/2190
f 2702/999/2194 2701/1015/3573 2712/737/3574
f 2712/737/3574 2711/1020/3575 2710/997/2192
f 2710/997/2192 2709/1019/3576 2708/736/3577
f 2708/736/3577 2707/1018/3577 2706/998/2193
f 2706/998/2193 2705/1017/3578 2704/735/3579
f 2704/735/3579 2703/1016/3580 2702/999/2194
f 2702/999/2194 2712/737/3574 2710/997/2192
f 2710/997/2192 2708/736/3577 2706/998/2193
f 2706/998/2193 2704/735/3579 2702/999/2194
f 2700/738/2195 2712/740/3581 2701/739/2196
f 2690/741/2198 2702/743/2213 2703/742/2199
f 2709/745/2201 2710/1021/2207 2698/744/2202
f 2706/733/2190 2707/1022/2209 2695/747/2204
f 2691/749/2200 2703/751/2199 2704/750/2205
f 2710/753/2207 2711/759/2212 2699/752/2208
f 2707/756/2209 2708/761/2214 2696/755/2210
f 2692/758/2206 2704/750/2205 2705/734/2211
f 2711/759/2212 2712/740/3581 2700/738/2195
f 2689/760/2197 2701/739/2196 2702/743/2213
f 2708/761/2214 2709/745/2201 2697/746/2203
f 2723/768/2217 2724/817/3582 2713/764/3583
f 2713/764/3583 2714/777/3584 2715/767/2215
f 2715/767/2215 2716/765/3585 2717/763/3586
f 2717/763/3586 2718/827/3586 2719/832/2216
f 2719/832/2216 2720/784/3587 2721/762/3588
f 2721/762/3588 2722/770/3589 2723/768/2217
f 2723/768/2217 2713/764/3583 2715/767/2215
f 2715/767/2215 2717/763/3586 2719/832/2216
f 2719/832/2216 2721/762/3588 2723/768/2217
f 2739/766/2218 2740/819/2263 2716/765/2219
f 2746/769/2221 2747/818/2261 2723/768/2222
f 2669/771/2223 2729/773/2223 2728/772/2224
f 2676/705/2169 2736/775/3571 2735/774/2226
f 2738/776/2228 2739/766/2218 2715/767/2220
f 2745/778/2229 2746/769/2221 2722/770/2221
f 2668/779/2225 2728/772/2224 2727/780/2231
f 2713/764/2233 2737/781/2233 2738/776/2228
f 2675/782/2227 2735/774/2226 2734/783/2234
f 2720/784/2235 2744/785/2272 2745/778/2229
f 2667/786/2232 2727/780/2231 2726/787/2236
f 2725/788/2237 2737/790/2257 2748/789/2238
f 2727/791/2240 2739/793/2250 2738/792/2241
f 2746/795/2243 2745/813/2258 2733/794/2244
f 2743/798/2246 2742/814/2259 2730/797/2247
f 2728/800/2249 2740/801/3590 2739/793/2250
f 2735/802/2251 2747/803/2256 2746/795/2243
f 2744/805/2252 2743/1023/2246 2731/804/2248
f 2741/808/2254 2740/1024/3590 2728/807/2249
f 2736/810/2239 2748/811/2238 2747/803/2256
f 2726/812/2242 2738/792/2241 2737/790/2257
f 2745/813/2258 2744/805/2252 2732/806/2253
f 2742/814/2259 2741/808/2254 2729/809/2255
f 2730/815/2260 2729/773/2223 2669/771/2223
f 2747/818/2261 2748/822/3591 2724/817/2262
f 2740/819/2263 2741/824/2264 2717/763/2264
f 2731/820/2265 2730/815/2260 2670/816/2260
f 2724/817/2262 2748/822/3591 2737/781/2233
f 2717/763/2264 2741/824/2264 2742/823/2266
f 2732/825/2268 2731/820/2265 2671/821/2265
f 2718/827/2267 2742/823/2266 2743/828/2269
f 2733/829/2270 2732/825/2268 2672/826/2268
f 2726/787/2236 2725/706/2168 2665/707/2170
f 2719/832/2269 2743/828/2269 2744/785/2272
f 2674/833/2234 2734/783/2234 2733/829/2270
f 2750/834/2273 2749/836/2297 2752/835/2274
f 2751/837/2275 2752/835/2274 2754/838/2276
f 2753/839/2277 2754/841/2276 2756/840/2278
f 2755/842/2279 2756/840/2278 2758/843/2280
f 2757/844/2281 2758/843/2280 2760/845/2282
f 2759/846/2283 2760/845/2282 2762/847/2284
f 2762/849/2284 2764/852/2287 2763/848/2286
f 2764/852/2287 2766/854/2289 2765/851/2288
f 2766/854/2289 2768/872/2291 2767/853/2290
f 2768/856/2291 2770/859/2293 2769/855/2292
f 2770/859/2293 2772/860/2295 2771/858/2294
f 2772/860/2295 2749/836/2297 2750/834/2273
f 2688/861/2296 2677/863/3592 2749/836/2297
f 2749/836/2297 2677/863/3592 2678/862/2298
f 2752/835/2274 2678/862/2298 2679/864/2299
f 2754/841/2276 2679/866/2299 2680/865/2300
f 2756/840/2278 2680/865/2300 2681/867/2301
f 2758/843/2280 2681/867/2301 2682/868/2302
f 2760/845/2282 2682/868/2302 2683/869/2303
f 2683/870/2303 2684/871/2304 2764/852/2287
f 2684/871/2304 2685/873/2305 2766/854/2289
f 2685/873/2305 2686/1025/2306 2768/872/2291
f 2686/874/2306 2687/875/2307 2770/859/2293
f 2687/875/2307 2688/861/2296 2772/860/2295
f 2774/876/2308 2773/878/2331 2776/877/2309
f 2775/879/2310 2776/881/2309 2778/880/2311
f 2777/882/2312 2778/880/2311 2780/883/2313
f 2779/884/2314 2780/883/2313 2782/885/2315
f 2781/886/2316 2782/888/2315 2784/887/2317
f 2783/889/2318 2784/891/2317 2786/890/2319
f 2785/892/2320 2786/890/2319 2788/893/2321
f 2787/894/2322 2788/893/2321 2790/895/2323
f 2789/896/2324 2790/898/2323 2792/897/2325
f 2791/899/2326 2792/897/2325 2794/900/2327
f 2793/901/2328 2794/903/2327 2796/902/2329
f 2795/904/2330 2796/902/2329 2773/878/2331
f 2796/902/2329 2771/858/2294 2750/834/2273
f 2773/878/2331 2750/834/2273 2751/837/2275
f 2776/881/2309 2751/906/2275 2753/905/2277
f 2778/907/2311 2753/839/2277 2755/842/2279
f 2780/908/2313 2755/842/2279 2757/844/2281
f 2782/888/2315 2757/844/2281 2759/846/2283
f 2784/891/2317 2759/909/2283 2761/850/2285
f 2786/890/2319 2761/850/2285 2763/848/2286
f 2763/848/2286 2765/851/2288 2790/895/2323
f 2765/851/2288 2767/853/2290 2792/910/2325
f 2767/857/2290 2769/855/2292 2794/903/2327
f 2769/855/2292 2771/858/2294 2796/902/2329
f 2798/912/2332 2797/914/2355 2800/913/2333
f 2799/915/2334 2800/913/2333 2802/916/2335
f 2801/917/2336 2802/916/2335 2804/918/2337
f 2803/919/2338 2804/918/2337 2806/920/2339
f 2805/921/2340 2806/923/2339 2808/922/2341
f 2807/924/2342 2808/922/2341 2810/925/2343
f 2809/926/2344 2810/925/2343 2812/927/2345
f 2811/928/2346 2812/930/2345 2814/929/2347
f 2813/931/2348 2814/929/2347 2816/932/2349
f 2815/933/2350 2816/935/2349 2818/934/2351
f 2817/936/2352 2818/934/2351 2820/937/2353
f 2819/938/2354 2820/937/2353 2797/939/2355
f 2820/937/2353 2795/904/2330 2774/876/2308
f 2797/914/2355 2774/940/2308 2775/879/2310
f 2800/913/2333 2775/879/2310 2777/882/2312
f 2802/916/2335 2777/882/2312 2779/884/2314
f 2804/918/2337 2779/884/2314 2781/941/2316
f 2806/923/2339 2781/942/2316 2783/889/2318
f 2808/922/2341 2783/889/2318 2785/892/2320
f 2810/925/2343 2785/892/2320 2787/894/2322
f 2812/930/2345 2787/943/2322 2789/896/2324
f 2814/929/2347 2789/896/2324 2791/899/2326
f 2816/932/2349 2791/899/2326 2793/944/2328
f 2793/901/2328 2795/904/2330 2820/937/2353
f 2822/945/2356 2821/947/2379 2824/946/2357
f 2823/948/2358 2824/946/2357 2826/949/2359
f 2825/950/2360 2826/949/2359 2828/951/2361
f 2827/952/2362 2828/954/2361 2830/953/2363
f 2829/955/2364 2830/953/2363 2832/956/2365
f 2831/957/2366 2832/956/2365 2834/958/2367
f 2833/959/2368 2834/958/2367 2836/960/2369
f 2835/961/2370 2836/963/2369 2838/962/2371
f 2837/964/2372 2838/962/2371 2840/965/2373
f 2839/966/2374 2840/965/2373 2842/967/2375
f 2841/968/2376 2842/967/2375 2844/969/2377
f 2843/970/2378 2844/971/2377 2821/947/2379
f 2676/972/2380 2843/970/2378 2822/945/2356
f 2844/971/2377 2819/974/2354 2798/973/2332
f 2665/975/2381 2822/945/2356 2823/948/2358
f 2821/947/2379 2798/973/2332 2799/976/2334
f 2823/948/2358 2825/950/2360 2667/977/2383
f 2824/946/2357 2799/976/2334 2801/979/2336
f 2825/950/2360 2827/1011/2362 2668/980/2384
f 2826/949/2359 2801/979/2336 2803/981/2338
f 2827/952/2362 2829/955/2364 2669/982/2385
f 2828/954/2361 2803/984/2338 2805/921/2340
f 2829/955/2364 2831/957/2366 2670/985/2386
f 2830/953/2363 2805/921/2340 2807/924/2342
f 2831/957/2366 2833/959/2368 2671/986/2387
f 2832/956/2365 2807/924/2342 2809/926/2344
f 2833/988/2368 2835/961/2370 2672/987/2388
f 2834/958/2367 2809/926/2344 2811/990/2346
f 2672/987/2388 2835/961/2370 2837/964/2372
f 2836/991/2369 2811/928/2346 2813/931/2348
f 2673/992/2389 2837/964/2372 2839/966/2374
f 2838/962/2371 2813/993/2348 2815/933/2350
f 2674/994/2390 2839/966/2374 2841/968/2376
f 2840/965/2373 2815/933/2350 2817/936/2352
f 2675/995/2391 2841/968/2376 2843/996/2378
f 2842/967/2375 2817/936/2352 2819/938/2354
f 2856/705/2392 2916/775/2451 2905/706/2393
f 2866/708/2395 2867/729/2396 2879/709/2396
f 2859/711/2398 2860/730/2399 2872/712/2399
f 2863/714/2401 2875/731/2412 2874/715/2402
f 2865/717/2403 2866/708/2395 2878/710/2397
f 2858/719/2405 2859/711/2398 2871/713/2400
f 2857/721/2406 2869/728/2406 2880/722/2407
f 2862/716/2402 2874/715/2402 2873/724/2409
f 2864/726/2410 2865/717/2403 2877/718/2404
f 2858/719/2405 2870/720/2405 2869/728/2406
f 2868/723/2408 2880/722/2407 2879/709/2396
f 2860/730/2399 2861/725/2409 2873/724/2409
f 2864/726/2410 2876/727/2411 2875/731/2412
f 2873/732/2413 2874/748/2429 2886/733/2414
f 2892/737/2418 2881/1015/3593 2882/999/3594
f 2882/999/3594 2883/1016/3595 2884/735/2416
f 2884/735/2416 2885/1017/3596 2886/998/3597
f 2886/998/3597 2887/1018/3598 2888/736/2417
f 2888/736/2417 2889/1019/3599 2890/997/3600
f 2890/997/3600 2891/1020/3601 2892/737/2418
f 2892/737/2418 2882/999/3594 2884/735/2416
f 2884/735/2416 2886/998/3597 2888/736/2417
f 2888/736/2417 2890/997/3600 2892/737/2418
f 2880/738/2419 2869/760/2438 2881/739/2420
f 2870/741/2422 2871/1000/2430 2883/742/2423
f 2878/744/2425 2890/1021/2433 2889/745/2426
f 2875/747/2428 2887/1022/2435 2886/733/2414
f 2871/749/2430 2872/758/2436 2884/750/2431
f 2879/752/2432 2891/759/2437 2890/753/2433
f 2876/755/2434 2888/761/2439 2887/756/2435
f 2872/758/2436 2873/732/2413 2885/734/2415
f 2880/738/2419 2892/740/2421 2891/759/2437
f 2869/760/2438 2870/741/2422 2882/743/2424
f 2877/746/2427 2889/745/2426 2888/761/2439
f 2893/764/2442 2904/817/3602 2903/768/3603
f 2903/768/3603 2902/770/3604 2901/762/2440
f 2901/762/2440 2900/784/3605 2899/832/3606
f 2899/832/3606 2898/827/3607 2897/763/2441
f 2897/763/2441 2896/765/3608 2895/767/3609
f 2895/767/3609 2894/777/3610 2893/764/2442
f 2893/764/2442 2903/768/3603 2901/762/2440
f 2901/762/2440 2899/832/3606 2897/763/2441
f 2897/763/2441 2895/767/3609 2893/764/2442
f 2896/765/2443 2920/819/2492 2919/766/2444
f 2903/768/2446 2927/818/2490 2926/769/2447
f 2849/771/2448 2848/779/2455 2908/772/2449
f 2856/705/2392 2855/782/2458 2915/774/2450
f 2895/767/2445 2919/766/2444 2918/776/2452
f 2902/770/2447 2926/769/2447 2925/778/2453
f 2848/779/2455 2847/786/2462 2907/780/2456
f 2893/764/2457 2894/777/2452 2918/776/2452
f 2855/782/2458 2854/833/2459 2914/783/2459
f 2900/784/2460 2901/762/2454 2925/778/2453
f 2847/786/2462 2846/831/2463 2906/787/2463
f 2905/788/2464 2916/1001/2484 2928/789/2465
f 2907/791/2467 2906/812/2485 2918/792/2468
f 2913/794/2470 2925/813/2486 2926/795/2471
f 2910/797/2473 2922/814/2487 2923/798/2474
f 2908/800/2476 2907/791/2467 2919/793/2469
f 2915/802/2478 2914/796/2472 2926/795/2471
f 2911/804/2475 2923/1023/2474 2924/805/2480
f 2908/807/2476 2920/1024/2477 2921/808/2482
f 2916/810/2484 2915/802/2478 2927/803/2479
f 2906/812/2485 2905/788/2464 2917/790/2466
f 2912/806/2481 2924/805/2480 2925/813/2486
f 2909/809/2483 2921/808/2482 2922/814/2487
f 2849/771/2448 2909/773/2448 2910/815/2488
f 2904/817/2489 2928/822/2494 2927/818/2490
f 2897/763/2491 2921/824/2491 2920/819/2492
f 2850/816/2488 2910/815/2488 2911/820/2493
f 2904/817/2489 2893/764/2457 2917/781/2457
f 2897/763/2491 2898/827/2497 2922/823/2495
f 2851/821/2493 2911/820/2493 2912/825/2496
f 2898/827/2497 2899/832/2498 2923/828/2498
f 2852/826/2496 2912/825/2496 2913/829/2499
f 2845/707/2394 2905/706/2393 2906/787/2463
f 2899/832/2498 2900/784/2460 2924/785/2461
f 2854/833/2459 2853/830/2500 2913/829/2499
f 2930/834/2501 2931/837/2504 2932/835/2502
f 2931/837/2504 2933/1002/2506 2934/838/2505
f 2933/839/2506 2935/842/2508 2936/840/2507
f 2935/842/2508 2937/844/2510 2938/843/2509
f 2937/844/2510 2939/846/2512 2940/845/2511
f 2939/846/2512 2941/1003/2515 2942/847/2513
f 2943/848/2514 2944/852/2517 2942/849/2513
f 2945/851/2516 2946/854/2519 2944/852/2517
f 2947/853/2518 2948/872/2521 2946/854/2519
f 2949/855/2520 2950/859/2523 2948/856/2521
f 2951/858/2522 2952/860/2524 2950/859/2523
f 2930/834/2501 2929/836/2503 2952/860/2524
f 2929/836/2503 2857/863/2527 2868/861/2525
f 2929/836/2503 2932/835/2502 2858/862/2526
f 2932/835/2502 2934/838/2505 2859/864/2528
f 2934/841/2505 2936/840/2507 2860/865/2529
f 2936/840/2507 2938/843/2509 2861/867/2530
f 2938/843/2509 2940/845/2511 2862/868/2531
f 2940/845/2511 2942/847/2513 2863/869/2532
f 2944/852/2517 2864/871/2533 2863/870/2532
f 2946/854/2519 2865/873/2534 2864/871/2533
f 2948/872/2521 2866/1025/2535 2865/873/2534
f 2950/859/2523 2867/875/2536 2866/874/2535
f 2952/860/2524 2868/861/2525 2867/875/2536
f 2954/876/2537 2955/1004/2540 2956/877/2538
f 2955/879/2540 2957/882/2542 2958/880/2541
f 2957/882/2542 2959/884/2544 2960/883/2543
f 2959/884/2544 2961/941/2546 2962/885/2545
f 2961/886/2546 2963/1005/2548 2964/887/2547
f 2963/889/2548 2965/892/2550 2966/890/2549
f 2965/892/2550 2967/894/2552 2968/893/2551
f 2967/894/2552 2969/1006/2554 2970/895/2553
f 2969/896/2554 2971/899/2556 2972/897/2555
f 2971/899/2556 2973/944/2558 2974/900/2557
f 2973/901/2558 2975/904/2560 2976/902/2559
f 2975/904/2560 2954/876/2537 2953/878/2539
f 2976/902/2559 2953/878/2539 2930/834/2501
f 2953/878/2539 2956/877/2538 2931/837/2504
f 2956/881/2538 2958/880/2541 2933/905/2506
f 2958/907/2541 2960/908/2543 2935/842/2508
f 2960/908/2543 2962/888/2545 2937/844/2510
f 2962/888/2545 2964/887/2547 2939/846/2512
f 2964/891/2547 2966/890/2549 2941/850/2515
f 2966/890/2549 2968/893/2551 2943/848/2514
f 2970/895/2553 2945/851/2516 2943/848/2514
f 2972/910/2555 2947/853/2518 2945/851/2516
f 2974/903/2557 2949/855/2520 2947/857/2518
f 2976/902/2559 2951/858/2522 2949/855/2520
f 2978/912/2561 2979/915/2564 2980/913/2562
f 2979/915/2564 2981/917/2566 2982/916/2565
f 2981/917/2566 2983/919/2568 2984/918/2567
f 2983/919/2568 2985/1007/2570 2986/920/2569
f 2985/921/2570 2987/924/2572 2988/922/2571
f 2987/924/2572 2989/926/2574 2990/925/2573
f 2989/926/2574 2991/990/2576 2992/927/2575
f 2991/928/2576 2993/931/2578 2994/929/2577
f 2993/931/2578 2995/1008/2580 2996/932/2579
f 2995/933/2580 2997/936/2582 2998/934/2581
f 2997/936/2582 2999/938/2584 3000/937/2583
f 2999/938/2584 2978/1009/2561 2977/939/2563
f 3000/937/2583 2977/939/2563 2954/876/2537
f 2977/914/2563 2980/913/2562 2955/879/2540
f 2980/913/2562 2982/916/2565 2957/882/2542
f 2982/916/2565 2984/918/2567 2959/884/2544
f 2984/918/2567 2986/920/2569 2961/941/2546
f 2986/923/2569 2988/922/2571 2963/889/2548
f 2988/922/2571 2990/925/2573 2965/892/2550
f 2990/925/2573 2992/927/2575 2967/894/2552
f 2992/930/2575 2994/929/2577 2969/896/2554
f 2994/929/2577 2996/932/2579 2971/899/2556
f 2996/932/2579 2998/1010/2581 2973/944/2558
f 3000/937/2583 2975/904/2560 2973/901/2558
f 3002/945/2585 3003/948/2588 3004/946/2586
f 3003/948/2588 3005/950/2590 3006/949/2589
f 3005/950/2590 3007/1011/2592 3008/951/2591
f 3007/952/2592 3009/955/2594 3010/953/2593
f 3009/955/2594 3011/957/2596 3012/956/2595
f 3011/957/2596 3013/959/2598 3014/958/2597
f 3013/959/2598 3015/1012/2600 3016/960/2599
f 3015/961/2600 3017/964/2602 3018/962/2601
f 3017/964/2602 3019/966/2604 3020/965/2603
f 3019/966/2604 3021/968/2606 3022/967/2605
f 3021/968/2606 3023/996/2608 3024/969/2607
f 3023/970/2608 3002/945/2585 3001/947/2587
f 2856/972/2609 2845/975/2610 3002/945/2585
f 3024/971/2607 3001/947/2587 2978/973/2561
f 2845/975/2610 2846/978/2612 3003/948/2588
f 3001/947/2587 3004/946/2586 2979/976/2564
f 2847/977/2611 3005/950/2590 3003/948/2588
f 3004/946/2586 3006/949/2589 2981/979/2566
f 2848/980/2613 3007/1011/2592 3005/950/2590
f 3006/949/2589 3008/951/2591 2983/981/2568
f 2849/982/2614 3009/955/2594 3007/952/2592
f 3008/954/2591 3010/953/2593 2985/921/2570
f 2850/985/2615 3011/957/2596 3009/955/2594
f 3010/953/2593 3012/956/2595 2987/924/2572
f 2851/986/2616 3013/959/2598 3011/957/2596
f 3012/956/2595 3014/958/2597 2989/926/2574
f 2852/987/2617 3015/961/2600 3013/988/2598
f 3014/958/2597 3016/960/2599 2991/990/2576
f 2852/987/2617 2853/992/2618 3017/964/2602
f 3016/991/2599 3018/1013/2601 2993/931/2578
f 2853/992/2618 2854/994/2619 3019/966/2604
f 3018/962/2601 3020/965/2603 2995/933/2580
f 2854/994/2619 2855/995/2620 3021/968/2606
f 3020/965/2603 3022/967/2605 2997/936/2582
f 2855/995/2620 2856/1014/2609 3023/996/2608
f 3022/967/2605 3024/969/2607 2999/938/2584
f 3085/706/2621 3096/775/3611 3036/705/2622
f 3046/708/2624 3058/710/2632 3059/709/2625
f 3039/711/2627 3051/713/2634 3052/712/2628
f 3054/715/2629 3055/731/2641 3043/714/2630
f 3045/717/2631 3057/718/2640 3058/710/2632
f 3038/719/2633 3050/720/2633 3051/713/2634
f 3060/722/2635 3049/728/2636 3037/721/2636
f 3053/724/2638 3054/715/2629 3042/716/2629
f 3044/726/2639 3056/727/3612 3057/718/2640
f 3049/728/2636 3050/720/2633 3038/719/2633
f 3059/709/2625 3060/722/2635 3048/723/2637
f 3040/730/2628 3052/712/2628 3053/724/2638
f 3055/731/2641 3056/727/3612 3044/726/2639
f 3053/732/2642 3065/734/2664 3066/733/2643
f 3062/999/2647 3061/1015/3613 3072/737/3614
f 3072/737/3614 3071/1020/3615 3070/997/2645
f 3070/997/2645 3069/1019/3616 3068/736/3617
f 3068/736/3617 3067/1018/3617 3066/998/2646
f 3066/998/2646 3065/1017/3618 3064/735/3619
f 3064/735/3619 3063/1016/3620 3062/999/2647
f 3062/999/2647 3072/737/3614 3070/997/2645
f 3070/997/2645 3068/736/3617 3066/998/2646
f 3066/998/2646 3064/735/3619 3062/999/2647
f 3060/738/2648 3072/740/3621 3061/739/2649
f 3050/741/2651 3062/743/2666 3063/742/2652
f 3069/745/2654 3070/1021/2660 3058/744/2655
f 3066/733/2643 3067/1022/2662 3055/747/2657
f 3051/749/2653 3063/751/2652 3064/750/2658
f 3070/753/2660 3071/759/2665 3059/752/2661
f 3067/756/2662 3068/761/2667 3056/755/2663
f 3052/758/2659 3064/750/2658 3065/734/2664
f 3071/759/2665 3072/740/3621 3060/738/2648
f 3049/760/2650 3061/739/2649 3062/743/2666
f 3068/761/2667 3069/745/2654 3057/746/2656
f 3083/768/2670 3084/817/3622 3073/764/3623
f 3073/764/3623 3074/777/3624 3075/767/2668
f 3075/767/2668 3076/765/3625 3077/763/3626
f 3077/763/3626 3078/827/3626 3079/832/2669
f 3079/832/2669 3080/784/3627 3081/762/3628
f 3081/762/3628 3082/770/3629 3083/768/2670
f 3083/768/2670 3073/764/3623 3075/767/2668
f 3075/767/2668 3077/763/3626 3079/832/2669
f 3079/832/2669 3081/762/3628 3083/768/2670
f 3099/766/2671 3100/819/2716 3076/765/2672
f 3106/769/2674 3107/818/2714 3083/768/2675
f 3029/771/2676 3089/773/3630 3088/772/2677
f 3036/705/2622 3096/775/3611 3095/774/2679
f 3098/776/2681 3099/766/2671 3075/767/2673
f 3105/778/2682 3106/769/2674 3082/770/2674
f 3028/779/2678 3088/772/2677 3087/780/2684
f 3073/764/2686 3097/781/2686 3098/776/2681
f 3035/782/2680 3095/774/2679 3094/783/2687
f 3080/784/2688 3104/785/2725 3105/778/2682
f 3027/786/2685 3087/780/2684 3086/787/2689
f 3085/788/2690 3097/790/2710 3108/789/2691
f 3087/791/2693 3099/793/2703 3098/792/2694
f 3106/795/2696 3105/813/2711 3093/794/2697
f 3103/798/2699 3102/814/2712 3090/797/2700
f 3088/800/2702 3100/801/3631 3099/793/2703
f 3095/802/2704 3107/803/2709 3106/795/2696
f 3104/805/2705 3103/1023/2699 3091/804/2701
f 3101/808/2707 3100/1024/3631 3088/807/2702
f 3096/810/2692 3108/811/2691 3107/803/2709
f 3086/812/2695 3098/792/2694 3097/790/2710
f 3105/813/2711 3104/805/2705 3092/806/2706
f 3102/814/2712 3101/808/2707 3089/809/2708
f 3090/815/2713 3089/773/3630 3029/771/2676
f 3107/818/2714 3108/822/3632 3084/817/2715
f 3100/819/2716 3101/824/2717 3077/763/2717
f 3091/820/2718 3090/815/2713 3030/816/2713
f 3084/817/2715 3108/822/3632 3097/781/2686
f 3077/763/2717 3101/824/2717 3102/823/2719
f 3092/825/2721 3091/820/2718 3031/821/2718
f 3078/827/2720 3102/823/2719 3103/828/2722
f 3093/829/2723 3092/825/2721 3032/826/2721
f 3086/787/2689 3085/706/2621 3025/707/2623
f 3079/832/2722 3103/828/2722 3104/785/2725
f 3034/833/2687 3094/783/2687 3093/829/2723
f 3110/834/2726 3109/836/2750 3112/835/2727
f 3111/837/2728 3112/835/2727 3114/838/2729
f 3113/839/2730 3114/841/2729 3116/840/2731
f 3115/842/2732 3116/840/2731 3118/843/2733
f 3117/844/2734 3118/843/2733 3120/845/2735
f 3119/846/2736 3120/845/2735 3122/847/2737
f 3122/849/2737 3124/852/2740 3123/848/2739
f 3124/852/2740 3126/854/2742 3125/851/2741
f 3126/854/2742 3128/872/2744 3127/853/2743
f 3128/856/2744 3130/859/2746 3129/855/2745
f 3130/859/2746 3132/860/2748 3131/858/2747
f 3132/860/2748 3109/836/2750 3110/834/2726
f 3048/861/2749 3037/863/3633 3109/836/2750
f 3109/836/2750 3037/863/3633 3038/862/2751
f 3112/835/2727 3038/862/2751 3039/864/2752
f 3114/841/2729 3039/866/2752 3040/865/2753
f 3116/840/2731 3040/865/2753 3041/867/2754
f 3118/843/2733 3041/867/2754 3042/868/2755
f 3120/845/2735 3042/868/2755 3043/869/2756
f 3043/870/2756 3044/871/2757 3124/852/2740
f 3044/871/2757 3045/873/2758 3126/854/2742
f 3045/873/2758 3046/1025/2759 3128/872/2744
f 3046/874/2759 3047/875/2760 3130/859/2746
f 3047/875/2760 3048/861/2749 3132/860/2748
f 3134/876/2761 3133/878/2784 3136/877/2762
f 3135/879/2763 3136/881/2762 3138/880/2764
f 3137/882/2765 3138/880/2764 3140/883/2766
f 3139/884/2767 3140/883/2766 3142/885/2768
f 3141/886/2769 3142/888/2768 3144/887/2770
f 3143/889/2771 3144/891/2770 3146/890/2772
f 3145/892/2773 3146/890/2772 3148/893/2774
f 3147/894/2775 3148/893/2774 3150/895/2776
f 3149/896/2777 3150/898/2776 3152/897/2778
f 3151/899/2779 3152/897/2778 3154/900/2780
f 3153/901/2781 3154/903/2780 3156/902/2782
f 3155/904/2783 3156/902/2782 3133/878/2784
f 3156/902/2782 3131/858/2747 3110/834/2726
f 3133/878/2784 3110/834/2726 3111/837/2728
f 3136/881/2762 3111/906/2728 3113/905/2730
f 3138/907/2764 3113/839/2730 3115/842/2732
f 3140/908/2766 3115/842/2732 3117/844/2734
f 3142/888/2768 3117/844/2734 3119/846/2736
f 3144/891/2770 3119/909/2736 3121/850/2738
f 3146/890/2772 3121/850/2738 3123/848/2739
f 3123/848/2739 3125/851/2741 3150/895/2776
f 3125/851/2741 3127/853/2743 3152/910/2778
f 3127/857/2743 3129/855/2745 3154/903/2780
f 3129/855/2745 3131/858/2747 3156/902/2782
f 3158/912/2785 3157/914/2808 3160/913/2786
f 3159/915/2787 3160/913/2786 3162/916/2788
f 3161/917/2789 3162/916/2788 3164/918/2790
f 3163/919/2791 3164/918/2790 3166/920/2792
f 3165/921/2793 3166/923/2792 3168/922/2794
f 3167/924/2795 3168/922/2794 3170/925/2796
f 3169/926/2797 3170/925/2796 3172/927/2798
f 3171/928/2799 3172/930/2798 3174/929/2800
f 3173/931/2801 3174/929/2800 3176/932/2802
f 3175/933/2803 3176/935/2802 3178/934/2804
f 3177/936/2805 3178/934/2804 3180/937/2806
f 3179/938/2807 3180/937/2806 3157/939/2808
f 3180/937/2806 3155/904/2783 3134/876/2761
f 3157/914/2808 3134/940/2761 3135/879/2763
f 3160/913/2786 3135/879/2763 3137/882/2765
f 3162/916/2788 3137/882/2765 3139/884/2767
f 3164/918/2790 3139/884/2767 3141/941/2769
f 3166/923/2792 3141/942/2769 3143/889/2771
f 3168/922/2794 3143/889/2771 3145/892/2773
f 3170/925/2796 3145/892/2773 3147/894/2775
f 3172/930/2798 3147/943/2775 3149/896/2777
f 3174/929/2800 3149/896/2777 3151/899/2779
f 3176/932/2802 3151/899/2779 3153/944/2781
f 3153/901/2781 3155/904/2783 3180/937/2806
f 3182/945/2809 3181/947/2832 3184/946/2810
f 3183/948/2811 3184/946/2810 3186/949/2812
f 3185/950/2813 3186/949/2812 3188/951/2814
f 3187/952/2815 3188/954/2814 3190/953/2816
f 3189/955/2817 3190/953/2816 3192/956/2818
f 3191/957/2819 3192/956/2818 3194/958/2820
f 3193/959/2821 3194/958/2820 3196/960/2822
f 3195/961/2823 3196/963/2822 3198/962/2824
f 3197/964/2825 3198/962/2824 3200/965/2826
f 3199/966/2827 3200/965/2826 3202/967/2828
f 3201/968/2829 3202/967/2828 3204/969/2830
f 3203/970/2831 3204/971/2830 3181/947/2832
f 3036/972/2833 3203/970/2831 3182/945/2809
f 3204/971/2830 3179/974/2807 3158/973/2785
f 3025/975/2834 3182/945/2809 3183/948/2811
f 3181/947/2832 3158/973/2785 3159/976/2787
f 3183/948/2811 3185/950/2813 3027/977/2836
f 3184/946/2810 3159/976/2787 3161/979/2789
f 3185/950/2813 3187/1011/2815 3028/980/2837
f 3186/949/2812 3161/979/2789 3163/981/2791
f 3187/952/2815 3189/955/2817 3029/982/2838
f 3188/954/2814 3163/984/2791 3165/921/2793
f 3189/955/2817 3191/957/2819 3030/985/2839
f 3190/953/2816 3165/921/2793 3167/924/2795
f 3191/957/2819 3193/959/2821 3031/986/2840
f 3192/956/2818 3167/924/2795 3169/926/2797
f 3193/988/2821 3195/961/2823 3032/987/2841
f 3194/958/2820 3169/926/2797 3171/990/2799
f 3032/987/2841 3195/961/2823 3197/964/2825
f 3196/991/2822 3171/928/2799 3173/931/2801
f 3033/992/2842 3197/964/2825 3199/966/2827
f 3198/962/2824 3173/993/2801 3175/933/2803
f 3034/994/2843 3199/966/2827 3201/968/2829
f 3200/965/2826 3175/933/2803 3177/936/2805
f 3035/995/2844 3201/968/2829 3203/996/2831
f 3202/967/2828 3177/936/2805 3179/938/2807
f 3216/705/2845 3276/775/2906 3265/706/2846
f 3226/708/2848 3227/729/2865 3239/709/2849
f 3219/711/2851 3220/730/2852 3232/712/2852
f 3223/714/2854 3235/731/2866 3234/715/2855
f 3225/717/2856 3226/708/2848 3238/710/2850
f 3218/719/2858 3219/711/2851 3231/713/2853
f 3217/721/2859 3229/728/2859 3240/722/2860
f 3222/716/2855 3234/715/2855 3233/724/2862
f 3224/726/2863 3225/717/2856 3237/718/2857
f 3218/719/2858 3230/720/2858 3229/728/2859
f 3228/723/2861 3240/722/2860 3239/709/2849
f 3220/730/2852 3221/725/2862 3233/724/2862
f 3224/726/2863 3236/727/2864 3235/731/2866
f 3233/732/2867 3234/748/2883 3246/733/2868
f 3252/737/2872 3241/1015/3634 3242/999/3635
f 3242/999/3635 3243/1016/3636 3244/735/2870
f 3244/735/2870 3245/1017/3637 3246/998/3638
f 3246/998/3638 3247/1018/3639 3248/736/2871
f 3248/736/2871 3249/1019/3640 3250/997/3641
f 3250/997/3641 3251/1020/3642 3252/737/2872
f 3252/737/2872 3242/999/3635 3244/735/2870
f 3244/735/2870 3246/998/3638 3248/736/2871
f 3248/736/2871 3250/997/3641 3252/737/2872
f 3240/738/2873 3229/760/2892 3241/739/2874
f 3230/741/2876 3231/1000/2884 3243/742/2877
f 3238/744/2879 3250/1021/2887 3249/745/2880
f 3235/747/2882 3247/1022/2889 3246/733/2868
f 3231/749/2884 3232/758/2890 3244/750/2885
f 3239/752/2886 3251/759/2891 3250/753/2887
f 3236/755/2888 3248/761/2893 3247/756/2889
f 3232/758/2890 3233/732/2867 3245/734/2869
f 3240/738/2873 3252/740/2875 3251/759/2891
f 3229/760/2892 3230/741/2876 3242/743/2878
f 3237/746/2881 3249/745/2880 3248/761/2893
f 3253/764/2896 3264/817/3643 3263/768/3644
f 3263/768/3644 3262/770/3645 3261/762/2894
f 3261/762/2894 3260/784/3646 3259/832/3647
f 3259/832/3647 3258/827/3648 3257/763/2895
f 3257/763/2895 3256/765/3649 3255/767/3650
f 3255/767/3650 3254/777/3651 3253/764/2896
f 3253/764/2896 3263/768/3644 3261/762/2894
f 3261/762/2894 3259/832/3647 3257/763/2895
f 3257/763/2895 3255/767/3650 3253/764/2896
f 3256/765/2897 3280/819/2947 3279/766/2898
f 3263/768/2900 3287/818/2945 3286/769/2901
f 3209/771/2902 3208/779/2910 3268/772/2903
f 3216/705/2845 3215/782/2913 3275/774/2905
f 3255/767/2899 3279/766/2898 3278/776/2907
f 3262/770/2901 3286/769/2901 3285/778/2908
f 3208/779/2910 3207/786/2917 3267/780/2911
f 3253/764/2912 3254/777/2907 3278/776/2907
f 3215/782/2913 3214/833/2914 3274/783/2914
f 3260/784/2915 3261/762/2909 3285/778/2908
f 3207/786/2917 3206/831/2918 3266/787/2918
f 3265/788/2919 3276/1001/2939 3288/789/2920
f 3267/791/2922 3266/812/2940 3278/792/2923
f 3273/794/2925 3285/813/2941 3286/795/2926
f 3270/797/2928 3282/814/2942 3283/798/2929
f 3268/800/2931 3267/791/2922 3279/793/2924
f 3275/802/2933 3274/796/2927 3286/795/2926
f 3271/804/2930 3283/1023/2929 3284/805/2935
f 3268/807/2931 3280/1024/2932 3281/808/2937
f 3276/810/2939 3275/802/2933 3287/803/2934
f 3266/812/2940 3265/788/2919 3277/790/2921
f 3272/806/2936 3284/805/2935 3285/813/2941
f 3269/809/2938 3281/808/2937 3282/814/2942
f 3209/771/2902 3269/773/2904 3270/815/2943
f 3264/817/2944 3288/822/2949 3287/818/2945
f 3257/763/2946 3281/824/2946 3280/819/2947
f 3210/816/2943 3270/815/2943 3271/820/2948
f 3264/817/2944 3253/764/2912 3277/781/2912
f 3257/763/2946 3258/827/2952 3282/823/2950
f 3211/821/2948 3271/820/2948 3272/825/2951
f 3258/827/2952 3259/832/2953 3283/828/2953
f 3212/826/2951 3272/825/2951 3273/829/2954
f 3205/707/2847 3265/706/2846 3266/787/2918
f 3259/832/2953 3260/784/2915 3284/785/2916
f 3214/833/2914 3213/830/2955 3273/829/2954
f 3290/834/2956 3291/837/2959 3292/835/2957
f 3291/837/2959 3293/1002/2961 3294/838/2960
f 3293/839/2961 3295/842/2963 3296/840/2962
f 3295/842/2963 3297/844/2965 3298/843/2964
f 3297/844/2965 3299/846/2967 3300/845/2966
f 3299/846/2967 3301/1003/2970 3302/847/2968
f 3303/848/2969 3304/852/2972 3302/849/2968
f 3305/851/2971 3306/854/2974 3304/852/2972
f 3307/853/2973 3308/872/2976 3306/854/2974
f 3309/855/2975 3310/859/2978 3308/856/2976
f 3311/858/2977 3312/860/2979 3310/859/2978
f 3290/834/2956 3289/836/2958 3312/860/2979
f 3289/836/2958 3217/863/2982 3228/861/2980
f 3289/836/2958 3292/835/2957 3218/862/2981
f 3292/835/2957 3294/838/2960 3219/864/2983
f 3294/841/2960 3296/840/2962 3220/865/2984
f 3296/840/2962 3298/843/2964 3221/867/2985
f 3298/843/2964 3300/845/2966 3222/868/2986
f 3300/845/2966 3302/847/2968 3223/869/2987
f 3304/852/2972 3224/871/2988 3223/870/2987
f 3306/854/2974 3225/873/2989 3224/871/2988
f 3308/872/2976 3226/1025/2990 3225/873/2989
f 3310/859/2978 3227/875/2991 3226/874/2990
f 3312/860/2979 3228/861/2980 3227/875/2991
f 3314/876/2992 3315/1004/2995 3316/877/2993
f 3315/879/2995 3317/882/2997 3318/880/2996
f 3317/882/2997 3319/884/2999 3320/883/2998
f 3319/884/2999 3321/941/3001 3322/885/3000
f 3321/886/3001 3323/1005/3003 3324/887/3002
f 3323/889/3003 3325/892/3005 3326/890/3004
f 3325/892/3005 3327/894/3007 3328/893/3006
f 3327/894/3007 3329/1006/3009 3330/895/3008
f 3329/896/3009 3331/899/3011 3332/897/3010
f 3331/899/3011 3333/944/3013 3334/900/3012
f 3333/901/3013 3335/904/3015 3336/902/3014
f 3335/904/3015 3314/876/2992 3313/878/2994
f 3336/902/3014 3313/878/2994 3290/834/2956
f 3313/878/2994 3316/877/2993 3291/837/2959
f 3316/881/2993 3318/880/2996 3293/905/2961
f 3318/907/2996 3320/908/2998 3295/842/2963
f 3320/908/2998 3322/888/3000 3297/844/2965
f 3322/888/3000 3324/887/3002 3299/846/2967
f 3324/891/3002 3326/890/3004 3301/850/2970
f 3326/890/3004 3328/893/3006 3303/848/2969
f 3330/895/3008 3305/851/2971 3303/848/2969
f 3332/910/3010 3307/853/2973 3305/851/2971
f 3334/903/3012 3309/855/2975 3307/857/2973
f 3336/902/3014 3311/858/2977 3309/855/2975
f 3338/912/3016 3339/915/3019 3340/913/3017
f 3339/915/3019 3341/917/3021 3342/916/3020
f 3341/917/3021 3343/919/3023 3344/918/3022
f 3343/919/3023 3345/1007/3025 3346/920/3024
f 3345/921/3025 3347/924/3027 3348/922/3026
f 3347/924/3027 3349/926/3029 3350/925/3028
f 3349/926/3029 3351/990/3031 3352/927/3030
f 3351/928/3031 3353/931/3033 3354/929/3032
f 3353/931/3033 3355/1008/3035 3356/932/3034
f 3355/933/3035 3357/936/3037 3358/934/3036
f 3357/936/3037 3359/938/3039 3360/937/3038
f 3359/938/3039 3338/1009/3016 3337/939/3018
f 3360/937/3038 3337/939/3018 3314/876/2992
f 3337/914/3018 3340/913/3017 3315/879/2995
f 3340/913/3017 3342/916/3020 3317/882/2997
f 3342/916/3020 3344/918/3022 3319/884/2999
f 3344/918/3022 3346/920/3024 3321/941/3001
f 3346/923/3024 3348/922/3026 3323/889/3003
f 3348/922/3026 3350/925/3028 3325/892/3005
f 3350/925/3028 3352/927/3030 3327/894/3007
f 3352/930/3030 3354/929/3032 3329/896/3009
f 3354/929/3032 3356/932/3034 3331/899/3011
f 3356/932/3034 3358/1010/3036 3333/944/3013
f 3360/937/3038 3335/904/3015 3333/901/3013
f 3362/945/3040 3363/948/3043 3364/946/3041
f 3363/948/3043 3365/950/3045 3366/949/3044
f 3365/950/3045 3367/1011/3047 3368/951/3046
f 3367/952/3047 3369/955/3049 3370/953/3048
f 3369/955/3049 3371/957/3051 3372/956/3050
f 3371/957/3051 3373/959/3053 3374/958/3052
f 3373/959/3053 3375/1012/3055 3376/960/3054
f 3375/961/3055 3377/964/3057 3378/962/3056
f 3377/964/3057 3379/966/3059 3380/965/3058
f 3379/966/3059 3381/968/3061 3382/967/3060
f 3381/968/3061 3383/996/3063 3384/969/3062
f 3383/970/3063 3362/945/3040 3361/947/3042
f 3216/972/3064 3205/975/3065 3362/945/3040
f 3384/971/3062 3361/947/3042 3338/973/3016
f 3205/975/3065 3206/978/3067 3363/948/3043
f 3361/947/3042 3364/946/3041 3339/976/3019
f 3207/977/3066 3365/950/3045 3363/948/3043
f 3364/946/3041 3366/949/3044 3341/979/3021
f 3208/980/3068 3367/1011/3047 3365/950/3045
f 3366/949/3044 3368/951/3046 3343/981/3023
f 3209/982/3069 3369/955/3049 3367/952/3047
f 3368/954/3046 3370/953/3048 3345/921/3025
f 3210/985/3070 3371/957/3051 3369/955/3049
f 3370/953/3048 3372/956/3050 3347/924/3027
f 3211/986/3071 3373/959/3053 3371/957/3051
f 3372/956/3050 3374/958/3052 3349/926/3029
f 3212/987/3072 3375/961/3055 3373/988/3053
f 3374/958/3052 3376/960/3054 3351/990/3031
f 3212/987/3072 3213/992/3073 3377/964/3057
f 3376/991/3054 3378/1013/3056 3353/931/3033
f 3213/992/3073 3214/994/3074 3379/966/3059
f 3378/962/3056 3380/965/3058 3355/933/3035
f 3214/994/3074 3215/995/3075 3381/968/3061
f 3380/965/3058 3382/967/3060 3357/936/3037
f 3215/995/3075 3216/1014/3064 3383/996/3063
f 3382/967/3060 3384/969/3062 3359/938/3039
f 3396/705/3076 3456/775/3137 3445/706/3077
f 3406/708/3079 3407/729/3096 3419/709/3080
f 3399/711/3082 3400/730/3083 3412/712/3083
f 3403/714/3085 3415/731/3097 3414/715/3086
f 3405/717/3087 3406/708/3079 3418/710/3081
f 3398/719/3089 3399/711/3082 3411/713/3084
f 3397/721/3090 3409/728/3090 3420/722/3091
f 3402/716/3086 3414/715/3086 3413/724/3093
f 3404/726/3094 3405/717/3087 3417/718/3088
f 3398/719/3089 3410/720/3089 3409/728/3090
f 3408/723/3092 3420/722/3091 3419/709/3080
f 3400/730/3083 3401/725/3093 3413/724/3093
f 3404/726/3094 3416/727/3095 3415/731/3097
f 3413/732/3098 3414/748/3114 3426/733/3099
f 3432/737/3103 3421/1015/3652 3422/999/3653
f 3422/999/3653 3423/1016/3654 3424/735/3101
f 3424/735/3101 3425/1017/3655 3426/998/3656
f 3426/998/3656 3427/1018/3657 3428/736/3102
f 3428/736/3102 3429/1019/3658 3430/997/3659
f 3430/997/3659 3431/1020/3660 3432/737/3103
f 3432/737/3103 3422/999/3653 3424/735/3101
f 3424/735/3101 3426/998/3656 3428/736/3102
f 3428/736/3102 3430/997/3659 3432/737/3103
f 3420/738/3104 3409/760/3123 3421/739/3105
f 3410/741/3107 3411/1000/3115 3423/742/3108
f 3418/744/3110 3430/1021/3118 3429/745/3111
f 3415/747/3113 3427/1022/3120 3426/733/3099
f 3411/749/3115 3412/758/3121 3424/750/3116
f 3419/752/3117 3431/759/3122 3430/753/3118
f 3416/755/3119 3428/761/3124 3427/756/3120
f 3412/758/3121 3413/732/3098 3425/734/3100
f 3420/738/3104 3432/740/3106 3431/759/3122
f 3409/760/3123 3410/741/3107 3422/743/3109
f 3417/746/3112 3429/745/3111 3428/761/3124
f 3433/764/3127 3444/817/3661 3443/768/3662
f 3443/768/3662 3442/770/3663 3441/762/3125
f 3441/762/3125 3440/784/3664 3439/832/3665
f 3439/832/3665 3438/827/3666 3437/763/3126
f 3437/763/3126 3436/765/3667 3435/767/3668
f 3435/767/3668 3434/777/3669 3433/764/3127
f 3433/764/3127 3443/768/3662 3441/762/3125
f 3441/762/3125 3439/832/3665 3437/763/3126
f 3437/763/3126 3435/767/3668 3433/764/3127
f 3436/765/3128 3460/819/3178 3459/766/3129
f 3443/768/3131 3467/818/3176 3466/769/3132
f 3389/771/3133 3388/779/3141 3448/772/3134
f 3396/705/3076 3395/782/3144 3455/774/3136
f 3435/767/3130 3459/766/3129 3458/776/3138
f 3442/770/3132 3466/769/3132 3465/778/3139
f 3388/779/3141 3387/786/3148 3447/780/3142
f 3433/764/3143 3434/777/3138 3458/776/3138
f 3395/782/3144 3394/833/3145 3454/783/3145
f 3440/784/3146 3441/762/3140 3465/778/3139
f 3387/786/3148 3386/831/3149 3446/787/3149
f 3445/788/3150 3456/1001/3170 3468/789/3151
f 3447/791/3153 3446/812/3171 3458/792/3154
f 3453/794/3156 3465/813/3172 3466/795/3157
f 3450/797/3159 3462/814/3173 3463/798/3160
f 3448/800/3162 3447/791/3153 3459/793/3155
f 3455/802/3164 3454/796/3158 3466/795/3157
f 3451/804/3161 3463/1023/3160 3464/805/3166
f 3448/807/3162 3460/1024/3163 3461/808/3168
f 3456/810/3170 3455/802/3164 3467/803/3165
f 3446/812/3171 3445/788/3150 3457/790/3152
f 3452/806/3167 3464/805/3166 3465/813/3172
f 3449/809/3169 3461/808/3168 3462/814/3173
f 3389/771/3133 3449/773/3135 3450/815/3174
f 3444/817/3175 3468/822/3180 3467/818/3176
f 3437/763/3177 3461/824/3177 3460/819/3178
f 3390/816/3174 3450/815/3174 3451/820/3179
f 3444/817/3175 3433/764/3143 3457/781/3143
f 3437/763/3177 3438/827/3183 3462/823/3181
f 3391/821/3179 3451/820/3179 3452/825/3182
f 3438/827/3183 3439/832/3184 3463/828/3184
f 3392/826/3182 3452/825/3182 3453/829/3185
f 3385/707/3078 3445/706/3077 3446/787/3149
f 3439/832/3184 3440/784/3146 3464/785/3147
f 3394/833/3145 3393/830/3186 3453/829/3185
f 3470/834/3187 3471/837/3190 3472/835/3188
f 3471/837/3190 3473/1002/3192 3474/838/3191
f 3473/839/3192 3475/842/3194 3476/840/3193
f 3475/842/3194 3477/844/3196 3478/843/3195
f 3477/844/3196 3479/846/3198 3480/845/3197
f 3479/846/3198 3481/1003/3201 3482/847/3199
f 3483/848/3200 3484/852/3203 3482/849/3199
f 3485/851/3202 3486/854/3205 3484/852/3203
f 3487/853/3204 3488/872/3207 3486/854/3205
f 3489/855/3206 3490/859/3209 3488/856/3207
f 3491/858/3208 3492/860/3210 3490/859/3209
f 3470/834/3187 3469/836/3189 3492/860/3210
f 3469/836/3189 3397/863/3213 3408/861/3211
f 3469/836/3189 3472/835/3188 3398/862/3212
f 3472/835/3188 3474/838/3191 3399/864/3214
f 3474/841/3191 3476/840/3193 3400/865/3215
f 3476/840/3193 3478/843/3195 3401/867/3216
f 3478/843/3195 3480/845/3197 3402/868/3217
f 3480/845/3197 3482/847/3199 3403/869/3218
f 3484/852/3203 3404/871/3219 3403/870/3218
f 3486/854/3205 3405/873/3220 3404/871/3219
f 3488/872/3207 3406/1025/3221 3405/873/3220
f 3490/859/3209 3407/875/3222 3406/874/3221
f 3492/860/3210 3408/861/3211 3407/875/3222
f 3494/876/3223 3495/1004/3226 3496/877/3224
f 3495/879/3226 3497/882/3228 3498/880/3227
f 3497/882/3228 3499/884/3230 3500/883/3229
f 3499/884/3230 3501/941/3232 3502/885/3231
f 3501/886/3232 3503/1005/3234 3504/887/3233
f 3503/889/3234 3505/892/3236 3506/890/3235
f 3505/892/3236 3507/894/3238 3508/893/3237
f 3507/894/3238 3509/1006/3240 3510/895/3239
f 3509/896/3240 3511/899/3242 3512/897/3241
f 3511/899/3242 3513/944/3244 3514/900/3243
f 3513/901/3244 3515/904/3246 3516/902/3245
f 3515/904/3246 3494/876/3223 3493/878/3225
f 3516/902/3245 3493/878/3225 3470/834/3187
f 3493/878/3225 3496/877/3224 3471/837/3190
f 3496/881/3224 3498/880/3227 3473/905/3192
f 3498/907/3227 3500/908/3229 3475/842/3194
f 3500/908/3229 3502/888/3231 3477/844/3196
f 3502/888/3231 3504/887/3233 3479/846/3198
f 3504/891/3233 3506/890/3235 3481/850/3201
f 3506/890/3235 3508/893/3237 3483/848/3200
f 3510/895/3239 3485/851/3202 3483/848/3200
f 3512/910/3241 3487/853/3204 3485/851/3202
f 3514/903/3243 3489/855/3206 3487/857/3204
f 3516/902/3245 3491/858/3208 3489/855/3206
f 3518/912/3247 3519/915/3250 3520/913/3248
f 3519/915/3250 3521/917/3252 3522/916/3251
f 3521/917/3252 3523/919/3254 3524/918/3253
f 3523/919/3254 3525/1007/3256 3526/920/3255
f 3525/921/3256 3527/924/3258 3528/922/3257
f 3527/924/3258 3529/926/3260 3530/925/3259
f 3529/926/3260 3531/990/3262 3532/927/3261
f 3531/928/3262 3533/931/3264 3534/929/3263
f 3533/931/3264 3535/1008/3266 3536/932/3265
f 3535/933/3266 3537/936/3268 3538/934/3267
f 3537/936/3268 3539/938/3270 3540/937/3269
f 3539/938/3270 3518/1009/3247 3517/939/3249
f 3540/937/3269 3517/939/3249 3494/876/3223
f 3517/914/3249 3520/913/3248 3495/879/3226
f 3520/913/3248 3522/916/3251 3497/882/3228
f 3522/916/3251 3524/918/3253 3499/884/3230
f 3524/918/3253 3526/920/3255 3501/941/3232
f 3526/923/3255 3528/922/3257 3503/889/3234
f 3528/922/3257 3530/925/3259 3505/892/3236
f 3530/925/3259 3532/927/3261 3507/894/3238
f 3532/930/3261 3534/929/3263 3509/896/3240
f 3534/929/3263 3536/932/3265 3511/899/3242
f 3536/932/3265 3538/1010/3267 3513/944/3244
f 3540/937/3269 3515/904/3246 3513/901/3244
f 3542/945/3271 3543/948/3274 3544/946/3272
f 3543/948/3274 3545/950/3276 3546/949/3275
f 3545/950/3276 3547/1011/3278 3548/951/3277
f 3547/952/3278 3549/955/3280 3550/953/3279
f 3549/955/3280 3551/957/3282 3552/956/3281
f 3551/957/3282 3553/959/3284 3554/958/3283
f 3553/959/3284 3555/1012/3286 3556/960/3285
f 3555/961/3286 3557/964/3288 3558/962/3287
f 3557/964/3288 3559/966/3290 3560/965/3289
f 3559/966/3290 3561/968/3292 3562/967/3291
f 3561/968/3292 3563/996/3294 3564/969/3293
f 3563/970/3294 3542/945/3271 3541/947/3273
f 3396/972/3295 3385/975/3296 3542/945/3271
f 3564/971/3293 3541/947/3273 3518/973/3247
f 3385/975/3296 3386/978/3298 3543/948/3274
f 3541/947/3273 3544/946/3272 3519/976/3250
f 3387/977/3297 3545/950/3276 3543/948/3274
f 3544/946/3272 3546/949/3275 3521/979/3252
f 3388/980/3299 3547/1011/3278 3545/950/3276
f 3546/949/3275 3548/951/3277 3523/981/3254
f 3389/982/3300 3549/955/3280 3547/952/3278
f 3548/954/3277 3550/953/3279 3525/921/3256
f 3390/985/3301 3551/957/3282 3549/955/3280
f 3550/953/3279 3552/956/3281 3527/924/3258
f 3391/986/3302 3553/959/3284 3551/957/3282
f 3552/956/3281 3554/958/3283 3529/926/3260
f 3392/987/3303 3555/961/3286 3553/988/3284
f 3554/958/3283 3556/960/3285 3531/990/3262
f 3392/987/3303 3393/992/3304 3557/964/3288
f 3556/991/3285 3558/1013/3287 3533/931/3264
f 3393/992/3304 3394/994/3305 3559/966/3290
f 3558/962/3287 3560/965/3289 3535/933/3266
f 3394/994/3305 3395/995/3306 3561/968/3292
f 3560/965/3289 3562/967/3291 3537/936/3268
f 3395/995/3306 3396/1014/3295 3563/996/3294
f 3562/967/3291 3564/969/3293 3539/938/3270
f 3625/706/3307 3636/775/3670 3576/705/3308
f 3586/708/3310 3598/710/3318 3599/709/3311
f 3579/711/3313 3591/713/3320 3592/712/3314
f 3594/715/3315 3595/731/3327 3583/714/3316
f 3585/717/3317 3597/718/3326 3598/710/3318
f 3578/719/3319 3590/720/3319 3591/713/3320
f 3600/722/3321 3589/728/3322 3577/721/3322
f 3593/724/3324 3594/715/3315 3582/716/3315
f 3584/726/3325 3596/727/3671 3597/718/3326
f 3589/728/3322 3590/720/3319 3578/719/3319
f 3599/709/3311 3600/722/3321 3588/723/3323
f 3580/730/3314 3592/712/3314 3593/724/3324
f 3595/731/3327 3596/727/3671 3584/726/3325
f 3593/732/3328 3605/734/3350 3606/733/3329
f 3602/999/3333 3601/1015/3672 3612/737/3673
f 3612/737/3673 3611/1020/3674 3610/997/3331
f 3610/997/3331 3609/1019/3675 3608/736/3676
f 3608/736/3676 3607/1018/3676 3606/998/3332
f 3606/998/3332 3605/1017/3677 3604/735/3678
f 3604/735/3678 3603/1016/3679 3602/999/3333
f 3602/999/3333 3612/737/3673 3610/997/3331
f 3610/997/3331 3608/736/3676 3606/998/3332
f 3606/998/3332 3604/735/3678 3602/999/3333
f 3600/738/3334 3612/740/3680 3601/739/3335
f 3590/741/3337 3602/743/3352 3603/742/3338
f 3609/745/3340 3610/1021/3346 3598/744/3341
f 3606/733/3329 3607/1022/3348 3595/747/3343
f 3591/749/3339 3603/751/3338 3604/750/3344
f 3610/753/3346 3611/759/3351 3599/752/3347
f 3607/756/3348 3608/761/3353 3596/755/3349
f 3592/758/3345 3604/750/3344 3605/734/3350
f 3611/759/3351 3612/740/3680 3600/738/3334
f 3589/760/3336 3601/739/3335 3602/743/3352
f 3608/761/3353 3609/745/3340 3597/746/3342
f 3623/768/3356 3624/817/3681 3613/764/3682
f 3613/764/3682 3614/777/3683 3615/767/3354
f 3615/767/3354 3616/765/3684 3617/763/3685
f 3617/763/3685 3618/827/3685 3619/832/3355
f 3619/832/3355 3620/784/3686 3621/762/3687
f 3621/762/3687 3622/770/3688 3623/768/3356
f 3623/768/3356 3613/764/3682 3615/767/3354
f 3615/767/3354 3617/763/3685 3619/832/3355
f 3619/832/3355 3621/762/3687 3623/768/3356
f 3639/766/3357 3640/819/3402 3616/765/3358
f 3646/769/3360 3647/818/3400 3623/768/3361
f 3569/771/3362 3629/773/3689 3628/772/3363
f 3576/705/3308 3636/775/3670 3635/774/3365
f 3638/776/3367 3639/766/3357 3615/767/3359
f 3645/778/3368 3646/769/3360 3622/770/3360
f 3568/779/3364 3628/772/3363 3627/780/3370
f 3613/764/3372 3637/781/3372 3638/776/3367
f 3575/782/3366 3635/774/3365 3634/783/3373
f 3620/784/3374 3644/785/3411 3645/778/3368
f 3567/786/3371 3627/780/3370 3626/787/3375
f 3625/788/3376 3637/790/3396 3648/789/3377
f 3627/791/3379 3639/793/3389 3638/792/3380
f 3646/795/3382 3645/813/3397 3633/794/3383
f 3643/798/3385 3642/814/3398 3630/797/3386
f 3628/800/3388 3640/801/3690 3639/793/3389
f 3635/802/3390 3647/803/3395 3646/795/3382
f 3644/805/3391 3643/1023/3385 3631/804/3387
f 3641/808/3393 3640/1024/3690 3628/807/3388
f 3636/810/3378 3648/811/3377 3647/803/3395
f 3626/812/3381 3638/792/3380 3637/790/3396
f 3645/813/3397 3644/805/3391 3632/806/3392
f 3642/814/3398 3641/808/3393 3629/809/3394
f 3630/815/3399 3629/773/3689 3569/771/3362
f 3647/818/3400 3648/822/3691 3624/817/3401
f 3640/819/3402 3641/824/3403 3617/763/3403
f 3631/820/3404 3630/815/3399 3570/816/3399
f 3624/817/3401 3648/822/3691 3637/781/3372
f 3617/763/3403 3641/824/3403 3642/823/3405
f 3632/825/3407 3631/820/3404 3571/821/3404
f 3618/827/3406 3642/823/3405 3643/828/3408
f 3633/829/3409 3632/825/3407 3572/826/3407
f 3626/787/3375 3625/706/3307 3565/707/3309
f 3619/832/3408 3643/828/3408 3644/785/3411
f 3574/833/3373 3634/783/3373 3633/829/3409
f 3650/834/3412 3649/836/3436 3652/835/3413
f 3651/837/3414 3652/835/3413 3654/838/3415
f 3653/839/3416 3654/841/3415 3656/840/3417
f 3655/842/3418 3656/840/3417 3658/843/3419
f 3657/844/3420 3658/843/3419 3660/845/3421
f 3659/846/3422 3660/845/3421 3662/847/3423
f 3662/849/3423 3664/852/3426 3663/848/3425
f 3664/852/3426 3666/854/3428 3665/851/3427
f 3666/854/3428 3668/872/3430 3667/853/3429
f 3668/856/3430 3670/859/3432 3669/855/3431
f 3670/859/3432 3672/860/3434 3671/858/3433
f 3672/860/3434 3649/836/3436 3650/834/3412
f 3588/861/3435 3577/863/3692 3649/836/3436
f 3649/836/3436 3577/863/3692 3578/862/3437
f 3652/835/3413 3578/862/3437 3579/864/3438
f 3654/841/3415 3579/866/3438 3580/865/3439
f 3656/840/3417 3580/865/3439 3581/867/3440
f 3658/843/3419 3581/867/3440 3582/868/3441
f 3660/845/3421 3582/868/3441 3583/869/3442
f 3583/870/3442 3584/871/3443 3664/852/3426
f 3584/871/3443 3585/873/3444 3666/854/3428
f 3585/873/3444 3586/1025/3445 3668/872/3430
f 3586/874/3445 3587/875/3446 3670/859/3432
f 3587/875/3446 3588/861/3435 3672/860/3434
f 3674/876/3447 3673/878/3470 3676/877/3448
f 3675/879/3449 3676/881/3448 3678/880/3450
f 3677/882/3451 3678/880/3450 3680/883/3452
f 3679/884/3453 3680/883/3452 3682/885/3454
f 3681/886/3455 3682/888/3454 3684/887/3456
f 3683/889/3457 3684/891/3456 3686/890/3458
f 3685/892/3459 3686/890/3458 3688/893/3460
f 3687/894/3461 3688/893/3460 3690/895/3462
f 3689/896/3463 3690/898/3462 3692/897/3464
f 3691/899/3465 3692/897/3464 3694/900/3466
f 3693/901/3467 3694/903/3466 3696/902/3468
f 3695/904/3469 3696/902/3468 3673/878/3470
f 3696/902/3468 3671/858/3433 3650/834/3412
f 3673/878/3470 3650/834/3412 3651/837/3414
f 3676/881/3448 3651/906/3414 3653/905/3416
f 3678/907/3450 3653/839/3416 3655/842/3418
f 3680/908/3452 3655/842/3418 3657/844/3420
f 3682/888/3454 3657/844/3420 3659/846/3422
f 3684/891/3456 3659/909/3422 3661/850/3424
f 3686/890/3458 3661/850/3424 3663/848/3425
f 3663/848/3425 3665/851/3427 3690/895/3462
f 3665/851/3427 3667/853/3429 3692/910/3464
f 3667/857/3429 3669/855/3431 3694/903/3466
f 3669/855/3431 3671/858/3433 3696/902/3468
f 3698/912/3471 3697/914/3494 3700/913/3472
f 3699/915/3473 3700/913/3472 3702/916/3474
f 3701/917/3475 3702/916/3474 3704/918/3476
f 3703/919/3477 3704/918/3476 3706/920/3478
f 3705/921/3479 3706/923/3478 3708/922/3480
f 3707/924/3481 3708/922/3480 3710/925/3482
f 3709/926/3483 3710/925/3482 3712/927/3484
f 3711/928/3485 3712/930/3484 3714/929/3486
f 3713/931/3487 3714/929/3486 3716/932/3488
f 3715/933/3489 3716/935/3488 3718/934/3490
f 3717/936/3491 3718/934/3490 3720/937/3492
f 3719/938/3493 3720/937/3492 3697/939/3494
f 3720/937/3492 3695/904/3469 3674/876/3447
f 3697/914/3494 3674/940/3447 3675/879/3449
f 3700/913/3472 3675/879/3449 3677/882/3451
f 3702/916/3474 3677/882/3451 3679/884/3453
f 3704/918/3476 3679/884/3453 3681/941/3455
f 3706/923/3478 3681/942/3455 3683/889/3457
f 3708/922/3480 3683/889/3457 3685/892/3459
f 3710/925/3482 3685/892/3459 3687/894/3461
f 3712/930/3484 3687/943/3461 3689/896/3463
f 3714/929/3486 3689/896/3463 3691/899/3465
f 3716/932/3488 3691/899/3465 3693/944/3467
f 3693/901/3467 3695/904/3469 3720/937/3492
f 3722/945/3495 3721/947/3518 3724/946/3496
f 3723/948/3497 3724/946/3496 3726/949/3498
f 3725/950/3499 3726/949/3498 3728/951/3500
f 3727/952/3501 3728/954/3500 3730/953/3502
f 3729/955/3503 3730/953/3502 3732/956/3504
f 3731/957/3505 3732/956/3504 3734/958/3506
f 3733/959/3507 3734/958/3506 3736/960/3508
f 3735/961/3509 3736/963/3508 3738/962/3510
f 3737/964/3511 3738/962/3510 3740/965/3512
f 3739/966/3513 3740/965/3512 3742/967/3514
f 3741/968/3515 3742/967/3514 3744/969/3516
f 3743/970/3517 3744/971/3516 3721/947/3518
f 3576/972/3519 3743/970/3517 3722/945/3495
f 3744/971/3516 3719/974/3493 3698/973/3471
f 3565/975/3520 3722/945/3495 3723/948/3497
f 3721/947/3518 3698/973/3471 3699/976/3473
f 3723/948/3497 3725/950/3499 3567/977/3522
f 3724/946/3496 3699/976/3473 3701/979/3475
f 3725/950/3499 3727/1011/3501 3568/980/3523
f 3726/949/3498 3701/979/3475 3703/981/3477
f 3727/952/3501 3729/955/3503 3569/982/3524
f 3728/954/3500 3703/984/3477 3705/921/3479
f 3729/955/3503 3731/957/3505 3570/985/3525
f 3730/953/3502 3705/921/3479 3707/924/3481
f 3731/957/3505 3733/959/3507 3571/986/3526
f 3732/956/3504 3707/924/3481 3709/926/3483
f 3733/988/3507 3735/961/3509 3572/987/3527
f 3734/958/3506 3709/926/3483 3711/990/3485
f 3572/987/3527 3735/961/3509 3737/964/3511
f 3736/991/3508 3711/928/3485 3713/931/3487
f 3573/992/3528 3737/964/3511 3739/966/3513
f 3738/962/3510 3713/993/3487 3715/933/3489
f 3574/994/3529 3739/966/3513 3741/968/3515
f 3740/965/3512 3715/933/3489 3717/936/3491
f 3575/995/3530 3741/968/3515 3743/996/3517
f 3742/967/3514 3717/936/3491 3719/938/3493
o Vert.004
v -1.318984 -0.051592 -0.085890
v -1.317428 -0.087522 -0.048659
v -1.315448 -0.100005 0.001538
v -1.313574 -0.085699 0.051250
v -1.312309 -0.048435 0.087157
v -1.311991 0.001800 0.099639
v -1.312706 0.051547 0.085349
v -1.314262 0.087477 0.048118
v -1.316242 0.099960 -0.002079
v -1.318116 0.085654 -0.051792
v -1.319381 0.048391 -0.087699
v -1.319699 -0.001845 -0.100180
v -1.319347 -0.057551 -0.095782
v -1.317611 -0.097631 -0.054250
v -1.315402 -0.111557 0.001747
v -1.313312 -0.095598 0.057203
v -1.311900 -0.054029 0.097259
v -1.311546 0.002011 0.111182
v -1.312343 0.057506 0.095241
v -1.314079 0.097586 0.053708
v -1.316288 0.111512 -0.002288
v -1.318378 0.095553 -0.057744
v -1.319789 0.053984 -0.097800
v -1.320144 -0.002056 -0.111723
v -1.371541 -0.056275 -0.091360
v -1.369848 -0.095347 -0.050872
v -1.367695 -0.108923 0.003716
v -1.365657 -0.093365 0.057777
v -1.364282 -0.052842 0.096825
v -1.363936 0.001789 0.110398
v -1.364713 0.055888 0.094859
v -1.366405 0.094960 0.054370
v -1.368559 0.108536 0.000000
v -1.370597 0.092978 -0.054279
v -1.371972 0.052455 -0.093327
v -1.372318 -0.002176 -0.106900
v -0.604004 0.745481 -0.081928
v -0.614806 0.779783 -0.044697
v -0.619950 0.791329 0.005500
v -0.618057 0.777025 0.055212
v -0.609634 0.740704 0.091119
v -0.596940 0.692098 0.103600
v -0.583374 0.644230 0.089311
v -0.572571 0.609928 0.052079
v -0.567428 0.598382 0.001883
v -0.569320 0.612687 -0.047830
v -0.577743 0.649008 -0.083737
v -0.590438 0.697614 -0.096218
v -0.605196 0.751330 -0.091821
v -0.617246 0.789595 -0.050288
v -0.622984 0.802475 0.005709
v -0.620872 0.786519 0.061165
v -0.611477 0.746001 0.101221
v -0.597315 0.691779 0.115144
v -0.582182 0.638381 0.099203
v -0.570131 0.600116 0.057670
v -0.564393 0.587236 0.001674
v -0.566505 0.603193 -0.053782
v -0.575901 0.643710 -0.093838
v -0.590062 0.697932 -0.107761
v -0.557161 0.760277 -0.085794
v -0.568422 0.796034 -0.046984
v -0.573784 0.808070 0.005343
v -0.571811 0.793159 0.057164
v -0.563031 0.755297 0.094595
v -0.549797 0.704629 0.107605
v -0.535656 0.654731 0.092710
v -0.524395 0.618973 0.053899
v -0.519033 0.606938 0.001572
v -0.521007 0.621848 -0.050249
v -0.529787 0.659710 -0.087680
v -0.543020 0.710379 -0.100690
v -0.654078 0.582801 -0.051662
v -0.716188 0.547420 -0.054890
v -0.760993 0.508032 -0.057586
v -0.793945 0.464341 -0.059871
v -0.818990 0.415304 -0.061818
v -0.838726 0.360608 -0.063410
v -0.855511 0.300992 -0.064574
v -0.872249 0.237691 -0.065217
v -0.892731 0.171999 -0.065230
v -0.921827 0.105573 -0.064476
v -0.965025 0.041735 -0.062818
v -1.026186 -0.013641 -0.060234
v -1.105508 -0.054717 -0.056902
v -1.201983 -0.079232 -0.053028
v -1.197950 -0.091409 -0.002881
v -1.098996 -0.066089 -0.006830
v -1.017054 -0.023476 -0.010248
v -0.953769 0.034000 -0.012897
v -0.909337 0.099865 -0.014577
v -0.879765 0.167670 -0.015314
v -0.859248 0.233914 -0.015266
v -0.842718 0.296980 -0.014588
v -0.826355 0.355649 -0.013402
v -0.807355 0.408777 -0.011813
v -0.783523 0.455799 -0.009900
v -0.752366 0.497369 -0.007679
v -0.709805 0.534957 -0.005061
v -0.650038 0.569132 -0.001902
v -1.198194 -0.077140 0.046873
v -1.101996 -0.052416 0.043000
v -1.023228 -0.011323 0.039681
v -0.962813 0.043746 0.037121
v -0.920374 0.106968 0.035485
v -0.891935 0.172607 0.034745
v -0.872012 0.237471 0.034761
v -0.855783 0.299971 0.035399
v -0.839502 0.358849 0.036551
v -0.820298 0.412908 0.038126
v -0.795814 0.461466 0.040054
v -0.763407 0.504897 0.042323
v -0.719046 0.544258 0.045010
v -0.657214 0.579793 0.048239
v -1.202648 -0.040246 0.082905
v -1.113704 -0.017361 0.079235
v -1.043054 0.019561 0.076175
v -0.989736 0.068361 0.073834
v -0.951981 0.124980 0.072296
v -0.925981 0.185485 0.071534
v -0.907123 0.247407 0.071461
v -0.891204 0.309165 0.071994
v -0.874643 0.369349 0.073065
v -0.854352 0.426590 0.074617
v -0.827524 0.479824 0.076607
v -0.791160 0.528597 0.079022
v -0.741436 0.572829 0.081906
v -0.673683 0.611928 0.085324
v -1.210120 0.009385 0.095558
v -1.130983 0.029684 0.092167
v -1.071220 0.060903 0.089456
v -1.027323 0.101250 0.087406
v -0.995688 0.149075 0.085993
v -0.972778 0.202856 0.085197
v -0.955171 0.261062 0.085000
v -0.939491 0.322098 0.085390
v -0.922362 0.384337 0.086356
v -0.900391 0.446157 0.087884
v -0.870156 0.505952 0.089964
v -0.828186 0.562120 0.092586
v -0.770975 0.613016 0.095742
v -0.695033 0.656925 0.099418
v -1.218607 0.058456 0.081443
v -1.149203 0.076111 0.078331
v -1.100178 0.101623 0.075964
v -1.065502 0.133600 0.074198
v -1.039784 0.172796 0.072906
v -1.019789 0.220064 0.072070
v -1.003282 0.274776 0.071749
v -0.987705 0.335304 0.071999
v -0.969873 0.399797 0.072862
v -0.946080 0.466366 0.074370
v -0.912287 0.532852 0.076546
v -0.864566 0.596484 0.079379
v -0.799748 0.654050 0.082809
v -0.715542 0.702728 0.086744
v -1.225836 0.093818 0.044342
v -1.163483 0.109482 0.041433
v -1.122171 0.130811 0.039314
v -1.094044 0.156742 0.037751
v -1.072455 0.189787 0.036541
v -1.054416 0.232498 0.035673
v -1.038566 0.284874 0.035260
v -1.022928 0.345246 0.035408
v -1.004446 0.411585 0.036199
v -0.979176 0.481802 0.037698
v -0.942628 0.553313 0.039949
v -0.890551 0.622480 0.042941
v -0.820046 0.684937 0.046574
v -0.729716 0.737064 0.050698
v -1.229869 0.105995 -0.005805
v -1.169995 0.120855 -0.008640
v -1.131303 0.140646 -0.010672
v -1.105301 0.164477 -0.012169
v -1.084945 0.195496 -0.013358
v -1.067382 0.236827 -0.014242
v -1.051567 0.288650 -0.014691
v -1.035721 0.349258 -0.014578
v -1.016816 0.416544 -0.013809
v -0.990811 0.488329 -0.012307
v -0.953049 0.561855 -0.010022
v -0.899179 0.633143 -0.006965
v -0.826430 0.697399 -0.003255
v -0.733757 0.750733 0.000938
v -1.229626 0.091725 -0.055560
v -1.166995 0.107181 -0.058470
v -1.125129 0.128493 -0.060602
v -1.096256 0.154730 -0.062187
v -1.073908 0.188392 -0.063420
v -1.055211 0.231891 -0.064301
v -1.038802 0.285094 -0.064719
v -1.022657 0.346267 -0.064565
v -1.003670 0.413344 -0.063762
v -0.977868 0.484198 -0.062246
v -0.940758 0.556187 -0.059976
v -0.888137 0.625615 -0.056967
v -0.817189 0.688099 -0.053326
v -0.726581 0.740072 -0.049203
v -1.225171 0.054832 -0.091591
v -1.155286 0.072126 -0.094705
v -1.105302 0.097609 -0.097096
v -1.069334 0.130116 -0.098901
v -1.042302 0.170380 -0.100232
v -1.021166 0.219012 -0.101091
v -1.003692 0.275157 -0.101419
v -0.987235 0.337073 -0.101160
v -0.968529 0.402844 -0.100276
v -0.943814 0.470516 -0.098738
v -0.909048 0.537830 -0.096529
v -0.860385 0.601915 -0.093667
v -0.794799 0.659528 -0.090222
v -0.710112 0.707937 -0.086288
v -1.217700 0.005201 -0.104244
v -1.138007 0.025082 -0.107637
v -1.077137 0.056267 -0.110376
v -1.031747 0.097227 -0.112472
v -0.998595 0.146285 -0.113929
v -0.974369 0.201641 -0.114753
v -0.955644 0.261503 -0.114957
v -0.938948 0.324140 -0.114556
v -0.920810 0.387855 -0.113567
v -0.897774 0.450949 -0.112004
v -0.866417 0.511701 -0.109886
v -0.823359 0.568391 -0.107230
v -0.765260 0.619341 -0.104057
v -0.688762 0.662940 -0.100382
v -1.209212 -0.043870 -0.090129
v -1.119787 -0.021346 -0.093800
v -1.048178 0.015548 -0.096884
v -0.993567 0.064877 -0.099264
v -0.954498 0.122565 -0.100841
v -0.927358 0.184433 -0.101627
v -0.907532 0.247789 -0.101706
v -0.890734 0.310933 -0.101165
v -0.873299 0.372396 -0.100073
v -0.852086 0.430740 -0.098490
v -0.824286 0.484802 -0.096468
v -0.786979 0.534028 -0.094024
v -0.736486 0.578306 -0.091125
v -0.668253 0.617136 -0.087708
v -1.318984 -0.051592 0.085890
v -1.317428 -0.087522 0.048659
v -1.315448 -0.100005 -0.001538
v -1.313574 -0.085699 -0.051250
v -1.312309 -0.048435 -0.087157
v -1.311991 0.001800 -0.099639
v -1.312706 0.051547 -0.085349
v -1.314262 0.087477 -0.048118
v -1.316242 0.099960 0.002079
v -1.318116 0.085654 0.051792
v -1.319381 0.048391 0.087699
v -1.319699 -0.001845 0.100180
v -1.319347 -0.057551 0.095782
v -1.317611 -0.097631 0.054250
v -1.315402 -0.111557 -0.001747
v -1.313312 -0.095598 -0.057203
v -1.311900 -0.054029 -0.097259
v -1.311546 0.002011 -0.111182
v -1.312343 0.057506 -0.095241
v -1.314079 0.097586 -0.053708
v -1.316288 0.111512 0.002288
v -1.318378 0.095553 0.057744
v -1.319789 0.053984 0.097800
v -1.320144 -0.002056 0.111723
v -1.371541 -0.056275 0.091360
v -1.369848 -0.095347 0.050872
v -1.367695 -0.108923 -0.003716
v -1.365657 -0.093365 -0.057777
v -1.364282 -0.052842 -0.096825
v -1.363936 0.001789 -0.110398
v -1.364713 0.055888 -0.094859
v -1.366405 0.094960 -0.054370
v -1.370597 0.092978 0.054279
v -1.371972 0.052455 0.093327
v -1.372318 -0.002176 0.106900
v -0.604004 0.745481 0.081928
v -0.614806 0.779783 0.044697
v -0.619950 0.791329 -0.005500
v -0.618057 0.777025 -0.055212
v -0.609634 0.740704 -0.091119
v -0.596940 0.692098 -0.103600
v -0.583374 0.644230 -0.089311
v -0.572571 0.609928 -0.052079
v -0.567428 0.598382 -0.001883
v -0.569320 0.612687 0.047830
v -0.577743 0.649008 0.083737
v -0.590438 0.697614 0.096218
v -0.605196 0.751330 0.091821
v -0.617246 0.789595 0.050288
v -0.622984 0.802475 -0.005709
v -0.620872 0.786519 -0.061165
v -0.611477 0.746001 -0.101221
v -0.597315 0.691779 -0.115144
v -0.582182 0.638381 -0.099203
v -0.570131 0.600116 -0.057670
v -0.564393 0.587236 -0.001674
v -0.566505 0.603193 0.053782
v -0.575901 0.643710 0.093838
v -0.590062 0.697932 0.107761
v -0.557161 0.760277 0.085794
v -0.568422 0.796034 0.046984
v -0.573784 0.808070 -0.005343
v -0.571811 0.793159 -0.057164
v -0.563031 0.755297 -0.094595
v -0.549797 0.704629 -0.107605
v -0.535656 0.654731 -0.092710
v -0.524395 0.618973 -0.053899
v -0.519033 0.606938 -0.001572
v -0.521007 0.621848 0.050249
v -0.529787 0.659710 0.087680
v -0.543020 0.710379 0.100690
v -0.654078 0.582801 0.051662
v -0.716188 0.547420 0.054890
v -0.760993 0.508032 0.057586
v -0.793945 0.464341 0.059871
v -0.818990 0.415304 0.061818
v -0.838726 0.360608 0.063410
v -0.855511 0.300992 0.064574
v -0.872249 0.237691 0.065217
v -0.892731 0.171999 0.065230
v -0.921827 0.105573 0.064476
v -0.965025 0.041735 0.062818
v -1.026186 -0.013641 0.060234
v -1.105508 -0.054717 0.056902
v -1.201983 -0.079232 0.053028
v -1.197950 -0.091409 0.002881
v -1.098996 -0.066089 0.006830
v -1.017054 -0.023476 0.010248
v -0.953769 0.034000 0.012897
v -0.909337 0.099865 0.014577
v -0.879765 0.167670 0.015314
v -0.859248 0.233914 0.015266
v -0.842718 0.296980 0.014588
v -0.826355 0.355649 0.013402
v -0.807355 0.408777 0.011813
v -0.783523 0.455799 0.009900
v -0.752366 0.497369 0.007679
v -0.709805 0.534957 0.005061
v -0.650038 0.569132 0.001902
v -1.198194 -0.077140 -0.046873
v -1.101996 -0.052416 -0.043000
v -1.023228 -0.011323 -0.039681
v -0.962813 0.043746 -0.037121
v -0.920374 0.106968 -0.035485
v -0.891935 0.172607 -0.034745
v -0.872012 0.237471 -0.034761
v -0.855783 0.299971 -0.035399
v -0.839502 0.358849 -0.036551
v -0.820298 0.412908 -0.038126
v -0.795814 0.461466 -0.040054
v -0.763407 0.504897 -0.042323
v -0.719046 0.544258 -0.045010
v -0.657214 0.579793 -0.048239
v -1.202648 -0.040246 -0.082905
v -1.113704 -0.017361 -0.079235
v -1.043054 0.019561 -0.076175
v -0.989736 0.068361 -0.073834
v -0.951981 0.124980 -0.072296
v -0.925981 0.185485 -0.071534
v -0.907123 0.247407 -0.071461
v -0.891204 0.309165 -0.071994
v -0.874643 0.369349 -0.073065
v -0.854352 0.426590 -0.074617
v -0.827524 0.479824 -0.076607
v -0.791160 0.528597 -0.079022
v -0.741436 0.572829 -0.081906
v -0.673683 0.611928 -0.085324
v -1.210120 0.009385 -0.095558
v -1.130983 0.029684 -0.092167
v -1.071220 0.060903 -0.089456
v -1.027323 0.101250 -0.087406
v -0.995688 0.149075 -0.085993
v -0.972778 0.202856 -0.085197
v -0.955171 0.261062 -0.085000
v -0.939491 0.322098 -0.085390
v -0.922362 0.384337 -0.086356
v -0.900391 0.446157 -0.087884
v -0.870156 0.505952 -0.089964
v -0.828186 0.562120 -0.092586
v -0.770975 0.613016 -0.095742
v -0.695033 0.656925 -0.099418
v -1.218607 0.058456 -0.081443
v -1.149203 0.076111 -0.078331
v -1.100178 0.101623 -0.075964
v -1.065502 0.133600 -0.074198
v -1.039784 0.172796 -0.072906
v -1.019789 0.220064 -0.072070
v -1.003282 0.274776 -0.071749
v -0.987705 0.335304 -0.071999
v -0.969873 0.399797 -0.072862
v -0.946080 0.466366 -0.074370
v -0.912287 0.532852 -0.076546
v -0.864566 0.596484 -0.079379
v -0.799748 0.654050 -0.082809
v -0.715542 0.702728 -0.086744
v -1.225836 0.093818 -0.044342
v -1.163483 0.109482 -0.041433
v -1.122171 0.130811 -0.039314
v -1.094044 0.156742 -0.037751
v -1.072455 0.189787 -0.036541
v -1.054416 0.232498 -0.035673
v -1.038566 0.284874 -0.035260
v -1.022928 0.345246 -0.035408
v -1.004446 0.411585 -0.036199
v -0.979176 0.481802 -0.037698
v -0.942628 0.553313 -0.039949
v -0.890551 0.622480 -0.042941
v -0.820046 0.684937 -0.046574
v -0.729716 0.737064 -0.050698
v -1.229869 0.105995 0.005805
v -1.169995 0.120855 0.008640
v -1.131303 0.140646 0.010672
v -1.105301 0.164477 0.012169
v -1.084945 0.195496 0.013358
v -1.067382 0.236827 0.014242
v -1.051567 0.288650 0.014691
v -1.035721 0.349258 0.014578
v -1.016816 0.416544 0.013809
v -0.990811 0.488329 0.012307
v -0.953049 0.561855 0.010022
v -0.899179 0.633143 0.006965
v -0.826430 0.697399 0.003255
v -0.733757 0.750733 -0.000938
v -1.229626 0.091725 0.055560
v -1.166995 0.107181 0.058470
v -1.125129 0.128493 0.060602
v -1.096256 0.154730 0.062187
v -1.073908 0.188392 0.063420
v -1.055211 0.231891 0.064301
v -1.038802 0.285094 0.064719
v -1.022657 0.346267 0.064565
v -1.003670 0.413344 0.063762
v -0.977868 0.484198 0.062246
v -0.940758 0.556187 0.059976
v -0.888137 0.625615 0.056967
v -0.817189 0.688099 0.053326
v -0.726581 0.740072 0.049203
v -1.225171 0.054832 0.091591
v -1.155286 0.072126 0.094705
v -1.105302 0.097609 0.097096
v -1.069334 0.130116 0.098901
v -1.042302 0.170380 0.100232
v -1.021166 0.219012 0.101091
v -1.003692 0.275157 0.101419
v -0.987235 0.337073 0.101160
v -0.968529 0.402844 0.100276
v -0.943814 0.470516 0.098738
v -0.909048 0.537830 0.096529
v -0.860385 0.601915 0.093667
v -0.794799 0.659528 0.090222
v -0.710112 0.707937 0.086288
v -1.217700 0.005201 0.104244
v -1.138007 0.025082 0.107637
v -1.077137 0.056267 0.110376
v -1.031747 0.097227 0.112472
v -0.998595 0.146285 0.113929
v -0.974369 0.201641 0.114753
v -0.955644 0.261503 0.114957
v -0.938948 0.324140 0.114556
v -0.920810 0.387855 0.113567
v -0.897774 0.450949 0.112004
v -0.866417 0.511701 0.109886
v -0.823359 0.568391 0.107230
v -0.765260 0.619341 0.104057
v -0.688762 0.662940 0.100382
v -1.209212 -0.043870 0.090129
v -1.119787 -0.021346 0.093800
v -1.048178 0.015548 0.096884
v -0.993567 0.064877 0.099264
v -0.954498 0.122565 0.100841
v -0.927358 0.184433 0.101627
v -0.907532 0.247789 0.101706
v -0.890734 0.310933 0.101165
v -0.873299 0.372396 0.100073
v -0.852086 0.430740 0.098490
v -0.824286 0.484802 0.096468
v -0.786979 0.534028 0.094024
v -0.736486 0.578306 0.091125
v -0.668253 0.617136 0.087708
v -1.318984 2.051592 -0.085890
v -1.317428 2.087522 -0.048659
v -1.315448 2.100005 0.001538
v -1.313574 2.085699 0.051250
v -1.312309 2.048435 0.087157
v -1.311991 1.998200 0.099639
v -1.312706 1.948452 0.085349
v -1.314262 1.912523 0.048118
v -1.316242 1.900040 -0.002079
v -1.318116 1.914346 -0.051792
v -1.319381 1.951610 -0.087699
v -1.319699 2.001845 -0.100180
v -1.319347 2.057551 -0.095782
v -1.317611 2.097631 -0.054250
v -1.315402 2.111557 0.001747
v -1.313312 2.095598 0.057203
v -1.311900 2.054029 0.097259
v -1.311546 1.997989 0.111182
v -1.312343 1.942494 0.095241
v -1.314079 1.902414 0.053708
v -1.316288 1.888488 -0.002288
v -1.318378 1.904447 -0.057744
v -1.319789 1.946016 -0.097800
v -1.320144 2.002056 -0.111723
v -1.371541 2.056275 -0.091360
v -1.369848 2.095347 -0.050872
v -1.367695 2.108923 0.003716
v -1.365657 2.093365 0.057777
v -1.364282 2.052842 0.096825
v -1.363936 1.998211 0.110398
v -1.364713 1.944112 0.094859
v -1.366405 1.905040 0.054370
v -1.368559 1.891464 0.000000
v -1.370597 1.907022 -0.054279
v -1.371972 1.947545 -0.093327
v -1.372318 2.002176 -0.106900
v -0.604004 1.254519 -0.081928
v -0.614806 1.220217 -0.044697
v -0.619950 1.208671 0.005500
v -0.618057 1.222975 0.055212
v -0.609634 1.259296 0.091119
v -0.596940 1.307902 0.103600
v -0.583374 1.355770 0.089311
v -0.572571 1.390072 0.052079
v -0.567428 1.401618 0.001883
v -0.569320 1.387313 -0.047830
v -0.577743 1.350992 -0.083737
v -0.590438 1.302386 -0.096218
v -0.605196 1.248670 -0.091821
v -0.617246 1.210405 -0.050288
v -0.622984 1.197525 0.005709
v -0.620872 1.213481 0.061165
v -0.611477 1.253999 0.101221
v -0.597315 1.308221 0.115144
v -0.582182 1.361619 0.099203
v -0.570131 1.399884 0.057670
v -0.564393 1.412764 0.001674
v -0.566505 1.396807 -0.053782
v -0.575901 1.356290 -0.093838
v -0.590062 1.302068 -0.107761
v -0.557161 1.239723 -0.085794
v -0.568422 1.203966 -0.046984
v -0.573784 1.191930 0.005343
v -0.571811 1.206841 0.057164
v -0.563031 1.244703 0.094595
v -0.549797 1.295371 0.107605
v -0.535656 1.345269 0.092710
v -0.524395 1.381027 0.053899
v -0.519033 1.393062 0.001572
v -0.521007 1.378152 -0.050249
v -0.529787 1.340290 -0.087680
v -0.543020 1.289621 -0.100690
v -0.654078 1.417199 -0.051662
v -0.716188 1.452580 -0.054890
v -0.760993 1.491968 -0.057586
v -0.793945 1.535659 -0.059871
v -0.818990 1.584696 -0.061818
v -0.838726 1.639392 -0.063410
v -0.855511 1.699008 -0.064574
v -0.872249 1.762309 -0.065217
v -0.892731 1.828001 -0.065230
v -0.921827 1.894427 -0.064476
v -0.965025 1.958265 -0.062818
v -1.026186 2.013641 -0.060234
v -1.105508 2.054717 -0.056902
v -1.201983 2.079232 -0.053028
v -1.197950 2.091409 -0.002881
v -1.098996 2.066089 -0.006830
v -1.017054 2.023476 -0.010248
v -0.953769 1.966000 -0.012897
v -0.909337 1.900135 -0.014577
v -0.879765 1.832330 -0.015314
v -0.859248 1.766086 -0.015266
v -0.842718 1.703020 -0.014588
v -0.826355 1.644351 -0.013402
v -0.807355 1.591223 -0.011813
v -0.783523 1.544201 -0.009900
v -0.752366 1.502631 -0.007679
v -0.709805 1.465043 -0.005061
v -0.650038 1.430868 -0.001902
v -1.198194 2.077140 0.046873
v -1.101996 2.052416 0.043000
v -1.023228 2.011323 0.039681
v -0.962813 1.956254 0.037121
v -0.920374 1.893032 0.035485
v -0.891935 1.827393 0.034745
v -0.872012 1.762529 0.034761
v -0.855783 1.700029 0.035399
v -0.839502 1.641151 0.036551
v -0.820298 1.587092 0.038126
v -0.795814 1.538534 0.040054
v -0.763407 1.495103 0.042323
v -0.719046 1.455742 0.045010
v -0.657214 1.420207 0.048239
v -1.202648 2.040246 0.082905
v -1.113704 2.017361 0.079235
v -1.043054 1.980439 0.076175
v -0.989736 1.931639 0.073834
v -0.951981 1.875020 0.072296
v -0.925981 1.814515 0.071534
v -0.907123 1.752593 0.071461
v -0.891204 1.690835 0.071994
v -0.874643 1.630651 0.073065
v -0.854352 1.573410 0.074617
v -0.827524 1.520176 0.076607
v -0.791160 1.471403 0.079022
v -0.741436 1.427171 0.081906
v -0.673683 1.388072 0.085324
v -1.210120 1.990615 0.095558
v -1.130983 1.970316 0.092167
v -1.071220 1.939097 0.089456
v -1.027323 1.898750 0.087406
v -0.995688 1.850925 0.085993
v -0.972778 1.797144 0.085197
v -0.955171 1.738938 0.085000
v -0.939491 1.677902 0.085390
v -0.922362 1.615663 0.086356
v -0.900391 1.553843 0.087884
v -0.870156 1.494048 0.089964
v -0.828186 1.437880 0.092586
v -0.770975 1.386984 0.095742
v -0.695033 1.343075 0.099418
v -1.218607 1.941544 0.081443
v -1.149203 1.923889 0.078331
v -1.100178 1.898377 0.075964
v -1.065502 1.866400 0.074198
v -1.039784 1.827204 0.072906
v -1.019789 1.779936 0.072070
v -1.003282 1.725224 0.071749
v -0.987705 1.664696 0.071999
v -0.969873 1.600203 0.072862
v -0.946080 1.533634 0.074370
v -0.912287 1.467148 0.076546
v -0.864566 1.403516 0.079379
v -0.799748 1.345950 0.082809
v -0.715542 1.297272 0.086744
v -1.225836 1.906182 0.044342
v -1.163483 1.890518 0.041433
v -1.122171 1.869189 0.039314
v -1.094044 1.843258 0.037751
v -1.072455 1.810213 0.036541
v -1.054416 1.767502 0.035673
v -1.038566 1.715127 0.035260
v -1.022928 1.654754 0.035408
v -1.004446 1.588415 0.036199
v -0.979176 1.518198 0.037698
v -0.942628 1.446687 0.039949
v -0.890551 1.377520 0.042941
v -0.820046 1.315063 0.046574
v -0.729716 1.262936 0.050698
v -1.229869 1.894005 -0.005805
v -1.169995 1.879145 -0.008640
v -1.131303 1.859354 -0.010672
v -1.105301 1.835524 -0.012169
v -1.084945 1.804504 -0.013358
v -1.067382 1.763173 -0.014242
v -1.051567 1.711349 -0.014691
v -1.035721 1.650742 -0.014578
v -1.016816 1.583456 -0.013809
v -0.990811 1.511671 -0.012307
v -0.953049 1.438145 -0.010022
v -0.899179 1.366857 -0.006965
v -0.826430 1.302601 -0.003255
v -0.733757 1.249267 0.000938
v -1.229626 1.908275 -0.055560
v -1.166995 1.892819 -0.058470
v -1.125129 1.871507 -0.060602
v -1.096256 1.845270 -0.062187
v -1.073908 1.811608 -0.063420
v -1.055211 1.768109 -0.064301
v -1.038802 1.714906 -0.064719
v -1.022657 1.653733 -0.064565
v -1.003670 1.586656 -0.063762
v -0.977868 1.515802 -0.062246
v -0.940758 1.443813 -0.059976
v -0.888137 1.374385 -0.056967
v -0.817189 1.311901 -0.053326
v -0.726581 1.259928 -0.049203
v -1.225171 1.945168 -0.091591
v -1.155286 1.927874 -0.094705
v -1.105302 1.902391 -0.097096
v -1.069334 1.869884 -0.098901
v -1.042302 1.829620 -0.100232
v -1.021166 1.780988 -0.101091
v -1.003692 1.724843 -0.101419
v -0.987235 1.662927 -0.101160
v -0.968529 1.597157 -0.100276
v -0.943814 1.529484 -0.098738
v -0.909048 1.462170 -0.096529
v -0.860385 1.398085 -0.093667
v -0.794799 1.340472 -0.090222
v -0.710112 1.292063 -0.086288
v -1.217700 1.994800 -0.104244
v -1.138007 1.974918 -0.107637
v -1.077137 1.943733 -0.110376
v -1.031747 1.902773 -0.112472
v -0.998595 1.853714 -0.113929
v -0.974369 1.798359 -0.114753
v -0.955644 1.738497 -0.114957
v -0.938948 1.675860 -0.114556
v -0.920810 1.612144 -0.113567
v -0.897774 1.549051 -0.112004
v -0.866417 1.488299 -0.109886
v -0.823359 1.431609 -0.107230
v -0.765260 1.380659 -0.104057
v -0.688762 1.337060 -0.100382
v -1.209212 2.043870 -0.090129
v -1.119787 2.021346 -0.093800
v -1.048178 1.984452 -0.096884
v -0.993567 1.935123 -0.099264
v -0.954498 1.877435 -0.100841
v -0.927358 1.815567 -0.101627
v -0.907532 1.752211 -0.101706
v -0.890734 1.689067 -0.101165
v -0.873299 1.627604 -0.100073
v -0.852086 1.569260 -0.098490
v -0.824286 1.515198 -0.096468
v -0.786979 1.465972 -0.094024
v -0.736486 1.421694 -0.091125
v -0.668253 1.382864 -0.087708
v -1.318984 2.051592 0.085890
v -1.317428 2.087522 0.048659
v -1.315448 2.100005 -0.001538
v -1.313574 2.085699 -0.051250
v -1.312309 2.048435 -0.087157
v -1.311991 1.998200 -0.099639
v -1.312706 1.948452 -0.085349
v -1.314262 1.912523 -0.048118
v -1.316242 1.900040 0.002079
v -1.318116 1.914346 0.051792
v -1.319381 1.951610 0.087699
v -1.319699 2.001845 0.100180
v -1.319347 2.057551 0.095782
v -1.317611 2.097631 0.054250
v -1.315402 2.111557 -0.001747
v -1.313312 2.095598 -0.057203
v -1.311900 2.054029 -0.097259
v -1.311546 1.997989 -0.111182
v -1.312343 1.942494 -0.095241
v -1.314079 1.902414 -0.053708
v -1.316288 1.888488 0.002288
v -1.318378 1.904447 0.057744
v -1.319789 1.946016 0.097800
v -1.320144 2.002056 0.111723
v -1.371541 2.056275 0.091360
v -1.369848 2.095347 0.050872
v -1.367695 2.108923 -0.003716
v -1.365657 2.093365 -0.057777
v -1.364282 2.052842 -0.096825
v -1.363936 1.998211 -0.110398
v -1.364713 1.944112 -0.094859
v -1.366405 1.905040 -0.054370
v -1.370597 1.907022 0.054279
v -1.371972 1.947545 0.093327
v -1.372318 2.002176 0.106900
v -0.604004 1.254519 0.081928
v -0.614806 1.220217 0.044697
v -0.619950 1.208671 -0.005500
v -0.618057 1.222975 -0.055212
v -0.609634 1.259296 -0.091119
v -0.596940 1.307902 -0.103600
v -0.583374 1.355770 -0.089311
v -0.572571 1.390072 -0.052079
v -0.567428 1.401618 -0.001883
v -0.569320 1.387313 0.047830
v -0.577743 1.350992 0.083737
v -0.590438 1.302386 0.096218
v -0.605196 1.248670 0.091821
v -0.617246 1.210405 0.050288
v -0.622984 1.197525 -0.005709
v -0.620872 1.213481 -0.061165
v -0.611477 1.253999 -0.101221
v -0.597315 1.308221 -0.115144
v -0.582182 1.361619 -0.099203
v -0.570131 1.399884 -0.057670
v -0.564393 1.412764 -0.001674
v -0.566505 1.396807 0.053782
v -0.575901 1.356290 0.093838
v -0.590062 1.302068 0.107761
v -0.557161 1.239723 0.085794
v -0.568422 1.203966 0.046984
v -0.573784 1.191930 -0.005343
v -0.571811 1.206841 -0.057164
v -0.563031 1.244703 -0.094595
v -0.549797 1.295371 -0.107605
v -0.535656 1.345269 -0.092710
v -0.524395 1.381027 -0.053899
v -0.519033 1.393062 -0.001572
v -0.521007 1.378152 0.050249
v -0.529787 1.340290 0.087680
v -0.543020 1.289621 0.100690
v -0.654078 1.417199 0.051662
v -0.716188 1.452580 0.054890
v -0.760993 1.491968 0.057586
v -0.793945 1.535659 0.059871
v -0.818990 1.584696 0.061818
v -0.838726 1.639392 0.063410
v -0.855511 1.699008 0.064574
v -0.872249 1.762309 0.065217
v -0.892731 1.828001 0.065230
v -0.921827 1.894427 0.064476
v -0.965025 1.958265 0.062818
v -1.026186 2.013641 0.060234
v -1.105508 2.054717 0.056902
v -1.201983 2.079232 0.053028
v -1.197950 2.091409 0.002881
v -1.098996 2.066089 0.006830
v -1.017054 2.023476 0.010248
v -0.953769 1.966000 0.012897
v -0.909337 1.900135 0.014577
v -0.879765 1.832330 0.015314
v -0.859248 1.766086 0.015266
v -0.842718 1.703020 0.014588
v -0.826355 1.644351 0.013402
v -0.807355 1.591223 0.011813
v -0.783523 1.544201 0.009900
v -0.752366 1.502631 0.007679
v -0.709805 1.465043 0.005061
v -0.650038 1.430868 0.001902
v -1.198194 2.077140 -0.046873
v -1.101996 2.052416 -0.043000
v -1.023228 2.011323 -0.039681
v -0.962813 1.956254 -0.037121
v -0.920374 1.893032 -0.035485
v -0.891935 1.827393 -0.034745
v -0.872012 1.762529 -0.034761
v -0.855783 1.700029 -0.035399
v -0.839502 1.641151 -0.036551
v -0.820298 1.587092 -0.038126
v -0.795814 1.538534 -0.040054
v -0.763407 1.495103 -0.042323
v -0.719046 1.455742 -0.045010
v -0.657214 1.420207 -0.048239
v -1.202648 2.040246 -0.082905
v -1.113704 2.017361 -0.079235
v -1.043054 1.980439 -0.076175
v -0.989736 1.931639 -0.073834
v -0.951981 1.875020 -0.072296
v -0.925981 1.814515 -0.071534
v -0.907123 1.752593 -0.071461
v -0.891204 1.690835 -0.071994
v -0.874643 1.630651 -0.073065
v -0.854352 1.573410 -0.074617
v -0.827524 1.520176 -0.076607
v -0.791160 1.471403 -0.079022
v -0.741436 1.427171 -0.081906
v -0.673683 1.388072 -0.085324
v -1.210120 1.990615 -0.095558
v -1.130983 1.970316 -0.092167
v -1.071220 1.939097 -0.089456
v -1.027323 1.898750 -0.087406
v -0.995688 1.850925 -0.085993
v -0.972778 1.797144 -0.085197
v -0.955171 1.738938 -0.085000
v -0.939491 1.677902 -0.085390
v -0.922362 1.615663 -0.086356
v -0.900391 1.553843 -0.087884
v -0.870156 1.494048 -0.089964
v -0.828186 1.437880 -0.092586
v -0.770975 1.386984 -0.095742
v -0.695033 1.343075 -0.099418
v -1.218607 1.941544 -0.081443
v -1.149203 1.923889 -0.078331
v -1.100178 1.898377 -0.075964
v -1.065502 1.866400 -0.074198
v -1.039784 1.827204 -0.072906
v -1.019789 1.779936 -0.072070
v -1.003282 1.725224 -0.071749
v -0.987705 1.664696 -0.071999
v -0.969873 1.600203 -0.072862
v -0.946080 1.533634 -0.074370
v -0.912287 1.467148 -0.076546
v -0.864566 1.403516 -0.079379
v -0.799748 1.345950 -0.082809
v -0.715542 1.297272 -0.086744
v -1.225836 1.906182 -0.044342
v -1.163483 1.890518 -0.041433
v -1.122171 1.869189 -0.039314
v -1.094044 1.843258 -0.037751
v -1.072455 1.810213 -0.036541
v -1.054416 1.767502 -0.035673
v -1.038566 1.715127 -0.035260
v -1.022928 1.654754 -0.035408
v -1.004446 1.588415 -0.036199
v -0.979176 1.518198 -0.037698
v -0.942628 1.446687 -0.039949
v -0.890551 1.377520 -0.042941
v -0.820046 1.315063 -0.046574
v -0.729716 1.262936 -0.050698
v -1.229869 1.894005 0.005805
v -1.169995 1.879145 0.008640
v -1.131303 1.859354 0.010672
v -1.105301 1.835524 0.012169
v -1.084945 1.804504 0.013358
v -1.067382 1.763173 0.014242
v -1.051567 1.711349 0.014691
v -1.035721 1.650742 0.014578
v -1.016816 1.583456 0.013809
v -0.990811 1.511671 0.012307
v -0.953049 1.438145 0.010022
v -0.899179 1.366857 0.006965
v -0.826430 1.302601 0.003255
v -0.733757 1.249267 -0.000938
v -1.229626 1.908275 0.055560
v -1.166995 1.892819 0.058470
v -1.125129 1.871507 0.060602
v -1.096256 1.845270 0.062187
v -1.073908 1.811608 0.063420
v -1.055211 1.768109 0.064301
v -1.038802 1.714906 0.064719
v -1.022657 1.653733 0.064565
v -1.003670 1.586656 0.063762
v -0.977868 1.515802 0.062246
v -0.940758 1.443813 0.059976
v -0.888137 1.374385 0.056967
v -0.817189 1.311901 0.053326
v -0.726581 1.259928 0.049203
v -1.225171 1.945168 0.091591
v -1.155286 1.927874 0.094705
v -1.105302 1.902391 0.097096
v -1.069334 1.869884 0.098901
v -1.042302 1.829620 0.100232
v -1.021166 1.780988 0.101091
v -1.003692 1.724843 0.101419
v -0.987235 1.662927 0.101160
v -0.968529 1.597157 0.100276
v -0.943814 1.529484 0.098738
v -0.909048 1.462170 0.096529
v -0.860385 1.398085 0.093667
v -0.794799 1.340472 0.090222
v -0.710112 1.292063 0.086288
v -1.217700 1.994800 0.104244
v -1.138007 1.974918 0.107637
v -1.077137 1.943733 0.110376
v -1.031747 1.902773 0.112472
v -0.998595 1.853714 0.113929
v -0.974369 1.798359 0.114753
v -0.955644 1.738497 0.114957
v -0.938948 1.675860 0.114556
v -0.920810 1.612144 0.113567
v -0.897774 1.549051 0.112004
v -0.866417 1.488299 0.109886
v -0.823359 1.431609 0.107230
v -0.765260 1.380659 0.104057
v -0.688762 1.337060 0.100382
v -1.209212 2.043870 0.090129
v -1.119787 2.021346 0.093800
v -1.048178 1.984452 0.096884
v -0.993567 1.935123 0.099264
v -0.954498 1.877435 0.100841
v -0.927358 1.815567 0.101627
v -0.907532 1.752211 0.101706
v -0.890734 1.689067 0.101165
v -0.873299 1.627604 0.100073
v -0.852086 1.569260 0.098490
v -0.824286 1.515198 0.096468
v -0.786979 1.465972 0.094024
v -0.736486 1.421694 0.091125
v -0.668253 1.382864 0.087708
vn 0.9992 0.0033 -0.0386
vn -0.0182 -0.4836 0.8751
vn -0.0150 0.0180 0.9997
vn -0.9992 -0.0033 0.0386
vn -0.0849 -0.5151 -0.8529
vn -0.0920 -0.0184 -0.9956
vn -0.0495 -0.9986 0.0201
vn -0.0693 -0.8739 -0.4811
vn -0.0573 0.9982 -0.0164
vn -0.0765 0.8555 -0.5122
vn -0.0577 0.9982 -0.0145
vn -0.0222 0.5148 0.8570
vn -0.0308 -0.8557 0.5165
vn -0.0762 0.8554 -0.5124
vn -0.0888 0.4833 -0.8710
vn -0.0374 0.8735 0.4855
vn -0.0377 0.8733 0.4857
vn -0.9644 -0.2618 -0.0386
vn 0.0233 0.4969 0.8675
vn 0.1509 0.0218 0.9883
vn 0.0220 0.5017 0.8648
vn 0.9644 0.2618 0.0386
vn 0.1340 0.0558 -0.9894
vn 0.0079 0.5291 -0.8485
vn 0.1343 0.0543 -0.9894
vn -0.0842 0.8791 -0.4692
vn -0.1128 0.9935 0.0165
vn -0.0826 0.8731 -0.4805
vn 0.3612 -0.7860 -0.5018
vn 0.3983 -0.9171 -0.0196
vn 0.3984 -0.9172 -0.0056
vn 0.2758 -0.4470 0.8509
vn 0.1505 0.0231 0.9883
vn -0.1127 0.9932 0.0305
vn -0.0745 0.8575 0.5091
vn 0.2644 -0.4296 -0.8635
vn 0.3597 -0.7803 -0.5116
vn 0.3667 -0.7915 0.4890
vn 0.2776 -0.4538 0.8468
vn -0.0730 0.8518 0.5188
vn 0.2630 -0.4247 -0.8663
vn 0.0061 0.5360 -0.8442
vn 0.3682 -0.7976 0.4778
vn 0.3058 -0.7996 -0.5168
vn 0.4174 -0.9086 -0.0144
vn 0.3759 -0.7681 -0.5183
vn 0.3349 -0.9421 -0.0151
vn 0.3439 -0.7984 0.4942
vn 0.1356 -0.4874 0.8626
vn 0.2723 -0.8273 0.4913
vn -0.0375 -0.0159 0.9992
vn 0.1768 -0.4703 0.8646
vn -0.2001 0.4569 0.8667
vn -0.0377 -0.0168 0.9992
vn -0.3086 0.8052 0.5063
vn -0.2412 0.4379 0.8660
vn -0.4195 0.9077 0.0141
vn -0.3801 0.7744 0.5058
vn -0.3360 0.9417 0.0151
vn -0.3492 0.8042 -0.4810
vn -0.2760 0.8328 -0.4798
vn -0.1872 0.4896 -0.8516
vn -0.1430 0.5047 -0.8514
vn 0.0251 0.0434 -0.9987
vn 0.0288 0.0396 -0.9988
vn 0.2317 -0.4177 -0.8785
vn 0.1935 -0.4391 -0.8774
vn 0.5826 -0.8127 -0.0093
vn 0.5166 -0.6841 -0.5149
vn 0.7350 -0.6781 -0.0038
vn 0.6449 -0.5685 -0.5107
vn 0.8493 -0.5280 0.0003
vn 0.7411 -0.4407 -0.5066
vn 0.9185 -0.3953 0.0020
vn 0.7989 -0.3293 -0.5033
vn 0.9530 -0.3030 0.0014
vn 0.8271 -0.2531 -0.5018
vn 0.9653 -0.2611 -0.0008
vn 0.8364 -0.2209 -0.5016
vn 0.9615 -0.2747 -0.0037
vn 0.8318 -0.2369 -0.5020
vn 0.9373 -0.3485 -0.0065
vn 0.8095 -0.3054 -0.5015
vn 0.7549 -0.4250 -0.4995
vn 0.7561 -0.6544 -0.0043
vn 0.6475 -0.5792 -0.4953
vn 0.5716 -0.8205 0.0016
vn 0.4834 -0.7259 -0.4893
vn 0.3570 -0.9341 0.0089
vn 0.2935 -0.8244 -0.4840
vn 0.1615 -0.9868 0.0148
vn 0.1215 -0.8684 -0.4807
vn 0.0734 -0.9972 0.0157
vn 0.0441 -0.8760 -0.4803
vn 0.4878 -0.7161 0.4993
vn 0.6210 -0.6005 0.5037
vn 0.7228 -0.4703 0.5063
vn 0.7866 -0.3538 0.5061
vn 0.8203 -0.2710 0.5037
vn 0.8346 -0.2312 0.4999
vn 0.8351 -0.2391 0.4953
vn 0.8183 -0.2992 0.4907
vn 0.7699 -0.4117 0.4876
vn 0.8766 -0.4812 -0.0072
vn 0.6696 -0.5601 0.4878
vn 0.5123 -0.7037 0.4924
vn 0.3278 -0.8020 0.4993
vn 0.1590 -0.8478 0.5059
vn 0.3368 -0.3582 0.8708
vn 0.3989 -0.2841 0.8719
vn 0.4407 -0.2161 0.8712
vn 0.4657 -0.1658 0.8693
vn 0.4797 -0.1392 0.8663
vn 0.4858 -0.1397 0.8628
vn 0.4824 -0.1707 0.8591
vn 0.4611 -0.2335 0.8561
vn 0.4085 -0.3194 0.8551
vn 0.3197 -0.4037 0.8572
vn 0.2134 -0.4604 0.8617
vn 0.1147 -0.4861 0.8663
vn 0.0832 -0.8579 0.5070
vn 0.2596 -0.4232 0.8680
vn -0.0363 -0.0201 0.9991
vn -0.0307 -0.0212 0.9993
vn -0.0226 -0.0198 0.9995
vn -0.0134 -0.0158 0.9998
vn -0.0041 -0.0098 0.9999
vn 0.0057 -0.0032 1.0000
vn 0.0162 0.0029 0.9999
vn 0.0275 0.0068 0.9996
vn 0.0372 0.0071 0.9993
vn 0.0414 0.0052 0.9991
vn 0.0420 0.0055 0.9991
vn 0.0404 0.0067 0.9992
vn 0.0708 -0.4923 0.8676
vn -0.0379 -0.0178 0.9991
vn -0.3967 0.3211 0.8600
vn -0.4488 0.2466 0.8590
vn -0.4771 0.1819 0.8598
vn -0.4874 0.1388 0.8621
vn -0.4863 0.1222 0.8652
vn -0.4769 0.1339 0.8687
vn -0.4568 0.1750 0.8722
vn -0.4177 0.2447 0.8750
vn -0.3487 0.3333 0.8760
vn -0.2507 0.4168 0.8738
vn -0.1407 0.4746 0.8689
vn -0.0441 0.5013 0.8642
vn 0.0401 0.0070 0.9992
vn -0.3231 0.3892 0.8627
vn -0.6503 0.5758 0.4955
vn -0.7458 0.4482 0.4928
vn -0.8031 0.3351 0.4927
vn -0.8302 0.2564 0.4950
vn -0.8379 0.2216 0.4988
vn -0.8316 0.2348 0.5033
vn -0.8079 0.2990 0.5078
vn -0.7527 0.4150 0.5111
vn -0.6437 0.5691 0.5116
vn -0.4761 0.7179 0.5079
vn -0.2846 0.8175 0.5006
vn -0.1161 0.8619 0.4936
vn -0.0008 0.5071 0.8619
vn -0.5836 0.8120 0.0088
vn -0.5216 0.6910 0.5004
vn -0.7337 0.6795 0.0032
vn -0.8469 0.5318 -0.0011
vn -0.9167 0.3995 -0.0031
vn -0.9521 0.3058 -0.0027
vn -0.9651 0.2617 -0.0007
vn -0.9623 0.2721 0.0017
vn -0.9397 0.3421 0.0038
vn -0.8813 0.4725 0.0051
vn -0.7616 0.6481 0.0033
vn -0.5708 0.8211 -0.0027
vn -0.3510 0.9363 -0.0096
vn -0.1567 0.9875 -0.0149
vn -0.0710 0.9974 -0.0155
vn -0.0415 0.8704 0.4906
vn -0.4936 0.7220 -0.4849
vn -0.6264 0.6062 -0.4900
vn -0.7268 0.4763 -0.4949
vn -0.7894 0.3586 -0.4983
vn -0.8216 0.2738 -0.5000
vn -0.8343 0.2317 -0.5003
vn -0.8332 0.2366 -0.4998
vn -0.8151 0.2929 -0.4998
vn -0.6651 0.5484 -0.5068
vn -0.5064 0.6940 -0.5118
vn -0.3208 0.7942 -0.5160
vn -0.1547 0.8410 -0.5185
vn -0.0809 0.8523 -0.5167
vn -0.2743 0.4430 -0.8535
vn -0.3554 0.3743 -0.8565
vn -0.4162 0.2958 -0.8598
vn -0.4541 0.2231 -0.8626
vn -0.4734 0.1691 -0.8644
vn -0.4810 0.1399 -0.8655
vn -0.4803 0.1377 -0.8662
vn -0.4698 0.1644 -0.8673
vn -0.7660 0.4011 -0.5023
vn -0.4423 0.2202 -0.8694
vn -0.3020 0.3761 -0.8760
vn -0.2023 0.4341 -0.8779
vn -0.1104 0.4647 -0.8786
vn -0.0691 0.4754 -0.8771
vn 0.0189 0.0451 -0.9988
vn 0.0116 0.0421 -0.9990
vn 0.0067 0.0363 -0.9993
vn 0.0036 0.0281 -0.9996
vn 0.0021 0.0194 -0.9998
vn 0.0014 0.0106 -0.9999
vn 0.0010 0.0012 -1.0000
vn 0.0003 -0.0093 -1.0000
vn -0.0016 -0.0212 -0.9998
vn -0.3864 0.2983 -0.8728
vn -0.0168 -0.0408 -0.9990
vn -0.0283 -0.0405 -0.9988
vn -0.0355 -0.0351 -0.9988
vn -0.0382 -0.0294 -0.9988
vn 0.3090 -0.3682 -0.8769
vn 0.3784 -0.3037 -0.8744
vn 0.4311 -0.2337 -0.8715
vn 0.4630 -0.1743 -0.8691
vn 0.4786 -0.1352 -0.8676
vn 0.4837 -0.1215 -0.8667
vn 0.4810 -0.1359 -0.8661
vn 0.4680 -0.1812 -0.8650
vn 0.4354 -0.2573 -0.8627
vn -0.0067 -0.0332 -0.9994
vn 0.3701 -0.3531 -0.8593
vn 0.1531 -0.4997 -0.8526
vn 0.0495 -0.5220 -0.8515
vn 0.0034 -0.5236 -0.8519
vn 0.2694 -0.4423 -0.8554
vn 0.9992 0.0033 0.0386
vn -0.0182 -0.4836 -0.8751
vn -0.0150 0.0180 -0.9997
vn -0.9992 -0.0033 -0.0386
vn -0.0920 -0.0184 0.9956
vn -0.0849 -0.5151 0.8529
vn -0.0693 -0.8739 0.4811
vn -0.0495 -0.9986 -0.0201
vn -0.0573 0.9982 0.0164
vn -0.0765 0.8555 0.5122
vn -0.0762 0.8554 0.5124
vn -0.0222 0.5148 -0.8570
vn -0.0308 -0.8557 -0.5165
vn -0.0888 0.4833 0.8710
vn -0.0374 0.8735 -0.4855
vn -0.0577 0.9982 0.0145
vn -0.9644 -0.2618 0.0386
vn 0.0233 0.4969 -0.8675
vn 0.1509 0.0218 -0.9883
vn 0.1505 0.0231 -0.9883
vn 0.9644 0.2618 -0.0386
vn 0.1340 0.0558 0.9894
vn 0.0079 0.5291 0.8485
vn 0.0061 0.5360 0.8442
vn -0.0842 0.8791 0.4692
vn -0.1128 0.9935 -0.0165
vn -0.1127 0.9932 -0.0305
vn 0.3983 -0.9171 0.0196
vn 0.3612 -0.7860 0.5018
vn 0.3984 -0.9172 0.0056
vn 0.2758 -0.4470 -0.8509
vn -0.0745 0.8575 -0.5091
vn -0.0730 0.8518 -0.5188
vn 0.3597 -0.7803 0.5116
vn 0.2644 -0.4296 0.8635
vn 0.2776 -0.4538 -0.8468
vn 0.3667 -0.7915 -0.4890
vn 0.0220 0.5017 -0.8648
vn 0.2630 -0.4247 0.8663
vn -0.0826 0.8731 0.4805
vn 0.3682 -0.7976 -0.4778
vn 0.3058 -0.7996 0.5168
vn 0.4174 -0.9086 0.0144
vn 0.3349 -0.9421 0.0151
vn 0.3439 -0.7984 -0.4942
vn 0.2723 -0.8273 -0.4913
vn 0.1356 -0.4874 -0.8626
vn 0.1768 -0.4703 -0.8646
vn -0.0375 -0.0159 -0.9992
vn -0.0377 -0.0168 -0.9992
vn -0.2001 0.4569 -0.8667
vn -0.2412 0.4379 -0.8660
vn -0.3086 0.8052 -0.5063
vn -0.4195 0.9077 -0.0141
vn -0.3360 0.9417 -0.0151
vn -0.3492 0.8042 0.4810
vn -0.2760 0.8328 0.4798
vn -0.1872 0.4896 0.8516
vn -0.1430 0.5047 0.8514
vn 0.0251 0.0434 0.9987
vn 0.0288 0.0396 0.9988
vn 0.2317 -0.4177 0.8785
vn 0.1935 -0.4391 0.8774
vn 0.3759 -0.7681 0.5183
vn 0.5826 -0.8127 0.0093
vn 0.5166 -0.6841 0.5149
vn 0.7350 -0.6781 0.0038
vn 0.6449 -0.5685 0.5107
vn 0.8493 -0.5280 -0.0003
vn 0.7411 -0.4407 0.5066
vn 0.9185 -0.3953 -0.0020
vn 0.7989 -0.3293 0.5033
vn 0.9530 -0.3030 -0.0014
vn 0.8271 -0.2531 0.5018
vn 0.9653 -0.2611 0.0008
vn 0.8364 -0.2209 0.5016
vn 0.9615 -0.2747 0.0037
vn 0.8318 -0.2369 0.5020
vn 0.9373 -0.3485 0.0065
vn 0.7549 -0.4250 0.4995
vn 0.8095 -0.3054 0.5015
vn 0.7561 -0.6544 0.0043
vn 0.8766 -0.4812 0.0072
vn 0.6475 -0.5792 0.4953
vn 0.5716 -0.8205 -0.0016
vn 0.4834 -0.7259 0.4893
vn 0.3570 -0.9341 -0.0089
vn 0.2935 -0.8244 0.4840
vn 0.1615 -0.9868 -0.0148
vn 0.1215 -0.8684 0.4807
vn 0.0734 -0.9972 -0.0157
vn 0.4878 -0.7161 -0.4993
vn 0.6210 -0.6005 -0.5037
vn 0.7228 -0.4703 -0.5063
vn 0.7866 -0.3538 -0.5061
vn 0.8203 -0.2710 -0.5037
vn 0.8346 -0.2312 -0.4999
vn 0.8351 -0.2391 -0.4953
vn 0.8183 -0.2992 -0.4907
vn 0.7699 -0.4117 -0.4876
vn 0.6696 -0.5601 -0.4878
vn 0.5123 -0.7037 -0.4924
vn 0.3278 -0.8020 -0.4993
vn 0.1590 -0.8478 -0.5059
vn 0.3368 -0.3582 -0.8708
vn 0.2596 -0.4232 -0.8680
vn 0.3989 -0.2841 -0.8719
vn 0.4407 -0.2161 -0.8712
vn 0.4657 -0.1658 -0.8693
vn 0.4797 -0.1392 -0.8663
vn 0.4858 -0.1397 -0.8628
vn 0.4824 -0.1707 -0.8591
vn 0.4611 -0.2335 -0.8561
vn 0.4085 -0.3194 -0.8551
vn 0.3197 -0.4037 -0.8572
vn 0.2134 -0.4604 -0.8617
vn 0.0832 -0.8579 -0.5070
vn 0.1147 -0.4861 -0.8663
vn -0.0363 -0.0201 -0.9991
vn -0.0379 -0.0178 -0.9991
vn -0.0307 -0.0212 -0.9993
vn -0.0226 -0.0198 -0.9995
vn -0.0134 -0.0158 -0.9998
vn -0.0041 -0.0098 -0.9999
vn 0.0057 -0.0032 -1.0000
vn 0.0162 0.0029 -0.9999
vn 0.0275 0.0068 -0.9996
vn 0.0372 0.0071 -0.9993
vn 0.0414 0.0052 -0.9991
vn 0.0420 0.0055 -0.9991
vn 0.0708 -0.4923 -0.8676
vn 0.0404 0.0067 -0.9992
vn -0.3967 0.3211 -0.8600
vn -0.3231 0.3892 -0.8627
vn -0.4488 0.2466 -0.8590
vn -0.4771 0.1819 -0.8598
vn -0.4874 0.1388 -0.8621
vn -0.4863 0.1222 -0.8652
vn -0.4769 0.1339 -0.8687
vn -0.4568 0.1750 -0.8722
vn -0.4177 0.2447 -0.8750
vn -0.3487 0.3333 -0.8760
vn -0.2507 0.4168 -0.8738
vn -0.1407 0.4746 -0.8689
vn 0.0401 0.0070 -0.9992
vn -0.0441 0.5013 -0.8642
vn -0.3801 0.7744 -0.5058
vn -0.6503 0.5758 -0.4955
vn -0.5216 0.6910 -0.5004
vn -0.7458 0.4482 -0.4928
vn -0.8031 0.3351 -0.4927
vn -0.8302 0.2564 -0.4950
vn -0.8379 0.2216 -0.4988
vn -0.8316 0.2348 -0.5033
vn -0.8079 0.2990 -0.5078
vn -0.7527 0.4150 -0.5111
vn -0.6437 0.5691 -0.5116
vn -0.4761 0.7179 -0.5079
vn -0.2846 0.8175 -0.5006
vn -0.0008 0.5071 -0.8619
vn -0.1161 0.8619 -0.4936
vn -0.5836 0.8120 -0.0088
vn -0.7337 0.6795 -0.0032
vn -0.8469 0.5318 0.0011
vn -0.9167 0.3995 0.0031
vn -0.9521 0.3058 0.0027
vn -0.9651 0.2617 0.0007
vn -0.9623 0.2721 -0.0017
vn -0.9397 0.3421 -0.0038
vn -0.8813 0.4725 -0.0051
vn -0.7616 0.6481 -0.0033
vn -0.5708 0.8211 0.0027
vn -0.3510 0.9363 0.0096
vn -0.1567 0.9875 0.0149
vn -0.0710 0.9974 0.0155
vn -0.4936 0.7220 0.4849
vn -0.6264 0.6062 0.4900
vn -0.7268 0.4763 0.4949
vn -0.7894 0.3586 0.4983
vn -0.8216 0.2738 0.5000
vn -0.8343 0.2317 0.5003
vn -0.8332 0.2366 0.4998
vn -0.8151 0.2929 0.4998
vn -0.6651 0.5484 0.5068
vn -0.7660 0.4011 0.5023
vn -0.5064 0.6940 0.5118
vn -0.3208 0.7942 0.5160
vn -0.1547 0.8410 0.5185
vn -0.0809 0.8523 0.5167
vn -0.2743 0.4430 0.8535
vn -0.3554 0.3743 0.8565
vn -0.4162 0.2958 0.8598
vn -0.4541 0.2231 0.8626
vn -0.4734 0.1691 0.8644
vn -0.4810 0.1399 0.8655
vn -0.4803 0.1377 0.8662
vn -0.4698 0.1644 0.8673
vn -0.4423 0.2202 0.8694
vn -0.3020 0.3761 0.8760
vn -0.3864 0.2983 0.8728
vn -0.2023 0.4341 0.8779
vn -0.1104 0.4647 0.8786
vn -0.0691 0.4754 0.8771
vn 0.0189 0.0451 0.9988
vn 0.0116 0.0421 0.9990
vn 0.0067 0.0363 0.9993
vn 0.0036 0.0281 0.9996
vn 0.0021 0.0194 0.9998
vn 0.0014 0.0106 0.9999
vn 0.0010 0.0012 1.0000
vn 0.0003 -0.0093 1.0000
vn -0.0016 -0.0212 0.9998
vn -0.0168 -0.0408 0.9990
vn -0.0067 -0.0332 0.9994
vn -0.0283 -0.0405 0.9988
vn -0.0355 -0.0351 0.9988
vn -0.0382 -0.0294 0.9988
vn 0.3090 -0.3682 0.8769
vn 0.3784 -0.3037 0.8744
vn 0.4311 -0.2337 0.8715
vn 0.4630 -0.1743 0.8691
vn 0.4786 -0.1352 0.8676
vn 0.4837 -0.1215 0.8667
vn 0.4810 -0.1359 0.8661
vn 0.4680 -0.1812 0.8650
vn 0.4354 -0.2573 0.8627
vn 0.3701 -0.3531 0.8593
vn 0.1531 -0.4997 0.8526
vn 0.2694 -0.4423 0.8554
vn 0.0495 -0.5220 0.8515
vn 0.0034 -0.5236 0.8519
vn 0.0441 -0.8760 0.4803
vn 0.9992 -0.0033 -0.0386
vn 0.9993 -0.0033 -0.0386
vn -0.0182 0.4836 0.8751
vn -0.0150 -0.0180 0.9997
vn -0.9992 0.0033 0.0386
vn -0.0920 0.0184 -0.9956
vn -0.0849 0.5151 -0.8529
vn -0.0693 0.8739 -0.4811
vn -0.0495 0.9986 0.0201
vn -0.0573 -0.9982 -0.0164
vn -0.0765 -0.8555 -0.5122
vn -0.0762 -0.8554 -0.5124
vn -0.0222 -0.5148 0.8570
vn -0.0308 0.8557 0.5165
vn -0.0888 -0.4833 -0.8710
vn -0.0374 -0.8735 0.4855
vn -0.0577 -0.9982 -0.0145
vn -0.9644 0.2618 -0.0386
vn 0.0233 -0.4969 0.8675
vn 0.1509 -0.0218 0.9883
vn 0.1505 -0.0231 0.9883
vn 0.9644 -0.2618 0.0386
vn 0.1340 -0.0558 -0.9894
vn 0.0079 -0.5291 -0.8485
vn 0.0061 -0.5360 -0.8442
vn -0.0842 -0.8791 -0.4692
vn -0.1128 -0.9935 0.0165
vn -0.1127 -0.9932 0.0305
vn 0.3983 0.9171 -0.0196
vn 0.3612 0.7860 -0.5018
vn 0.3984 0.9172 -0.0056
vn 0.2758 0.4470 0.8509
vn -0.0745 -0.8575 0.5091
vn -0.0730 -0.8518 0.5188
vn 0.3597 0.7803 -0.5116
vn 0.2644 0.4296 -0.8635
vn 0.2776 0.4538 0.8468
vn 0.3667 0.7915 0.4890
vn 0.0220 -0.5017 0.8648
vn 0.2630 0.4247 -0.8663
vn -0.0826 -0.8731 -0.4805
vn 0.3682 0.7976 0.4778
vn 0.3058 0.7996 -0.5168
vn 0.4174 0.9086 -0.0144
vn 0.3349 0.9421 -0.0151
vn 0.3439 0.7984 0.4942
vn 0.2723 0.8273 0.4913
vn 0.1356 0.4874 0.8626
vn 0.1768 0.4703 0.8646
vn -0.0375 0.0159 0.9992
vn -0.0377 0.0168 0.9992
vn -0.2001 -0.4569 0.8667
vn -0.2412 -0.4379 0.8660
vn -0.3086 -0.8052 0.5063
vn -0.4195 -0.9077 0.0141
vn -0.3360 -0.9417 0.0151
vn -0.3492 -0.8042 -0.4810
vn -0.2760 -0.8328 -0.4798
vn -0.1872 -0.4896 -0.8516
vn -0.1430 -0.5047 -0.8514
vn 0.0251 -0.0434 -0.9987
vn 0.0288 -0.0396 -0.9988
vn 0.2317 0.4177 -0.8785
vn 0.1935 0.4391 -0.8774
vn 0.3759 0.7681 -0.5183
vn 0.5826 0.8127 -0.0093
vn 0.5166 0.6841 -0.5149
vn 0.7350 0.6781 -0.0038
vn 0.6449 0.5685 -0.5107
vn 0.8493 0.5280 0.0003
vn 0.7411 0.4407 -0.5066
vn 0.9185 0.3953 0.0020
vn 0.7989 0.3293 -0.5033
vn 0.9530 0.3030 0.0014
vn 0.8271 0.2531 -0.5018
vn 0.9653 0.2611 -0.0008
vn 0.8364 0.2209 -0.5016
vn 0.9615 0.2747 -0.0037
vn 0.8318 0.2369 -0.5020
vn 0.9373 0.3485 -0.0065
vn 0.7549 0.4250 -0.4995
vn 0.8095 0.3054 -0.5015
vn 0.7561 0.6544 -0.0043
vn 0.8766 0.4812 -0.0072
vn 0.6475 0.5792 -0.4953
vn 0.5716 0.8205 0.0016
vn 0.4834 0.7259 -0.4893
vn 0.3570 0.9341 0.0089
vn 0.2935 0.8244 -0.4840
vn 0.1615 0.9868 0.0148
vn 0.1215 0.8684 -0.4807
vn 0.0734 0.9972 0.0157
vn 0.4878 0.7161 0.4993
vn 0.6210 0.6005 0.5037
vn 0.7228 0.4703 0.5063
vn 0.7866 0.3538 0.5061
vn 0.8203 0.2710 0.5037
vn 0.8346 0.2312 0.4999
vn 0.8351 0.2391 0.4953
vn 0.8183 0.2992 0.4907
vn 0.7699 0.4117 0.4876
vn 0.6696 0.5601 0.4878
vn 0.5123 0.7037 0.4924
vn 0.3278 0.8020 0.4993
vn 0.1590 0.8478 0.5059
vn 0.3368 0.3582 0.8708
vn 0.2596 0.4232 0.8680
vn 0.3989 0.2841 0.8719
vn 0.4407 0.2161 0.8712
vn 0.4657 0.1658 0.8693
vn 0.4797 0.1392 0.8663
vn 0.4858 0.1397 0.8628
vn 0.4824 0.1707 0.8591
vn 0.4611 0.2335 0.8561
vn 0.4085 0.3194 0.8551
vn 0.3197 0.4037 0.8572
vn 0.2134 0.4604 0.8617
vn 0.0832 0.8579 0.5070
vn 0.1147 0.4861 0.8663
vn -0.0363 0.0201 0.9991
vn -0.0379 0.0178 0.9991
vn -0.0307 0.0212 0.9993
vn -0.0226 0.0198 0.9995
vn -0.0134 0.0158 0.9998
vn -0.0041 0.0098 0.9999
vn 0.0057 0.0032 1.0000
vn 0.0162 -0.0029 0.9999
vn 0.0275 -0.0068 0.9996
vn 0.0372 -0.0071 0.9993
vn 0.0414 -0.0052 0.9991
vn 0.0420 -0.0055 0.9991
vn 0.0708 0.4923 0.8676
vn 0.0404 -0.0067 0.9992
vn -0.3967 -0.3211 0.8600
vn -0.3231 -0.3892 0.8627
vn -0.4488 -0.2466 0.8590
vn -0.4771 -0.1819 0.8598
vn -0.4874 -0.1388 0.8621
vn -0.4863 -0.1222 0.8652
vn -0.4769 -0.1339 0.8687
vn -0.4568 -0.1750 0.8722
vn -0.4177 -0.2447 0.8750
vn -0.3487 -0.3333 0.8760
vn -0.2507 -0.4168 0.8738
vn -0.1406 -0.4746 0.8689
vn 0.0401 -0.0070 0.9992
vn -0.0441 -0.5013 0.8642
vn -0.3801 -0.7744 0.5058
vn -0.6503 -0.5758 0.4955
vn -0.5216 -0.6910 0.5004
vn -0.7458 -0.4482 0.4928
vn -0.8031 -0.3351 0.4927
vn -0.8302 -0.2564 0.4950
vn -0.8379 -0.2216 0.4988
vn -0.8316 -0.2348 0.5033
vn -0.8079 -0.2990 0.5078
vn -0.7527 -0.4150 0.5111
vn -0.6437 -0.5691 0.5117
vn -0.4761 -0.7179 0.5079
vn -0.2846 -0.8175 0.5006
vn -0.0008 -0.5071 0.8619
vn -0.1161 -0.8619 0.4936
vn -0.5836 -0.8120 0.0088
vn -0.7337 -0.6795 0.0032
vn -0.8469 -0.5318 -0.0011
vn -0.9167 -0.3995 -0.0031
vn -0.9521 -0.3058 -0.0027
vn -0.9651 -0.2617 -0.0007
vn -0.9623 -0.2721 0.0017
vn -0.9397 -0.3421 0.0038
vn -0.8813 -0.4725 0.0051
vn -0.7616 -0.6481 0.0033
vn -0.5708 -0.8211 -0.0027
vn -0.3510 -0.9363 -0.0096
vn -0.1567 -0.9875 -0.0149
vn -0.0710 -0.9974 -0.0155
vn -0.4936 -0.7220 -0.4849
vn -0.6264 -0.6062 -0.4900
vn -0.7268 -0.4763 -0.4949
vn -0.7894 -0.3586 -0.4983
vn -0.8216 -0.2738 -0.5000
vn -0.8343 -0.2317 -0.5003
vn -0.8332 -0.2366 -0.4998
vn -0.8151 -0.2929 -0.4998
vn -0.6651 -0.5484 -0.5068
vn -0.7660 -0.4011 -0.5023
vn -0.5064 -0.6940 -0.5118
vn -0.3208 -0.7942 -0.5160
vn -0.1547 -0.8410 -0.5185
vn -0.0809 -0.8523 -0.5167
vn -0.2743 -0.4430 -0.8535
vn -0.3554 -0.3743 -0.8565
vn -0.4162 -0.2958 -0.8598
vn -0.4541 -0.2231 -0.8626
vn -0.4734 -0.1691 -0.8644
vn -0.4810 -0.1399 -0.8655
vn -0.4803 -0.1377 -0.8662
vn -0.4698 -0.1644 -0.8673
vn -0.4423 -0.2202 -0.8694
vn -0.3020 -0.3761 -0.8760
vn -0.3864 -0.2983 -0.8728
vn -0.2023 -0.4341 -0.8779
vn -0.1104 -0.4647 -0.8786
vn -0.0691 -0.4754 -0.8771
vn 0.0189 -0.0451 -0.9988
vn 0.0116 -0.0421 -0.9990
vn 0.0067 -0.0363 -0.9993
vn 0.0036 -0.0281 -0.9996
vn 0.0021 -0.0194 -0.9998
vn 0.0014 -0.0106 -0.9999
vn 0.0010 -0.0012 -1.0000
vn 0.0003 0.0093 -1.0000
vn -0.0016 0.0212 -0.9998
vn -0.0168 0.0408 -0.9990
vn -0.0067 0.0332 -0.9994
vn -0.0283 0.0405 -0.9988
vn -0.0355 0.0351 -0.9988
vn -0.0382 0.0294 -0.9988
vn 0.3090 0.3682 -0.8769
vn 0.3784 0.3037 -0.8744
vn 0.4311 0.2337 -0.8715
vn 0.4630 0.1743 -0.8691
vn 0.4786 0.1352 -0.8676
vn 0.4837 0.1215 -0.8667
vn 0.4810 0.1359 -0.8661
vn 0.4680 0.1812 -0.8650
vn 0.4354 0.2573 -0.8627
vn 0.3701 0.3531 -0.8593
vn 0.1531 0.4997 -0.8526
vn 0.2694 0.4423 -0.8554
vn 0.0495 0.5220 -0.8515
vn 0.0034 0.5236 -0.8519
vn 0.0441 0.8760 -0.4803
vn 0.9992 -0.0033 0.0386
vn 0.9993 -0.0033 0.0386
vn -0.0182 0.4836 -0.8751
vn -0.0150 -0.0180 -0.9997
vn -0.9992 0.0033 -0.0386
vn -0.0849 0.5151 0.8529
vn -0.0920 0.0184 0.9956
vn -0.0495 0.9986 -0.0201
vn -0.0693 0.8739 0.4811
vn -0.0573 -0.9982 0.0164
vn -0.0765 -0.8555 0.5122
vn -0.0577 -0.9982 0.0145
vn -0.0222 -0.5148 -0.8570
vn -0.0308 0.8557 -0.5165
vn -0.0762 -0.8554 0.5124
vn -0.0888 -0.4833 0.8710
vn -0.0374 -0.8735 -0.4855
vn -0.0377 -0.8733 -0.4857
vn -0.9644 0.2618 0.0386
vn 0.0233 -0.4969 -0.8675
vn 0.1509 -0.0218 -0.9883
vn 0.0220 -0.5017 -0.8648
vn 0.9644 -0.2618 -0.0386
vn 0.1340 -0.0558 0.9894
vn 0.0079 -0.5291 0.8485
vn 0.1343 -0.0543 0.9894
vn -0.0842 -0.8791 0.4692
vn -0.1128 -0.9935 -0.0165
vn -0.0826 -0.8731 0.4805
vn 0.3612 0.7860 0.5018
vn 0.3983 0.9171 0.0196
vn 0.3984 0.9172 0.0056
vn 0.2758 0.4470 -0.8509
vn 0.1505 -0.0231 -0.9883
vn -0.1127 -0.9932 -0.0305
vn -0.0745 -0.8575 -0.5091
vn 0.2644 0.4296 0.8635
vn 0.3597 0.7803 0.5116
vn 0.3667 0.7915 -0.4890
vn 0.2776 0.4538 -0.8468
vn -0.0730 -0.8518 -0.5188
vn 0.2630 0.4247 0.8663
vn 0.0061 -0.5360 0.8442
vn 0.3682 0.7976 -0.4778
vn 0.3058 0.7996 0.5168
vn 0.4174 0.9086 0.0144
vn 0.3759 0.7681 0.5183
vn 0.3349 0.9421 0.0151
vn 0.3439 0.7984 -0.4942
vn 0.1356 0.4874 -0.8626
vn 0.2723 0.8273 -0.4913
vn -0.0375 0.0159 -0.9992
vn 0.1768 0.4703 -0.8646
vn -0.2001 -0.4569 -0.8667
vn -0.0377 0.0168 -0.9992
vn -0.3086 -0.8052 -0.5063
vn -0.2412 -0.4379 -0.8660
vn -0.4195 -0.9077 -0.0141
vn -0.3801 -0.7744 -0.5058
vn -0.3360 -0.9417 -0.0151
vn -0.3492 -0.8042 0.4810
vn -0.2760 -0.8328 0.4798
vn -0.1872 -0.4896 0.8516
vn -0.1430 -0.5047 0.8514
vn 0.0251 -0.0434 0.9987
vn 0.0288 -0.0396 0.9988
vn 0.2317 0.4177 0.8785
vn 0.1935 0.4391 0.8774
vn 0.5826 0.8127 0.0093
vn 0.5166 0.6841 0.5149
vn 0.7350 0.6781 0.0038
vn 0.6449 0.5685 0.5107
vn 0.8493 0.5280 -0.0003
vn 0.7411 0.4407 0.5066
vn 0.9185 0.3953 -0.0020
vn 0.7989 0.3293 0.5033
vn 0.9530 0.3030 -0.0014
vn 0.8271 0.2531 0.5018
vn 0.9653 0.2611 0.0008
vn 0.8364 0.2209 0.5016
vn 0.9615 0.2747 0.0037
vn 0.8318 0.2369 0.5020
vn 0.9373 0.3485 0.0065
vn 0.8095 0.3054 0.5015
vn 0.7549 0.4250 0.4995
vn 0.7561 0.6544 0.0043
vn 0.6475 0.5792 0.4953
vn 0.5716 0.8205 -0.0016
vn 0.4834 0.7259 0.4893
vn 0.3570 0.9341 -0.0089
vn 0.2935 0.8244 0.4840
vn 0.1615 0.9868 -0.0148
vn 0.1215 0.8684 0.4807
vn 0.0734 0.9972 -0.0157
vn 0.0441 0.8760 0.4803
vn 0.4878 0.7161 -0.4993
vn 0.6210 0.6005 -0.5037
vn 0.7228 0.4703 -0.5063
vn 0.7866 0.3538 -0.5061
vn 0.8203 0.2710 -0.5037
vn 0.8346 0.2312 -0.4999
vn 0.8351 0.2391 -0.4953
vn 0.8183 0.2992 -0.4907
vn 0.7699 0.4117 -0.4876
vn 0.8766 0.4812 0.0072
vn 0.6696 0.5601 -0.4878
vn 0.5123 0.7037 -0.4924
vn 0.3278 0.8020 -0.4993
vn 0.1590 0.8478 -0.5059
vn 0.3368 0.3582 -0.8708
vn 0.3989 0.2841 -0.8719
vn 0.4407 0.2161 -0.8712
vn 0.4657 0.1658 -0.8693
vn 0.4797 0.1392 -0.8663
vn 0.4858 0.1397 -0.8628
vn 0.4824 0.1707 -0.8591
vn 0.4611 0.2335 -0.8561
vn 0.4085 0.3194 -0.8551
vn 0.3197 0.4037 -0.8572
vn 0.2134 0.4604 -0.8617
vn 0.1147 0.4861 -0.8663
vn 0.0832 0.8579 -0.5070
vn 0.2596 0.4232 -0.8680
vn -0.0363 0.0201 -0.9991
vn -0.0307 0.0212 -0.9993
vn -0.0226 0.0198 -0.9995
vn -0.0134 0.0158 -0.9998
vn -0.0041 0.0098 -0.9999
vn 0.0057 0.0032 -1.0000
vn 0.0162 -0.0029 -0.9999
vn 0.0275 -0.0068 -0.9996
vn 0.0372 -0.0071 -0.9993
vn 0.0414 -0.0052 -0.9991
vn 0.0420 -0.0055 -0.9991
vn 0.0404 -0.0067 -0.9992
vn 0.0708 0.4923 -0.8676
vn -0.0379 0.0178 -0.9991
vn -0.3967 -0.3211 -0.8600
vn -0.4488 -0.2466 -0.8590
vn -0.4771 -0.1819 -0.8598
vn -0.4874 -0.1388 -0.8621
vn -0.4863 -0.1222 -0.8652
vn -0.4769 -0.1339 -0.8687
vn -0.4568 -0.1750 -0.8722
vn -0.4177 -0.2447 -0.8750
vn -0.3487 -0.3333 -0.8760
vn -0.2507 -0.4168 -0.8738
vn -0.1406 -0.4746 -0.8689
vn -0.0441 -0.5013 -0.8642
vn 0.0401 -0.0070 -0.9992
vn -0.3231 -0.3892 -0.8627
vn -0.6503 -0.5758 -0.4955
vn -0.7458 -0.4482 -0.4928
vn -0.8031 -0.3351 -0.4927
vn -0.8302 -0.2564 -0.4950
vn -0.8379 -0.2216 -0.4988
vn -0.8316 -0.2348 -0.5033
vn -0.8079 -0.2990 -0.5078
vn -0.7527 -0.4150 -0.5111
vn -0.6437 -0.5691 -0.5117
vn -0.4761 -0.7179 -0.5079
vn -0.2846 -0.8175 -0.5006
vn -0.1161 -0.8619 -0.4936
vn -0.0008 -0.5071 -0.8619
vn -0.5836 -0.8120 -0.0088
vn -0.5216 -0.6910 -0.5004
vn -0.7337 -0.6795 -0.0032
vn -0.8469 -0.5318 0.0011
vn -0.9167 -0.3995 0.0031
vn -0.9521 -0.3058 0.0027
vn -0.9651 -0.2617 0.0007
vn -0.9623 -0.2721 -0.0017
vn -0.9397 -0.3421 -0.0038
vn -0.8813 -0.4725 -0.0051
vn -0.7616 -0.6481 -0.0033
vn -0.5708 -0.8211 0.0027
vn -0.3510 -0.9363 0.0096
vn -0.1567 -0.9875 0.0149
vn -0.0710 -0.9974 0.0155
vn -0.0415 -0.8704 -0.4906
vn -0.4936 -0.7220 0.4849
vn -0.6264 -0.6062 0.4900
vn -0.7268 -0.4763 0.4949
vn -0.7894 -0.3586 0.4983
vn -0.8216 -0.2738 0.5000
vn -0.8343 -0.2317 0.5003
vn -0.8332 -0.2366 0.4998
vn -0.8151 -0.2929 0.4998
vn -0.6651 -0.5484 0.5068
vn -0.5064 -0.6940 0.5118
vn -0.3208 -0.7942 0.5160
vn -0.1547 -0.8410 0.5185
vn -0.0809 -0.8523 0.5167
vn -0.2743 -0.4430 0.8535
vn -0.3554 -0.3743 0.8565
vn -0.4162 -0.2958 0.8598
vn -0.4541 -0.2231 0.8626
vn -0.4734 -0.1691 0.8644
vn -0.4810 -0.1399 0.8655
vn -0.4803 -0.1377 0.8662
vn -0.4698 -0.1644 0.8673
vn -0.7660 -0.4011 0.5023
vn -0.4423 -0.2202 0.8694
vn -0.3020 -0.3761 0.8760
vn -0.2023 -0.4341 0.8779
vn -0.1104 -0.4647 0.8786
vn -0.0691 -0.4754 0.8771
vn 0.0189 -0.0451 0.9988
vn 0.0116 -0.0421 0.9990
vn 0.0067 -0.0363 0.9993
vn 0.0036 -0.0281 0.9996
vn 0.0021 -0.0194 0.9998
vn 0.0014 -0.0106 0.9999
vn 0.0010 -0.0012 1.0000
vn 0.0003 0.0093 1.0000
vn -0.0016 0.0212 0.9998
vn -0.3864 -0.2983 0.8728
vn -0.0168 0.0408 0.9990
vn -0.0283 0.0405 0.9988
vn -0.0355 0.0351 0.9988
vn -0.0382 0.0294 0.9988
vn 0.3090 0.3682 0.8769
vn 0.3784 0.3037 0.8744
vn 0.4311 0.2337 0.8715
vn 0.4630 0.1743 0.8691
vn 0.4786 0.1352 0.8676
vn 0.4837 0.1215 0.8667
vn 0.4810 0.1359 0.8661
vn 0.4680 0.1812 0.8650
vn 0.4354 0.2573 0.8627
vn -0.0067 0.0332 0.9994
vn 0.3701 0.3531 0.8593
vn 0.1531 0.4997 0.8526
vn 0.0495 0.5220 0.8515
vn 0.0034 0.5236 0.8519
vn 0.2694 0.4423 0.8554
vn -0.9992 -0.0038 0.0386
vn -0.9992 -0.0038 -0.0386
vn -0.0377 0.8733 -0.4857
vn 0.1343 0.0543 0.9894
vn -0.0415 0.8704 -0.4906
vn -0.9992 0.0038 0.0386
vn -0.0377 -0.8733 0.4857
vn 0.1343 -0.0543 -0.9894
vn -0.0415 -0.8704 0.4906
vn -0.9992 0.0038 -0.0386
vt 0.337307 0.963918
vt 0.338037 0.966123
vt 0.336848 0.964044
vt 0.345264 0.961734
vt 0.345724 0.964013
vt 0.345264 0.963890
vt 0.340220 0.958806
vt 0.342475 0.958333
vt 0.342352 0.958799
vt 0.337307 0.961762
vt 0.336848 0.961639
vt 0.344198 0.965761
vt 0.344535 0.966101
vt 0.342352 0.966846
vt 0.340096 0.967319
vt 0.340220 0.966853
vt 0.344535 0.959529
vt 0.344198 0.959870
vt 0.338037 0.959551
vt 0.338373 0.959890
vt 0.342475 0.967310
vt 0.338373 0.965782
vt 0.345724 0.961608
vt 0.340096 0.958341
vt 0.958876 0.621006
vt 0.961021 0.618762
vt 0.961058 0.620951
vt 0.380906 0.963888
vt 0.386444 0.958333
vt 0.388471 0.965912
vt 0.634363 0.964867
vt 0.632158 0.962653
vt 0.634334 0.962665
vt 0.623340 0.962837
vt 0.621221 0.960455
vt 0.623340 0.960432
vt 0.858333 0.247498
vt 0.860619 0.245248
vt 0.860487 0.247479
vt 0.958838 0.618760
vt 0.961058 0.616445
vt 0.621442 0.964817
vt 0.621221 0.962801
vt 0.634363 0.958333
vt 0.632158 0.960321
vt 0.632185 0.958430
vt 0.958979 0.614514
vt 0.958876 0.616384
vt 0.961159 0.622427
vt 0.958979 0.622520
vt 0.634334 0.960273
vt 0.623567 0.958333
vt 0.621442 0.958410
vt 0.858469 0.249852
vt 0.860619 0.249773
vt 0.380460 0.961688
vt 0.379753 0.959497
vt 0.380906 0.961555
vt 0.372748 0.963984
vt 0.372302 0.961715
vt 0.372748 0.961831
vt 0.377637 0.966834
vt 0.375451 0.967338
vt 0.375571 0.966872
vt 0.380460 0.963841
vt 0.380906 0.963957
vt 0.373455 0.959614
vt 0.373781 0.959947
vt 0.377637 0.958800
vt 0.375451 0.958376
vt 0.377757 0.958333
vt 0.373455 0.966174
vt 0.373781 0.965829
vt 0.379753 0.966058
vt 0.379427 0.965724
vt 0.375571 0.958838
vt 0.379427 0.959843
vt 0.372302 0.964116
vt 0.377757 0.967295
vt 0.621190 0.960259
vt 0.619166 0.962615
vt 0.619138 0.960383
vt 0.435797 0.963771
vt 0.429143 0.965540
vt 0.430926 0.958333
vt 0.636750 0.962599
vt 0.638783 0.960365
vt 0.638783 0.962589
vt 0.862666 0.245210
vt 0.860645 0.247435
vt 0.860619 0.245279
vt 0.952412 0.162282
vt 0.954420 0.164535
vt 0.952412 0.164687
vt 0.621190 0.964860
vt 0.621221 0.962648
vt 0.862695 0.247518
vt 0.860619 0.249621
vt 0.952312 0.160226
vt 0.954420 0.162287
vt 0.621106 0.966302
vt 0.619138 0.964682
vt 0.621106 0.958333
vt 0.619060 0.958584
vt 0.638763 0.964679
vt 0.636728 0.964836
vt 0.636750 0.960219
vt 0.638763 0.958602
vt 0.954327 0.166508
vt 0.952312 0.166798
vt 0.416584 0.958343
vt 0.418590 0.962066
vt 0.416434 0.962043
vt 0.418737 0.958459
vt 0.420474 0.962347
vt 0.944567 0.170673
vt 0.945473 0.174539
vt 0.943479 0.171375
vt 0.946184 0.169525
vt 0.946690 0.174054
vt 0.947897 0.168239
vt 0.948487 0.173201
vt 0.949246 0.167160
vt 0.950383 0.172208
vt 0.446847 0.958377
vt 0.448969 0.963380
vt 0.446873 0.963283
vt 0.448943 0.958381
vt 0.451039 0.963242
vt 0.963161 0.875000
vt 0.962094 0.879970
vt 0.960581 0.879220
vt 0.964547 0.875968
vt 0.964006 0.880915
vt 0.966281 0.877211
vt 0.965805 0.881804
vt 0.414739 0.958333
vt 0.414583 0.962284
vt 0.418599 0.964782
vt 0.416444 0.964865
vt 0.418725 0.966825
vt 0.416577 0.967014
vt 0.927076 0.442271
vt 0.929076 0.444542
vt 0.926983 0.444277
vt 0.929006 0.446628
vt 0.926911 0.446453
vt 0.928956 0.448935
vt 0.926862 0.448829
vt 0.928928 0.451454
vt 0.926834 0.451390
vt 0.928923 0.454155
vt 0.926831 0.454102
vt 0.928943 0.457011
vt 0.926853 0.456935
vt 0.926901 0.459852
vt 0.929067 0.462976
vt 0.926975 0.462749
vt 0.950009 0.851641
vt 0.952418 0.854547
vt 0.950264 0.854621
vt 0.952453 0.858258
vt 0.950297 0.858212
vt 0.952238 0.862507
vt 0.950086 0.862352
vt 0.951765 0.867359
vt 0.949621 0.867119
vt 0.420487 0.965158
vt 0.420622 0.967289
vt 0.929167 0.442635
vt 0.931145 0.444362
vt 0.931075 0.446515
vt 0.931026 0.448862
vt 0.930999 0.451390
vt 0.930996 0.454065
vt 0.931017 0.456861
vt 0.931065 0.459741
vt 0.928991 0.459988
vt 0.931139 0.462608
vt 0.931235 0.465250
vt 0.929166 0.465734
vt 0.954299 0.858465
vt 0.954092 0.862597
vt 0.946583 0.177287
vt 0.948393 0.179786
vt 0.947024 0.179706
vt 0.948331 0.182302
vt 0.946970 0.181947
vt 0.932565 0.446146
vt 0.932518 0.448631
vt 0.932495 0.451214
vt 0.932496 0.453857
vt 0.932520 0.456525
vt 0.932567 0.459179
vt 0.932637 0.461744
vt 0.941667 0.199803
vt 0.943502 0.202806
vt 0.942205 0.203166
vt 0.943698 0.206556
vt 0.944839 0.205849
vt 0.946177 0.209872
vt 0.947130 0.208916
vt 0.949693 0.213165
vt 0.947902 0.177070
vt 0.950407 0.179710
vt 0.950338 0.182611
vt 0.949791 0.185326
vt 0.947842 0.184716
vt 0.948921 0.187893
vt 0.947035 0.187092
vt 0.947881 0.190350
vt 0.946030 0.189467
vt 0.946822 0.192732
vt 0.944961 0.191879
vt 0.945897 0.195075
vt 0.943981 0.194374
vt 0.945255 0.197415
vt 0.943267 0.197011
vt 0.945048 0.199791
vt 0.943032 0.199832
vt 0.945430 0.202246
vt 0.946561 0.204820
vt 0.948600 0.207547
vt 0.950470 0.212048
vt 0.949843 0.176585
vt 0.952527 0.179498
vt 0.952453 0.182790
vt 0.951851 0.185814
vt 0.950918 0.188582
vt 0.949842 0.191131
vt 0.948792 0.193495
vt 0.947920 0.195696
vt 0.947352 0.197749
vt 0.947175 0.199692
vt 0.947473 0.201635
vt 0.948403 0.203744
vt 0.950194 0.206131
vt 0.951704 0.210456
vt 0.951869 0.171342
vt 0.951886 0.175961
vt 0.954184 0.179209
vt 0.954111 0.182792
vt 0.953468 0.186050
vt 0.952490 0.188975
vt 0.951387 0.191601
vt 0.950343 0.193961
vt 0.949510 0.196070
vt 0.948994 0.197925
vt 0.948842 0.199561
vt 0.949083 0.201137
vt 0.949871 0.202909
vt 0.951485 0.205048
vt 0.953063 0.208816
vt 0.448968 0.967636
vt 0.446874 0.967433
vt 0.448939 0.971180
vt 0.446847 0.970870
vt 0.967882 0.172453
vt 0.970033 0.175067
vt 0.967958 0.175401
vt 0.970090 0.178178
vt 0.968015 0.178427
vt 0.970124 0.181202
vt 0.968049 0.181384
vt 0.970132 0.184028
vt 0.968059 0.184171
vt 0.970116 0.186573
vt 0.968045 0.186705
vt 0.970079 0.188751
vt 0.968008 0.188907
vt 0.970023 0.190495
vt 0.967953 0.190709
vt 0.969954 0.191813
vt 0.967882 0.192112
vt 0.601389 0.958426
vt 0.603468 0.959989
vt 0.601355 0.959810
vt 0.603449 0.961746
vt 0.601336 0.961687
vt 0.603453 0.964318
vt 0.601342 0.964368
vt 0.603494 0.967887
vt 0.601386 0.968023
vt 0.451039 0.967402
vt 0.451012 0.970857
vt 0.969956 0.172028
vt 0.972123 0.175295
vt 0.972180 0.178342
vt 0.972214 0.181326
vt 0.972224 0.184144
vt 0.972210 0.186713
vt 0.972172 0.188950
vt 0.972043 0.192216
vt 0.603501 0.958712
vt 0.605513 0.959750
vt 0.605495 0.961649
vt 0.605501 0.964340
vt 0.605546 0.967995
vt 0.960616 0.883759
vt 0.959004 0.883279
vt 0.959992 0.887343
vt 0.958333 0.887161
vt 0.958434 0.890785
vt 0.960083 0.890690
vt 0.959102 0.894082
vt 0.960705 0.893775
vt 0.960103 0.897044
vt 0.961660 0.896606
vt 0.961225 0.899703
vt 0.962758 0.899216
vt 0.962284 0.902095
vt 0.963826 0.901641
vt 0.963126 0.904235
vt 0.964710 0.903904
vt 0.963642 0.906121
vt 0.965279 0.906019
vt 0.963782 0.907785
vt 0.965106 0.909998
vt 0.963518 0.909378
vt 0.964134 0.912116
vt 0.962703 0.911151
vt 0.962303 0.914488
vt 0.961061 0.913275
vt 0.959399 0.917145
vt 0.958333 0.915771
vt 0.962668 0.884335
vt 0.962114 0.887507
vt 0.962194 0.890469
vt 0.962757 0.893253
vt 0.963648 0.895893
vt 0.964711 0.898422
vt 0.965791 0.900877
vt 0.966731 0.903293
vt 0.967374 0.905706
vt 0.965438 0.908017
vt 0.967141 0.910644
vt 0.965963 0.913229
vt 0.963879 0.915941
vt 0.960738 0.918820
vt 0.964610 0.884852
vt 0.964130 0.887610
vt 0.964203 0.890180
vt 0.964707 0.892655
vt 0.965535 0.895095
vt 0.966563 0.897534
vt 0.967653 0.900008
vt 0.968648 0.902566
vt 0.969365 0.905264
vt 0.967562 0.908147
vt 0.969584 0.908137
vt 0.967699 0.914193
vt 0.965367 0.917243
vt 0.961990 0.920346
vt 0.414599 0.965384
vt 0.414754 0.967806
vt 0.415024 0.969730
vt 0.925353 0.446038
vt 0.925426 0.443637
vt 0.925304 0.448574
vt 0.925281 0.451214
vt 0.925281 0.453920
vt 0.925306 0.456653
vt 0.925354 0.459370
vt 0.949599 0.849317
vt 0.948149 0.852439
vt 0.947775 0.850337
vt 0.948378 0.855099
vt 0.948409 0.858339
vt 0.948215 0.862176
vt 0.947775 0.866707
vt 0.389641 0.961534
vt 0.382076 0.959510
vt 0.384103 0.967088
vt 0.858469 0.245210
vt 0.623567 0.964906
vt 0.428114 0.961325
vt 0.432985 0.966763
vt 0.434768 0.959556
vt 0.862666 0.249857
vt 0.636728 0.958333
vt 0.420622 0.958649
vt 0.451012 0.958333
vt 0.967900 0.878394
vt 0.952154 0.851462
vt 0.931238 0.442371
vt 0.954262 0.854897
vt 0.932637 0.443786
vt 0.953483 0.175365
vt 0.972046 0.172336
vt 0.972116 0.190785
vt 0.605546 0.958333
vt 0.969079 0.911144
vt 0.386444 0.967086
vt 0.382076 0.965917
vt 0.380906 0.961542
vt 0.384103 0.958336
vt 0.388471 0.959504
vt 0.389641 0.963879
vt 0.632185 0.964800
vt 0.961159 0.614622
vt 0.432985 0.958387
vt 0.435797 0.961527
vt 0.434768 0.965688
vt 0.430926 0.966709
vt 0.428114 0.963570
vt 0.429143 0.959409
vt 0.954327 0.160367
vt 0.619060 0.966030
vt 0.953630 0.867363
vt 0.954184 0.207566
vt 0.416813 0.968716
s 1
f 3754/1026/3693 3767/1027/3693 3766/1028/3693
f 3748/1029/3693 3759/1030/3693 3747/1031/3693
f 3751/1032/3693 3762/1033/3693 3750/1034/3693
f 3753/1035/3693 3766/1028/3693 3765/1036/3693
f 3746/1037/3693 3759/1030/3693 3758/1038/3693
f 3745/1039/3693 3768/1040/3693 3756/1041/3693
f 3750/1034/3693 3761/1042/3693 3749/1043/3693
f 3753/1035/3693 3764/1044/3693 3752/1045/3693
f 3746/1037/3693 3757/1046/3693 3745/1039/3693
f 3755/1047/3693 3768/1040/3693 3767/1027/3693
f 3748/1029/3693 3761/1042/3693 3760/1048/3693
f 3752/1045/3693 3763/1049/3693 3751/1032/3693
f 3761/1050/3694 3774/1051/3695 3773/1052/3694
f 3772/1053/3696 3776/1054/3696 3780/1055/3696
f 3757/1056/3697 3780/1057/3698 3768/1058/3698
f 3759/1059/3699 3770/1060/3700 3758/1061/3700
f 3765/1062/3701 3778/1063/3702 3777/1064/3703
f 3762/1065/3695 3775/1066/3704 3774/1051/3695
f 3759/1059/3699 3772/1067/3705 3771/1068/3699
f 3766/1069/3706 3779/1070/3707 3778/1071/3702
f 3764/1072/3708 3775/1066/3704 3763/1073/3704
f 3761/1050/3694 3772/1074/3705 3760/1075/3705
f 3768/1058/3698 3779/1070/3707 3767/1076/3707
f 3757/1077/3697 3770/1060/3700 3769/1078/3697
f 3764/1079/3708 3777/1064/3703 3776/1080/3709
f 3790/1081/3710 3803/1082/3710 3802/1083/3710
f 3784/1084/3710 3795/1085/3710 3783/1086/3710
f 3787/1087/3710 3798/1088/3710 3786/1089/3710
f 3789/1090/3710 3802/1083/3710 3801/1091/3710
f 3783/1086/3710 3794/1092/3710 3782/1093/3710
f 3792/1094/3710 3793/1095/3710 3804/1096/3710
f 3786/1089/3710 3797/1097/3710 3785/1098/3710
f 3789/1090/3710 3800/1099/3710 3788/1100/3710
f 3782/1093/3710 3793/1095/3710 3781/1101/3710
f 3791/1102/3710 3804/1096/3710 3803/1082/3710
f 3785/1098/3710 3796/1103/3710 3784/1084/3710
f 3788/1100/3710 3799/1104/3710 3787/1087/3710
f 3797/1105/3711 3810/1106/3712 3809/1107/3713
f 3808/1108/3714 3812/1109/3714 3816/1110/3714
f 3804/1111/3715 3805/1112/3716 3816/1113/3717
f 3794/1114/3718 3807/1115/3719 3806/1116/3720
f 3802/1117/3721 3813/1118/3722 3801/1119/3723
f 3799/1120/3724 3810/1106/3712 3798/1121/3725
f 3795/1122/3726 3808/1123/3727 3807/1115/3719
f 3803/1124/3728 3814/1125/3729 3802/1117/3721
f 3800/1126/3730 3811/1127/3731 3799/1120/3724
f 3796/1128/3732 3809/1107/3713 3808/1129/3727
f 3804/1111/3715 3815/1130/3733 3803/1131/3728
f 3793/1132/3734 3806/1133/3720 3805/1112/3716
f 3801/1119/3723 3812/1134/3735 3800/1135/3730
f 3790/1136/3736 3844/1137/3737 3817/1138/3738
f 3789/1139/3739 3858/1140/3740 3844/1137/3737
f 3787/1141/3741 3858/1142/3740 3788/1143/3742
f 3786/1144/3743 3872/1145/3744 3787/1141/3741
f 3785/1146/3745 3886/1147/3746 3786/1144/3743
f 3784/1148/3747 3900/1149/3748 3785/1146/3745
f 3784/1150/3747 3928/1151/3749 3914/1152/3750
f 3783/1153/3751 3942/1154/3752 3928/1151/3749
f 3782/1155/3753 3956/1156/3754 3942/1157/3752
f 3781/1158/3755 3970/1159/3756 3956/1156/3754
f 3792/1160/3757 3984/1161/3758 3970/1159/3756
f 3791/1162/3759 3817/1138/3738 3984/1163/3758
f 3817/1138/3738 3843/1164/3760 3818/1165/3761
f 3818/1165/3761 3842/1166/3762 3819/1167/3763
f 3819/1168/3763 3841/1169/3764 3820/1170/3765
f 3820/1170/3765 3840/1171/3766 3821/1172/3767
f 3821/1172/3767 3839/1173/3768 3822/1174/3769
f 3822/1174/3769 3838/1175/3770 3823/1176/3771
f 3823/1176/3771 3837/1177/3772 3824/1178/3773
f 3824/1178/3773 3836/1179/3774 3825/1180/3775
f 3836/1179/3774 3826/1181/3776 3825/1180/3775
f 3826/1181/3776 3834/1182/3777 3827/1183/3778
f 3827/1184/3778 3833/1185/3779 3828/1186/3780
f 3828/1186/3780 3832/1187/3781 3829/1188/3782
f 3829/1188/3782 3831/1189/3783 3830/1190/3784
f 3830/1190/3784 3747/1191/3785 3746/1192/3786
f 3844/1137/3737 3857/1193/3787 3843/1164/3760
f 3843/1164/3760 3856/1194/3788 3842/1166/3762
f 3842/1195/3762 3855/1196/3789 3841/1169/3764
f 3841/1169/3764 3854/1197/3790 3840/1171/3766
f 3840/1171/3766 3853/1198/3791 3839/1173/3768
f 3839/1173/3768 3852/1199/3792 3838/1175/3770
f 3838/1175/3770 3851/1200/3793 3837/1177/3772
f 3837/1177/3772 3850/1201/3794 3836/1179/3774
f 3836/1179/3774 3849/1202/3795 3835/1203/3796
f 3835/1203/3796 3848/1204/3797 3834/1182/3777
f 3834/1182/3777 3847/1205/3798 3833/1206/3779
f 3833/1185/3779 3846/1207/3799 3832/1187/3781
f 3846/1207/3799 3831/1189/3783 3832/1187/3781
f 3845/1208/3800 3747/1191/3785 3831/1189/3783
f 3872/1145/3744 3857/1209/3787 3858/1142/3740
f 3857/1209/3787 3870/1210/3801 3856/1211/3788
f 3856/1211/3788 3869/1212/3802 3855/1213/3789
f 3855/1196/3789 3868/1214/3803 3854/1197/3790
f 3854/1197/3790 3867/1215/3804 3853/1198/3791
f 3853/1198/3791 3866/1216/3805 3852/1199/3792
f 3852/1199/3792 3865/1217/3806 3851/1200/3793
f 3851/1200/3793 3864/1218/3807 3850/1201/3794
f 3850/1201/3794 3863/1219/3808 3849/1202/3795
f 3849/1202/3795 3862/1220/3809 3848/1204/3797
f 3848/1221/3797 3861/1222/3810 3847/1223/3798
f 3861/1222/3810 3846/1224/3799 3847/1223/3798
f 3860/1225/3811 3845/1226/3800 3846/1224/3799
f 3859/1227/3812 3748/1228/3813 3845/1226/3800
f 3886/1147/3746 3871/1229/3814 3872/1145/3744
f 3871/1229/3814 3884/1230/3815 3870/1210/3801
f 3870/1210/3801 3883/1231/3816 3869/1212/3802
f 3869/1212/3802 3882/1232/3817 3868/1233/3803
f 3868/1233/3803 3881/1234/3818 3867/1235/3804
f 3867/1235/3804 3880/1236/3819 3866/1237/3805
f 3866/1237/3805 3879/1238/3820 3865/1239/3806
f 3865/1239/3806 3878/1240/3821 3864/1241/3807
f 3864/1241/3807 3877/1242/3822 3863/1243/3808
f 3863/1243/3808 3876/1244/3823 3862/1245/3809
f 3862/1245/3809 3875/1246/3824 3861/1222/3810
f 3875/1246/3824 3860/1225/3811 3861/1222/3810
f 3874/1247/3825 3859/1227/3812 3860/1225/3811
f 3873/1248/3826 3749/1249/3827 3859/1227/3812
f 3900/1149/3748 3885/1250/3828 3886/1147/3746
f 3885/1250/3828 3898/1251/3829 3884/1230/3815
f 3884/1230/3815 3897/1252/3830 3883/1231/3816
f 3883/1231/3816 3896/1253/3831 3882/1232/3817
f 3882/1232/3817 3895/1254/3832 3881/1234/3818
f 3881/1234/3818 3894/1255/3833 3880/1236/3819
f 3880/1236/3819 3893/1256/3834 3879/1238/3820
f 3879/1238/3820 3892/1257/3835 3878/1240/3821
f 3878/1240/3821 3891/1258/3836 3877/1242/3822
f 3877/1242/3822 3890/1259/3837 3876/1244/3823
f 3876/1244/3823 3889/1260/3838 3875/1246/3824
f 3889/1260/3838 3874/1247/3825 3875/1246/3824
f 3888/1261/3839 3873/1248/3826 3874/1247/3825
f 3887/1262/3840 3750/1263/3841 3873/1248/3826
f 3914/1264/3750 3899/1265/3842 3900/1149/3748
f 3899/1265/3842 3912/1266/3843 3898/1251/3829
f 3898/1251/3829 3911/1267/3844 3897/1252/3830
f 3897/1252/3830 3910/1268/3845 3896/1253/3831
f 3896/1253/3831 3909/1269/3846 3895/1254/3832
f 3895/1254/3832 3908/1270/3847 3894/1255/3833
f 3894/1255/3833 3907/1271/3848 3893/1256/3834
f 3893/1256/3834 3906/1272/3849 3892/1257/3835
f 3892/1257/3835 3905/1273/3850 3891/1258/3836
f 3891/1258/3836 3904/1274/3851 3890/1259/3837
f 3890/1259/3837 3903/1275/3852 3889/1260/3838
f 3903/1275/3852 3888/1261/3839 3889/1260/3838
f 3902/1276/3853 3887/1262/3840 3888/1261/3839
f 3901/1277/3854 3751/1278/3855 3887/1262/3840
f 3914/1152/3750 3927/1279/3856 3913/1280/3857
f 3913/1280/3857 3926/1281/3858 3912/1282/3843
f 3912/1283/3843 3925/1284/3859 3911/1285/3844
f 3911/1285/3844 3924/1286/3860 3910/1287/3845
f 3910/1287/3845 3923/1288/3861 3909/1289/3846
f 3909/1289/3846 3922/1290/3862 3908/1291/3847
f 3908/1291/3847 3921/1292/3863 3907/1293/3848
f 3907/1293/3848 3920/1294/3864 3906/1295/3849
f 3906/1295/3849 3919/1296/3865 3905/1297/3850
f 3905/1297/3850 3918/1298/3866 3904/1299/3851
f 3904/1300/3851 3917/1301/3867 3903/1302/3852
f 3903/1302/3852 3916/1303/3868 3902/1304/3853
f 3902/1304/3853 3915/1305/3869 3901/1306/3854
f 3901/1306/3854 3753/1307/3870 3752/1308/3871
f 3928/1151/3749 3941/1309/3872 3927/1279/3856
f 3927/1279/3856 3940/1310/3873 3926/1281/3858
f 3926/1311/3858 3939/1312/3874 3925/1284/3859
f 3925/1284/3859 3938/1313/3875 3924/1286/3860
f 3924/1286/3860 3937/1314/3876 3923/1288/3861
f 3923/1288/3861 3936/1315/3877 3922/1290/3862
f 3922/1290/3862 3935/1316/3878 3921/1292/3863
f 3935/1316/3878 3920/1294/3864 3921/1292/3863
f 3934/1317/3879 3919/1296/3865 3920/1294/3864
f 3919/1296/3865 3932/1318/3880 3918/1298/3866
f 3918/1319/3866 3931/1320/3881 3917/1301/3867
f 3917/1301/3867 3930/1321/3882 3916/1303/3868
f 3916/1303/3868 3929/1322/3883 3915/1305/3869
f 3915/1305/3869 3754/1323/3884 3753/1307/3870
f 3942/1157/3752 3955/1324/3885 3941/1325/3872
f 3941/1325/3872 3954/1326/3886 3940/1327/3873
f 3954/1326/3886 3939/1328/3874 3940/1327/3873
f 3953/1329/3887 3938/1330/3875 3939/1328/3874
f 3952/1331/3888 3937/1332/3876 3938/1330/3875
f 3951/1333/3889 3936/1334/3877 3937/1332/3876
f 3950/1335/3890 3935/1336/3878 3936/1334/3877
f 3949/1337/3891 3934/1338/3879 3935/1336/3878
f 3948/1339/3892 3933/1340/3893 3934/1338/3879
f 3947/1341/3894 3932/1342/3880 3933/1340/3893
f 3932/1342/3880 3945/1343/3895 3931/1344/3881
f 3931/1344/3881 3944/1345/3896 3930/1346/3882
f 3930/1346/3882 3943/1347/3897 3929/1348/3883
f 3929/1348/3883 3755/1349/3898 3754/1350/3884
f 3956/1156/3754 3969/1351/3899 3955/1324/3885
f 3955/1324/3885 3968/1352/3900 3954/1326/3886
f 3968/1352/3900 3953/1329/3887 3954/1326/3886
f 3967/1353/3901 3952/1331/3888 3953/1329/3887
f 3966/1354/3902 3951/1333/3889 3952/1331/3888
f 3965/1355/3903 3950/1335/3890 3951/1333/3889
f 3964/1356/3904 3949/1337/3891 3950/1335/3890
f 3963/1357/3905 3948/1339/3892 3949/1337/3891
f 3962/1358/3906 3947/1341/3894 3948/1339/3892
f 3961/1359/3907 3946/1360/3908 3947/1341/3894
f 3946/1360/3908 3959/1361/3909 3945/1343/3895
f 3945/1343/3895 3958/1362/3910 3944/1345/3896
f 3944/1345/3896 3957/1363/3911 3943/1347/3897
f 3943/1347/3897 3756/1364/3912 3755/1349/3898
f 3970/1159/3756 3983/1365/3913 3969/1351/3899
f 3969/1351/3899 3982/1366/3914 3968/1352/3900
f 3982/1366/3914 3967/1353/3901 3968/1352/3900
f 3981/1367/3915 3966/1354/3902 3967/1353/3901
f 3980/1368/3916 3965/1355/3903 3966/1354/3902
f 3979/1369/3917 3964/1356/3904 3965/1355/3903
f 3978/1370/3918 3963/1357/3905 3964/1356/3904
f 3977/1371/3919 3962/1358/3906 3963/1357/3905
f 3976/1372/3920 3961/1359/3907 3962/1358/3906
f 3975/1373/3921 3960/1374/3922 3961/1359/3907
f 3974/1375/3923 3959/1361/3909 3960/1374/3922
f 3959/1361/3909 3972/1376/3924 3958/1362/3910
f 3958/1362/3910 3971/1377/3925 3957/1363/3911
f 3957/1363/3911 3745/1378/3926 3756/1364/3912
f 3984/1163/3758 3818/1165/3761 3983/1379/3913
f 3983/1379/3913 3819/1167/3763 3982/1380/3914
f 3819/1167/3763 3981/1381/3915 3982/1380/3914
f 3820/1170/3765 3980/1382/3916 3981/1383/3915
f 3821/1172/3767 3979/1384/3917 3980/1382/3916
f 3822/1174/3769 3978/1385/3918 3979/1384/3917
f 3823/1176/3771 3977/1386/3919 3978/1385/3918
f 3824/1178/3773 3976/1387/3920 3977/1386/3919
f 3825/1180/3775 3975/1388/3921 3976/1387/3920
f 3826/1389/3776 3974/1390/3923 3975/1391/3921
f 3974/1390/3923 3828/1186/3780 3973/1392/3927
f 3973/1392/3927 3829/1188/3782 3972/1393/3924
f 3972/1393/3924 3830/1190/3784 3971/1394/3925
f 3971/1394/3925 3746/1192/3786 3745/1395/3926
f 3994/1026/3928 4007/1027/3928 3995/1047/3928
f 3999/1030/3928 3988/1029/3928 3987/1031/3928
f 4002/1033/3928 3991/1032/3928 3990/1034/3928
f 3993/1035/3928 4006/1028/3928 3994/1026/3928
f 3986/1037/3928 3999/1030/3928 3987/1031/3928
f 3996/1041/3928 3997/1046/3928 3985/1039/3928
f 4001/1042/3928 3990/1034/3928 3989/1043/3928
f 3992/1045/3928 4005/1036/3928 3993/1035/3928
f 3997/1046/3928 3986/1037/3928 3985/1039/3928
f 3995/1047/3928 4008/1040/3928 3996/1041/3928
f 4000/1048/3928 3989/1043/3928 3988/1029/3928
f 4003/1049/3928 3992/1045/3928 3991/1032/3928
f 4001/1050/3929 4014/1051/3930 4002/1065/3930
f 4017/1396/3931 4014/1397/3931 4010/1398/3931
f 4019/1057/3932 3997/1056/3933 4008/1058/3932
f 4010/1060/3934 3999/1059/3935 3998/1061/3934
f 4005/1062/3936 4017/1063/3937 4006/1399/3938
f 4002/1065/3930 4015/1066/3939 4003/1073/3939
f 3999/1059/3935 4012/1067/3940 4000/1400/3940
f 4006/1069/3938 4018/1070/3941 4007/1076/3941
f 4015/1066/3939 4004/1072/3942 4003/1073/3939
f 4012/1074/3940 4001/1050/3929 4000/1075/3940
f 4018/1070/3941 4008/1058/3932 4007/1076/3941
f 3997/1077/3933 4010/1060/3934 3998/1061/3934
f 4004/1079/3942 3777/1064/3943 4005/1062/3936
f 4029/1081/3944 4042/1082/3944 4030/1102/3944
f 4034/1085/3944 4023/1084/3944 4022/1086/3944
f 4037/1088/3944 4026/1087/3944 4025/1089/3944
f 4028/1090/3944 4041/1083/3944 4029/1081/3944
f 4033/1092/3944 4022/1086/3944 4021/1093/3944
f 4031/1094/3944 4032/1095/3944 4020/1101/3944
f 4036/1097/3944 4025/1089/3944 4024/1098/3944
f 4027/1100/3944 4040/1091/3944 4028/1090/3944
f 4032/1095/3944 4021/1093/3944 4020/1101/3944
f 4030/1102/3944 4043/1096/3944 4031/1094/3944
f 4035/1103/3944 4024/1098/3944 4023/1084/3944
f 4038/1104/3944 4027/1100/3944 4026/1087/3944
f 4036/1105/3945 4049/1106/3946 4037/1121/3947
f 4053/1401/3948 4049/1402/3948 4045/1403/3948
f 4043/1111/3949 4044/1112/3950 4032/1132/3951
f 4033/1114/3952 4046/1115/3953 4034/1122/3954
f 4052/1118/3955 4041/1117/3956 4040/1119/3957
f 4049/1106/3946 4038/1120/3958 4037/1121/3947
f 4034/1122/3954 4047/1123/3959 4035/1404/3960
f 4053/1125/3961 4042/1124/3962 4041/1117/3956
f 4050/1127/3963 4039/1126/3964 4038/1120/3958
f 4035/1128/3960 4048/1107/3965 4036/1105/3945
f 4054/1130/3966 4043/1111/3949 4042/1131/3962
f 4032/1132/3951 4045/1133/3967 4033/1405/3952
f 4051/1134/3968 4040/1119/3957 4039/1135/3964
f 4029/1136/3969 4083/1137/3970 4028/1139/3971
f 4028/1139/3971 4097/1140/3972 4027/1406/3973
f 4097/1142/3972 4026/1141/3974 4027/1143/3973
f 4111/1145/3975 4025/1144/3976 4026/1141/3974
f 4125/1147/3977 4024/1146/3978 4025/1144/3976
f 4139/1149/3979 4023/1148/3980 4024/1146/3978
f 4023/1150/3980 4167/1151/3981 4022/1153/3982
f 4022/1153/3982 4181/1154/3983 4021/1407/3984
f 4021/1155/3984 4195/1156/3985 4020/1158/3986
f 4020/1158/3986 4209/1159/3987 4031/1160/3988
f 4031/1160/3988 4223/1161/3989 4030/1408/3990
f 4030/1162/3990 4056/1138/3991 4029/1136/3969
f 4056/1138/3991 4082/1164/3992 4083/1137/3970
f 4057/1165/3993 4081/1166/3994 4082/1164/3992
f 4058/1168/3995 4080/1169/3996 4081/1195/3994
f 4059/1170/3997 4079/1171/3998 4080/1169/3996
f 4060/1172/3999 4078/1173/4000 4079/1171/3998
f 4061/1174/4001 4077/1175/4002 4078/1173/4000
f 4062/1176/4003 4076/1177/4004 4077/1175/4002
f 4063/1178/4005 4075/1179/4006 4076/1177/4004
f 4065/1181/4007 4075/1179/4006 4064/1180/4008
f 4065/1181/4007 4073/1182/4009 4074/1203/4010
f 4066/1184/4011 4072/1185/4012 4073/1409/4009
f 4067/1186/4013 4071/1187/4014 4072/1185/4012
f 4068/1188/4015 4070/1189/4016 4071/1187/4014
f 4069/1190/4017 3987/1191/4018 4070/1189/4016
f 4083/1137/3970 4096/1193/4019 4097/1140/3972
f 4082/1164/3992 4095/1194/4020 4096/1193/4019
f 4081/1195/3994 4094/1196/4021 4095/1410/4020
f 4080/1169/3996 4093/1197/4022 4094/1196/4021
f 4079/1171/3998 4092/1198/4023 4093/1197/4022
f 4078/1173/4000 4091/1199/4024 4092/1198/4023
f 4077/1175/4002 4090/1200/4025 4091/1199/4024
f 4076/1177/4004 4089/1201/4026 4090/1200/4025
f 4075/1179/4006 4088/1202/4027 4089/1201/4026
f 4074/1203/4010 4087/1204/4028 4088/1202/4027
f 4073/1182/4009 4086/1205/4029 4087/1204/4028
f 4072/1185/4012 4085/1207/4030 4086/1411/4029
f 4070/1189/4016 4085/1207/4030 4071/1187/4014
f 3987/1191/4018 4084/1208/4031 4070/1189/4016
f 4096/1209/4019 4111/1145/3975 4097/1142/3972
f 4096/1209/4019 4109/1210/4032 4110/1229/4033
f 4095/1211/4020 4108/1212/4034 4109/1210/4032
f 4094/1196/4021 4107/1214/4035 4108/1412/4034
f 4093/1197/4022 4106/1215/4036 4107/1214/4035
f 4092/1198/4023 4105/1216/4037 4106/1215/4036
f 4091/1199/4024 4104/1217/4038 4105/1216/4037
f 4090/1200/4025 4103/1218/4039 4104/1217/4038
f 4089/1201/4026 4102/1219/4040 4103/1218/4039
f 4088/1202/4027 4101/1220/4041 4102/1219/4040
f 4087/1221/4028 4100/1222/4042 4101/1245/4041
f 4085/1224/4030 4100/1222/4042 4086/1223/4029
f 4084/1226/4031 4099/1225/4043 4085/1224/4030
f 3988/1228/4044 4098/1227/4045 4084/1226/4031
f 4110/1229/4033 4125/1147/3977 4111/1145/3975
f 4110/1229/4033 4123/1230/4046 4124/1250/4047
f 4109/1210/4032 4122/1231/4048 4123/1230/4046
f 4108/1212/4034 4121/1232/4049 4122/1231/4048
f 4107/1233/4035 4120/1234/4050 4121/1232/4049
f 4106/1235/4036 4119/1236/4051 4120/1234/4050
f 4105/1237/4037 4118/1238/4052 4119/1236/4051
f 4104/1239/4038 4117/1240/4053 4118/1238/4052
f 4103/1241/4039 4116/1242/4054 4117/1240/4053
f 4102/1243/4040 4115/1244/4055 4116/1242/4054
f 4101/1245/4041 4114/1246/4056 4115/1244/4055
f 4099/1225/4043 4114/1246/4056 4100/1222/4042
f 4098/1227/4045 4113/1247/4057 4099/1225/4043
f 3989/1249/4058 4112/1248/4059 4098/1227/4045
f 4124/1250/4047 4139/1149/3979 4125/1147/3977
f 4124/1250/4047 4137/1251/4060 4138/1265/4061
f 4123/1230/4046 4136/1252/4062 4137/1251/4060
f 4122/1231/4048 4135/1253/4063 4136/1252/4062
f 4121/1232/4049 4134/1254/4064 4135/1253/4063
f 4120/1234/4050 4133/1255/4065 4134/1254/4064
f 4119/1236/4051 4132/1256/4066 4133/1255/4065
f 4118/1238/4052 4131/1257/4067 4132/1256/4066
f 4117/1240/4053 4130/1258/4068 4131/1257/4067
f 4116/1242/4054 4129/1259/4069 4130/1258/4068
f 4115/1244/4055 4128/1260/4070 4129/1259/4069
f 4113/1247/4057 4128/1260/4070 4114/1246/4056
f 4112/1248/4059 4127/1261/4071 4113/1247/4057
f 3990/1263/4072 4126/1262/4073 4112/1248/4059
f 4138/1265/4061 4153/1264/4074 4139/1149/3979
f 4138/1265/4061 4151/1266/4075 4152/1413/4076
f 4137/1251/4060 4150/1267/4077 4151/1266/4075
f 4136/1252/4062 4149/1268/4078 4150/1267/4077
f 4135/1253/4063 4148/1269/4079 4149/1268/4078
f 4134/1254/4064 4147/1270/4080 4148/1269/4079
f 4133/1255/4065 4146/1271/4081 4147/1270/4080
f 4132/1256/4066 4145/1272/4082 4146/1271/4081
f 4131/1257/4067 4144/1273/4083 4145/1272/4082
f 4130/1258/4068 4143/1274/4084 4144/1273/4083
f 4129/1259/4069 4142/1275/4085 4143/1274/4084
f 4127/1261/4071 4142/1275/4085 4128/1260/4070
f 4126/1262/4073 4141/1276/4086 4127/1261/4071
f 3991/1278/4087 4140/1277/4088 4126/1262/4073
f 4153/1152/4074 4166/1279/4089 4167/1151/3981
f 4152/1280/4076 4165/1281/4090 4166/1279/4089
f 4151/1283/4075 4164/1284/4091 4165/1311/4090
f 4150/1285/4077 4163/1286/4092 4164/1284/4091
f 4149/1287/4078 4162/1288/4093 4163/1286/4092
f 4148/1289/4079 4161/1290/4094 4162/1288/4093
f 4147/1291/4080 4160/1292/4095 4161/1290/4094
f 4146/1293/4081 4159/1294/4096 4160/1292/4095
f 4145/1295/4082 4158/1296/4097 4159/1294/4096
f 4144/1297/4083 4157/1298/4098 4158/1296/4097
f 4143/1300/4084 4156/1301/4099 4157/1319/4098
f 4142/1302/4085 4155/1303/4100 4156/1301/4099
f 4141/1304/4086 4154/1305/4101 4155/1303/4100
f 4140/1306/4088 3993/1307/4102 4154/1305/4101
f 4167/1151/3981 4180/1309/4103 4181/1154/3983
f 4166/1279/4089 4179/1310/4104 4180/1309/4103
f 4165/1311/4090 4178/1312/4105 4179/1414/4104
f 4164/1284/4091 4177/1313/4106 4178/1312/4105
f 4163/1286/4092 4176/1314/4107 4177/1313/4106
f 4162/1288/4093 4175/1315/4108 4176/1314/4107
f 4161/1290/4094 4174/1316/4109 4175/1315/4108
f 4159/1294/4096 4174/1316/4109 4160/1292/4095
f 4158/1296/4097 4173/1317/4110 4159/1294/4096
f 4158/1296/4097 4171/1318/4111 4172/1415/4112
f 4157/1319/4098 4170/1320/4113 4171/1416/4111
f 4156/1301/4099 4169/1321/4114 4170/1320/4113
f 4155/1303/4100 4168/1322/4115 4169/1321/4114
f 4154/1305/4101 3994/1323/4116 4168/1322/4115
f 4181/1157/3983 4194/1324/4117 4195/1156/3985
f 4180/1325/4103 4193/1326/4118 4194/1324/4117
f 4178/1328/4105 4193/1326/4118 4179/1327/4104
f 4177/1330/4106 4192/1329/4119 4178/1328/4105
f 4176/1332/4107 4191/1331/4120 4177/1330/4106
f 4175/1334/4108 4190/1333/4121 4176/1332/4107
f 4174/1336/4109 4189/1335/4122 4175/1334/4108
f 4173/1338/4110 4188/1337/4123 4174/1336/4109
f 4172/1340/4112 4187/1339/4124 4173/1338/4110
f 4171/1342/4111 4186/1341/4125 4172/1340/4112
f 4171/1342/4111 4184/1343/4126 4185/1360/4127
f 4170/1344/4113 4183/1345/4128 4184/1343/4126
f 4169/1346/4114 4182/1347/4129 4183/1345/4128
f 4168/1348/4115 3995/1349/4130 4182/1347/4129
f 4195/1156/3985 4208/1351/4131 4209/1159/3987
f 4194/1324/4117 4207/1352/4132 4208/1351/4131
f 4192/1329/4119 4207/1352/4132 4193/1326/4118
f 4191/1331/4120 4206/1353/4133 4192/1329/4119
f 4190/1333/4121 4205/1354/4134 4191/1331/4120
f 4189/1335/4122 4204/1355/4135 4190/1333/4121
f 4188/1337/4123 4203/1356/4136 4189/1335/4122
f 4187/1339/4124 4202/1357/4137 4188/1337/4123
f 4186/1341/4125 4201/1358/4138 4187/1339/4124
f 4185/1360/4127 4200/1359/4139 4186/1341/4125
f 4185/1360/4127 4198/1361/4140 4199/1374/4141
f 4184/1343/4126 4197/1362/4142 4198/1361/4140
f 4183/1345/4128 4196/1363/4143 4197/1362/4142
f 4182/1347/4129 3996/1364/4144 4196/1363/4143
f 4209/1159/3987 4222/1365/4145 4223/1161/3989
f 4208/1351/4131 4221/1366/4146 4222/1365/4145
f 4206/1353/4133 4221/1366/4146 4207/1352/4132
f 4205/1354/4134 4220/1367/4147 4206/1353/4133
f 4204/1355/4135 4219/1368/4148 4205/1354/4134
f 4203/1356/4136 4218/1369/4149 4204/1355/4135
f 4202/1357/4137 4217/1370/4150 4203/1356/4136
f 4201/1358/4138 4216/1371/4151 4202/1357/4137
f 4200/1359/4139 4215/1372/4152 4201/1358/4138
f 4199/1374/4141 4214/1373/4153 4200/1359/4139
f 4198/1361/4140 4213/1375/4154 4199/1374/4141
f 4198/1361/4140 4211/1376/4155 4212/1417/4156
f 4197/1362/4142 4210/1377/4157 4211/1376/4155
f 4196/1363/4143 3985/1378/4158 4210/1377/4157
f 4223/1163/3989 4057/1165/3993 4056/1138/3991
f 4222/1379/4145 4058/1167/3995 4057/1165/3993
f 4220/1381/4147 4058/1167/3995 4221/1380/4146
f 4219/1382/4148 4059/1170/3997 4220/1383/4147
f 4218/1384/4149 4060/1172/3999 4219/1382/4148
f 4217/1385/4150 4061/1174/4001 4218/1384/4149
f 4216/1386/4151 4062/1176/4003 4217/1385/4150
f 4215/1387/4152 4063/1178/4005 4216/1386/4151
f 4214/1388/4153 4064/1180/4008 4215/1387/4152
f 4213/1390/4154 4065/1389/4007 4214/1391/4153
f 4213/1390/4154 4067/1186/4013 4066/1184/4011
f 4212/1392/4156 4068/1188/4015 4067/1186/4013
f 4211/1393/4155 4069/1190/4017 4068/1188/4015
f 4210/1394/4157 3986/1192/4159 4069/1190/4017
f 4233/1026/4160 4246/1027/4160 4234/1047/4160
f 4238/1030/4160 4227/1029/4160 4226/1031/4160
f 4229/1034/4160 4242/1049/4160 4230/1032/4160
f 4232/1035/4160 4245/1028/4160 4233/1026/4160
f 4237/1038/4160 4226/1031/4160 4225/1037/4160
f 4247/1040/4160 4224/1039/4160 4235/1041/4160
f 4228/1043/4161 4241/1033/4160 4229/1034/4160
f 4231/1045/4160 4244/1036/4160 4232/1035/4160
f 4236/1046/4160 4225/1037/4160 4224/1039/4160
f 4234/1047/4160 4247/1040/4160 4235/1041/4160
f 4227/1029/4160 4240/1042/4161 4228/1043/4161
f 4242/1049/4160 4231/1045/4160 4230/1032/4160
f 4240/1050/4162 4253/1051/4163 4241/1065/4163
f 4257/1396/4164 4253/1397/4164 4249/1398/4164
f 4259/1057/4165 4236/1056/4166 4247/1058/4165
f 4249/1060/4167 4238/1059/4168 4237/1061/4167
f 4244/1062/4169 4257/1063/4170 4245/1399/4171
f 4241/1065/4163 4254/1066/4172 4242/1073/4172
f 4238/1059/4168 4251/1067/4173 4239/1400/4173
f 4245/1069/4171 4258/1070/4174 4246/1076/4174
f 4254/1066/4172 4243/1072/4175 4242/1073/4172
f 4251/1074/4173 4240/1050/4162 4239/1075/4173
f 4258/1070/4174 4247/1058/4165 4246/1076/4174
f 4236/1077/4166 4249/1060/4167 4237/1061/4167
f 4243/1079/4175 4256/1064/4176 4244/1062/4169
f 4269/1081/4177 4282/1082/4177 4270/1102/4177
f 4274/1085/4177 4263/1084/4177 4262/1086/4177
f 4265/1089/4177 4278/1104/4177 4266/1087/4177
f 4268/1090/4177 4281/1083/4177 4269/1081/4177
f 4273/1092/4177 4262/1086/4177 4261/1093/4177
f 4271/1094/4177 4272/1095/4177 4260/1101/4177
f 4276/1097/4177 4265/1089/4177 4264/1098/4177
f 4279/1099/4177 4268/1090/4177 4267/1100/4177
f 4272/1095/4177 4261/1093/4177 4260/1101/4177
f 4270/1102/4177 4283/1096/4177 4271/1094/4177
f 4263/1084/4177 4276/1097/4177 4264/1098/4177
f 4278/1104/4177 4267/1100/4177 4266/1087/4177
f 4276/1105/4178 4289/1106/4179 4277/1121/4180
f 4293/1401/4181 4289/1402/4181 4285/1403/4181
f 4283/1111/4182 4284/1112/4183 4272/1132/4184
f 4273/1114/4185 4286/1115/4186 4274/1122/4187
f 4292/1118/4188 4281/1117/4189 4280/1119/4190
f 4289/1106/4179 4278/1120/4191 4277/1121/4180
f 4274/1122/4187 4287/1123/4192 4275/1404/4193
f 4293/1125/4194 4282/1124/4195 4281/1117/4189
f 4290/1127/4196 4279/1126/4197 4278/1120/4191
f 4275/1128/4193 4288/1107/4198 4276/1105/4178
f 4294/1130/4199 4283/1111/4182 4282/1131/4195
f 4272/1132/4184 4285/1133/4200 4273/1405/4185
f 4291/1134/4201 4280/1119/4190 4279/1135/4197
f 4269/1136/4202 4323/1137/4203 4268/1139/4204
f 4268/1139/4204 4337/1140/4205 4267/1406/4206
f 4337/1142/4205 4266/1141/4207 4267/1143/4206
f 4351/1145/4208 4265/1144/4209 4266/1141/4207
f 4365/1147/4210 4264/1146/4211 4265/1144/4209
f 4379/1149/4212 4263/1148/4213 4264/1146/4211
f 4263/1150/4213 4407/1151/4214 4262/1153/4215
f 4262/1153/4215 4421/1154/4216 4261/1407/4217
f 4261/1155/4217 4435/1156/4218 4260/1158/4219
f 4260/1158/4219 4449/1159/4220 4271/1160/4221
f 4271/1160/4221 4463/1161/4222 4270/1408/4223
f 4270/1162/4223 4296/1138/4224 4269/1136/4202
f 4296/1138/4224 4322/1164/4225 4323/1137/4203
f 4297/1165/4226 4321/1166/4227 4322/1164/4225
f 4298/1168/4228 4320/1169/4229 4321/1195/4227
f 4299/1170/4230 4319/1171/4231 4320/1169/4229
f 4300/1172/4232 4318/1173/4233 4319/1171/4231
f 4301/1174/4234 4317/1175/4235 4318/1173/4233
f 4302/1176/4236 4316/1177/4237 4317/1175/4235
f 4303/1178/4238 4315/1179/4239 4316/1177/4237
f 4305/1181/4240 4315/1179/4239 4304/1180/4241
f 4305/1181/4240 4313/1182/4242 4314/1203/4243
f 4306/1184/4244 4312/1185/4245 4313/1409/4242
f 4307/1186/4246 4311/1187/4247 4312/1185/4245
f 4308/1188/4248 4310/1189/4249 4311/1187/4247
f 4309/1190/4250 4226/1191/4251 4310/1189/4249
f 4323/1137/4203 4336/1193/4252 4337/1140/4205
f 4322/1164/4225 4335/1194/4253 4336/1193/4252
f 4321/1195/4227 4334/1196/4254 4335/1410/4253
f 4320/1169/4229 4333/1197/4255 4334/1196/4254
f 4319/1171/4231 4332/1198/4256 4333/1197/4255
f 4318/1173/4233 4331/1199/4257 4332/1198/4256
f 4317/1175/4235 4330/1200/4258 4331/1199/4257
f 4316/1177/4237 4329/1201/4259 4330/1200/4258
f 4315/1179/4239 4328/1202/4260 4329/1201/4259
f 4314/1203/4243 4327/1204/4261 4328/1202/4260
f 4313/1182/4242 4326/1205/4262 4327/1204/4261
f 4312/1185/4245 4325/1207/4263 4326/1411/4262
f 4310/1189/4249 4325/1207/4263 4311/1187/4247
f 4226/1191/4251 4324/1208/4264 4310/1189/4249
f 4336/1209/4252 4351/1145/4208 4337/1142/4205
f 4336/1209/4252 4349/1210/4265 4350/1229/4266
f 4335/1211/4253 4348/1212/4267 4349/1210/4265
f 4334/1196/4254 4347/1214/4268 4348/1412/4267
f 4333/1197/4255 4346/1215/4269 4347/1214/4268
f 4332/1198/4256 4345/1216/4270 4346/1215/4269
f 4331/1199/4257 4344/1217/4271 4345/1216/4270
f 4330/1200/4258 4343/1218/4272 4344/1217/4271
f 4329/1201/4259 4342/1219/4273 4343/1218/4272
f 4328/1202/4260 4341/1220/4274 4342/1219/4273
f 4327/1221/4261 4340/1222/4275 4341/1245/4274
f 4325/1224/4263 4340/1222/4275 4326/1223/4262
f 4324/1226/4264 4339/1225/4276 4325/1224/4263
f 4227/1228/4277 4338/1227/4278 4324/1226/4264
f 4350/1229/4266 4365/1147/4210 4351/1145/4208
f 4350/1229/4266 4363/1230/4279 4364/1250/4280
f 4349/1210/4265 4362/1231/4281 4363/1230/4279
f 4348/1212/4267 4361/1232/4282 4362/1231/4281
f 4347/1233/4268 4360/1234/4283 4361/1232/4282
f 4346/1235/4269 4359/1236/4284 4360/1234/4283
f 4345/1237/4270 4358/1238/4285 4359/1236/4284
f 4344/1239/4271 4357/1240/4286 4358/1238/4285
f 4343/1241/4272 4356/1242/4287 4357/1240/4286
f 4342/1243/4273 4355/1244/4288 4356/1242/4287
f 4341/1245/4274 4354/1246/4289 4355/1244/4288
f 4339/1225/4276 4354/1246/4289 4340/1222/4275
f 4338/1227/4278 4353/1247/4290 4339/1225/4276
f 4228/1249/4291 4352/1248/4292 4338/1227/4278
f 4364/1250/4280 4379/1149/4212 4365/1147/4210
f 4364/1250/4280 4377/1251/4293 4378/1265/4294
f 4363/1230/4279 4376/1252/4295 4377/1251/4293
f 4362/1231/4281 4375/1253/4296 4376/1252/4295
f 4361/1232/4282 4374/1254/4297 4375/1253/4296
f 4360/1234/4283 4373/1255/4298 4374/1254/4297
f 4359/1236/4284 4372/1256/4299 4373/1255/4298
f 4358/1238/4285 4371/1257/4300 4372/1256/4299
f 4357/1240/4286 4370/1258/4301 4371/1257/4300
f 4356/1242/4287 4369/1259/4302 4370/1258/4301
f 4355/1244/4288 4368/1260/4303 4369/1259/4302
f 4353/1247/4290 4368/1260/4303 4354/1246/4289
f 4352/1248/4292 4367/1261/4304 4353/1247/4290
f 4229/1263/4305 4366/1262/4306 4352/1248/4292
f 4378/1265/4294 4393/1264/4307 4379/1149/4212
f 4378/1265/4294 4391/1266/4308 4392/1413/4309
f 4377/1251/4293 4390/1267/4310 4391/1266/4308
f 4376/1252/4295 4389/1268/4311 4390/1267/4310
f 4375/1253/4296 4388/1269/4312 4389/1268/4311
f 4374/1254/4297 4387/1270/4313 4388/1269/4312
f 4373/1255/4298 4386/1271/4314 4387/1270/4313
f 4372/1256/4299 4385/1272/4315 4386/1271/4314
f 4371/1257/4300 4384/1273/4316 4385/1272/4315
f 4370/1258/4301 4383/1274/4317 4384/1273/4316
f 4369/1259/4302 4382/1275/4318 4383/1274/4317
f 4367/1261/4304 4382/1275/4318 4368/1260/4303
f 4366/1262/4306 4381/1276/4319 4367/1261/4304
f 4230/1278/4320 4380/1277/4321 4366/1262/4306
f 4393/1152/4307 4406/1279/4322 4407/1151/4214
f 4392/1280/4309 4405/1281/4323 4406/1279/4322
f 4391/1283/4308 4404/1284/4324 4405/1311/4323
f 4390/1285/4310 4403/1286/4325 4404/1284/4324
f 4389/1287/4311 4402/1288/4326 4403/1286/4325
f 4388/1289/4312 4401/1290/4327 4402/1288/4326
f 4387/1291/4313 4400/1292/4328 4401/1290/4327
f 4386/1293/4314 4399/1294/4329 4400/1292/4328
f 4385/1295/4315 4398/1296/4330 4399/1294/4329
f 4384/1297/4316 4397/1298/4331 4398/1296/4330
f 4383/1300/4317 4396/1301/4332 4397/1319/4331
f 4382/1302/4318 4395/1303/4333 4396/1301/4332
f 4381/1304/4319 4394/1305/4334 4395/1303/4333
f 4380/1306/4321 4232/1307/4335 4394/1305/4334
f 4407/1151/4214 4420/1309/4336 4421/1154/4216
f 4406/1279/4322 4419/1310/4337 4420/1309/4336
f 4405/1311/4323 4418/1312/4338 4419/1414/4337
f 4404/1284/4324 4417/1313/4339 4418/1312/4338
f 4403/1286/4325 4416/1314/4340 4417/1313/4339
f 4402/1288/4326 4415/1315/4341 4416/1314/4340
f 4401/1290/4327 4414/1316/4342 4415/1315/4341
f 4399/1294/4329 4414/1316/4342 4400/1292/4328
f 4398/1296/4330 4413/1317/4343 4399/1294/4329
f 4398/1296/4330 4411/1318/4344 4412/1415/4345
f 4397/1319/4331 4410/1320/4346 4411/1416/4344
f 4396/1301/4332 4409/1321/4347 4410/1320/4346
f 4395/1303/4333 4408/1322/4348 4409/1321/4347
f 4394/1305/4334 4233/1323/4349 4408/1322/4348
f 4421/1157/4216 4434/1324/4350 4435/1156/4218
f 4420/1325/4336 4433/1326/4351 4434/1324/4350
f 4418/1328/4338 4433/1326/4351 4419/1327/4337
f 4417/1330/4339 4432/1329/4352 4418/1328/4338
f 4416/1332/4340 4431/1331/4353 4417/1330/4339
f 4415/1334/4341 4430/1333/4354 4416/1332/4340
f 4414/1336/4342 4429/1335/4355 4415/1334/4341
f 4413/1338/4343 4428/1337/4356 4414/1336/4342
f 4412/1340/4345 4427/1339/4357 4413/1338/4343
f 4411/1342/4344 4426/1341/4358 4412/1340/4345
f 4411/1342/4344 4424/1343/4359 4425/1360/4360
f 4410/1344/4346 4423/1345/4361 4424/1343/4359
f 4409/1346/4347 4422/1347/4362 4423/1345/4361
f 4408/1348/4348 4234/1349/4363 4422/1347/4362
f 4435/1156/4218 4448/1351/4364 4449/1159/4220
f 4434/1324/4350 4447/1352/4365 4448/1351/4364
f 4432/1329/4352 4447/1352/4365 4433/1326/4351
f 4431/1331/4353 4446/1353/4366 4432/1329/4352
f 4430/1333/4354 4445/1354/4367 4431/1331/4353
f 4429/1335/4355 4444/1355/4368 4430/1333/4354
f 4428/1337/4356 4443/1356/4369 4429/1335/4355
f 4427/1339/4357 4442/1357/4370 4428/1337/4356
f 4426/1341/4358 4441/1358/4371 4427/1339/4357
f 4425/1360/4360 4440/1359/4372 4426/1341/4358
f 4425/1360/4360 4438/1361/4373 4439/1374/4374
f 4424/1343/4359 4437/1362/4375 4438/1361/4373
f 4423/1345/4361 4436/1363/4376 4437/1362/4375
f 4422/1347/4362 4235/1364/4377 4436/1363/4376
f 4449/1159/4220 4462/1365/4378 4463/1161/4222
f 4448/1351/4364 4461/1366/4379 4462/1365/4378
f 4446/1353/4366 4461/1366/4379 4447/1352/4365
f 4445/1354/4367 4460/1367/4380 4446/1353/4366
f 4444/1355/4368 4459/1368/4381 4445/1354/4367
f 4443/1356/4369 4458/1369/4382 4444/1355/4368
f 4442/1357/4370 4457/1370/4383 4443/1356/4369
f 4441/1358/4371 4456/1371/4384 4442/1357/4370
f 4440/1359/4372 4455/1372/4385 4441/1358/4371
f 4439/1374/4374 4454/1373/4386 4440/1359/4372
f 4438/1361/4373 4453/1375/4387 4439/1374/4374
f 4438/1361/4373 4451/1376/4388 4452/1417/4389
f 4437/1362/4375 4450/1377/4390 4451/1376/4388
f 4436/1363/4376 4224/1378/4391 4450/1377/4390
f 4463/1163/4222 4297/1165/4226 4296/1138/4224
f 4462/1379/4378 4298/1167/4228 4297/1165/4226
f 4460/1381/4380 4298/1167/4228 4461/1380/4379
f 4459/1382/4381 4299/1170/4230 4460/1383/4380
f 4458/1384/4382 4300/1172/4232 4459/1382/4381
f 4457/1385/4383 4301/1174/4234 4458/1384/4382
f 4456/1386/4384 4302/1176/4236 4457/1385/4383
f 4455/1387/4385 4303/1178/4238 4456/1386/4384
f 4454/1388/4386 4304/1180/4241 4455/1387/4385
f 4453/1390/4387 4305/1389/4240 4454/1391/4386
f 4453/1390/4387 4307/1186/4246 4306/1184/4244
f 4452/1392/4389 4308/1188/4248 4307/1186/4246
f 4451/1393/4388 4309/1190/4250 4308/1188/4248
f 4450/1394/4390 4225/1192/4392 4309/1190/4250
f 4473/1026/4393 4486/1027/4393 4485/1028/4393
f 4467/1029/4393 4478/1030/4393 4466/1031/4393
f 4469/1034/4393 4482/1049/4393 4481/1033/4393
f 4472/1035/4393 4485/1028/4393 4484/1036/4393
f 4466/1031/4393 4477/1038/4393 4465/1037/4393
f 4464/1039/4394 4487/1040/4393 4475/1041/4393
f 4468/1043/4394 4481/1033/4393 4480/1042/4394
f 4471/1045/4393 4484/1036/4393 4483/1044/4393
f 4465/1037/4393 4476/1046/4394 4464/1039/4394
f 4474/1047/4393 4487/1040/4393 4486/1027/4393
f 4467/1029/4393 4480/1042/4394 4479/1048/4393
f 4471/1045/4393 4482/1049/4393 4470/1032/4393
f 4480/1050/4395 4493/1051/4396 4492/1052/4395
f 4491/1053/4397 4495/1054/4397 4498/1055/4397
f 4476/1056/4398 4498/1057/4399 4487/1058/4399
f 4478/1059/4400 4489/1060/4401 4477/1061/4401
f 4484/1062/4402 4496/1063/4403 4256/1064/4404
f 4481/1065/4396 4494/1066/4405 4493/1051/4396
f 4478/1059/4400 4491/1067/4406 4490/1068/4400
f 4485/1069/4407 4497/1070/4408 4496/1071/4403
f 4483/1072/4409 4494/1066/4405 4482/1073/4405
f 4480/1050/4395 4491/1074/4406 4479/1075/4406
f 4487/1058/4399 4497/1070/4408 4486/1076/4408
f 4476/1077/4398 4489/1060/4401 4488/1078/4398
f 4483/1079/4409 4256/1064/4404 4495/1080/4410
f 4508/1081/4411 4521/1082/4411 4520/1083/4411
f 4502/1084/4411 4513/1085/4411 4501/1086/4411
f 4504/1089/4411 4517/1104/4411 4516/1088/4411
f 4507/1090/4411 4520/1083/4411 4519/1091/4411
f 4501/1086/4411 4512/1092/4411 4500/1093/4411
f 4510/1094/4411 4511/1095/4411 4522/1096/4411
f 4504/1089/4411 4515/1097/4411 4503/1098/4411
f 4507/1090/4411 4518/1099/4411 4506/1100/4411
f 4500/1093/4411 4511/1095/4411 4499/1101/4411
f 4509/1102/4411 4522/1096/4411 4521/1082/4411
f 4502/1084/4411 4515/1097/4411 4514/1103/4411
f 4506/1100/4411 4517/1104/4411 4505/1087/4411
f 4515/1105/4412 4528/1106/4413 4527/1107/4414
f 4526/1108/4415 4530/1109/4415 4534/1110/4415
f 4522/1111/4416 4523/1112/4417 4534/1113/4418
f 4512/1114/4419 4525/1115/4420 4524/1116/4421
f 4520/1117/4422 4531/1118/4423 4519/1119/4424
f 4517/1120/4425 4528/1106/4413 4516/1121/4426
f 4513/1122/4427 4526/1123/4428 4525/1115/4420
f 4521/1124/4429 4532/1125/4430 4520/1117/4422
f 4518/1126/4431 4529/1127/4432 4517/1120/4425
f 4514/1128/4433 4527/1107/4414 4526/1129/4428
f 4522/1111/4416 4533/1130/4434 4521/1131/4429
f 4511/1132/4435 4524/1133/4421 4523/1112/4417
f 4519/1119/4424 4530/1134/4436 4518/1135/4431
f 4508/1136/4437 4562/1137/4438 4535/1138/4439
f 4507/1139/4440 4576/1140/4441 4562/1137/4438
f 4505/1141/4442 4576/1142/4441 4506/1143/4443
f 4504/1144/4444 4590/1145/4445 4505/1141/4442
f 4503/1146/4446 4604/1147/4447 4504/1144/4444
f 4502/1148/4448 4618/1149/4449 4503/1146/4446
f 4502/1150/4448 4646/1151/4450 4632/1152/4451
f 4501/1153/4452 4660/1154/4453 4646/1151/4450
f 4500/1155/4454 4674/1156/4455 4660/1157/4453
f 4499/1158/4456 4688/1159/4457 4674/1156/4455
f 4510/1160/4458 4702/1161/4459 4688/1159/4457
f 4509/1162/4460 4535/1138/4439 4702/1163/4459
f 4535/1138/4439 4561/1164/4461 4536/1165/4462
f 4536/1165/4462 4560/1166/4463 4537/1167/4464
f 4537/1168/4464 4559/1169/4465 4538/1170/4466
f 4538/1170/4466 4558/1171/4467 4539/1172/4468
f 4539/1172/4468 4557/1173/4469 4540/1174/4470
f 4540/1174/4470 4556/1175/4471 4541/1176/4472
f 4541/1176/4472 4555/1177/4473 4542/1178/4474
f 4542/1178/4474 4554/1179/4475 4543/1180/4476
f 4554/1179/4475 4544/1181/4477 4543/1180/4476
f 4544/1181/4477 4552/1182/4478 4545/1183/4479
f 4545/1184/4479 4551/1185/4480 4546/1186/4481
f 4546/1186/4481 4550/1187/4482 4547/1188/4483
f 4547/1188/4483 4549/1189/4484 4548/1190/4485
f 4548/1190/4485 4466/1191/4486 4465/1192/4487
f 4562/1137/4438 4575/1193/4488 4561/1164/4461
f 4561/1164/4461 4574/1194/4489 4560/1166/4463
f 4560/1195/4463 4573/1196/4490 4559/1169/4465
f 4559/1169/4465 4572/1197/4491 4558/1171/4467
f 4558/1171/4467 4571/1198/4492 4557/1173/4469
f 4557/1173/4469 4570/1199/4493 4556/1175/4471
f 4556/1175/4471 4569/1200/4494 4555/1177/4473
f 4555/1177/4473 4568/1201/4495 4554/1179/4475
f 4554/1179/4475 4567/1202/4496 4553/1203/4497
f 4553/1203/4497 4566/1204/4498 4552/1182/4478
f 4552/1182/4478 4565/1205/4499 4551/1206/4480
f 4551/1185/4480 4564/1207/4500 4550/1187/4482
f 4564/1207/4500 4549/1189/4484 4550/1187/4482
f 4563/1208/4501 4466/1191/4486 4549/1189/4484
f 4590/1145/4445 4575/1209/4488 4576/1142/4441
f 4575/1209/4488 4588/1210/4502 4574/1211/4489
f 4574/1211/4489 4587/1212/4503 4573/1213/4490
f 4573/1196/4490 4586/1214/4504 4572/1197/4491
f 4572/1197/4491 4585/1215/4505 4571/1198/4492
f 4571/1198/4492 4584/1216/4506 4570/1199/4493
f 4570/1199/4493 4583/1217/4507 4569/1200/4494
f 4569/1200/4494 4582/1218/4508 4568/1201/4495
f 4568/1201/4495 4581/1219/4509 4567/1202/4496
f 4567/1202/4496 4580/1220/4510 4566/1204/4498
f 4566/1221/4498 4579/1222/4511 4565/1223/4499
f 4579/1222/4511 4564/1224/4500 4565/1223/4499
f 4578/1225/4512 4563/1226/4501 4564/1224/4500
f 4577/1227/4513 4467/1228/4514 4563/1226/4501
f 4604/1147/4447 4589/1229/4515 4590/1145/4445
f 4589/1229/4515 4602/1230/4516 4588/1210/4502
f 4588/1210/4502 4601/1231/4517 4587/1212/4503
f 4587/1212/4503 4600/1232/4518 4586/1233/4504
f 4586/1233/4504 4599/1234/4519 4585/1235/4505
f 4585/1235/4505 4598/1236/4520 4584/1237/4506
f 4584/1237/4506 4597/1238/4521 4583/1239/4507
f 4583/1239/4507 4596/1240/4522 4582/1241/4508
f 4582/1241/4508 4595/1242/4523 4581/1243/4509
f 4581/1243/4509 4594/1244/4524 4580/1245/4510
f 4580/1245/4510 4593/1246/4525 4579/1222/4511
f 4593/1246/4525 4578/1225/4512 4579/1222/4511
f 4592/1247/4526 4577/1227/4513 4578/1225/4512
f 4591/1248/4527 4468/1249/4528 4577/1227/4513
f 4618/1149/4449 4603/1250/4529 4604/1147/4447
f 4603/1250/4529 4616/1251/4530 4602/1230/4516
f 4602/1230/4516 4615/1252/4531 4601/1231/4517
f 4601/1231/4517 4614/1253/4532 4600/1232/4518
f 4600/1232/4518 4613/1254/4533 4599/1234/4519
f 4599/1234/4519 4612/1255/4534 4598/1236/4520
f 4598/1236/4520 4611/1256/4535 4597/1238/4521
f 4597/1238/4521 4610/1257/4536 4596/1240/4522
f 4596/1240/4522 4609/1258/4537 4595/1242/4523
f 4595/1242/4523 4608/1259/4538 4594/1244/4524
f 4594/1244/4524 4607/1260/4539 4593/1246/4525
f 4607/1260/4539 4592/1247/4526 4593/1246/4525
f 4606/1261/4540 4591/1248/4527 4592/1247/4526
f 4605/1262/4541 4469/1263/4542 4591/1248/4527
f 4632/1264/4451 4617/1265/4543 4618/1149/4449
f 4617/1265/4543 4630/1266/4544 4616/1251/4530
f 4616/1251/4530 4629/1267/4545 4615/1252/4531
f 4615/1252/4531 4628/1268/4546 4614/1253/4532
f 4614/1253/4532 4627/1269/4547 4613/1254/4533
f 4613/1254/4533 4626/1270/4548 4612/1255/4534
f 4612/1255/4534 4625/1271/4549 4611/1256/4535
f 4611/1256/4535 4624/1272/4550 4610/1257/4536
f 4610/1257/4536 4623/1273/4551 4609/1258/4537
f 4609/1258/4537 4622/1274/4552 4608/1259/4538
f 4608/1259/4538 4621/1275/4553 4607/1260/4539
f 4621/1275/4553 4606/1261/4540 4607/1260/4539
f 4620/1276/4554 4605/1262/4541 4606/1261/4540
f 4619/1277/4555 4470/1278/4556 4605/1262/4541
f 4632/1152/4451 4645/1279/4557 4631/1280/4558
f 4631/1280/4558 4644/1281/4559 4630/1282/4544
f 4630/1283/4544 4643/1284/4560 4629/1285/4545
f 4629/1285/4545 4642/1286/4561 4628/1287/4546
f 4628/1287/4546 4641/1288/4562 4627/1289/4547
f 4627/1289/4547 4640/1290/4563 4626/1291/4548
f 4626/1291/4548 4639/1292/4564 4625/1293/4549
f 4625/1293/4549 4638/1294/4565 4624/1295/4550
f 4624/1295/4550 4637/1296/4566 4623/1297/4551
f 4623/1297/4551 4636/1298/4567 4622/1299/4552
f 4622/1300/4552 4635/1301/4568 4621/1302/4553
f 4621/1302/4553 4634/1303/4569 4620/1304/4554
f 4620/1304/4554 4633/1305/4570 4619/1306/4555
f 4619/1306/4555 4472/1307/4571 4471/1308/4572
f 4646/1151/4450 4659/1309/4573 4645/1279/4557
f 4645/1279/4557 4658/1310/4574 4644/1281/4559
f 4644/1311/4559 4657/1312/4575 4643/1284/4560
f 4643/1284/4560 4656/1313/4576 4642/1286/4561
f 4642/1286/4561 4655/1314/4577 4641/1288/4562
f 4641/1288/4562 4654/1315/4578 4640/1290/4563
f 4640/1290/4563 4653/1316/4579 4639/1292/4564
f 4653/1316/4579 4638/1294/4565 4639/1292/4564
f 4652/1317/4580 4637/1296/4566 4638/1294/4565
f 4637/1296/4566 4650/1318/4581 4636/1298/4567
f 4636/1319/4567 4649/1320/4582 4635/1301/4568
f 4635/1301/4568 4648/1321/4583 4634/1303/4569
f 4634/1303/4569 4647/1322/4584 4633/1305/4570
f 4633/1305/4570 4473/1323/4585 4472/1307/4571
f 4660/1157/4453 4673/1324/4586 4659/1325/4573
f 4659/1325/4573 4672/1326/4587 4658/1327/4574
f 4672/1326/4587 4657/1328/4575 4658/1327/4574
f 4671/1329/4588 4656/1330/4576 4657/1328/4575
f 4670/1331/4589 4655/1332/4577 4656/1330/4576
f 4669/1333/4590 4654/1334/4578 4655/1332/4577
f 4668/1335/4591 4653/1336/4579 4654/1334/4578
f 4667/1337/4592 4652/1338/4580 4653/1336/4579
f 4666/1339/4593 4651/1340/4594 4652/1338/4580
f 4665/1341/4595 4650/1342/4581 4651/1340/4594
f 4650/1342/4581 4663/1343/4596 4649/1344/4582
f 4649/1344/4582 4662/1345/4597 4648/1346/4583
f 4648/1346/4583 4661/1347/4598 4647/1348/4584
f 4647/1348/4584 4474/1349/4599 4473/1350/4585
f 4674/1156/4455 4687/1351/4600 4673/1324/4586
f 4673/1324/4586 4686/1352/4601 4672/1326/4587
f 4686/1352/4601 4671/1329/4588 4672/1326/4587
f 4685/1353/4602 4670/1331/4589 4671/1329/4588
f 4684/1354/4603 4669/1333/4590 4670/1331/4589
f 4683/1355/4604 4668/1335/4591 4669/1333/4590
f 4682/1356/4605 4667/1337/4592 4668/1335/4591
f 4681/1357/4606 4666/1339/4593 4667/1337/4592
f 4680/1358/4607 4665/1341/4595 4666/1339/4593
f 4679/1359/4608 4664/1360/4609 4665/1341/4595
f 4664/1360/4609 4677/1361/4610 4663/1343/4596
f 4663/1343/4596 4676/1362/4611 4662/1345/4597
f 4662/1345/4597 4675/1363/4612 4661/1347/4598
f 4661/1347/4598 4475/1364/4613 4474/1349/4599
f 4688/1159/4457 4701/1365/4614 4687/1351/4600
f 4687/1351/4600 4700/1366/4615 4686/1352/4601
f 4700/1366/4615 4685/1353/4602 4686/1352/4601
f 4699/1367/4616 4684/1354/4603 4685/1353/4602
f 4698/1368/4617 4683/1355/4604 4684/1354/4603
f 4697/1369/4618 4682/1356/4605 4683/1355/4604
f 4696/1370/4619 4681/1357/4606 4682/1356/4605
f 4695/1371/4620 4680/1358/4607 4681/1357/4606
f 4694/1372/4621 4679/1359/4608 4680/1358/4607
f 4693/1373/4622 4678/1374/4623 4679/1359/4608
f 4692/1375/4624 4677/1361/4610 4678/1374/4623
f 4677/1361/4610 4690/1376/4625 4676/1362/4611
f 4676/1362/4611 4689/1377/4626 4675/1363/4612
f 4675/1363/4612 4464/1378/4627 4475/1364/4613
f 4702/1163/4459 4536/1165/4462 4701/1379/4614
f 4701/1379/4614 4537/1167/4464 4700/1380/4615
f 4537/1167/4464 4699/1381/4616 4700/1380/4615
f 4538/1170/4466 4698/1382/4617 4699/1383/4616
f 4539/1172/4468 4697/1384/4618 4698/1382/4617
f 4540/1174/4470 4696/1385/4619 4697/1384/4618
f 4541/1176/4472 4695/1386/4620 4696/1385/4619
f 4542/1178/4474 4694/1387/4621 4695/1386/4620
f 4543/1180/4476 4693/1388/4622 4694/1387/4621
f 4544/1389/4477 4692/1390/4624 4693/1391/4622
f 4692/1390/4624 4546/1186/4481 4691/1392/4628
f 4691/1392/4628 4547/1188/4483 4690/1393/4625
f 4690/1393/4625 4548/1190/4485 4689/1394/4626
f 4689/1394/4626 4465/1192/4487 4464/1395/4627
f 3754/1026/3693 3755/1047/3693 3767/1027/3693
f 3748/1029/3693 3760/1048/3693 3759/1030/3693
f 3751/1032/3693 3763/1049/3693 3762/1033/3693
f 3753/1035/3693 3754/1026/3693 3766/1028/3693
f 3746/1037/3693 3747/1031/3693 3759/1030/3693
f 3745/1039/3693 3757/1046/3693 3768/1040/3693
f 3750/1034/3693 3762/1033/3693 3761/1042/3693
f 3753/1035/3693 3765/1036/3693 3764/1044/3693
f 3746/1037/3693 3758/1038/3693 3757/1046/3693
f 3755/1047/3693 3756/1041/3693 3768/1040/3693
f 3748/1029/3693 3749/1043/3693 3761/1042/3693
f 3752/1045/3693 3764/1044/3693 3763/1049/3693
f 3761/1050/3694 3762/1065/3695 3774/1051/3695
f 3780/1055/3696 3769/1418/3696 3770/1398/3696
f 3770/1398/3696 3771/1419/3696 3772/1053/3696
f 3772/1053/3696 3773/1420/3696 3774/1397/3696
f 3774/1397/3696 3775/1421/3696 3776/1054/3696
f 3776/1054/3696 3777/1422/4629 3778/1396/3696
f 3778/1396/3696 3779/1423/3696 3780/1055/3696
f 3780/1055/3696 3770/1398/3696 3772/1053/3696
f 3772/1053/3696 3774/1397/3696 3776/1054/3696
f 3776/1054/3696 3778/1396/3696 3780/1055/3696
f 3757/1056/3697 3769/1424/3697 3780/1057/3698
f 3759/1059/3699 3771/1068/3699 3770/1060/3700
f 3765/1062/3701 3766/1399/3706 3778/1063/3702
f 3762/1065/3695 3763/1073/3704 3775/1066/3704
f 3759/1059/3699 3760/1400/3705 3772/1067/3705
f 3766/1069/3706 3767/1076/3707 3779/1070/3707
f 3764/1072/3708 3776/1425/3709 3775/1066/3704
f 3761/1050/3694 3773/1052/3694 3772/1074/3705
f 3768/1058/3698 3780/1057/3698 3779/1070/3707
f 3757/1077/3697 3758/1061/3700 3770/1060/3700
f 3764/1079/3708 3765/1062/3701 3777/1064/3703
f 3790/1081/3710 3791/1102/3710 3803/1082/3710
f 3784/1084/3710 3796/1103/3710 3795/1085/3710
f 3787/1087/3710 3799/1104/3710 3798/1088/3710
f 3789/1090/3710 3790/1081/3710 3802/1083/3710
f 3783/1086/3710 3795/1085/3710 3794/1092/3710
f 3792/1094/3710 3781/1101/3710 3793/1095/3710
f 3786/1089/3710 3798/1088/3710 3797/1097/3710
f 3789/1090/3710 3801/1091/3710 3800/1099/3710
f 3782/1093/3710 3794/1092/3710 3793/1095/3710
f 3791/1102/3710 3792/1094/3710 3804/1096/3710
f 3785/1098/3710 3797/1097/3710 3796/1103/3710
f 3788/1100/3710 3800/1099/3710 3799/1104/3710
f 3797/1105/3711 3798/1121/3725 3810/1106/3712
f 3816/1110/3714 3805/1426/3714 3806/1403/3714
f 3806/1403/3714 3807/1427/3714 3808/1108/3714
f 3808/1108/3714 3809/1428/3714 3810/1402/3714
f 3810/1402/3714 3811/1429/3714 3812/1109/3714
f 3812/1109/3714 3813/1430/3714 3814/1401/3714
f 3814/1401/3714 3815/1431/3714 3816/1110/3714
f 3816/1110/3714 3806/1403/3714 3808/1108/3714
f 3808/1108/3714 3810/1402/3714 3812/1109/3714
f 3812/1109/3714 3814/1401/3714 3816/1110/3714
f 3804/1111/3715 3793/1132/3734 3805/1112/3716
f 3794/1114/3718 3795/1122/3726 3807/1115/3719
f 3802/1117/3721 3814/1125/3729 3813/1118/3722
f 3799/1120/3724 3811/1127/3731 3810/1106/3712
f 3795/1122/3726 3796/1404/3732 3808/1123/3727
f 3803/1124/3728 3815/1432/3733 3814/1125/3729
f 3800/1126/3730 3812/1433/3735 3811/1127/3731
f 3796/1128/3732 3797/1105/3711 3809/1107/3713
f 3804/1111/3715 3816/1113/3717 3815/1130/3733
f 3793/1132/3734 3794/1405/3718 3806/1133/3720
f 3801/1119/3723 3813/1118/3722 3812/1134/3735
f 3790/1136/3736 3789/1139/3739 3844/1137/3737
f 3789/1139/3739 3788/1406/3742 3858/1140/3740
f 3787/1141/3741 3872/1145/3744 3858/1142/3740
f 3786/1144/3743 3886/1147/3746 3872/1145/3744
f 3785/1146/3745 3900/1149/3748 3886/1147/3746
f 3784/1148/3747 3914/1264/3750 3900/1149/3748
f 3784/1150/3747 3783/1153/3751 3928/1151/3749
f 3783/1153/3751 3782/1407/3753 3942/1154/3752
f 3782/1155/3753 3781/1158/3755 3956/1156/3754
f 3781/1158/3755 3792/1160/3757 3970/1159/3756
f 3792/1160/3757 3791/1408/3759 3984/1161/3758
f 3791/1162/3759 3790/1136/3736 3817/1138/3738
f 3817/1138/3738 3844/1137/3737 3843/1164/3760
f 3818/1165/3761 3843/1164/3760 3842/1166/3762
f 3819/1168/3763 3842/1195/3762 3841/1169/3764
f 3820/1170/3765 3841/1169/3764 3840/1171/3766
f 3821/1172/3767 3840/1171/3766 3839/1173/3768
f 3822/1174/3769 3839/1173/3768 3838/1175/3770
f 3823/1176/3771 3838/1175/3770 3837/1177/3772
f 3824/1178/3773 3837/1177/3772 3836/1179/3774
f 3836/1179/3774 3835/1203/3796 3826/1181/3776
f 3826/1181/3776 3835/1203/3796 3834/1182/3777
f 3827/1184/3778 3834/1409/3777 3833/1185/3779
f 3828/1186/3780 3833/1185/3779 3832/1187/3781
f 3829/1188/3782 3832/1187/3781 3831/1189/3783
f 3830/1190/3784 3831/1189/3783 3747/1191/3785
f 3844/1137/3737 3858/1140/3740 3857/1193/3787
f 3843/1164/3760 3857/1193/3787 3856/1194/3788
f 3842/1195/3762 3856/1410/3788 3855/1196/3789
f 3841/1169/3764 3855/1196/3789 3854/1197/3790
f 3840/1171/3766 3854/1197/3790 3853/1198/3791
f 3839/1173/3768 3853/1198/3791 3852/1199/3792
f 3838/1175/3770 3852/1199/3792 3851/1200/3793
f 3837/1177/3772 3851/1200/3793 3850/1201/3794
f 3836/1179/3774 3850/1201/3794 3849/1202/3795
f 3835/1203/3796 3849/1202/3795 3848/1204/3797
f 3834/1182/3777 3848/1204/3797 3847/1205/3798
f 3833/1185/3779 3847/1411/3798 3846/1207/3799
f 3846/1207/3799 3845/1208/3800 3831/1189/3783
f 3845/1208/3800 3748/1434/3813 3747/1191/3785
f 3872/1145/3744 3871/1229/3814 3857/1209/3787
f 3857/1209/3787 3871/1229/3814 3870/1210/3801
f 3856/1211/3788 3870/1210/3801 3869/1212/3802
f 3855/1196/3789 3869/1412/3802 3868/1214/3803
f 3854/1197/3790 3868/1214/3803 3867/1215/3804
f 3853/1198/3791 3867/1215/3804 3866/1216/3805
f 3852/1199/3792 3866/1216/3805 3865/1217/3806
f 3851/1200/3793 3865/1217/3806 3864/1218/3807
f 3850/1201/3794 3864/1218/3807 3863/1219/3808
f 3849/1202/3795 3863/1219/3808 3862/1220/3809
f 3848/1221/3797 3862/1245/3809 3861/1222/3810
f 3861/1222/3810 3860/1225/3811 3846/1224/3799
f 3860/1225/3811 3859/1227/3812 3845/1226/3800
f 3859/1227/3812 3749/1249/3827 3748/1228/3813
f 3886/1147/3746 3885/1250/3828 3871/1229/3814
f 3871/1229/3814 3885/1250/3828 3884/1230/3815
f 3870/1210/3801 3884/1230/3815 3883/1231/3816
f 3869/1212/3802 3883/1231/3816 3882/1232/3817
f 3868/1233/3803 3882/1232/3817 3881/1234/3818
f 3867/1235/3804 3881/1234/3818 3880/1236/3819
f 3866/1237/3805 3880/1236/3819 3879/1238/3820
f 3865/1239/3806 3879/1238/3820 3878/1240/3821
f 3864/1241/3807 3878/1240/3821 3877/1242/3822
f 3863/1243/3808 3877/1242/3822 3876/1244/3823
f 3862/1245/3809 3876/1244/3823 3875/1246/3824
f 3875/1246/3824 3874/1247/3825 3860/1225/3811
f 3874/1247/3825 3873/1248/3826 3859/1227/3812
f 3873/1248/3826 3750/1263/3841 3749/1249/3827
f 3900/1149/3748 3899/1265/3842 3885/1250/3828
f 3885/1250/3828 3899/1265/3842 3898/1251/3829
f 3884/1230/3815 3898/1251/3829 3897/1252/3830
f 3883/1231/3816 3897/1252/3830 3896/1253/3831
f 3882/1232/3817 3896/1253/3831 3895/1254/3832
f 3881/1234/3818 3895/1254/3832 3894/1255/3833
f 3880/1236/3819 3894/1255/3833 3893/1256/3834
f 3879/1238/3820 3893/1256/3834 3892/1257/3835
f 3878/1240/3821 3892/1257/3835 3891/1258/3836
f 3877/1242/3822 3891/1258/3836 3890/1259/3837
f 3876/1244/3823 3890/1259/3837 3889/1260/3838
f 3889/1260/3838 3888/1261/3839 3874/1247/3825
f 3888/1261/3839 3887/1262/3840 3873/1248/3826
f 3887/1262/3840 3751/1278/3855 3750/1263/3841
f 3914/1264/3750 3913/1413/3857 3899/1265/3842
f 3899/1265/3842 3913/1413/3857 3912/1266/3843
f 3898/1251/3829 3912/1266/3843 3911/1267/3844
f 3897/1252/3830 3911/1267/3844 3910/1268/3845
f 3896/1253/3831 3910/1268/3845 3909/1269/3846
f 3895/1254/3832 3909/1269/3846 3908/1270/3847
f 3894/1255/3833 3908/1270/3847 3907/1271/3848
f 3893/1256/3834 3907/1271/3848 3906/1272/3849
f 3892/1257/3835 3906/1272/3849 3905/1273/3850
f 3891/1258/3836 3905/1273/3850 3904/1274/3851
f 3890/1259/3837 3904/1274/3851 3903/1275/3852
f 3903/1275/3852 3902/1276/3853 3888/1261/3839
f 3902/1276/3853 3901/1277/3854 3887/1262/3840
f 3901/1277/3854 3752/1435/3871 3751/1278/3855
f 3914/1152/3750 3928/1151/3749 3927/1279/3856
f 3913/1280/3857 3927/1279/3856 3926/1281/3858
f 3912/1283/3843 3926/1311/3858 3925/1284/3859
f 3911/1285/3844 3925/1284/3859 3924/1286/3860
f 3910/1287/3845 3924/1286/3860 3923/1288/3861
f 3909/1289/3846 3923/1288/3861 3922/1290/3862
f 3908/1291/3847 3922/1290/3862 3921/1292/3863
f 3907/1293/3848 3921/1292/3863 3920/1294/3864
f 3906/1295/3849 3920/1294/3864 3919/1296/3865
f 3905/1297/3850 3919/1296/3865 3918/1298/3866
f 3904/1300/3851 3918/1319/3866 3917/1301/3867
f 3903/1302/3852 3917/1301/3867 3916/1303/3868
f 3902/1304/3853 3916/1303/3868 3915/1305/3869
f 3901/1306/3854 3915/1305/3869 3753/1307/3870
f 3928/1151/3749 3942/1154/3752 3941/1309/3872
f 3927/1279/3856 3941/1309/3872 3940/1310/3873
f 3926/1311/3858 3940/1414/3873 3939/1312/3874
f 3925/1284/3859 3939/1312/3874 3938/1313/3875
f 3924/1286/3860 3938/1313/3875 3937/1314/3876
f 3923/1288/3861 3937/1314/3876 3936/1315/3877
f 3922/1290/3862 3936/1315/3877 3935/1316/3878
f 3935/1316/3878 3934/1317/3879 3920/1294/3864
f 3934/1317/3879 3933/1415/3893 3919/1296/3865
f 3919/1296/3865 3933/1415/3893 3932/1318/3880
f 3918/1319/3866 3932/1416/3880 3931/1320/3881
f 3917/1301/3867 3931/1320/3881 3930/1321/3882
f 3916/1303/3868 3930/1321/3882 3929/1322/3883
f 3915/1305/3869 3929/1322/3883 3754/1323/3884
f 3942/1157/3752 3956/1156/3754 3955/1324/3885
f 3941/1325/3872 3955/1324/3885 3954/1326/3886
f 3954/1326/3886 3953/1329/3887 3939/1328/3874
f 3953/1329/3887 3952/1331/3888 3938/1330/3875
f 3952/1331/3888 3951/1333/3889 3937/1332/3876
f 3951/1333/3889 3950/1335/3890 3936/1334/3877
f 3950/1335/3890 3949/1337/3891 3935/1336/3878
f 3949/1337/3891 3948/1339/3892 3934/1338/3879
f 3948/1339/3892 3947/1341/3894 3933/1340/3893
f 3947/1341/3894 3946/1360/3908 3932/1342/3880
f 3932/1342/3880 3946/1360/3908 3945/1343/3895
f 3931/1344/3881 3945/1343/3895 3944/1345/3896
f 3930/1346/3882 3944/1345/3896 3943/1347/3897
f 3929/1348/3883 3943/1347/3897 3755/1349/3898
f 3956/1156/3754 3970/1159/3756 3969/1351/3899
f 3955/1324/3885 3969/1351/3899 3968/1352/3900
f 3968/1352/3900 3967/1353/3901 3953/1329/3887
f 3967/1353/3901 3966/1354/3902 3952/1331/3888
f 3966/1354/3902 3965/1355/3903 3951/1333/3889
f 3965/1355/3903 3964/1356/3904 3950/1335/3890
f 3964/1356/3904 3963/1357/3905 3949/1337/3891
f 3963/1357/3905 3962/1358/3906 3948/1339/3892
f 3962/1358/3906 3961/1359/3907 3947/1341/3894
f 3961/1359/3907 3960/1374/3922 3946/1360/3908
f 3946/1360/3908 3960/1374/3922 3959/1361/3909
f 3945/1343/3895 3959/1361/3909 3958/1362/3910
f 3944/1345/3896 3958/1362/3910 3957/1363/3911
f 3943/1347/3897 3957/1363/3911 3756/1364/3912
f 3970/1159/3756 3984/1161/3758 3983/1365/3913
f 3969/1351/3899 3983/1365/3913 3982/1366/3914
f 3982/1366/3914 3981/1367/3915 3967/1353/3901
f 3981/1367/3915 3980/1368/3916 3966/1354/3902
f 3980/1368/3916 3979/1369/3917 3965/1355/3903
f 3979/1369/3917 3978/1370/3918 3964/1356/3904
f 3978/1370/3918 3977/1371/3919 3963/1357/3905
f 3977/1371/3919 3976/1372/3920 3962/1358/3906
f 3976/1372/3920 3975/1373/3921 3961/1359/3907
f 3975/1373/3921 3974/1375/3923 3960/1374/3922
f 3974/1375/3923 3973/1417/3927 3959/1361/3909
f 3959/1361/3909 3973/1417/3927 3972/1376/3924
f 3958/1362/3910 3972/1376/3924 3971/1377/3925
f 3957/1363/3911 3971/1377/3925 3745/1378/3926
f 3984/1163/3758 3817/1138/3738 3818/1165/3761
f 3983/1379/3913 3818/1165/3761 3819/1167/3763
f 3819/1167/3763 3820/1436/3765 3981/1381/3915
f 3820/1170/3765 3821/1172/3767 3980/1382/3916
f 3821/1172/3767 3822/1174/3769 3979/1384/3917
f 3822/1174/3769 3823/1176/3771 3978/1385/3918
f 3823/1176/3771 3824/1178/3773 3977/1386/3919
f 3824/1178/3773 3825/1180/3775 3976/1387/3920
f 3825/1180/3775 3826/1181/3776 3975/1388/3921
f 3826/1389/3776 3827/1184/3778 3974/1390/3923
f 3974/1390/3923 3827/1184/3778 3828/1186/3780
f 3973/1392/3927 3828/1186/3780 3829/1188/3782
f 3972/1393/3924 3829/1188/3782 3830/1190/3784
f 3971/1394/3925 3830/1190/3784 3746/1192/3786
f 3994/1026/3928 4006/1028/3928 4007/1027/3928
f 3999/1030/3928 4000/1048/3928 3988/1029/3928
f 4002/1033/3928 4003/1049/3928 3991/1032/3928
f 3993/1035/3928 4005/1036/3928 4006/1028/3928
f 3986/1037/3928 3998/1038/3928 3999/1030/3928
f 3996/1041/3928 4008/1040/3928 3997/1046/3928
f 4001/1042/3928 4002/1033/3928 3990/1034/3928
f 3992/1045/3928 4004/1044/3928 4005/1036/3928
f 3997/1046/3928 3998/1038/3928 3986/1037/3928
f 3995/1047/3928 4007/1027/3928 4008/1040/3928
f 4000/1048/3928 4001/1042/3928 3989/1043/3928
f 4003/1049/3928 4004/1044/3928 3992/1045/3928
f 4001/1050/3929 4013/1052/3929 4014/1051/3930
f 4010/1398/3931 4009/1418/3931 4019/1055/3931
f 4019/1055/3931 4018/1423/3931 4017/1396/3931
f 4017/1396/3931 3777/1422/4630 4016/1054/3931
f 4016/1054/3931 4015/1421/3931 4014/1397/3931
f 4014/1397/3931 4013/1420/3931 4012/1053/3931
f 4012/1053/3931 4011/1419/3931 4010/1398/3931
f 4010/1398/3931 4019/1055/3931 4017/1396/3931
f 4017/1396/3931 4016/1054/3931 4014/1397/3931
f 4014/1397/3931 4012/1053/3931 4010/1398/3931
f 4019/1057/3932 4009/1424/3933 3997/1056/3933
f 4010/1060/3934 4011/1068/3935 3999/1059/3935
f 4005/1062/3936 3777/1064/3943 4017/1063/3937
f 4002/1065/3930 4014/1051/3930 4015/1066/3939
f 3999/1059/3935 4011/1068/3935 4012/1067/3940
f 4006/1069/3938 4017/1071/3937 4018/1070/3941
f 4015/1066/3939 4016/1425/4631 4004/1072/3942
f 4012/1074/3940 4013/1052/3929 4001/1050/3929
f 4018/1070/3941 4019/1057/3932 4008/1058/3932
f 3997/1077/3933 4009/1078/3933 4010/1060/3934
f 4004/1079/3942 4016/1080/4631 3777/1064/3943
f 4029/1081/3944 4041/1083/3944 4042/1082/3944
f 4034/1085/3944 4035/1103/3944 4023/1084/3944
f 4037/1088/3944 4038/1104/3944 4026/1087/3944
f 4028/1090/3944 4040/1091/3944 4041/1083/3944
f 4033/1092/3944 4034/1085/3944 4022/1086/3944
f 4031/1094/3944 4043/1096/3944 4032/1095/3944
f 4036/1097/3944 4037/1088/3944 4025/1089/3944
f 4027/1100/3944 4039/1099/3944 4040/1091/3944
f 4032/1095/3944 4033/1092/3944 4021/1093/3944
f 4030/1102/3944 4042/1082/3944 4043/1096/3944
f 4035/1103/3944 4036/1097/3944 4024/1098/3944
f 4038/1104/3944 4039/1099/3944 4027/1100/3944
f 4036/1105/3945 4048/1107/3965 4049/1106/3946
f 4045/1403/3948 4044/1426/3948 4055/1110/3948
f 4055/1110/3948 4054/1431/3948 4053/1401/3948
f 4053/1401/3948 4052/1430/3948 4051/1109/3948
f 4051/1109/3948 4050/1429/3948 4049/1402/3948
f 4049/1402/3948 4048/1428/3948 4047/1108/3948
f 4047/1108/3948 4046/1427/3948 4045/1403/3948
f 4045/1403/3948 4055/1110/3948 4053/1401/3948
f 4053/1401/3948 4051/1109/3948 4049/1402/3948
f 4049/1402/3948 4047/1108/3948 4045/1403/3948
f 4043/1111/3949 4055/1113/4632 4044/1112/3950
f 4033/1114/3952 4045/1116/3967 4046/1115/3953
f 4052/1118/3955 4053/1125/3961 4041/1117/3956
f 4049/1106/3946 4050/1127/3963 4038/1120/3958
f 4034/1122/3954 4046/1115/3953 4047/1123/3959
f 4053/1125/3961 4054/1432/3966 4042/1124/3962
f 4050/1127/3963 4051/1433/3968 4039/1126/3964
f 4035/1128/3960 4047/1129/3959 4048/1107/3965
f 4054/1130/3966 4055/1113/4632 4043/1111/3949
f 4032/1132/3951 4044/1112/3950 4045/1133/3967
f 4051/1134/3968 4052/1118/3955 4040/1119/3957
f 4029/1136/3969 4056/1138/3991 4083/1137/3970
f 4028/1139/3971 4083/1137/3970 4097/1140/3972
f 4097/1142/3972 4111/1145/3975 4026/1141/3974
f 4111/1145/3975 4125/1147/3977 4025/1144/3976
f 4125/1147/3977 4139/1149/3979 4024/1146/3978
f 4139/1149/3979 4153/1264/4074 4023/1148/3980
f 4023/1150/3980 4153/1152/4074 4167/1151/3981
f 4022/1153/3982 4167/1151/3981 4181/1154/3983
f 4021/1155/3984 4181/1157/3983 4195/1156/3985
f 4020/1158/3986 4195/1156/3985 4209/1159/3987
f 4031/1160/3988 4209/1159/3987 4223/1161/3989
f 4030/1162/3990 4223/1163/3989 4056/1138/3991
f 4056/1138/3991 4057/1165/3993 4082/1164/3992
f 4057/1165/3993 4058/1167/3995 4081/1166/3994
f 4058/1168/3995 4059/1170/3997 4080/1169/3996
f 4059/1170/3997 4060/1172/3999 4079/1171/3998
f 4060/1172/3999 4061/1174/4001 4078/1173/4000
f 4061/1174/4001 4062/1176/4003 4077/1175/4002
f 4062/1176/4003 4063/1178/4005 4076/1177/4004
f 4063/1178/4005 4064/1180/4008 4075/1179/4006
f 4065/1181/4007 4074/1203/4010 4075/1179/4006
f 4065/1181/4007 4066/1183/4011 4073/1182/4009
f 4066/1184/4011 4067/1186/4013 4072/1185/4012
f 4067/1186/4013 4068/1188/4015 4071/1187/4014
f 4068/1188/4015 4069/1190/4017 4070/1189/4016
f 4069/1190/4017 3986/1192/4159 3987/1191/4018
f 4083/1137/3970 4082/1164/3992 4096/1193/4019
f 4082/1164/3992 4081/1166/3994 4095/1194/4020
f 4081/1195/3994 4080/1169/3996 4094/1196/4021
f 4080/1169/3996 4079/1171/3998 4093/1197/4022
f 4079/1171/3998 4078/1173/4000 4092/1198/4023
f 4078/1173/4000 4077/1175/4002 4091/1199/4024
f 4077/1175/4002 4076/1177/4004 4090/1200/4025
f 4076/1177/4004 4075/1179/4006 4089/1201/4026
f 4075/1179/4006 4074/1203/4010 4088/1202/4027
f 4074/1203/4010 4073/1182/4009 4087/1204/4028
f 4073/1182/4009 4072/1206/4012 4086/1205/4029
f 4072/1185/4012 4071/1187/4014 4085/1207/4030
f 4070/1189/4016 4084/1208/4031 4085/1207/4030
f 3987/1191/4018 3988/1434/4044 4084/1208/4031
f 4096/1209/4019 4110/1229/4033 4111/1145/3975
f 4096/1209/4019 4095/1211/4020 4109/1210/4032
f 4095/1211/4020 4094/1213/4021 4108/1212/4034
f 4094/1196/4021 4093/1197/4022 4107/1214/4035
f 4093/1197/4022 4092/1198/4023 4106/1215/4036
f 4092/1198/4023 4091/1199/4024 4105/1216/4037
f 4091/1199/4024 4090/1200/4025 4104/1217/4038
f 4090/1200/4025 4089/1201/4026 4103/1218/4039
f 4089/1201/4026 4088/1202/4027 4102/1219/4040
f 4088/1202/4027 4087/1204/4028 4101/1220/4041
f 4087/1221/4028 4086/1223/4029 4100/1222/4042
f 4085/1224/4030 4099/1225/4043 4100/1222/4042
f 4084/1226/4031 4098/1227/4045 4099/1225/4043
f 3988/1228/4044 3989/1249/4058 4098/1227/4045
f 4110/1229/4033 4124/1250/4047 4125/1147/3977
f 4110/1229/4033 4109/1210/4032 4123/1230/4046
f 4109/1210/4032 4108/1212/4034 4122/1231/4048
f 4108/1212/4034 4107/1233/4035 4121/1232/4049
f 4107/1233/4035 4106/1235/4036 4120/1234/4050
f 4106/1235/4036 4105/1237/4037 4119/1236/4051
f 4105/1237/4037 4104/1239/4038 4118/1238/4052
f 4104/1239/4038 4103/1241/4039 4117/1240/4053
f 4103/1241/4039 4102/1243/4040 4116/1242/4054
f 4102/1243/4040 4101/1245/4041 4115/1244/4055
f 4101/1245/4041 4100/1222/4042 4114/1246/4056
f 4099/1225/4043 4113/1247/4057 4114/1246/4056
f 4098/1227/4045 4112/1248/4059 4113/1247/4057
f 3989/1249/4058 3990/1263/4072 4112/1248/4059
f 4124/1250/4047 4138/1265/4061 4139/1149/3979
f 4124/1250/4047 4123/1230/4046 4137/1251/4060
f 4123/1230/4046 4122/1231/4048 4136/1252/4062
f 4122/1231/4048 4121/1232/4049 4135/1253/4063
f 4121/1232/4049 4120/1234/4050 4134/1254/4064
f 4120/1234/4050 4119/1236/4051 4133/1255/4065
f 4119/1236/4051 4118/1238/4052 4132/1256/4066
f 4118/1238/4052 4117/1240/4053 4131/1257/4067
f 4117/1240/4053 4116/1242/4054 4130/1258/4068
f 4116/1242/4054 4115/1244/4055 4129/1259/4069
f 4115/1244/4055 4114/1246/4056 4128/1260/4070
f 4113/1247/4057 4127/1261/4071 4128/1260/4070
f 4112/1248/4059 4126/1262/4073 4127/1261/4071
f 3990/1263/4072 3991/1278/4087 4126/1262/4073
f 4138/1265/4061 4152/1413/4076 4153/1264/4074
f 4138/1265/4061 4137/1251/4060 4151/1266/4075
f 4137/1251/4060 4136/1252/4062 4150/1267/4077
f 4136/1252/4062 4135/1253/4063 4149/1268/4078
f 4135/1253/4063 4134/1254/4064 4148/1269/4079
f 4134/1254/4064 4133/1255/4065 4147/1270/4080
f 4133/1255/4065 4132/1256/4066 4146/1271/4081
f 4132/1256/4066 4131/1257/4067 4145/1272/4082
f 4131/1257/4067 4130/1258/4068 4144/1273/4083
f 4130/1258/4068 4129/1259/4069 4143/1274/4084
f 4129/1259/4069 4128/1260/4070 4142/1275/4085
f 4127/1261/4071 4141/1276/4086 4142/1275/4085
f 4126/1262/4073 4140/1277/4088 4141/1276/4086
f 3991/1278/4087 3992/1435/4633 4140/1277/4088
f 4153/1152/4074 4152/1280/4076 4166/1279/4089
f 4152/1280/4076 4151/1282/4075 4165/1281/4090
f 4151/1283/4075 4150/1285/4077 4164/1284/4091
f 4150/1285/4077 4149/1287/4078 4163/1286/4092
f 4149/1287/4078 4148/1289/4079 4162/1288/4093
f 4148/1289/4079 4147/1291/4080 4161/1290/4094
f 4147/1291/4080 4146/1293/4081 4160/1292/4095
f 4146/1293/4081 4145/1295/4082 4159/1294/4096
f 4145/1295/4082 4144/1297/4083 4158/1296/4097
f 4144/1297/4083 4143/1299/4084 4157/1298/4098
f 4143/1300/4084 4142/1302/4085 4156/1301/4099
f 4142/1302/4085 4141/1304/4086 4155/1303/4100
f 4141/1304/4086 4140/1306/4088 4154/1305/4101
f 4140/1306/4088 3992/1308/4633 3993/1307/4102
f 4167/1151/3981 4166/1279/4089 4180/1309/4103
f 4166/1279/4089 4165/1281/4090 4179/1310/4104
f 4165/1311/4090 4164/1284/4091 4178/1312/4105
f 4164/1284/4091 4163/1286/4092 4177/1313/4106
f 4163/1286/4092 4162/1288/4093 4176/1314/4107
f 4162/1288/4093 4161/1290/4094 4175/1315/4108
f 4161/1290/4094 4160/1292/4095 4174/1316/4109
f 4159/1294/4096 4173/1317/4110 4174/1316/4109
f 4158/1296/4097 4172/1415/4112 4173/1317/4110
f 4158/1296/4097 4157/1298/4098 4171/1318/4111
f 4157/1319/4098 4156/1301/4099 4170/1320/4113
f 4156/1301/4099 4155/1303/4100 4169/1321/4114
f 4155/1303/4100 4154/1305/4101 4168/1322/4115
f 4154/1305/4101 3993/1307/4102 3994/1323/4116
f 4181/1157/3983 4180/1325/4103 4194/1324/4117
f 4180/1325/4103 4179/1327/4104 4193/1326/4118
f 4178/1328/4105 4192/1329/4119 4193/1326/4118
f 4177/1330/4106 4191/1331/4120 4192/1329/4119
f 4176/1332/4107 4190/1333/4121 4191/1331/4120
f 4175/1334/4108 4189/1335/4122 4190/1333/4121
f 4174/1336/4109 4188/1337/4123 4189/1335/4122
f 4173/1338/4110 4187/1339/4124 4188/1337/4123
f 4172/1340/4112 4186/1341/4125 4187/1339/4124
f 4171/1342/4111 4185/1360/4127 4186/1341/4125
f 4171/1342/4111 4170/1344/4113 4184/1343/4126
f 4170/1344/4113 4169/1346/4114 4183/1345/4128
f 4169/1346/4114 4168/1348/4115 4182/1347/4129
f 4168/1348/4115 3994/1350/4116 3995/1349/4130
f 4195/1156/3985 4194/1324/4117 4208/1351/4131
f 4194/1324/4117 4193/1326/4118 4207/1352/4132
f 4192/1329/4119 4206/1353/4133 4207/1352/4132
f 4191/1331/4120 4205/1354/4134 4206/1353/4133
f 4190/1333/4121 4204/1355/4135 4205/1354/4134
f 4189/1335/4122 4203/1356/4136 4204/1355/4135
f 4188/1337/4123 4202/1357/4137 4203/1356/4136
f 4187/1339/4124 4201/1358/4138 4202/1357/4137
f 4186/1341/4125 4200/1359/4139 4201/1358/4138
f 4185/1360/4127 4199/1374/4141 4200/1359/4139
f 4185/1360/4127 4184/1343/4126 4198/1361/4140
f 4184/1343/4126 4183/1345/4128 4197/1362/4142
f 4183/1345/4128 4182/1347/4129 4196/1363/4143
f 4182/1347/4129 3995/1349/4130 3996/1364/4144
f 4209/1159/3987 4208/1351/4131 4222/1365/4145
f 4208/1351/4131 4207/1352/4132 4221/1366/4146
f 4206/1353/4133 4220/1367/4147 4221/1366/4146
f 4205/1354/4134 4219/1368/4148 4220/1367/4147
f 4204/1355/4135 4218/1369/4149 4219/1368/4148
f 4203/1356/4136 4217/1370/4150 4218/1369/4149
f 4202/1357/4137 4216/1371/4151 4217/1370/4150
f 4201/1358/4138 4215/1372/4152 4216/1371/4151
f 4200/1359/4139 4214/1373/4153 4215/1372/4152
f 4199/1374/4141 4213/1375/4154 4214/1373/4153
f 4198/1361/4140 4212/1417/4156 4213/1375/4154
f 4198/1361/4140 4197/1362/4142 4211/1376/4155
f 4197/1362/4142 4196/1363/4143 4210/1377/4157
f 4196/1363/4143 3996/1364/4144 3985/1378/4158
f 4223/1163/3989 4222/1379/4145 4057/1165/3993
f 4222/1379/4145 4221/1380/4146 4058/1167/3995
f 4220/1381/4147 4059/1436/3997 4058/1167/3995
f 4219/1382/4148 4060/1172/3999 4059/1170/3997
f 4218/1384/4149 4061/1174/4001 4060/1172/3999
f 4217/1385/4150 4062/1176/4003 4061/1174/4001
f 4216/1386/4151 4063/1178/4005 4062/1176/4003
f 4215/1387/4152 4064/1180/4008 4063/1178/4005
f 4214/1388/4153 4065/1181/4007 4064/1180/4008
f 4213/1390/4154 4066/1184/4011 4065/1389/4007
f 4213/1390/4154 4212/1392/4156 4067/1186/4013
f 4212/1392/4156 4211/1393/4155 4068/1188/4015
f 4211/1393/4155 4210/1394/4157 4069/1190/4017
f 4210/1394/4157 3985/1395/4158 3986/1192/4159
f 4233/1026/4160 4245/1028/4160 4246/1027/4160
f 4238/1030/4160 4239/1048/4160 4227/1029/4160
f 4229/1034/4160 4241/1033/4160 4242/1049/4160
f 4232/1035/4160 4244/1036/4160 4245/1028/4160
f 4237/1038/4160 4238/1030/4160 4226/1031/4160
f 4247/1040/4160 4236/1046/4160 4224/1039/4160
f 4228/1043/4161 4240/1042/4161 4241/1033/4160
f 4231/1045/4160 4243/1044/4160 4244/1036/4160
f 4236/1046/4160 4237/1038/4160 4225/1037/4160
f 4234/1047/4160 4246/1027/4160 4247/1040/4160
f 4227/1029/4160 4239/1048/4160 4240/1042/4161
f 4242/1049/4160 4243/1044/4160 4231/1045/4160
f 4240/1050/4162 4252/1052/4162 4253/1051/4163
f 4249/1398/4164 4248/1418/4164 4259/1055/4164
f 4259/1055/4164 4258/1423/4164 4257/1396/4164
f 4257/1396/4164 4256/1422/4634 4255/1054/4164
f 4255/1054/4164 4254/1421/4164 4253/1397/4164
f 4253/1397/4164 4252/1420/4164 4251/1053/4164
f 4251/1053/4164 4250/1419/4164 4249/1398/4164
f 4249/1398/4164 4259/1055/4164 4257/1396/4164
f 4257/1396/4164 4255/1054/4164 4253/1397/4164
f 4253/1397/4164 4251/1053/4164 4249/1398/4164
f 4259/1057/4165 4248/1424/4166 4236/1056/4166
f 4249/1060/4167 4250/1068/4168 4238/1059/4168
f 4244/1062/4169 4256/1064/4176 4257/1063/4170
f 4241/1065/4163 4253/1051/4163 4254/1066/4172
f 4238/1059/4168 4250/1068/4168 4251/1067/4173
f 4245/1069/4171 4257/1071/4170 4258/1070/4174
f 4254/1066/4172 4255/1425/4635 4243/1072/4175
f 4251/1074/4173 4252/1052/4162 4240/1050/4162
f 4258/1070/4174 4259/1057/4165 4247/1058/4165
f 4236/1077/4166 4248/1078/4166 4249/1060/4167
f 4243/1079/4175 4255/1080/4635 4256/1064/4176
f 4269/1081/4177 4281/1083/4177 4282/1082/4177
f 4274/1085/4177 4275/1103/4177 4263/1084/4177
f 4265/1089/4177 4277/1088/4177 4278/1104/4177
f 4268/1090/4177 4280/1091/4177 4281/1083/4177
f 4273/1092/4177 4274/1085/4177 4262/1086/4177
f 4271/1094/4177 4283/1096/4177 4272/1095/4177
f 4276/1097/4177 4277/1088/4177 4265/1089/4177
f 4279/1099/4177 4280/1091/4177 4268/1090/4177
f 4272/1095/4177 4273/1092/4177 4261/1093/4177
f 4270/1102/4177 4282/1082/4177 4283/1096/4177
f 4263/1084/4177 4275/1103/4177 4276/1097/4177
f 4278/1104/4177 4279/1099/4177 4267/1100/4177
f 4276/1105/4178 4288/1107/4198 4289/1106/4179
f 4285/1403/4181 4284/1426/4181 4295/1110/4181
f 4295/1110/4181 4294/1431/4181 4293/1401/4181
f 4293/1401/4181 4292/1430/4181 4291/1109/4181
f 4291/1109/4181 4290/1429/4181 4289/1402/4181
f 4289/1402/4181 4288/1428/4181 4287/1108/4181
f 4287/1108/4181 4286/1427/4181 4285/1403/4181
f 4285/1403/4181 4295/1110/4181 4293/1401/4181
f 4293/1401/4181 4291/1109/4181 4289/1402/4181
f 4289/1402/4181 4287/1108/4181 4285/1403/4181
f 4283/1111/4182 4295/1113/4636 4284/1112/4183
f 4273/1114/4185 4285/1116/4200 4286/1115/4186
f 4292/1118/4188 4293/1125/4194 4281/1117/4189
f 4289/1106/4179 4290/1127/4196 4278/1120/4191
f 4274/1122/4187 4286/1115/4186 4287/1123/4192
f 4293/1125/4194 4294/1432/4199 4282/1124/4195
f 4290/1127/4196 4291/1433/4201 4279/1126/4197
f 4275/1128/4193 4287/1129/4192 4288/1107/4198
f 4294/1130/4199 4295/1113/4636 4283/1111/4182
f 4272/1132/4184 4284/1112/4183 4285/1133/4200
f 4291/1134/4201 4292/1118/4188 4280/1119/4190
f 4269/1136/4202 4296/1138/4224 4323/1137/4203
f 4268/1139/4204 4323/1137/4203 4337/1140/4205
f 4337/1142/4205 4351/1145/4208 4266/1141/4207
f 4351/1145/4208 4365/1147/4210 4265/1144/4209
f 4365/1147/4210 4379/1149/4212 4264/1146/4211
f 4379/1149/4212 4393/1264/4307 4263/1148/4213
f 4263/1150/4213 4393/1152/4307 4407/1151/4214
f 4262/1153/4215 4407/1151/4214 4421/1154/4216
f 4261/1155/4217 4421/1157/4216 4435/1156/4218
f 4260/1158/4219 4435/1156/4218 4449/1159/4220
f 4271/1160/4221 4449/1159/4220 4463/1161/4222
f 4270/1162/4223 4463/1163/4222 4296/1138/4224
f 4296/1138/4224 4297/1165/4226 4322/1164/4225
f 4297/1165/4226 4298/1167/4228 4321/1166/4227
f 4298/1168/4228 4299/1170/4230 4320/1169/4229
f 4299/1170/4230 4300/1172/4232 4319/1171/4231
f 4300/1172/4232 4301/1174/4234 4318/1173/4233
f 4301/1174/4234 4302/1176/4236 4317/1175/4235
f 4302/1176/4236 4303/1178/4238 4316/1177/4237
f 4303/1178/4238 4304/1180/4241 4315/1179/4239
f 4305/1181/4240 4314/1203/4243 4315/1179/4239
f 4305/1181/4240 4306/1183/4244 4313/1182/4242
f 4306/1184/4244 4307/1186/4246 4312/1185/4245
f 4307/1186/4246 4308/1188/4248 4311/1187/4247
f 4308/1188/4248 4309/1190/4250 4310/1189/4249
f 4309/1190/4250 4225/1192/4392 4226/1191/4251
f 4323/1137/4203 4322/1164/4225 4336/1193/4252
f 4322/1164/4225 4321/1166/4227 4335/1194/4253
f 4321/1195/4227 4320/1169/4229 4334/1196/4254
f 4320/1169/4229 4319/1171/4231 4333/1197/4255
f 4319/1171/4231 4318/1173/4233 4332/1198/4256
f 4318/1173/4233 4317/1175/4235 4331/1199/4257
f 4317/1175/4235 4316/1177/4237 4330/1200/4258
f 4316/1177/4237 4315/1179/4239 4329/1201/4259
f 4315/1179/4239 4314/1203/4243 4328/1202/4260
f 4314/1203/4243 4313/1182/4242 4327/1204/4261
f 4313/1182/4242 4312/1206/4245 4326/1205/4262
f 4312/1185/4245 4311/1187/4247 4325/1207/4263
f 4310/1189/4249 4324/1208/4264 4325/1207/4263
f 4226/1191/4251 4227/1434/4277 4324/1208/4264
f 4336/1209/4252 4350/1229/4266 4351/1145/4208
f 4336/1209/4252 4335/1211/4253 4349/1210/4265
f 4335/1211/4253 4334/1213/4254 4348/1212/4267
f 4334/1196/4254 4333/1197/4255 4347/1214/4268
f 4333/1197/4255 4332/1198/4256 4346/1215/4269
f 4332/1198/4256 4331/1199/4257 4345/1216/4270
f 4331/1199/4257 4330/1200/4258 4344/1217/4271
f 4330/1200/4258 4329/1201/4259 4343/1218/4272
f 4329/1201/4259 4328/1202/4260 4342/1219/4273
f 4328/1202/4260 4327/1204/4261 4341/1220/4274
f 4327/1221/4261 4326/1223/4262 4340/1222/4275
f 4325/1224/4263 4339/1225/4276 4340/1222/4275
f 4324/1226/4264 4338/1227/4278 4339/1225/4276
f 4227/1228/4277 4228/1249/4291 4338/1227/4278
f 4350/1229/4266 4364/1250/4280 4365/1147/4210
f 4350/1229/4266 4349/1210/4265 4363/1230/4279
f 4349/1210/4265 4348/1212/4267 4362/1231/4281
f 4348/1212/4267 4347/1233/4268 4361/1232/4282
f 4347/1233/4268 4346/1235/4269 4360/1234/4283
f 4346/1235/4269 4345/1237/4270 4359/1236/4284
f 4345/1237/4270 4344/1239/4271 4358/1238/4285
f 4344/1239/4271 4343/1241/4272 4357/1240/4286
f 4343/1241/4272 4342/1243/4273 4356/1242/4287
f 4342/1243/4273 4341/1245/4274 4355/1244/4288
f 4341/1245/4274 4340/1222/4275 4354/1246/4289
f 4339/1225/4276 4353/1247/4290 4354/1246/4289
f 4338/1227/4278 4352/1248/4292 4353/1247/4290
f 4228/1249/4291 4229/1263/4305 4352/1248/4292
f 4364/1250/4280 4378/1265/4294 4379/1149/4212
f 4364/1250/4280 4363/1230/4279 4377/1251/4293
f 4363/1230/4279 4362/1231/4281 4376/1252/4295
f 4362/1231/4281 4361/1232/4282 4375/1253/4296
f 4361/1232/4282 4360/1234/4283 4374/1254/4297
f 4360/1234/4283 4359/1236/4284 4373/1255/4298
f 4359/1236/4284 4358/1238/4285 4372/1256/4299
f 4358/1238/4285 4357/1240/4286 4371/1257/4300
f 4357/1240/4286 4356/1242/4287 4370/1258/4301
f 4356/1242/4287 4355/1244/4288 4369/1259/4302
f 4355/1244/4288 4354/1246/4289 4368/1260/4303
f 4353/1247/4290 4367/1261/4304 4368/1260/4303
f 4352/1248/4292 4366/1262/4306 4367/1261/4304
f 4229/1263/4305 4230/1278/4320 4366/1262/4306
f 4378/1265/4294 4392/1413/4309 4393/1264/4307
f 4378/1265/4294 4377/1251/4293 4391/1266/4308
f 4377/1251/4293 4376/1252/4295 4390/1267/4310
f 4376/1252/4295 4375/1253/4296 4389/1268/4311
f 4375/1253/4296 4374/1254/4297 4388/1269/4312
f 4374/1254/4297 4373/1255/4298 4387/1270/4313
f 4373/1255/4298 4372/1256/4299 4386/1271/4314
f 4372/1256/4299 4371/1257/4300 4385/1272/4315
f 4371/1257/4300 4370/1258/4301 4384/1273/4316
f 4370/1258/4301 4369/1259/4302 4383/1274/4317
f 4369/1259/4302 4368/1260/4303 4382/1275/4318
f 4367/1261/4304 4381/1276/4319 4382/1275/4318
f 4366/1262/4306 4380/1277/4321 4381/1276/4319
f 4230/1278/4320 4231/1435/4637 4380/1277/4321
f 4393/1152/4307 4392/1280/4309 4406/1279/4322
f 4392/1280/4309 4391/1282/4308 4405/1281/4323
f 4391/1283/4308 4390/1285/4310 4404/1284/4324
f 4390/1285/4310 4389/1287/4311 4403/1286/4325
f 4389/1287/4311 4388/1289/4312 4402/1288/4326
f 4388/1289/4312 4387/1291/4313 4401/1290/4327
f 4387/1291/4313 4386/1293/4314 4400/1292/4328
f 4386/1293/4314 4385/1295/4315 4399/1294/4329
f 4385/1295/4315 4384/1297/4316 4398/1296/4330
f 4384/1297/4316 4383/1299/4317 4397/1298/4331
f 4383/1300/4317 4382/1302/4318 4396/1301/4332
f 4382/1302/4318 4381/1304/4319 4395/1303/4333
f 4381/1304/4319 4380/1306/4321 4394/1305/4334
f 4380/1306/4321 4231/1308/4637 4232/1307/4335
f 4407/1151/4214 4406/1279/4322 4420/1309/4336
f 4406/1279/4322 4405/1281/4323 4419/1310/4337
f 4405/1311/4323 4404/1284/4324 4418/1312/4338
f 4404/1284/4324 4403/1286/4325 4417/1313/4339
f 4403/1286/4325 4402/1288/4326 4416/1314/4340
f 4402/1288/4326 4401/1290/4327 4415/1315/4341
f 4401/1290/4327 4400/1292/4328 4414/1316/4342
f 4399/1294/4329 4413/1317/4343 4414/1316/4342
f 4398/1296/4330 4412/1415/4345 4413/1317/4343
f 4398/1296/4330 4397/1298/4331 4411/1318/4344
f 4397/1319/4331 4396/1301/4332 4410/1320/4346
f 4396/1301/4332 4395/1303/4333 4409/1321/4347
f 4395/1303/4333 4394/1305/4334 4408/1322/4348
f 4394/1305/4334 4232/1307/4335 4233/1323/4349
f 4421/1157/4216 4420/1325/4336 4434/1324/4350
f 4420/1325/4336 4419/1327/4337 4433/1326/4351
f 4418/1328/4338 4432/1329/4352 4433/1326/4351
f 4417/1330/4339 4431/1331/4353 4432/1329/4352
f 4416/1332/4340 4430/1333/4354 4431/1331/4353
f 4415/1334/4341 4429/1335/4355 4430/1333/4354
f 4414/1336/4342 4428/1337/4356 4429/1335/4355
f 4413/1338/4343 4427/1339/4357 4428/1337/4356
f 4412/1340/4345 4426/1341/4358 4427/1339/4357
f 4411/1342/4344 4425/1360/4360 4426/1341/4358
f 4411/1342/4344 4410/1344/4346 4424/1343/4359
f 4410/1344/4346 4409/1346/4347 4423/1345/4361
f 4409/1346/4347 4408/1348/4348 4422/1347/4362
f 4408/1348/4348 4233/1350/4349 4234/1349/4363
f 4435/1156/4218 4434/1324/4350 4448/1351/4364
f 4434/1324/4350 4433/1326/4351 4447/1352/4365
f 4432/1329/4352 4446/1353/4366 4447/1352/4365
f 4431/1331/4353 4445/1354/4367 4446/1353/4366
f 4430/1333/4354 4444/1355/4368 4445/1354/4367
f 4429/1335/4355 4443/1356/4369 4444/1355/4368
f 4428/1337/4356 4442/1357/4370 4443/1356/4369
f 4427/1339/4357 4441/1358/4371 4442/1357/4370
f 4426/1341/4358 4440/1359/4372 4441/1358/4371
f 4425/1360/4360 4439/1374/4374 4440/1359/4372
f 4425/1360/4360 4424/1343/4359 4438/1361/4373
f 4424/1343/4359 4423/1345/4361 4437/1362/4375
f 4423/1345/4361 4422/1347/4362 4436/1363/4376
f 4422/1347/4362 4234/1349/4363 4235/1364/4377
f 4449/1159/4220 4448/1351/4364 4462/1365/4378
f 4448/1351/4364 4447/1352/4365 4461/1366/4379
f 4446/1353/4366 4460/1367/4380 4461/1366/4379
f 4445/1354/4367 4459/1368/4381 4460/1367/4380
f 4444/1355/4368 4458/1369/4382 4459/1368/4381
f 4443/1356/4369 4457/1370/4383 4458/1369/4382
f 4442/1357/4370 4456/1371/4384 4457/1370/4383
f 4441/1358/4371 4455/1372/4385 4456/1371/4384
f 4440/1359/4372 4454/1373/4386 4455/1372/4385
f 4439/1374/4374 4453/1375/4387 4454/1373/4386
f 4438/1361/4373 4452/1417/4389 4453/1375/4387
f 4438/1361/4373 4437/1362/4375 4451/1376/4388
f 4437/1362/4375 4436/1363/4376 4450/1377/4390
f 4436/1363/4376 4235/1364/4377 4224/1378/4391
f 4463/1163/4222 4462/1379/4378 4297/1165/4226
f 4462/1379/4378 4461/1380/4379 4298/1167/4228
f 4460/1381/4380 4299/1436/4230 4298/1167/4228
f 4459/1382/4381 4300/1172/4232 4299/1170/4230
f 4458/1384/4382 4301/1174/4234 4300/1172/4232
f 4457/1385/4383 4302/1176/4236 4301/1174/4234
f 4456/1386/4384 4303/1178/4238 4302/1176/4236
f 4455/1387/4385 4304/1180/4241 4303/1178/4238
f 4454/1388/4386 4305/1181/4240 4304/1180/4241
f 4453/1390/4387 4306/1184/4244 4305/1389/4240
f 4453/1390/4387 4452/1392/4389 4307/1186/4246
f 4452/1392/4389 4451/1393/4388 4308/1188/4248
f 4451/1393/4388 4450/1394/4390 4309/1190/4250
f 4450/1394/4390 4224/1395/4391 4225/1192/4392
f 4473/1026/4393 4474/1047/4393 4486/1027/4393
f 4467/1029/4393 4479/1048/4393 4478/1030/4393
f 4469/1034/4393 4470/1032/4393 4482/1049/4393
f 4472/1035/4393 4473/1026/4393 4485/1028/4393
f 4466/1031/4393 4478/1030/4393 4477/1038/4393
f 4464/1039/4394 4476/1046/4394 4487/1040/4393
f 4468/1043/4394 4469/1034/4393 4481/1033/4393
f 4471/1045/4393 4472/1035/4393 4484/1036/4393
f 4465/1037/4393 4477/1038/4393 4476/1046/4394
f 4474/1047/4393 4475/1041/4393 4487/1040/4393
f 4467/1029/4393 4468/1043/4394 4480/1042/4394
f 4471/1045/4393 4483/1044/4393 4482/1049/4393
f 4480/1050/4395 4481/1065/4396 4493/1051/4396
f 4498/1055/4397 4488/1418/4397 4489/1398/4397
f 4489/1398/4397 4490/1419/4397 4491/1053/4397
f 4491/1053/4397 4492/1420/4397 4493/1397/4397
f 4493/1397/4397 4494/1421/4397 4495/1054/4397
f 4495/1054/4397 4256/1422/4638 4496/1396/4397
f 4496/1396/4397 4497/1423/4397 4498/1055/4397
f 4498/1055/4397 4489/1398/4397 4491/1053/4397
f 4491/1053/4397 4493/1397/4397 4495/1054/4397
f 4495/1054/4397 4496/1396/4397 4498/1055/4397
f 4476/1056/4398 4488/1424/4398 4498/1057/4399
f 4478/1059/4400 4490/1068/4400 4489/1060/4401
f 4484/1062/4402 4485/1399/4407 4496/1063/4403
f 4481/1065/4396 4482/1073/4405 4494/1066/4405
f 4478/1059/4400 4479/1400/4406 4491/1067/4406
f 4485/1069/4407 4486/1076/4408 4497/1070/4408
f 4483/1072/4409 4495/1425/4410 4494/1066/4405
f 4480/1050/4395 4492/1052/4395 4491/1074/4406
f 4487/1058/4399 4498/1057/4399 4497/1070/4408
f 4476/1077/4398 4477/1061/4401 4489/1060/4401
f 4483/1079/4409 4484/1062/4402 4256/1064/4404
f 4508/1081/4411 4509/1102/4411 4521/1082/4411
f 4502/1084/4411 4514/1103/4411 4513/1085/4411
f 4504/1089/4411 4505/1087/4411 4517/1104/4411
f 4507/1090/4411 4508/1081/4411 4520/1083/4411
f 4501/1086/4411 4513/1085/4411 4512/1092/4411
f 4510/1094/4411 4499/1101/4411 4511/1095/4411
f 4504/1089/4411 4516/1088/4411 4515/1097/4411
f 4507/1090/4411 4519/1091/4411 4518/1099/4411
f 4500/1093/4411 4512/1092/4411 4511/1095/4411
f 4509/1102/4411 4510/1094/4411 4522/1096/4411
f 4502/1084/4411 4503/1098/4411 4515/1097/4411
f 4506/1100/4411 4518/1099/4411 4517/1104/4411
f 4515/1105/4412 4516/1121/4426 4528/1106/4413
f 4534/1110/4415 4523/1426/4415 4524/1403/4415
f 4524/1403/4415 4525/1427/4415 4526/1108/4415
f 4526/1108/4415 4527/1428/4415 4528/1402/4415
f 4528/1402/4415 4529/1429/4415 4530/1109/4415
f 4530/1109/4415 4531/1430/4415 4532/1401/4415
f 4532/1401/4415 4533/1431/4415 4534/1110/4415
f 4534/1110/4415 4524/1403/4415 4526/1108/4415
f 4526/1108/4415 4528/1402/4415 4530/1109/4415
f 4530/1109/4415 4532/1401/4415 4534/1110/4415
f 4522/1111/4416 4511/1132/4435 4523/1112/4417
f 4512/1114/4419 4513/1122/4427 4525/1115/4420
f 4520/1117/4422 4532/1125/4430 4531/1118/4423
f 4517/1120/4425 4529/1127/4432 4528/1106/4413
f 4513/1122/4427 4514/1404/4433 4526/1123/4428
f 4521/1124/4429 4533/1432/4434 4532/1125/4430
f 4518/1126/4431 4530/1433/4436 4529/1127/4432
f 4514/1128/4433 4515/1105/4412 4527/1107/4414
f 4522/1111/4416 4534/1113/4418 4533/1130/4434
f 4511/1132/4435 4512/1405/4419 4524/1133/4421
f 4519/1119/4424 4531/1118/4423 4530/1134/4436
f 4508/1136/4437 4507/1139/4440 4562/1137/4438
f 4507/1139/4440 4506/1406/4443 4576/1140/4441
f 4505/1141/4442 4590/1145/4445 4576/1142/4441
f 4504/1144/4444 4604/1147/4447 4590/1145/4445
f 4503/1146/4446 4618/1149/4449 4604/1147/4447
f 4502/1148/4448 4632/1264/4451 4618/1149/4449
f 4502/1150/4448 4501/1153/4452 4646/1151/4450
f 4501/1153/4452 4500/1407/4454 4660/1154/4453
f 4500/1155/4454 4499/1158/4456 4674/1156/4455
f 4499/1158/4456 4510/1160/4458 4688/1159/4457
f 4510/1160/4458 4509/1408/4460 4702/1161/4459
f 4509/1162/4460 4508/1136/4437 4535/1138/4439
f 4535/1138/4439 4562/1137/4438 4561/1164/4461
f 4536/1165/4462 4561/1164/4461 4560/1166/4463
f 4537/1168/4464 4560/1195/4463 4559/1169/4465
f 4538/1170/4466 4559/1169/4465 4558/1171/4467
f 4539/1172/4468 4558/1171/4467 4557/1173/4469
f 4540/1174/4470 4557/1173/4469 4556/1175/4471
f 4541/1176/4472 4556/1175/4471 4555/1177/4473
f 4542/1178/4474 4555/1177/4473 4554/1179/4475
f 4554/1179/4475 4553/1203/4497 4544/1181/4477
f 4544/1181/4477 4553/1203/4497 4552/1182/4478
f 4545/1184/4479 4552/1409/4478 4551/1185/4480
f 4546/1186/4481 4551/1185/4480 4550/1187/4482
f 4547/1188/4483 4550/1187/4482 4549/1189/4484
f 4548/1190/4485 4549/1189/4484 4466/1191/4486
f 4562/1137/4438 4576/1140/4441 4575/1193/4488
f 4561/1164/4461 4575/1193/4488 4574/1194/4489
f 4560/1195/4463 4574/1410/4489 4573/1196/4490
f 4559/1169/4465 4573/1196/4490 4572/1197/4491
f 4558/1171/4467 4572/1197/4491 4571/1198/4492
f 4557/1173/4469 4571/1198/4492 4570/1199/4493
f 4556/1175/4471 4570/1199/4493 4569/1200/4494
f 4555/1177/4473 4569/1200/4494 4568/1201/4495
f 4554/1179/4475 4568/1201/4495 4567/1202/4496
f 4553/1203/4497 4567/1202/4496 4566/1204/4498
f 4552/1182/4478 4566/1204/4498 4565/1205/4499
f 4551/1185/4480 4565/1411/4499 4564/1207/4500
f 4564/1207/4500 4563/1208/4501 4549/1189/4484
f 4563/1208/4501 4467/1434/4514 4466/1191/4486
f 4590/1145/4445 4589/1229/4515 4575/1209/4488
f 4575/1209/4488 4589/1229/4515 4588/1210/4502
f 4574/1211/4489 4588/1210/4502 4587/1212/4503
f 4573/1196/4490 4587/1412/4503 4586/1214/4504
f 4572/1197/4491 4586/1214/4504 4585/1215/4505
f 4571/1198/4492 4585/1215/4505 4584/1216/4506
f 4570/1199/4493 4584/1216/4506 4583/1217/4507
f 4569/1200/4494 4583/1217/4507 4582/1218/4508
f 4568/1201/4495 4582/1218/4508 4581/1219/4509
f 4567/1202/4496 4581/1219/4509 4580/1220/4510
f 4566/1221/4498 4580/1245/4510 4579/1222/4511
f 4579/1222/4511 4578/1225/4512 4564/1224/4500
f 4578/1225/4512 4577/1227/4513 4563/1226/4501
f 4577/1227/4513 4468/1249/4528 4467/1228/4514
f 4604/1147/4447 4603/1250/4529 4589/1229/4515
f 4589/1229/4515 4603/1250/4529 4602/1230/4516
f 4588/1210/4502 4602/1230/4516 4601/1231/4517
f 4587/1212/4503 4601/1231/4517 4600/1232/4518
f 4586/1233/4504 4600/1232/4518 4599/1234/4519
f 4585/1235/4505 4599/1234/4519 4598/1236/4520
f 4584/1237/4506 4598/1236/4520 4597/1238/4521
f 4583/1239/4507 4597/1238/4521 4596/1240/4522
f 4582/1241/4508 4596/1240/4522 4595/1242/4523
f 4581/1243/4509 4595/1242/4523 4594/1244/4524
f 4580/1245/4510 4594/1244/4524 4593/1246/4525
f 4593/1246/4525 4592/1247/4526 4578/1225/4512
f 4592/1247/4526 4591/1248/4527 4577/1227/4513
f 4591/1248/4527 4469/1263/4542 4468/1249/4528
f 4618/1149/4449 4617/1265/4543 4603/1250/4529
f 4603/1250/4529 4617/1265/4543 4616/1251/4530
f 4602/1230/4516 4616/1251/4530 4615/1252/4531
f 4601/1231/4517 4615/1252/4531 4614/1253/4532
f 4600/1232/4518 4614/1253/4532 4613/1254/4533
f 4599/1234/4519 4613/1254/4533 4612/1255/4534
f 4598/1236/4520 4612/1255/4534 4611/1256/4535
f 4597/1238/4521 4611/1256/4535 4610/1257/4536
f 4596/1240/4522 4610/1257/4536 4609/1258/4537
f 4595/1242/4523 4609/1258/4537 4608/1259/4538
f 4594/1244/4524 4608/1259/4538 4607/1260/4539
f 4607/1260/4539 4606/1261/4540 4592/1247/4526
f 4606/1261/4540 4605/1262/4541 4591/1248/4527
f 4605/1262/4541 4470/1278/4556 4469/1263/4542
f 4632/1264/4451 4631/1413/4558 4617/1265/4543
f 4617/1265/4543 4631/1413/4558 4630/1266/4544
f 4616/1251/4530 4630/1266/4544 4629/1267/4545
f 4615/1252/4531 4629/1267/4545 4628/1268/4546
f 4614/1253/4532 4628/1268/4546 4627/1269/4547
f 4613/1254/4533 4627/1269/4547 4626/1270/4548
f 4612/1255/4534 4626/1270/4548 4625/1271/4549
f 4611/1256/4535 4625/1271/4549 4624/1272/4550
f 4610/1257/4536 4624/1272/4550 4623/1273/4551
f 4609/1258/4537 4623/1273/4551 4622/1274/4552
f 4608/1259/4538 4622/1274/4552 4621/1275/4553
f 4621/1275/4553 4620/1276/4554 4606/1261/4540
f 4620/1276/4554 4619/1277/4555 4605/1262/4541
f 4619/1277/4555 4471/1435/4572 4470/1278/4556
f 4632/1152/4451 4646/1151/4450 4645/1279/4557
f 4631/1280/4558 4645/1279/4557 4644/1281/4559
f 4630/1283/4544 4644/1311/4559 4643/1284/4560
f 4629/1285/4545 4643/1284/4560 4642/1286/4561
f 4628/1287/4546 4642/1286/4561 4641/1288/4562
f 4627/1289/4547 4641/1288/4562 4640/1290/4563
f 4626/1291/4548 4640/1290/4563 4639/1292/4564
f 4625/1293/4549 4639/1292/4564 4638/1294/4565
f 4624/1295/4550 4638/1294/4565 4637/1296/4566
f 4623/1297/4551 4637/1296/4566 4636/1298/4567
f 4622/1300/4552 4636/1319/4567 4635/1301/4568
f 4621/1302/4553 4635/1301/4568 4634/1303/4569
f 4620/1304/4554 4634/1303/4569 4633/1305/4570
f 4619/1306/4555 4633/1305/4570 4472/1307/4571
f 4646/1151/4450 4660/1154/4453 4659/1309/4573
f 4645/1279/4557 4659/1309/4573 4658/1310/4574
f 4644/1311/4559 4658/1414/4574 4657/1312/4575
f 4643/1284/4560 4657/1312/4575 4656/1313/4576
f 4642/1286/4561 4656/1313/4576 4655/1314/4577
f 4641/1288/4562 4655/1314/4577 4654/1315/4578
f 4640/1290/4563 4654/1315/4578 4653/1316/4579
f 4653/1316/4579 4652/1317/4580 4638/1294/4565
f 4652/1317/4580 4651/1415/4594 4637/1296/4566
f 4637/1296/4566 4651/1415/4594 4650/1318/4581
f 4636/1319/4567 4650/1416/4581 4649/1320/4582
f 4635/1301/4568 4649/1320/4582 4648/1321/4583
f 4634/1303/4569 4648/1321/4583 4647/1322/4584
f 4633/1305/4570 4647/1322/4584 4473/1323/4585
f 4660/1157/4453 4674/1156/4455 4673/1324/4586
f 4659/1325/4573 4673/1324/4586 4672/1326/4587
f 4672/1326/4587 4671/1329/4588 4657/1328/4575
f 4671/1329/4588 4670/1331/4589 4656/1330/4576
f 4670/1331/4589 4669/1333/4590 4655/1332/4577
f 4669/1333/4590 4668/1335/4591 4654/1334/4578
f 4668/1335/4591 4667/1337/4592 4653/1336/4579
f 4667/1337/4592 4666/1339/4593 4652/1338/4580
f 4666/1339/4593 4665/1341/4595 4651/1340/4594
f 4665/1341/4595 4664/1360/4609 4650/1342/4581
f 4650/1342/4581 4664/1360/4609 4663/1343/4596
f 4649/1344/4582 4663/1343/4596 4662/1345/4597
f 4648/1346/4583 4662/1345/4597 4661/1347/4598
f 4647/1348/4584 4661/1347/4598 4474/1349/4599
f 4674/1156/4455 4688/1159/4457 4687/1351/4600
f 4673/1324/4586 4687/1351/4600 4686/1352/4601
f 4686/1352/4601 4685/1353/4602 4671/1329/4588
f 4685/1353/4602 4684/1354/4603 4670/1331/4589
f 4684/1354/4603 4683/1355/4604 4669/1333/4590
f 4683/1355/4604 4682/1356/4605 4668/1335/4591
f 4682/1356/4605 4681/1357/4606 4667/1337/4592
f 4681/1357/4606 4680/1358/4607 4666/1339/4593
f 4680/1358/4607 4679/1359/4608 4665/1341/4595
f 4679/1359/4608 4678/1374/4623 4664/1360/4609
f 4664/1360/4609 4678/1374/4623 4677/1361/4610
f 4663/1343/4596 4677/1361/4610 4676/1362/4611
f 4662/1345/4597 4676/1362/4611 4675/1363/4612
f 4661/1347/4598 4675/1363/4612 4475/1364/4613
f 4688/1159/4457 4702/1161/4459 4701/1365/4614
f 4687/1351/4600 4701/1365/4614 4700/1366/4615
f 4700/1366/4615 4699/1367/4616 4685/1353/4602
f 4699/1367/4616 4698/1368/4617 4684/1354/4603
f 4698/1368/4617 4697/1369/4618 4683/1355/4604
f 4697/1369/4618 4696/1370/4619 4682/1356/4605
f 4696/1370/4619 4695/1371/4620 4681/1357/4606
f 4695/1371/4620 4694/1372/4621 4680/1358/4607
f 4694/1372/4621 4693/1373/4622 4679/1359/4608
f 4693/1373/4622 4692/1375/4624 4678/1374/4623
f 4692/1375/4624 4691/1417/4628 4677/1361/4610
f 4677/1361/4610 4691/1417/4628 4690/1376/4625
f 4676/1362/4611 4690/1376/4625 4689/1377/4626
f 4675/1363/4612 4689/1377/4626 4464/1378/4627
f 4702/1163/4459 4535/1138/4439 4536/1165/4462
f 4701/1379/4614 4536/1165/4462 4537/1167/4464
f 4537/1167/4464 4538/1436/4466 4699/1381/4616
f 4538/1170/4466 4539/1172/4468 4698/1382/4617
f 4539/1172/4468 4540/1174/4470 4697/1384/4618
f 4540/1174/4470 4541/1176/4472 4696/1385/4619
f 4541/1176/4472 4542/1178/4474 4695/1386/4620
f 4542/1178/4474 4543/1180/4476 4694/1387/4621
f 4543/1180/4476 4544/1181/4477 4693/1388/4622
f 4544/1389/4477 4545/1184/4479 4692/1390/4624
f 4692/1390/4624 4545/1184/4479 4546/1186/4481
f 4691/1392/4628 4546/1186/4481 4547/1188/4483
f 4690/1393/4625 4547/1188/4483 4548/1190/4485
f 4689/1394/4626 4548/1190/4485 4465/1192/4487
o Circle
v -0.002728 0.999920 -0.727598
v 0.627738 0.999920 -0.363598
v 0.627738 0.999920 0.364402
v -0.002728 0.999920 0.728402
v -0.633195 0.999920 0.364402
v -0.633195 0.999920 -0.363598
v -0.002728 0.494035 -0.575832
v -0.002728 0.439920 -0.503101
v -0.438775 0.439920 -0.251349
v -0.501762 0.494035 -0.287715
v -0.438775 0.439920 0.252154
v -0.501762 0.494035 0.288519
v -0.002728 0.439920 0.503906
v -0.002728 0.494035 0.576637
v 0.433318 0.439920 0.252154
v 0.496305 0.494035 0.288519
v 0.433318 0.439920 -0.251349
v 0.496305 0.494035 -0.287715
v -0.002728 1.559921 -0.503101
v -0.002728 1.505806 -0.575832
v -0.501762 1.505806 -0.287715
v -0.438775 1.559921 -0.251349
v -0.501762 1.505806 0.288519
v -0.438775 1.559921 0.252154
v -0.002728 1.505806 0.576637
v -0.002728 1.559921 0.503906
v 0.496305 1.505806 0.288519
v 0.433318 1.559921 0.252154
v 0.496305 1.505806 -0.287715
v 0.433318 1.559921 -0.251349
vn -0.3258 -0.7585 -0.5644
vn -0.6517 -0.7585 -0.0000
vn -0.3258 -0.7585 0.5644
vn 0.3258 -0.7585 0.5644
vn 0.6517 -0.7585 -0.0000
vn 0.3258 -0.7585 -0.5644
vn -0.3258 0.7585 -0.5644
vn -0.6517 0.7585 -0.0000
vn -0.3258 0.7585 0.5644
vn 0.3258 0.7585 0.5644
vn 0.6517 0.7585 -0.0000
vn 0.3258 0.7585 -0.5644
vn -0.4839 -0.2515 -0.8382
vn -0.0000 -1.0000 -0.0000
vn 0.4839 -0.2515 -0.8382
vn -0.9679 -0.2515 -0.0000
vn -0.4839 -0.2515 0.8382
vn 0.4839 -0.2515 0.8382
vn 0.9679 -0.2515 -0.0000
vn -0.4839 0.2515 -0.8382
vn -0.0000 1.0000 -0.0000
vn 0.4839 0.2515 -0.8382
vn -0.9679 0.2515 -0.0000
vn -0.4839 0.2515 0.8382
vn 0.4839 0.2515 0.8382
vn 0.9679 0.2515 -0.0000
vt 0.895464 0.085749
vt 0.927908 0.061606
vt 0.932594 0.064312
vt 0.927908 0.024143
vt 0.932594 0.021437
vt 0.895464 0.005412
vt 0.895464 0.000000
vt 0.863020 0.024143
vt 0.858333 0.021437
vt 0.863020 0.061606
vt 0.858333 0.064312
vt 0.895464 0.080338
vt 0.895464 0.166087
vt 0.858333 0.150061
vt 0.863020 0.147355
vt 0.858333 0.107186
vt 0.863020 0.109892
vt 0.895464 0.091161
vt 0.895464 0.085749
vt 0.932594 0.107186
vt 0.927908 0.109892
vt 0.932594 0.150061
vt 0.927908 0.147355
vt 0.895464 0.171498
vt 0.887640 0.250000
vt 0.925281 0.282729
vt 0.887640 0.277083
vt 0.887640 0.439583
vt 0.925281 0.455375
vt 0.887640 0.466667
vt 0.925281 0.325604
vt 0.887640 0.331250
vt 0.925281 0.347041
vt 0.887640 0.358333
vt 0.887640 0.385417
vt 0.925281 0.369625
vt 0.925281 0.391063
vt 0.925281 0.433937
vt 0.850000 0.261292
vt 0.850000 0.282729
vt 0.850000 0.433937
vt 0.850000 0.455375
vt 0.850000 0.325604
vt 0.850000 0.347041
vt 0.850000 0.369625
vt 0.850000 0.391063
vt 0.925281 0.261292
vt 0.887640 0.358333
s 0
f 4709/1437/4639 4711/1438/4639 4712/1439/4639
f 4712/1439/4640 4713/1440/4640 4714/1441/4640
f 4714/1441/4641 4715/1442/4641 4716/1443/4641
f 4716/1443/4642 4717/1444/4642 4718/1445/4642
f 4718/1445/4643 4719/1446/4643 4720/1447/4643
f 4720/1447/4644 4710/1448/4644 4709/1437/4644
f 4721/1449/4645 4723/1450/4645 4724/1451/4645
f 4724/1451/4646 4725/1452/4646 4726/1453/4646
f 4728/1454/4647 4725/1452/4647 4727/1455/4647
f 4728/1454/4648 4729/1456/4648 4730/1457/4648
f 4730/1457/4649 4731/1458/4649 4732/1459/4649
f 4732/1459/4650 4722/1460/4650 4721/1449/4650
f 4703/1461/4651 4712/1462/4651 4708/1463/4651
f 4710/1448/4652 4717/1444/4652 4713/1440/4652
f 4704/1464/4653 4709/1465/4653 4703/1466/4653
f 4708/1463/4654 4714/1467/4654 4707/1468/4654
f 4707/1468/4655 4716/1469/4655 4706/1470/4655
f 4705/1471/4656 4716/1472/4656 4718/1473/4656
f 4705/1471/4657 4720/1474/4657 4704/1464/4657
f 4722/1475/4658 4708/1463/4658 4723/1476/4658
f 4726/1453/4659 4730/1457/4659 4721/1449/4659
f 4731/1477/4660 4703/1466/4660 4722/1478/4660
f 4723/1476/4661 4707/1468/4661 4725/1479/4661
f 4725/1479/4662 4706/1470/4662 4727/1480/4662
f 4727/1481/4663 4705/1471/4663 4729/1482/4663
f 4729/1482/4664 4704/1464/4664 4731/1477/4664
f 4709/1437/4639 4710/1448/4639 4711/1438/4639
f 4712/1439/4640 4711/1438/4640 4713/1440/4640
f 4714/1441/4641 4713/1440/4641 4715/1442/4641
f 4716/1443/4642 4715/1442/4642 4717/1444/4642
f 4718/1445/4643 4717/1444/4643 4719/1446/4643
f 4720/1447/4644 4719/1446/4644 4710/1448/4644
f 4721/1449/4645 4722/1460/4645 4723/1450/4645
f 4724/1451/4646 4723/1450/4646 4725/1452/4646
f 4728/1454/4647 4726/1453/4647 4725/1452/4647
f 4728/1454/4648 4727/1455/4648 4729/1456/4648
f 4730/1457/4649 4729/1456/4649 4731/1458/4649
f 4732/1459/4650 4731/1458/4650 4722/1460/4650
f 4703/1461/4651 4709/1483/4651 4712/1462/4651
f 4713/1440/4652 4711/1438/4652 4710/1448/4652
f 4710/1448/4652 4719/1446/4652 4717/1444/4652
f 4717/1444/4652 4715/1442/4652 4713/1440/4652
f 4704/1464/4653 4720/1474/4653 4709/1465/4653
f 4708/1463/4654 4712/1462/4654 4714/1467/4654
f 4707/1468/4655 4714/1467/4655 4716/1469/4655
f 4705/1471/4656 4706/1484/4656 4716/1472/4656
f 4705/1471/4657 4718/1473/4657 4720/1474/4657
f 4722/1475/4658 4703/1461/4658 4708/1463/4658
f 4721/1449/4659 4724/1451/4659 4726/1453/4659
f 4726/1453/4659 4728/1454/4659 4730/1457/4659
f 4730/1457/4659 4732/1459/4659 4721/1449/4659
f 4731/1477/4660 4704/1464/4660 4703/1466/4660
f 4723/1476/4661 4708/1463/4661 4707/1468/4661
f 4725/1479/4662 4707/1468/4662 4706/1470/4662
f 4727/1481/4663 4706/1484/4663 4705/1471/4663
f 4729/1482/4664 4705/1471/4664 4704/1464/4664
o Cube.027
v 0.199455 0.202104 1.388865
v 0.199455 -0.202263 1.388865
v 0.260160 0.262809 1.512344
v 0.260160 -0.262968 1.512344
v -0.204912 0.202104 1.388865
v -0.204912 -0.202263 1.388865
v -0.265617 0.262809 1.512344
v -0.265617 -0.262968 1.512344
v 0.260160 -0.262968 1.388865
v -0.265617 -0.262968 1.388865
v 0.260160 0.262809 1.388865
v -0.265617 0.262809 1.388865
v 0.182388 -0.185196 1.350946
v 0.199455 -0.202263 1.368013
v -0.204912 -0.202263 1.368013
v -0.187845 -0.185196 1.350946
v 0.182388 0.185037 1.350946
v 0.199455 0.202104 1.368013
v -0.204912 0.202104 1.368013
v -0.187845 0.185037 1.350946
vn -0.0000 1.0000 -0.0000
vn -0.0000 -0.0000 1.0000
vn -1.0000 -0.0000 -0.0000
vn -0.0000 -1.0000 -0.0000
vn 1.0000 -0.0000 -0.0000
vn -0.0000 -0.0000 -1.0000
vn -0.0000 -0.7071 -0.7071
vn 0.7071 -0.0000 -0.7071
vn -0.7071 -0.0000 -0.7071
vn -0.0000 0.7071 -0.7071
vt 0.974874 0.233882
vt 0.965088 0.192216
vt 0.974874 0.192216
vt 0.858333 0.213165
vt 0.900000 0.171498
vt 0.900000 0.213165
vt 0.985230 0.250000
vt 0.995016 0.291667
vt 0.985230 0.291667
vt 0.975216 0.541667
vt 0.965431 0.500000
vt 0.975216 0.500000
vt 0.985230 0.291667
vt 0.995015 0.333333
vt 0.985230 0.333333
vt 0.036856 0.879811
vt 0.041667 0.916667
vt 0.036856 0.911856
vt 0.004811 0.879811
vt 0.041667 0.875000
vt 0.000000 0.916667
vt 0.004811 0.911856
vt 0.000000 0.875000
vt 0.882045 0.498712
vt 0.880693 0.468019
vt 0.882045 0.466667
vt 0.851352 0.468019
vt 0.850000 0.466667
vt 0.880693 0.497359
vt 0.850000 0.498712
vt 0.851352 0.497359
vt 0.957326 0.375000
vt 0.958978 0.407045
vt 0.957326 0.407045
vt 0.518792 0.990379
vt 0.517140 0.958333
vt 0.518792 0.958333
vt 0.520445 0.990379
vt 0.957326 0.407045
vt 0.958978 0.439090
vt 0.957326 0.439090
vt 0.965088 0.233882
vt 0.858333 0.171498
vt 0.995016 0.250000
vt 0.965431 0.541667
vt 0.995015 0.291667
vt 0.958978 0.375000
vt 0.517140 0.990379
vt 0.520445 0.958333
vt 0.958978 0.407045
s 0
f 4744/1485/4665 4735/1486/4665 4743/1487/4665
f 4735/1488/4666 4740/1489/4666 4736/1490/4666
f 4739/1491/4667 4742/1492/4667 4740/1493/4667
f 4741/1494/4668 4740/1495/4668 4742/1496/4668
f 4743/1497/4669 4736/1498/4669 4741/1499/4669
f 4734/1500/4670 4742/1501/4670 4738/1502/4670
f 4733/1503/4670 4741/1504/4670 4734/1500/4670
f 4738/1502/4670 4744/1505/4670 4737/1506/4670
f 4737/1506/4670 4743/1507/4670 4733/1503/4670
f 4747/1508/4671 4745/1509/4671 4746/1510/4671
f 4746/1510/4672 4749/1511/4672 4750/1512/4672
f 4748/1513/4673 4751/1514/4673 4752/1515/4673
f 4750/1512/4674 4752/1515/4674 4751/1514/4674
f 4738/1516/4668 4746/1517/4668 4734/1518/4668
f 4752/1515/4670 4745/1509/4670 4748/1513/4670
f 4734/1519/4669 4750/1520/4669 4733/1521/4669
f 4737/1521/4667 4747/1522/4667 4738/1519/4667
f 4733/1523/4665 4751/1524/4665 4737/1525/4665
f 4744/1485/4665 4739/1526/4665 4735/1486/4665
f 4735/1488/4666 4739/1527/4666 4740/1489/4666
f 4739/1491/4667 4744/1528/4667 4742/1492/4667
f 4741/1494/4668 4736/1529/4668 4740/1495/4668
f 4743/1497/4669 4735/1530/4669 4736/1498/4669
f 4734/1500/4670 4741/1504/4670 4742/1501/4670
f 4733/1503/4670 4743/1507/4670 4741/1504/4670
f 4738/1502/4670 4742/1501/4670 4744/1505/4670
f 4737/1506/4670 4744/1505/4670 4743/1507/4670
f 4747/1508/4671 4748/1513/4671 4745/1509/4671
f 4746/1510/4672 4745/1509/4672 4749/1511/4672
f 4748/1513/4673 4747/1508/4673 4751/1514/4673
f 4750/1512/4674 4749/1511/4674 4752/1515/4674
f 4738/1516/4668 4747/1531/4668 4746/1517/4668
f 4752/1515/4670 4749/1511/4670 4745/1509/4670
f 4734/1519/4669 4746/1532/4669 4750/1520/4669
f 4737/1521/4667 4751/1533/4667 4747/1522/4667
f 4733/1523/4665 4750/1534/4665 4751/1524/4665
o Cube.028
v 1.196506 0.205208 1.388865
v 1.196506 -0.199159 1.388865
v 1.257211 0.265912 1.512344
v 1.257211 -0.259864 1.512344
v 0.792139 0.205208 1.388865
v 0.792139 -0.199159 1.388865
v 0.731435 0.265912 1.512344
v 0.731435 -0.259864 1.512344
v 1.257211 -0.259864 1.388865
v 0.731435 -0.259864 1.388865
v 1.257211 0.265912 1.388865
v 0.731435 0.265912 1.388865
v 1.179439 -0.182092 1.350946
v 1.196506 -0.199159 1.368013
v 0.792139 -0.199159 1.368013
v 0.809206 -0.182092 1.350946
v 1.179439 0.188141 1.350946
v 1.196506 0.205208 1.368013
v 0.792139 0.205208 1.368013
v 0.809206 0.188141 1.350946
vn -0.0000 1.0000 -0.0000
vn -0.0000 -0.0000 1.0000
vn -1.0000 -0.0000 -0.0000
vn -0.0000 -1.0000 -0.0000
vn 1.0000 -0.0000 -0.0000
vn -0.0000 -0.0000 -1.0000
vn -0.0000 -0.7071 -0.7071
vn 0.7071 -0.0000 -0.7071
vn -0.7071 -0.0000 -0.7071
vn -0.0000 0.7071 -0.7071
vt 0.975216 0.583333
vt 0.965431 0.541667
vt 0.975216 0.541667
vt 0.041667 0.916667
vt 0.083333 0.875000
vt 0.083333 0.916667
vt 0.985230 0.333333
vt 0.995016 0.375000
vt 0.985230 0.375000
vt 0.975216 0.625000
vt 0.965431 0.583333
vt 0.988377 0.000000
vt 0.998162 0.041667
vt 0.988377 0.041667
vt 0.120189 0.879811
vt 0.125000 0.916667
vt 0.120189 0.911856
vt 0.088144 0.879811
vt 0.125000 0.875000
vt 0.088144 0.911856
vt 0.890379 0.213165
vt 0.889026 0.243858
vt 0.889026 0.214517
vt 0.858333 0.213165
vt 0.859686 0.214517
vt 0.858333 0.245210
vt 0.859686 0.243858
vt 0.958259 0.445487
vt 0.959912 0.477532
vt 0.958259 0.477532
vt 0.522097 0.990379
vt 0.520445 0.958333
vt 0.522097 0.958333
vt 0.522097 0.958333
vt 0.523750 0.990379
vt 0.522097 0.990379
vt 0.958978 0.375000
vt 0.960631 0.407045
vt 0.958978 0.407045
vt 0.041667 0.875000
vt 0.995016 0.333333
vt 0.965431 0.625000
vt 0.998162 0.000000
vt 0.890379 0.245210
vt 0.959912 0.445487
vt 0.520445 0.990379
vt 0.523750 0.958333
vt 0.960631 0.375000
s 0
f 4764/1535/4675 4755/1536/4675 4763/1537/4675
f 4755/1538/4676 4760/1539/4676 4756/1540/4676
f 4759/1541/4677 4762/1542/4677 4760/1543/4677
f 4761/1544/4678 4760/1545/4678 4762/1535/4678
f 4763/1546/4679 4756/1547/4679 4761/1548/4679
f 4754/1549/4680 4762/1550/4680 4758/1551/4680
f 4753/1552/4680 4761/1553/4680 4754/1549/4680
f 4758/1551/4680 4764/1540/4680 4757/1554/4680
f 4757/1554/4680 4763/1539/4680 4753/1552/4680
f 4766/1555/4681 4768/1556/4681 4765/1557/4681
f 4770/1558/4682 4765/1557/4682 4769/1559/4682
f 4768/1556/4683 4771/1560/4683 4772/1561/4683
f 4770/1558/4684 4772/1561/4684 4771/1560/4684
f 4758/1562/4678 4766/1563/4678 4754/1564/4678
f 4772/1561/4680 4765/1557/4680 4768/1556/4680
f 4754/1565/4679 4770/1566/4679 4753/1567/4679
f 4757/1568/4677 4767/1569/4677 4758/1570/4677
f 4753/1571/4675 4771/1572/4675 4757/1573/4675
f 4764/1535/4675 4759/1545/4675 4755/1536/4675
f 4755/1538/4676 4759/1574/4676 4760/1539/4676
f 4759/1541/4677 4764/1575/4677 4762/1542/4677
f 4761/1544/4678 4756/1576/4678 4760/1545/4678
f 4763/1546/4679 4755/1577/4679 4756/1547/4679
f 4754/1549/4680 4761/1553/4680 4762/1550/4680
f 4753/1552/4680 4763/1539/4680 4761/1553/4680
f 4758/1551/4680 4762/1550/4680 4764/1540/4680
f 4757/1554/4680 4764/1540/4680 4763/1539/4680
f 4766/1555/4681 4767/1578/4681 4768/1556/4681
f 4770/1558/4682 4766/1555/4682 4765/1557/4682
f 4768/1556/4683 4767/1578/4683 4771/1560/4683
f 4770/1558/4684 4769/1559/4684 4772/1561/4684
f 4758/1562/4678 4767/1579/4678 4766/1563/4678
f 4772/1561/4680 4769/1559/4680 4765/1557/4680
f 4754/1565/4679 4766/1580/4679 4770/1566/4679
f 4757/1568/4677 4771/1581/4677 4767/1569/4677
f 4753/1571/4675 4770/1582/4675 4771/1572/4675
o Cube.029
v -0.800545 0.202104 1.388865
v -0.800545 -0.202263 1.388865
v -0.739840 0.262809 1.512344
v -0.739840 -0.262968 1.512344
v -1.204912 0.202104 1.388865
v -1.204912 -0.202263 1.388865
v -1.265617 0.262809 1.512344
v -1.265617 -0.262968 1.512344
v -0.739840 -0.262968 1.388865
v -1.265617 -0.262968 1.388865
v -0.739840 0.262809 1.388865
v -1.265617 0.262809 1.388865
v -0.817612 -0.185196 1.350946
v -0.800545 -0.202263 1.368013
v -1.204912 -0.202263 1.368013
v -1.187845 -0.185196 1.350946
v -0.817612 0.185037 1.350946
v -0.800545 0.202104 1.368013
v -1.204912 0.202104 1.368013
v -1.187845 0.185037 1.350946
vn -0.0000 1.0000 -0.0000
vn -0.0000 -0.0000 1.0000
vn -1.0000 -0.0000 -0.0000
vn -0.0000 -1.0000 -0.0000
vn 1.0000 -0.0000 -0.0000
vn -0.0000 -0.0000 -1.0000
vn -0.0000 -0.7071 -0.7071
vn 0.7071 -0.0000 -0.7071
vn -0.7071 -0.0000 -0.7071
vn -0.0000 0.7071 -0.7071
vt 0.975445 0.291667
vt 0.965659 0.250000
vt 0.975445 0.250000
vt 0.125000 0.916667
vt 0.166667 0.875000
vt 0.166667 0.916667
vt 0.988377 0.041667
vt 0.998162 0.083333
vt 0.988377 0.083333
vt 0.975445 0.333333
vt 0.965659 0.291667
vt 0.988377 0.083333
vt 0.998162 0.125000
vt 0.988377 0.125000
vt 0.203523 0.879811
vt 0.208333 0.916667
vt 0.203523 0.911856
vt 0.171477 0.879811
vt 0.208333 0.875000
vt 0.171477 0.911856
vt 0.166667 0.875000
vt 0.914090 0.498712
vt 0.912738 0.468019
vt 0.914090 0.466667
vt 0.883398 0.468019
vt 0.882045 0.466667
vt 0.912738 0.497359
vt 0.882045 0.498712
vt 0.883398 0.497359
vt 0.958978 0.407045
vt 0.960631 0.439090
vt 0.958978 0.439090
vt 0.525402 0.990379
vt 0.523750 0.958333
vt 0.525402 0.958333
vt 0.527055 0.990379
vt 0.206681 0.958333
vt 0.208333 0.990379
vt 0.206681 0.990379
vt 0.125000 0.875000
vt 0.998162 0.041667
vt 0.965659 0.333333
vt 0.998162 0.083333
vt 0.960631 0.407045
vt 0.523750 0.990379
vt 0.527055 0.958333
vt 0.208333 0.958333
s 0
f 4784/1583/4685 4775/1584/4685 4783/1585/4685
f 4775/1586/4686 4780/1587/4686 4776/1588/4686
f 4779/1589/4687 4782/1590/4687 4780/1591/4687
f 4781/1592/4688 4780/1593/4688 4782/1583/4688
f 4783/1594/4689 4776/1595/4689 4781/1596/4689
f 4774/1597/4690 4782/1598/4690 4778/1599/4690
f 4773/1600/4690 4781/1601/4690 4774/1597/4690
f 4778/1599/4690 4784/1588/4690 4777/1602/4690
f 4777/1602/4690 4783/1603/4690 4773/1600/4690
f 4787/1604/4691 4785/1605/4691 4786/1606/4691
f 4786/1606/4692 4789/1607/4692 4790/1608/4692
f 4788/1609/4693 4791/1610/4693 4792/1611/4693
f 4791/1610/4694 4789/1607/4694 4792/1611/4694
f 4778/1612/4688 4786/1613/4688 4774/1614/4688
f 4792/1611/4690 4785/1605/4690 4788/1609/4690
f 4774/1615/4689 4790/1616/4689 4773/1617/4689
f 4777/1617/4687 4787/1618/4687 4778/1615/4687
f 4773/1619/4685 4791/1620/4685 4777/1621/4685
f 4784/1583/4685 4779/1593/4685 4775/1584/4685
f 4775/1586/4686 4779/1622/4686 4780/1587/4686
f 4779/1589/4687 4784/1623/4687 4782/1590/4687
f 4781/1592/4688 4776/1624/4688 4780/1593/4688
f 4783/1594/4689 4775/1625/4689 4776/1595/4689
f 4774/1597/4690 4781/1601/4690 4782/1598/4690
f 4773/1600/4690 4783/1603/4690 4781/1601/4690
f 4778/1599/4690 4782/1598/4690 4784/1588/4690
f 4777/1602/4690 4784/1588/4690 4783/1603/4690
f 4787/1604/4691 4788/1609/4691 4785/1605/4691
f 4786/1606/4692 4785/1605/4692 4789/1607/4692
f 4788/1609/4693 4787/1604/4693 4791/1610/4693
f 4791/1610/4694 4790/1608/4694 4789/1607/4694
f 4778/1612/4688 4787/1626/4688 4786/1613/4688
f 4792/1611/4690 4789/1607/4690 4785/1605/4690
f 4774/1615/4689 4786/1627/4689 4790/1616/4689
f 4777/1617/4687 4791/1628/4687 4787/1618/4687
f 4773/1619/4685 4790/1629/4685 4791/1620/4685
o Cube.030
v -0.204912 0.202104 -1.385251
v -0.204912 -0.202263 -1.385251
v -0.265616 0.262809 -1.508730
v -0.265616 -0.262968 -1.508730
v 0.199455 0.202104 -1.385251
v 0.199455 -0.202263 -1.385251
v 0.260160 0.262809 -1.508730
v 0.260160 -0.262968 -1.508730
v -0.265617 -0.262968 -1.385251
v 0.260160 -0.262968 -1.385251
v -0.265617 0.262809 -1.385251
v 0.260160 0.262809 -1.385251
v -0.187845 -0.185196 -1.347332
v -0.204912 -0.202263 -1.364399
v 0.199455 -0.202263 -1.364399
v 0.182388 -0.185196 -1.347332
v -0.187845 0.185037 -1.347332
v -0.204912 0.202104 -1.364399
v 0.199455 0.202104 -1.364399
v 0.182388 0.185037 -1.347332
vn -0.0000 1.0000 -0.0000
vn -0.0000 -0.0000 -1.0000
vn 1.0000 -0.0000 -0.0000
vn -0.0000 -1.0000 -0.0000
vn -1.0000 -0.0000 -0.0000
vn -0.0000 -0.0000 1.0000
vn -0.0000 -0.7071 0.7071
vn -0.7071 -0.0000 0.7071
vn 0.7071 -0.0000 0.7071
vn -0.0000 0.7071 0.7071
vt 0.975445 0.333333
vt 0.965659 0.375000
vt 0.965659 0.333333
vt 0.208333 0.916667
vt 0.250000 0.875000
vt 0.250000 0.916667
vt 0.988374 0.920346
vt 0.998160 0.962013
vt 0.988374 0.962013
vt 0.978592 0.041667
vt 0.968806 -0.000000
vt 0.978592 0.000000
vt 0.989116 0.625000
vt 0.998901 0.666667
vt 0.989116 0.666667
vt 0.286856 0.879811
vt 0.291667 0.916667
vt 0.286856 0.911856
vt 0.254811 0.879811
vt 0.291667 0.875000
vt 0.254811 0.911856
vt 0.922424 0.213165
vt 0.921071 0.243858
vt 0.921071 0.214517
vt 0.891731 0.214517
vt 0.890379 0.213165
vt 0.890379 0.245210
vt 0.891731 0.243858
vt 0.247475 0.958333
vt 0.249128 0.990379
vt 0.247475 0.990379
vt 0.528707 0.990379
vt 0.527055 0.958333
vt 0.528707 0.958333
vt 0.530360 0.990379
vt 0.289142 0.958333
vt 0.290794 0.990379
vt 0.289142 0.990379
vt 0.975445 0.375000
vt 0.208333 0.875000
vt 0.998160 0.920346
vt 0.968806 0.041667
vt 0.998901 0.625000
vt 0.922424 0.245210
vt 0.249128 0.958333
vt 0.527055 0.990379
vt 0.530360 0.958333
vt 0.290794 0.958333
s 0
f 4803/1630/4695 4799/1631/4695 4795/1632/4695
f 4795/1633/4696 4800/1634/4696 4796/1635/4696
f 4799/1636/4697 4802/1637/4697 4800/1638/4697
f 4801/1639/4698 4800/1640/4698 4802/1641/4698
f 4803/1642/4699 4796/1643/4699 4801/1644/4699
f 4794/1645/4700 4802/1646/4700 4798/1647/4700
f 4793/1648/4700 4801/1649/4700 4794/1645/4700
f 4798/1647/4700 4804/1635/4700 4797/1650/4700
f 4797/1650/4700 4803/1634/4700 4793/1648/4700
f 4806/1651/4701 4808/1652/4701 4805/1653/4701
f 4806/1651/4702 4809/1654/4702 4810/1655/4702
f 4808/1652/4703 4811/1656/4703 4812/1657/4703
f 4810/1655/4704 4812/1657/4704 4811/1656/4704
f 4798/1658/4698 4806/1659/4698 4794/1660/4698
f 4812/1657/4700 4805/1653/4700 4808/1652/4700
f 4794/1661/4699 4810/1662/4699 4793/1663/4699
f 4797/1663/4697 4807/1664/4697 4798/1661/4697
f 4793/1665/4695 4811/1666/4695 4797/1667/4695
f 4803/1630/4695 4804/1668/4695 4799/1631/4695
f 4795/1633/4696 4799/1669/4696 4800/1634/4696
f 4799/1636/4697 4804/1670/4697 4802/1637/4697
f 4801/1639/4698 4796/1671/4698 4800/1640/4698
f 4803/1642/4699 4795/1672/4699 4796/1643/4699
f 4794/1645/4700 4801/1649/4700 4802/1646/4700
f 4793/1648/4700 4803/1634/4700 4801/1649/4700
f 4798/1647/4700 4802/1646/4700 4804/1635/4700
f 4797/1650/4700 4804/1635/4700 4803/1634/4700
f 4806/1651/4701 4807/1673/4701 4808/1652/4701
f 4806/1651/4702 4805/1653/4702 4809/1654/4702
f 4808/1652/4703 4807/1673/4703 4811/1656/4703
f 4810/1655/4704 4809/1654/4704 4812/1657/4704
f 4798/1658/4698 4807/1674/4698 4806/1659/4698
f 4812/1657/4700 4809/1654/4700 4805/1653/4700
f 4794/1661/4699 4806/1675/4699 4810/1662/4699
f 4797/1663/4697 4811/1676/4697 4807/1664/4697
f 4793/1665/4695 4810/1677/4695 4811/1666/4695
o Cube.031
v -1.204912 0.202104 -1.385251
v -1.204912 -0.202263 -1.385251
v -1.265616 0.262809 -1.508730
v -1.265616 -0.262968 -1.508730
v -0.800545 0.202104 -1.385251
v -0.800545 -0.202263 -1.385251
v -0.739840 0.262809 -1.508730
v -0.739840 -0.262968 -1.508730
v -1.265617 -0.262968 -1.385251
v -0.739840 -0.262968 -1.385251
v -1.265617 0.262809 -1.385251
v -0.739840 0.262809 -1.385251
v -1.187845 -0.185196 -1.347332
v -1.204912 -0.202263 -1.364399
v -0.800545 -0.202263 -1.364399
v -0.817612 -0.185196 -1.347332
v -1.187845 0.185037 -1.347332
v -1.204912 0.202104 -1.364399
v -0.800545 0.202104 -1.364399
v -0.817612 0.185037 -1.347332
vn -0.0000 1.0000 -0.0000
vn -0.0000 -0.0000 -1.0000
vn 1.0000 -0.0000 -0.0000
vn -0.0000 -1.0000 -0.0000
vn -1.0000 -0.0000 -0.0000
vn -0.0000 -0.0000 1.0000
vn -0.0000 -0.7071 0.7071
vn -0.7071 -0.0000 0.7071
vn 0.7071 -0.0000 0.7071
vn -0.0000 0.7071 0.7071
vt 0.978592 0.083333
vt 0.968806 0.041667
vt 0.978592 0.041667
vt 0.291667 0.916667
vt 0.333333 0.875000
vt 0.333333 0.916667
vt 0.989116 0.666667
vt 0.998902 0.708333
vt 0.989116 0.708333
vt 0.978592 0.083333
vt 0.968806 0.125000
vt 0.968806 0.083333
vt 0.989116 0.708333
vt 0.998901 0.750000
vt 0.989116 0.750000
vt 0.370189 0.879811
vt 0.375000 0.916667
vt 0.370189 0.911856
vt 0.338144 0.879811
vt 0.375000 0.875000
vt 0.333333 0.916667
vt 0.338144 0.911856
vt 0.333333 0.875000
vt 0.946136 0.466667
vt 0.944783 0.497359
vt 0.944783 0.468019
vt 0.915443 0.468019
vt 0.914090 0.466667
vt 0.914090 0.498712
vt 0.915443 0.497359
vt 0.451039 0.958333
vt 0.452692 0.990379
vt 0.451039 0.990379
vt 0.532012 0.990379
vt 0.530360 0.958333
vt 0.532012 0.958333
vt 0.532013 0.958333
vt 0.533665 0.990379
vt 0.532013 0.990379
vt 0.452692 0.958333
vt 0.454344 0.990379
vt 0.452692 0.990379
vt 0.291667 0.875000
vt 0.998902 0.666667
vt 0.978592 0.125000
vt 0.998901 0.708333
vt 0.946136 0.498712
vt 0.452692 0.958333
vt 0.530360 0.990379
vt 0.533665 0.958333
vt 0.454344 0.958333
s 0
f 4824/1678/4705 4815/1679/4705 4823/1680/4705
f 4815/1681/4706 4820/1682/4706 4816/1683/4706
f 4819/1684/4707 4822/1685/4707 4820/1686/4707
f 4822/1687/4708 4816/1688/4708 4820/1689/4708
f 4823/1690/4709 4816/1691/4709 4821/1692/4709
f 4814/1693/4710 4822/1694/4710 4818/1695/4710
f 4813/1696/4710 4821/1697/4710 4814/1693/4710
f 4818/1695/4710 4824/1698/4710 4817/1699/4710
f 4817/1699/4710 4823/1700/4710 4813/1696/4710
f 4826/1701/4711 4828/1702/4711 4825/1703/4711
f 4826/1701/4712 4829/1704/4712 4830/1705/4712
f 4828/1702/4713 4831/1706/4713 4832/1707/4713
f 4830/1705/4714 4832/1707/4714 4831/1706/4714
f 4818/1708/4708 4826/1709/4708 4814/1710/4708
f 4832/1707/4710 4825/1703/4710 4828/1702/4710
f 4814/1711/4709 4830/1712/4709 4813/1713/4709
f 4817/1714/4707 4827/1715/4707 4818/1716/4707
f 4813/1717/4705 4831/1718/4705 4817/1719/4705
f 4824/1678/4705 4819/1689/4705 4815/1679/4705
f 4815/1681/4706 4819/1720/4706 4820/1682/4706
f 4819/1684/4707 4824/1721/4707 4822/1685/4707
f 4822/1687/4708 4821/1722/4708 4816/1688/4708
f 4823/1690/4709 4815/1723/4709 4816/1691/4709
f 4814/1693/4710 4821/1697/4710 4822/1694/4710
f 4813/1696/4710 4823/1700/4710 4821/1697/4710
f 4818/1695/4710 4822/1694/4710 4824/1698/4710
f 4817/1699/4710 4824/1698/4710 4823/1700/4710
f 4826/1701/4711 4827/1724/4711 4828/1702/4711
f 4826/1701/4712 4825/1703/4712 4829/1704/4712
f 4828/1702/4713 4827/1724/4713 4831/1706/4713
f 4830/1705/4714 4829/1704/4714 4832/1707/4714
f 4818/1708/4708 4827/1725/4708 4826/1709/4708
f 4832/1707/4710 4829/1704/4710 4825/1703/4710
f 4814/1711/4709 4826/1726/4709 4830/1712/4709
f 4817/1714/4707 4831/1727/4707 4827/1715/4707
f 4813/1717/4705 4830/1728/4705 4831/1718/4705
o Cube.032
v 0.795088 0.202104 -1.385251
v 0.795088 -0.202263 -1.385251
v 0.734384 0.262809 -1.508730
v 0.734384 -0.262968 -1.508730
v 1.199455 0.202104 -1.385251
v 1.199455 -0.202263 -1.385251
v 1.260160 0.262809 -1.508730
v 1.260160 -0.262968 -1.508730
v 0.734383 -0.262968 -1.385251
v 1.260160 -0.262968 -1.385251
v 0.734383 0.262809 -1.385251
v 1.260160 0.262809 -1.385251
v 0.812155 -0.185196 -1.347332
v 0.795088 -0.202263 -1.364399
v 1.199455 -0.202263 -1.364399
v 1.182388 -0.185196 -1.347332
v 0.812155 0.185037 -1.347332
v 0.795088 0.202104 -1.364399
v 1.199455 0.202104 -1.364399
v 1.182388 0.185037 -1.347332
vn -0.0000 1.0000 -0.0000
vn -0.0000 -0.0000 -1.0000
vn 1.0000 -0.0000 -0.0000
vn -0.0000 -1.0000 -0.0000
vn -1.0000 -0.0000 -0.0000
vn -0.0000 -0.0000 1.0000
vn -0.0000 -0.7071 0.7071
vn -0.7071 -0.0000 0.7071
vn 0.7071 -0.0000 0.7071
vn -0.0000 0.7071 0.7071
vt 0.978589 0.962013
vt 0.968803 0.920346
vt 0.978589 0.920346
vt 0.375000 0.916667
vt 0.416667 0.875000
vt 0.416667 0.916667
vt 0.989116 0.750000
vt 0.998902 0.791667
vt 0.989116 0.791667
vt 0.979331 0.625000
vt 0.969545 0.666667
vt 0.969545 0.625000
vt 0.989116 0.791667
vt 0.998901 0.833333
vt 0.989116 0.833333
vt 0.453523 0.879811
vt 0.458333 0.916667
vt 0.453523 0.911856
vt 0.421477 0.879811
vt 0.458333 0.875000
vt 0.421477 0.911856
vt 0.954469 0.213165
vt 0.953116 0.243858
vt 0.953116 0.214517
vt 0.923776 0.214517
vt 0.922424 0.213165
vt 0.922424 0.245210
vt 0.923776 0.243858
vt 0.454344 0.958333
vt 0.455997 0.990379
vt 0.454344 0.990379
vt 0.535318 0.990379
vt 0.533665 0.958333
vt 0.535318 0.958333
vt 0.536970 0.990379
vt 0.455997 0.958333
vt 0.457649 0.990379
vt 0.968803 0.962013
vt 0.375000 0.875000
vt 0.998902 0.750000
vt 0.979331 0.666667
vt 0.998901 0.791667
vt 0.954469 0.245210
vt 0.533665 0.990379
vt 0.536970 0.958333
vt 0.457649 0.958333
s 0
f 4844/1729/4715 4835/1730/4715 4843/1731/4715
f 4835/1732/4716 4840/1733/4716 4836/1734/4716
f 4839/1735/4717 4842/1736/4717 4840/1737/4717
f 4842/1738/4718 4836/1739/4718 4840/1740/4718
f 4843/1741/4719 4836/1742/4719 4841/1743/4719
f 4834/1744/4720 4842/1745/4720 4838/1746/4720
f 4833/1747/4720 4841/1748/4720 4834/1744/4720
f 4838/1746/4720 4844/1734/4720 4837/1749/4720
f 4837/1749/4720 4843/1733/4720 4833/1747/4720
f 4846/1750/4721 4848/1751/4721 4845/1752/4721
f 4846/1750/4722 4849/1753/4722 4850/1754/4722
f 4848/1751/4723 4851/1755/4723 4852/1756/4723
f 4850/1754/4724 4852/1756/4724 4851/1755/4724
f 4838/1757/4718 4846/1758/4718 4834/1759/4718
f 4852/1756/4720 4845/1752/4720 4848/1751/4720
f 4834/1760/4719 4850/1761/4719 4833/1762/4719
f 4837/1762/4717 4847/1763/4717 4838/1760/4717
f 4833/1764/4715 4851/1765/4715 4837/1758/4715
f 4844/1729/4715 4839/1766/4715 4835/1730/4715
f 4835/1732/4716 4839/1767/4716 4840/1733/4716
f 4839/1735/4717 4844/1768/4717 4842/1736/4717
f 4842/1738/4718 4841/1769/4718 4836/1739/4718
f 4843/1741/4719 4835/1770/4719 4836/1742/4719
f 4834/1744/4720 4841/1748/4720 4842/1745/4720
f 4833/1747/4720 4843/1733/4720 4841/1748/4720
f 4838/1746/4720 4842/1745/4720 4844/1734/4720
f 4837/1749/4720 4844/1734/4720 4843/1733/4720
f 4846/1750/4721 4847/1771/4721 4848/1751/4721
f 4846/1750/4722 4845/1752/4722 4849/1753/4722
f 4848/1751/4723 4847/1771/4723 4851/1755/4723
f 4850/1754/4724 4849/1753/4724 4852/1756/4724
f 4838/1757/4718 4847/1764/4718 4846/1758/4718
f 4852/1756/4720 4849/1753/4720 4845/1752/4720
f 4834/1760/4719 4846/1772/4719 4850/1761/4719
f 4837/1762/4717 4851/1773/4717 4847/1763/4717
f 4833/1764/4715 4850/1774/4715 4851/1765/4715
o Cube.033
v 1.393441 0.202104 -0.204493
v 1.393441 -0.202263 -0.204493
v 1.516920 0.262809 -0.265198
v 1.516920 -0.262968 -0.265198
v 1.393441 0.202104 0.199873
v 1.393441 -0.202263 0.199873
v 1.516919 0.262809 0.260578
v 1.516919 -0.262968 0.260578
v 1.393441 -0.262968 -0.265198
v 1.393441 -0.262968 0.260578
v 1.393441 0.262809 -0.265198
v 1.393441 0.262809 0.260578
v 1.355522 -0.185196 -0.187426
v 1.372589 -0.202263 -0.204493
v 1.372589 -0.202263 0.199873
v 1.355522 -0.185196 0.182806
v 1.355522 0.185037 -0.187426
v 1.372589 0.202104 -0.204493
v 1.372589 0.202104 0.199873
v 1.355522 0.185037 0.182806
vn -0.0000 1.0000 -0.0000
vn 1.0000 -0.0000 -0.0000
vn -0.0000 -0.0000 1.0000
vn -0.0000 -1.0000 -0.0000
vn -0.0000 -0.0000 -1.0000
vn -1.0000 -0.0000 -0.0000
vn -0.7071 -0.7071 -0.0000
vn -0.7071 -0.0000 -0.7071
vn -0.7071 -0.0000 0.7071
vn -0.7071 0.7071 -0.0000
vt 0.979331 0.708333
vt 0.969545 0.666667
vt 0.979331 0.666667
vt 0.458333 0.916667
vt 0.500000 0.875000
vt 0.500000 0.916667
vt 0.989116 0.833333
vt 0.998902 0.875000
vt 0.989116 0.875000
vt 0.979331 0.750000
vt 0.969545 0.708333
vt 0.989155 0.875000
vt 0.998940 0.916667
vt 0.989155 0.916667
vt 0.536856 0.879811
vt 0.541667 0.916667
vt 0.536856 0.911856
vt 0.504811 0.879811
vt 0.541667 0.875000
vt 0.504811 0.911856
vt 0.957326 0.250000
vt 0.955973 0.280693
vt 0.955973 0.251353
vt 0.926633 0.251353
vt 0.925281 0.250000
vt 0.925281 0.282045
vt 0.926633 0.280693
vt 0.457649 0.958333
vt 0.459302 0.990379
vt 0.457649 0.990379
vt 0.538623 0.990379
vt 0.536970 0.958333
vt 0.538623 0.958333
vt 0.540275 0.990379
vt 0.459302 0.958333
vt 0.460954 0.990379
vt 0.459302 0.990379
vt 0.458333 0.875000
vt 0.998902 0.833333
vt 0.969545 0.750000
vt 0.998940 0.875000
vt 0.957326 0.282045
vt 0.536970 0.990379
vt 0.540275 0.958333
vt 0.460954 0.958333
s 0
f 4864/1775/4725 4855/1776/4725 4863/1777/4725
f 4855/1778/4726 4860/1779/4726 4856/1780/4726
f 4859/1781/4727 4862/1782/4727 4860/1783/4727
f 4861/1784/4728 4860/1785/4728 4862/1775/4728
f 4863/1786/4729 4856/1787/4729 4861/1788/4729
f 4854/1789/4730 4862/1790/4730 4858/1791/4730
f 4853/1792/4730 4861/1793/4730 4854/1789/4730
f 4858/1791/4730 4864/1780/4730 4857/1794/4730
f 4857/1794/4730 4863/1779/4730 4853/1792/4730
f 4866/1795/4731 4868/1796/4731 4865/1797/4731
f 4866/1795/4732 4869/1798/4732 4870/1799/4732
f 4868/1796/4733 4871/1800/4733 4872/1801/4733
f 4870/1799/4734 4872/1801/4734 4871/1800/4734
f 4858/1802/4728 4866/1803/4728 4854/1804/4728
f 4872/1801/4730 4865/1797/4730 4868/1796/4730
f 4854/1805/4729 4870/1806/4729 4853/1807/4729
f 4857/1807/4727 4867/1808/4727 4858/1805/4727
f 4853/1809/4725 4871/1810/4725 4857/1811/4725
f 4864/1775/4725 4859/1785/4725 4855/1776/4725
f 4855/1778/4726 4859/1812/4726 4860/1779/4726
f 4859/1781/4727 4864/1813/4727 4862/1782/4727
f 4861/1784/4728 4856/1814/4728 4860/1785/4728
f 4863/1786/4729 4855/1815/4729 4856/1787/4729
f 4854/1789/4730 4861/1793/4730 4862/1790/4730
f 4853/1792/4730 4863/1779/4730 4861/1793/4730
f 4858/1791/4730 4862/1790/4730 4864/1780/4730
f 4857/1794/4730 4864/1780/4730 4863/1779/4730
f 4866/1795/4731 4867/1816/4731 4868/1796/4731
f 4866/1795/4732 4865/1797/4732 4869/1798/4732
f 4868/1796/4733 4867/1816/4733 4871/1800/4733
f 4870/1799/4734 4869/1798/4734 4872/1801/4734
f 4858/1802/4728 4867/1809/4728 4866/1803/4728
f 4872/1801/4730 4869/1798/4730 4865/1797/4730
f 4854/1805/4729 4866/1817/4729 4870/1806/4729
f 4857/1807/4727 4871/1818/4727 4867/1808/4727
f 4853/1809/4725 4870/1819/4725 4871/1810/4725
o Cube.034
v 1.393442 0.202104 -1.204493
v 1.393442 -0.202263 -1.204493
v 1.516920 0.262809 -1.265198
v 1.516920 -0.262968 -1.265198
v 1.393442 0.202104 -0.800126
v 1.393442 -0.202263 -0.800126
v 1.516920 0.262809 -0.739422
v 1.516920 -0.262968 -0.739422
v 1.393442 -0.262968 -1.265198
v 1.393442 -0.262968 -0.739422
v 1.393442 0.262809 -1.265198
v 1.393442 0.262809 -0.739422
v 1.355522 -0.185196 -1.187426
v 1.372589 -0.202263 -1.204493
v 1.372589 -0.202263 -0.800126
v 1.355522 -0.185196 -0.817193
v 1.355522 0.185037 -1.187426
v 1.372589 0.202104 -1.204493
v 1.372589 0.202104 -0.800126
v 1.355522 0.185037 -0.817193
vn -0.0000 1.0000 -0.0000
vn 1.0000 -0.0000 -0.0000
vn -0.0000 -0.0000 1.0000
vn -0.0000 -1.0000 -0.0000
vn -0.0000 -0.0000 -1.0000
vn -1.0000 -0.0000 -0.0000
vn -0.7071 -0.7071 -0.0000
vn -0.7071 -0.0000 -0.7071
vn -0.7071 -0.0000 0.7071
vn -0.7071 0.7071 -0.0000
vt 0.979331 0.791667
vt 0.969545 0.750000
vt 0.979331 0.750000
vt 0.541667 0.916667
vt 0.583333 0.875000
vt 0.583333 0.916667
vt 0.989168 0.375000
vt 0.998954 0.416667
vt 0.989168 0.416667
vt 0.979331 0.833333
vt 0.969545 0.791667
vt 0.989168 0.416667
vt 0.998954 0.458333
vt 0.989168 0.458333
vt 0.620189 0.879811
vt 0.625000 0.916667
vt 0.620189 0.911856
vt 0.588144 0.879811
vt 0.625000 0.875000
vt 0.588144 0.911856
vt 0.957326 0.282045
vt 0.955973 0.312738
vt 0.955973 0.283398
vt 0.926633 0.283398
vt 0.925281 0.282045
vt 0.925281 0.314090
vt 0.926633 0.312738
vt 0.460954 0.958333
vt 0.462607 0.990379
vt 0.460954 0.990379
vt 0.541928 0.990379
vt 0.540275 0.958333
vt 0.541928 0.958333
vt 0.541928 0.958333
vt 0.543580 0.990379
vt 0.541928 0.990379
vt 0.462607 0.958333
vt 0.464259 0.990379
vt 0.462607 0.990379
vt 0.541667 0.875000
vt 0.998954 0.375000
vt 0.969545 0.833333
vt 0.998954 0.416667
vt 0.957326 0.314090
vt 0.462607 0.958333
vt 0.540275 0.990379
vt 0.543580 0.958333
vt 0.464259 0.958333
s 0
f 4884/1820/4735 4875/1821/4735 4883/1822/4735
f 4875/1823/4736 4880/1824/4736 4876/1825/4736
f 4879/1826/4737 4882/1827/4737 4880/1828/4737
f 4881/1829/4738 4880/1830/4738 4882/1820/4738
f 4883/1831/4739 4876/1832/4739 4881/1833/4739
f 4874/1834/4740 4882/1835/4740 4878/1836/4740
f 4873/1837/4740 4881/1838/4740 4874/1834/4740
f 4878/1836/4740 4884/1825/4740 4877/1839/4740
f 4877/1839/4740 4883/1824/4740 4873/1837/4740
f 4886/1840/4741 4888/1841/4741 4885/1842/4741
f 4886/1840/4742 4889/1843/4742 4890/1844/4742
f 4888/1841/4743 4891/1845/4743 4892/1846/4743
f 4890/1844/4744 4892/1846/4744 4891/1845/4744
f 4878/1847/4738 4886/1848/4738 4874/1849/4738
f 4892/1846/4740 4885/1842/4740 4888/1841/4740
f 4874/1850/4739 4890/1851/4739 4873/1852/4739
f 4877/1853/4737 4887/1854/4737 4878/1855/4737
f 4873/1856/4735 4891/1857/4735 4877/1858/4735
f 4884/1820/4735 4879/1830/4735 4875/1821/4735
f 4875/1823/4736 4879/1859/4736 4880/1824/4736
f 4879/1826/4737 4884/1860/4737 4882/1827/4737
f 4881/1829/4738 4876/1861/4738 4880/1830/4738
f 4883/1831/4739 4875/1862/4739 4876/1832/4739
f 4874/1834/4740 4881/1838/4740 4882/1835/4740
f 4873/1837/4740 4883/1824/4740 4881/1838/4740
f 4878/1836/4740 4882/1835/4740 4884/1825/4740
f 4877/1839/4740 4884/1825/4740 4883/1824/4740
f 4886/1840/4741 4887/1863/4741 4888/1841/4741
f 4886/1840/4742 4885/1842/4742 4889/1843/4742
f 4888/1841/4743 4887/1863/4743 4891/1845/4743
f 4890/1844/4744 4889/1843/4744 4892/1846/4744
f 4878/1847/4738 4887/1864/4738 4886/1848/4738
f 4892/1846/4740 4889/1843/4740 4885/1842/4740
f 4874/1850/4739 4886/1865/4739 4890/1851/4739
f 4877/1853/4737 4891/1866/4737 4887/1854/4737
f 4873/1856/4735 4890/1867/4735 4891/1857/4735
o Cube.035
v 1.393441 0.202104 0.795507
v 1.393441 -0.202263 0.795507
v 1.516920 0.262809 0.734802
v 1.516920 -0.262968 0.734802
v 1.393441 0.202104 1.199873
v 1.393441 -0.202263 1.199873
v 1.516919 0.262809 1.260578
v 1.516919 -0.262968 1.260578
v 1.393441 -0.262968 0.734802
v 1.393441 -0.262968 1.260578
v 1.393441 0.262809 0.734802
v 1.393441 0.262809 1.260578
v 1.355522 -0.185196 0.812574
v 1.372589 -0.202263 0.795507
v 1.372589 -0.202263 1.199873
v 1.355522 -0.185196 1.182806
v 1.355522 0.185037 0.812574
v 1.372589 0.202104 0.795507
v 1.372589 0.202104 1.199873
v 1.355522 0.185037 1.182806
vn -0.0000 1.0000 -0.0000
vn 1.0000 -0.0000 -0.0000
vn -0.0000 -0.0000 1.0000
vn -0.0000 -1.0000 -0.0000
vn -0.0000 -0.0000 -1.0000
vn -1.0000 -0.0000 -0.0000
vn -0.7071 -0.7071 -0.0000
vn -0.7071 -0.0000 -0.7071
vn -0.7071 -0.0000 0.7071
vn -0.7071 0.7071 -0.0000
vt 0.979331 0.875000
vt 0.969545 0.833333
vt 0.979331 0.833333
vt 0.625000 0.916667
vt 0.666667 0.875000
vt 0.666667 0.916667
vt 0.989168 0.458333
vt 0.998954 0.500000
vt 0.989168 0.500000
vt 0.979369 0.916667
vt 0.969584 0.875000
vt 0.979369 0.875000
vt 0.000000 0.958333
vt 0.009785 1.000000
vt 0.000000 1.000000
vt 0.703523 0.911856
vt 0.708333 0.875000
vt 0.708333 0.916667
vt 0.671477 0.879811
vt 0.703523 0.879811
vt 0.671477 0.911856
vt 0.957326 0.346136
vt 0.955973 0.315443
vt 0.957326 0.314090
vt 0.926633 0.315443
vt 0.925281 0.314090
vt 0.955973 0.344783
vt 0.925281 0.346136
vt 0.926633 0.344783
vt 0.464259 0.958333
vt 0.465912 0.990379
vt 0.464259 0.990379
vt 0.545233 0.990379
vt 0.543580 0.958333
vt 0.545233 0.958333
vt 0.546885 0.990379
vt 0.465912 0.958333
vt 0.467564 0.990379
vt 0.969545 0.875000
vt 0.625000 0.875000
vt 0.998954 0.458333
vt 0.969584 0.916667
vt 0.009785 0.958333
vt 0.543580 0.990379
vt 0.546885 0.958333
vt 0.467564 0.958333
s 0
f 4904/1868/4745 4895/1869/4745 4903/1870/4745
f 4895/1871/4746 4900/1872/4746 4896/1873/4746
f 4899/1874/4747 4902/1875/4747 4900/1876/4747
f 4901/1877/4748 4900/1878/4748 4902/1879/4748
f 4903/1880/4749 4896/1881/4749 4901/1882/4749
f 4898/1883/4750 4901/1884/4750 4902/1885/4750
f 4893/1886/4750 4901/1884/4750 4894/1887/4750
f 4898/1883/4750 4904/1873/4750 4897/1888/4750
f 4897/1888/4750 4903/1872/4750 4893/1886/4750
f 4907/1889/4751 4905/1890/4751 4906/1891/4751
f 4906/1891/4752 4909/1892/4752 4910/1893/4752
f 4908/1894/4753 4911/1895/4753 4912/1896/4753
f 4911/1895/4754 4909/1892/4754 4912/1896/4754
f 4898/1897/4748 4906/1898/4748 4894/1899/4748
f 4912/1896/4750 4905/1890/4750 4908/1894/4750
f 4894/1900/4749 4910/1901/4749 4893/1902/4749
f 4897/1902/4747 4907/1903/4747 4898/1900/4747
f 4893/1904/4745 4911/1905/4745 4897/1898/4745
f 4904/1868/4745 4899/1906/4745 4895/1869/4745
f 4895/1871/4746 4899/1907/4746 4900/1872/4746
f 4899/1874/4747 4904/1908/4747 4902/1875/4747
f 4901/1877/4748 4896/1909/4748 4900/1878/4748
f 4903/1880/4749 4895/1910/4749 4896/1881/4749
f 4898/1883/4750 4894/1887/4750 4901/1884/4750
f 4893/1886/4750 4903/1872/4750 4901/1884/4750
f 4898/1883/4750 4902/1885/4750 4904/1873/4750
f 4897/1888/4750 4904/1873/4750 4903/1872/4750
f 4907/1889/4751 4908/1894/4751 4905/1890/4751
f 4906/1891/4752 4905/1890/4752 4909/1892/4752
f 4908/1894/4753 4907/1889/4753 4911/1895/4753
f 4911/1895/4754 4910/1893/4754 4909/1892/4754
f 4898/1897/4748 4907/1904/4748 4906/1898/4748
f 4912/1896/4750 4909/1892/4750 4905/1890/4750
f 4894/1900/4749 4906/1911/4749 4910/1901/4749
f 4897/1902/4747 4911/1912/4747 4907/1903/4747
f 4893/1904/4745 4910/1913/4745 4911/1905/4745
o Cube.036
v -1.380675 0.202104 0.199873
v -1.380675 -0.202263 0.199873
v -1.504154 0.262809 0.260578
v -1.504154 -0.262968 0.260578
v -1.380675 0.202104 -0.204493
v -1.380675 -0.202263 -0.204493
v -1.504154 0.262809 -0.265198
v -1.504154 -0.262968 -0.265198
v -1.380675 -0.262968 0.260578
v -1.380675 -0.262968 -0.265198
v -1.380675 0.262809 0.260578
v -1.380675 0.262809 -0.265198
v -1.342756 -0.185196 0.182806
v -1.359823 -0.202263 0.199873
v -1.359823 -0.202263 -0.204493
v -1.342756 -0.185196 -0.187426
v -1.342756 0.185037 0.182806
v -1.359823 0.202104 0.199873
v -1.359823 0.202104 -0.204493
v -1.342756 0.185037 -0.187426
vn -0.0000 1.0000 -0.0000
vn -1.0000 -0.0000 -0.0000
vn -0.0000 -0.0000 -1.0000
vn -0.0000 -1.0000 -0.0000
vn -0.0000 -0.0000 1.0000
vn 1.0000 -0.0000 -0.0000
vn 0.7071 -0.7071 -0.0000
vn 0.7071 -0.0000 0.7071
vn 0.7071 -0.0000 -0.7071
vn 0.7071 0.7071 -0.0000
vt 0.979383 0.416667
vt 0.969597 0.375000
vt 0.979383 0.375000
vt 0.708333 0.916667
vt 0.750000 0.875000
vt 0.750000 0.916667
vt 0.009785 0.958333
vt 0.019571 1.000000
vt 0.009785 1.000000
vt 0.979383 0.458333
vt 0.969597 0.416667
vt 0.019571 0.958333
vt 0.029356 1.000000
vt 0.786856 0.879811
vt 0.791667 0.916667
vt 0.786856 0.911856
vt 0.754811 0.879811
vt 0.791667 0.875000
vt 0.754811 0.911856
vt 0.957326 0.378181
vt 0.955973 0.347488
vt 0.957326 0.346136
vt 0.926633 0.347488
vt 0.925281 0.346136
vt 0.955973 0.376828
vt 0.925281 0.378181
vt 0.926633 0.376828
vt 0.467564 0.958333
vt 0.469217 0.990379
vt 0.467564 0.990379
vt 0.548538 0.990379
vt 0.546885 0.958333
vt 0.548538 0.958333
vt 0.550190 0.990379
vt 0.469217 0.958333
vt 0.470869 0.990379
vt 0.469217 0.990379
vt 0.708333 0.875000
vt 0.969597 0.458333
vt 0.029356 0.958333
vt 0.546885 0.990379
vt 0.550190 0.958333
vt 0.470869 0.958333
s 0
f 4924/1914/4755 4915/1915/4755 4923/1916/4755
f 4915/1917/4756 4920/1918/4756 4916/1919/4756
f 4919/1920/4757 4922/1921/4757 4920/1922/4757
f 4921/1923/4758 4920/1924/4758 4922/1914/4758
f 4923/1925/4759 4916/1926/4759 4921/1921/4759
f 4914/1927/4760 4922/1928/4760 4918/1929/4760
f 4913/1930/4760 4921/1931/4760 4914/1927/4760
f 4918/1929/4760 4924/1919/4760 4917/1932/4760
f 4917/1932/4760 4923/1918/4760 4913/1930/4760
f 4927/1933/4761 4925/1934/4761 4926/1935/4761
f 4926/1935/4762 4929/1936/4762 4930/1937/4762
f 4928/1938/4763 4931/1939/4763 4932/1940/4763
f 4931/1939/4764 4929/1936/4764 4932/1940/4764
f 4918/1941/4758 4926/1942/4758 4914/1943/4758
f 4932/1940/4760 4925/1934/4760 4928/1938/4760
f 4914/1944/4759 4930/1945/4759 4913/1946/4759
f 4917/1946/4757 4927/1947/4757 4918/1944/4757
f 4913/1948/4755 4931/1949/4755 4917/1950/4755
f 4924/1914/4755 4919/1924/4755 4915/1915/4755
f 4915/1917/4756 4919/1951/4756 4920/1918/4756
f 4919/1920/4757 4924/1925/4757 4922/1921/4757
f 4921/1923/4758 4916/1952/4758 4920/1924/4758
f 4923/1925/4759 4915/1953/4759 4916/1926/4759
f 4914/1927/4760 4921/1931/4760 4922/1928/4760
f 4913/1930/4760 4923/1918/4760 4921/1931/4760
f 4918/1929/4760 4922/1928/4760 4924/1919/4760
f 4917/1932/4760 4924/1919/4760 4923/1918/4760
f 4927/1933/4761 4928/1938/4761 4925/1934/4761
f 4926/1935/4762 4925/1934/4762 4929/1936/4762
f 4928/1938/4763 4927/1933/4763 4931/1939/4763
f 4931/1939/4764 4930/1937/4764 4929/1936/4764
f 4918/1941/4758 4927/1948/4758 4926/1942/4758
f 4932/1940/4760 4929/1936/4760 4925/1934/4760
f 4914/1944/4759 4926/1954/4759 4930/1945/4759
f 4917/1946/4757 4931/1955/4757 4927/1947/4757
f 4913/1948/4755 4930/1956/4755 4931/1949/4755
o Cube.037
v -1.380676 0.202104 1.199873
v -1.380676 -0.202263 1.199873
v -1.504154 0.262809 1.260578
v -1.504154 -0.262968 1.260578
v -1.380676 0.202104 0.795507
v -1.380676 -0.202263 0.795507
v -1.504154 0.262809 0.734802
v -1.504154 -0.262968 0.734802
v -1.380676 -0.262968 1.260578
v -1.380676 -0.262968 0.734802
v -1.380676 0.262809 1.260578
v -1.380676 0.262809 0.734802
v -1.342756 -0.185196 1.182806
v -1.359823 -0.202263 1.199873
v -1.359823 -0.202263 0.795507
v -1.342756 -0.185196 0.812574
v -1.342756 0.185037 1.182806
v -1.359823 0.202104 1.199873
v -1.359823 0.202104 0.795507
v -1.342756 0.185037 0.812574
vn -0.0000 1.0000 -0.0000
vn -1.0000 -0.0000 -0.0000
vn -0.0000 -0.0000 -1.0000
vn -0.0000 -1.0000 -0.0000
vn -0.0000 -0.0000 1.0000
vn 1.0000 -0.0000 -0.0000
vn 0.7071 -0.7071 -0.0000
vn 0.7071 -0.0000 0.7071
vn 0.7071 -0.0000 -0.7071
vn 0.7071 0.7071 -0.0000
vt 0.979383 0.500000
vt 0.969597 0.458333
vt 0.979383 0.458333
vt 0.791667 0.916667
vt 0.833333 0.875000
vt 0.833333 0.916667
vt 0.029356 0.958333
vt 0.039142 1.000000
vt 0.029356 1.000000
vt 0.984659 0.233882
vt 0.974874 0.192216
vt 0.984659 0.192216
vt 0.039142 0.958333
vt 0.048927 1.000000
vt 0.870189 0.879811
vt 0.875000 0.916667
vt 0.870189 0.911856
vt 0.838144 0.879811
vt 0.875000 0.875000
vt 0.838144 0.911856
vt 0.957326 0.378181
vt 0.955973 0.408874
vt 0.955973 0.379533
vt 0.926633 0.379533
vt 0.925281 0.378181
vt 0.925281 0.410226
vt 0.926633 0.408874
vt 0.470869 0.958333
vt 0.472522 0.990379
vt 0.470869 0.990379
vt 0.551843 0.990379
vt 0.550190 0.958333
vt 0.551843 0.958333
vt 0.551843 0.958333
vt 0.553495 0.990379
vt 0.551843 0.990379
vt 0.472522 0.958333
vt 0.474174 0.990379
vt 0.472522 0.990379
vt 0.969597 0.500000
vt 0.791667 0.875000
vt 0.974874 0.233882
vt 0.048927 0.958333
vt 0.957326 0.410226
vt 0.472522 0.958333
vt 0.550190 0.990379
vt 0.553495 0.958333
vt 0.474174 0.958333
s 0
f 4944/1957/4765 4935/1958/4765 4943/1959/4765
f 4935/1960/4766 4940/1961/4766 4936/1962/4766
f 4939/1963/4767 4942/1964/4767 4940/1965/4767
f 4941/1966/4768 4940/1967/4768 4942/1968/4768
f 4943/1969/4769 4936/1970/4769 4941/1964/4769
f 4934/1971/4770 4942/1972/4770 4938/1973/4770
f 4933/1974/4770 4941/1975/4770 4934/1971/4770
f 4938/1973/4770 4944/1962/4770 4937/1976/4770
f 4933/1974/4770 4944/1962/4770 4943/1961/4770
f 4946/1977/4771 4948/1978/4771 4945/1979/4771
f 4946/1977/4772 4949/1980/4772 4950/1981/4772
f 4948/1978/4773 4951/1982/4773 4952/1983/4773
f 4950/1981/4774 4952/1983/4774 4951/1982/4774
f 4938/1984/4768 4946/1985/4768 4934/1986/4768
f 4952/1983/4770 4945/1979/4770 4948/1978/4770
f 4934/1987/4769 4950/1988/4769 4933/1989/4769
f 4937/1990/4767 4947/1991/4767 4938/1992/4767
f 4933/1993/4765 4951/1994/4765 4937/1995/4765
f 4944/1957/4765 4939/1996/4765 4935/1958/4765
f 4935/1960/4766 4939/1997/4766 4940/1961/4766
f 4939/1963/4767 4944/1969/4767 4942/1964/4767
f 4941/1966/4768 4936/1998/4768 4940/1967/4768
f 4943/1969/4769 4935/1999/4769 4936/1970/4769
f 4934/1971/4770 4941/1975/4770 4942/1972/4770
f 4933/1974/4770 4943/1961/4770 4941/1975/4770
f 4938/1973/4770 4942/1972/4770 4944/1962/4770
f 4933/1974/4770 4937/1976/4770 4944/1962/4770
f 4946/1977/4771 4947/2000/4771 4948/1978/4771
f 4946/1977/4772 4945/1979/4772 4949/1980/4772
f 4948/1978/4773 4947/2000/4773 4951/1982/4773
f 4950/1981/4774 4949/1980/4774 4952/1983/4774
f 4938/1984/4768 4947/2001/4768 4946/1985/4768
f 4952/1983/4770 4949/1980/4770 4945/1979/4770
f 4934/1987/4769 4946/2002/4769 4950/1988/4769
f 4937/1990/4767 4951/2003/4767 4947/1991/4767
f 4933/1993/4765 4950/2004/4765 4951/1994/4765
o Cube.038
v -1.380675 0.202104 -0.800127
v -1.380675 -0.202263 -0.800127
v -1.504154 0.262809 -0.739422
v -1.504154 -0.262968 -0.739422
v -1.380675 0.202104 -1.204494
v -1.380675 -0.202263 -1.204494
v -1.504154 0.262809 -1.265198
v -1.504154 -0.262968 -1.265198
v -1.380675 -0.262968 -0.739422
v -1.380675 -0.262968 -1.265198
v -1.380675 0.262809 -0.739422
v -1.380675 0.262809 -1.265198
v -1.342756 -0.185196 -0.817194
v -1.359823 -0.202263 -0.800127
v -1.359823 -0.202263 -1.204494
v -1.342756 -0.185196 -1.187427
v -1.342756 0.185037 -0.817194
v -1.359823 0.202104 -0.800127
v -1.359823 0.202104 -1.204494
v -1.342756 0.185037 -1.187427
vn -0.0000 1.0000 -0.0000
vn -1.0000 -0.0000 -0.0000
vn -0.0000 -0.0000 -1.0000
vn -0.0000 -1.0000 -0.0000
vn -0.0000 -0.0000 1.0000
vn 1.0000 -0.0000 -0.0000
vn 0.7071 -0.7071 -0.0000
vn 0.7071 -0.0000 0.7071
vn 0.7071 -0.0000 -0.7071
vn 0.7071 0.7071 -0.0000
vt 0.984898 0.166667
vt 0.975112 0.125000
vt 0.984898 0.125000
vt 0.875000 0.916667
vt 0.916667 0.875000
vt 0.916667 0.916667
vt 0.048927 0.958333
vt 0.058712 1.000000
vt 0.048927 1.000000
vt 0.985002 0.541667
vt 0.975216 0.500000
vt 0.985002 0.500000
vt 0.058712 0.958333
vt 0.068498 1.000000
vt 0.936856 0.176309
vt 0.941667 0.213165
vt 0.936856 0.208354
vt 0.904811 0.176309
vt 0.941667 0.171498
vt 0.900000 0.213165
vt 0.904811 0.208354
vt 0.900000 0.171498
vt 0.957326 0.442271
vt 0.955973 0.411579
vt 0.957326 0.410226
vt 0.926633 0.411579
vt 0.925281 0.410226
vt 0.955973 0.440919
vt 0.925281 0.442271
vt 0.926633 0.440919
vt 0.474174 0.958333
vt 0.475827 0.990379
vt 0.474174 0.990379
vt 0.555148 0.990379
vt 0.553495 0.958333
vt 0.555148 0.958333
vt 0.556800 0.990379
vt 0.475827 0.958333
vt 0.477479 0.990379
vt 0.975112 0.166667
vt 0.875000 0.875000
vt 0.975216 0.541667
vt 0.068498 0.958333
vt 0.553495 0.990379
vt 0.556800 0.958333
vt 0.477479 0.958333
s 0
f 4964/2005/4775 4955/2006/4775 4963/2007/4775
f 4955/2008/4776 4960/2009/4776 4956/2010/4776
f 4959/2011/4777 4962/2012/4777 4960/2013/4777
f 4961/2014/4778 4960/2015/4778 4962/2016/4778
f 4963/2017/4779 4956/2018/4779 4961/2012/4779
f 4954/2019/4780 4962/2020/4780 4958/2021/4780
f 4953/2022/4780 4961/2023/4780 4954/2019/4780
f 4958/2021/4780 4964/2024/4780 4957/2025/4780
f 4957/2025/4780 4963/2026/4780 4953/2022/4780
f 4967/2027/4781 4965/2028/4781 4966/2029/4781
f 4966/2029/4782 4969/2030/4782 4970/2031/4782
f 4968/2032/4783 4971/2033/4783 4972/2034/4783
f 4970/2031/4784 4972/2034/4784 4971/2033/4784
f 4958/2035/4778 4966/2036/4778 4954/2037/4778
f 4972/2034/4780 4965/2028/4780 4968/2032/4780
f 4954/2038/4779 4970/2039/4779 4953/2040/4779
f 4957/2040/4777 4967/2041/4777 4958/2038/4777
f 4953/2042/4775 4971/2043/4775 4957/2036/4775
f 4964/2005/4775 4959/2044/4775 4955/2006/4775
f 4955/2008/4776 4959/2045/4776 4960/2009/4776
f 4959/2011/4777 4964/2017/4777 4962/2012/4777
f 4961/2014/4778 4956/2046/4778 4960/2015/4778
f 4963/2017/4779 4955/2047/4779 4956/2018/4779
f 4954/2019/4780 4961/2023/4780 4962/2020/4780
f 4953/2022/4780 4963/2026/4780 4961/2023/4780
f 4958/2021/4780 4962/2020/4780 4964/2024/4780
f 4957/2025/4780 4964/2024/4780 4963/2026/4780
f 4967/2027/4781 4968/2032/4781 4965/2028/4781
f 4966/2029/4782 4965/2028/4782 4969/2030/4782
f 4968/2032/4783 4967/2027/4783 4971/2033/4783
f 4970/2031/4784 4969/2030/4784 4972/2034/4784
f 4958/2035/4778 4967/2042/4778 4966/2036/4778
f 4972/2034/4780 4969/2030/4780 4965/2028/4780
f 4954/2038/4779 4966/2048/4779 4970/2039/4779
f 4957/2040/4777 4971/2049/4777 4967/2041/4777
f 4953/2042/4775 4970/2050/4775 4971/2043/4775
o Cube.039
v 0.199455 2.202104 1.388865
v 0.199455 1.797737 1.388865
v 0.260160 2.262809 1.512344
v 0.260160 1.737032 1.512344
v -0.204912 2.202104 1.388865
v -0.204912 1.797737 1.388865
v -0.265617 2.262809 1.512344
v -0.265617 1.737032 1.512344
v 0.260160 1.737032 1.388865
v -0.265617 1.737032 1.388865
v 0.260160 2.262809 1.388865
v -0.265617 2.262809 1.388865
v 0.182388 1.814804 1.350946
v 0.199455 1.797737 1.368013
v -0.204912 1.797737 1.368013
v -0.187845 1.814804 1.350946
v 0.182388 2.185037 1.350946
v 0.199455 2.202104 1.368013
v -0.204912 2.202104 1.368013
v -0.187845 2.185037 1.350946
vn -0.0000 1.0000 -0.0000
vn -0.0000 -0.0000 1.0000
vn -1.0000 -0.0000 -0.0000
vn -0.0000 -1.0000 -0.0000
vn 1.0000 -0.0000 -0.0000
vn -0.0000 -0.0000 -1.0000
vn -0.0000 -0.7071 -0.7071
vn 0.7071 -0.0000 -0.7071
vn -0.7071 -0.0000 -0.7071
vn -0.0000 0.7071 -0.7071
vt 0.985002 0.583333
vt 0.975216 0.541667
vt 0.985002 0.541667
vt -0.000000 0.958333
vt 0.041667 0.916667
vt 0.041667 0.958333
vt 0.068498 0.958333
vt 0.078283 1.000000
vt 0.068498 1.000000
vt 0.985002 0.625000
vt 0.975216 0.583333
vt 0.078283 0.958333
vt 0.088069 1.000000
vt 0.078523 0.921477
vt 0.083333 0.958333
vt 0.078523 0.953523
vt 0.046477 0.921477
vt 0.083333 0.916667
vt 0.041667 0.958333
vt 0.046477 0.953523
vt 0.041667 0.916667
vt 0.964639 0.032045
vt 0.963287 0.001353
vt 0.964640 0.000000
vt 0.933947 0.001353
vt 0.932594 -0.000000
vt 0.963287 0.030693
vt 0.932594 0.032045
vt 0.933947 0.030693
vt 0.477479 0.958333
vt 0.479132 0.990379
vt 0.477479 0.990379
vt 0.558453 0.990379
vt 0.556800 0.958333
vt 0.558453 0.958333
vt 0.560105 0.990379
vt 0.479132 0.958333
vt 0.480784 0.990379
vt 0.479132 0.990379
vt 0.000000 0.916667
vt 0.975216 0.625000
vt 0.088069 0.958333
vt 0.556800 0.990379
vt 0.560105 0.958333
vt 0.480784 0.958333
s 0
f 4984/2051/4785 4975/2052/4785 4983/2053/4785
f 4975/2054/4786 4980/2055/4786 4976/2056/4786
f 4979/2057/4787 4982/2058/4787 4980/2059/4787
f 4981/2060/4788 4980/2061/4788 4982/2051/4788
f 4983/2062/4789 4976/2063/4789 4981/2058/4789
f 4974/2064/4790 4982/2065/4790 4978/2066/4790
f 4973/2067/4790 4981/2068/4790 4974/2064/4790
f 4978/2066/4790 4984/2069/4790 4977/2070/4790
f 4977/2070/4790 4983/2071/4790 4973/2067/4790
f 4987/2072/4791 4985/2073/4791 4986/2074/4791
f 4986/2074/4792 4989/2075/4792 4990/2076/4792
f 4988/2077/4793 4991/2078/4793 4992/2079/4793
f 4990/2076/4794 4992/2079/4794 4991/2078/4794
f 4978/2080/4788 4986/2081/4788 4974/2082/4788
f 4992/2079/4790 4985/2073/4790 4988/2077/4790
f 4974/2083/4789 4990/2084/4789 4973/2085/4789
f 4977/2085/4787 4987/2086/4787 4978/2083/4787
f 4973/2087/4785 4991/2088/4785 4977/2089/4785
f 4984/2051/4785 4979/2061/4785 4975/2052/4785
f 4975/2054/4786 4979/2090/4786 4980/2055/4786
f 4979/2057/4787 4984/2062/4787 4982/2058/4787
f 4981/2060/4788 4976/2091/4788 4980/2061/4788
f 4983/2062/4789 4975/2092/4789 4976/2063/4789
f 4974/2064/4790 4981/2068/4790 4982/2065/4790
f 4973/2067/4790 4983/2071/4790 4981/2068/4790
f 4978/2066/4790 4982/2065/4790 4984/2069/4790
f 4977/2070/4790 4984/2069/4790 4983/2071/4790
f 4987/2072/4791 4988/2077/4791 4985/2073/4791
f 4986/2074/4792 4985/2073/4792 4989/2075/4792
f 4988/2077/4793 4987/2072/4793 4991/2078/4793
f 4990/2076/4794 4989/2075/4794 4992/2079/4794
f 4978/2080/4788 4987/2087/4788 4986/2081/4788
f 4992/2079/4790 4989/2075/4790 4985/2073/4790
f 4974/2083/4789 4986/2093/4789 4990/2084/4789
f 4977/2085/4787 4991/2094/4787 4987/2086/4787
f 4973/2087/4785 4990/2095/4785 4991/2088/4785
o Cube.040
v 1.199455 2.202104 1.388865
v 1.199455 1.797737 1.388865
v 1.260160 2.262809 1.512344
v 1.260160 1.737032 1.512344
v 0.795088 2.202104 1.388865
v 0.795088 1.797737 1.388865
v 0.734383 2.262809 1.512344
v 0.734383 1.737032 1.512344
v 1.260160 1.737032 1.388865
v 0.734383 1.737032 1.388865
v 1.260160 2.262809 1.388865
v 0.734383 2.262809 1.388865
v 1.182388 1.814804 1.350946
v 1.199455 1.797737 1.368013
v 0.795088 1.797737 1.368013
v 0.812155 1.814804 1.350946
v 1.182388 2.185037 1.350946
v 1.199455 2.202104 1.368013
v 0.795088 2.202104 1.368013
v 0.812155 2.185037 1.350946
vn -0.0000 1.0000 -0.0000
vn -0.0000 -0.0000 1.0000
vn -1.0000 -0.0000 -0.0000
vn -0.0000 -1.0000 -0.0000
vn 1.0000 -0.0000 -0.0000
vn -0.0000 -0.0000 -1.0000
vn -0.0000 -0.7071 -0.7071
vn 0.7071 -0.0000 -0.7071
vn -0.7071 -0.0000 -0.7071
vn -0.0000 0.7071 -0.7071
vt 0.985230 0.291667
vt 0.975445 0.250000
vt 0.985230 0.250000
vt 0.083333 0.958333
vt 0.125000 0.916667
vt 0.125000 0.958333
vt 0.088069 0.958333
vt 0.097854 1.000000
vt 0.088069 1.000000
vt 0.985230 0.333333
vt 0.975445 0.291667
vt 0.097854 0.958333
vt 0.107640 1.000000
vt 0.161856 0.921477
vt 0.166667 0.958333
vt 0.161856 0.953523
vt 0.129811 0.921477
vt 0.166667 0.916667
vt 0.125000 0.958333
vt 0.129811 0.953523
vt 0.125000 0.916667
vt 0.964639 0.032045
vt 0.963287 0.062738
vt 0.963287 0.033398
vt 0.933947 0.033398
vt 0.932594 0.032045
vt 0.932594 0.064090
vt 0.933947 0.062738
vt 0.480784 0.958333
vt 0.482437 0.990379
vt 0.480784 0.990379
vt 0.561758 0.990379
vt 0.560105 0.958333
vt 0.561758 0.958333
vt 0.561758 0.958333
vt 0.563410 0.990379
vt 0.561758 0.990379
vt 0.482437 0.958333
vt 0.484089 0.990379
vt 0.482437 0.990379
vt 0.083333 0.916667
vt 0.975445 0.333333
vt 0.107640 0.958333
vt 0.964639 0.064090
vt 0.482437 0.958333
vt 0.560105 0.990379
vt 0.563410 0.958333
vt 0.484089 0.958333
s 0
f 5004/2096/4795 4995/2097/4795 5003/2098/4795
f 4995/2099/4796 5000/2100/4796 4996/2101/4796
f 4999/2102/4797 5002/2103/4797 5000/2104/4797
f 5001/2105/4798 5000/2106/4798 5002/2096/4798
f 5003/2107/4799 4996/2108/4799 5001/2103/4799
f 4994/2109/4800 5002/2110/4800 4998/2111/4800
f 4993/2112/4800 5001/2113/4800 4994/2109/4800
f 4998/2111/4800 5004/2114/4800 4997/2115/4800
f 4997/2115/4800 5003/2116/4800 4993/2112/4800
f 5006/2117/4801 5008/2118/4801 5005/2119/4801
f 5006/2117/4802 5009/2120/4802 5010/2121/4802
f 5008/2118/4803 5011/2122/4803 5012/2123/4803
f 5010/2121/4804 5012/2123/4804 5011/2122/4804
f 4998/2124/4798 5006/2125/4798 4994/2126/4798
f 5012/2123/4800 5005/2119/4800 5008/2118/4800
f 4994/2127/4799 5010/2128/4799 4993/2129/4799
f 4997/2130/4797 5007/2131/4797 4998/2132/4797
f 4993/2133/4795 5011/2134/4795 4997/2135/4795
f 5004/2096/4795 4999/2106/4795 4995/2097/4795
f 4995/2099/4796 4999/2136/4796 5000/2100/4796
f 4999/2102/4797 5004/2107/4797 5002/2103/4797
f 5001/2105/4798 4996/2137/4798 5000/2106/4798
f 5003/2107/4799 4995/2138/4799 4996/2108/4799
f 4994/2109/4800 5001/2113/4800 5002/2110/4800
f 4993/2112/4800 5003/2116/4800 5001/2113/4800
f 4998/2111/4800 5002/2110/4800 5004/2114/4800
f 4997/2115/4800 5004/2114/4800 5003/2116/4800
f 5006/2117/4801 5007/2139/4801 5008/2118/4801
f 5006/2117/4802 5005/2119/4802 5009/2120/4802
f 5008/2118/4803 5007/2139/4803 5011/2122/4803
f 5010/2121/4804 5009/2120/4804 5012/2123/4804
f 4998/2124/4798 5007/2140/4798 5006/2125/4798
f 5012/2123/4800 5009/2120/4800 5005/2119/4800
f 4994/2127/4799 5006/2141/4799 5010/2128/4799
f 4997/2130/4797 5011/2142/4797 5007/2131/4797
f 4993/2133/4795 5010/2143/4795 5011/2134/4795
o Cube.041
v -0.800545 2.202104 1.388865
v -0.800545 1.797737 1.388865
v -0.739840 2.262809 1.512344
v -0.739840 1.737032 1.512344
v -1.204912 2.202104 1.388865
v -1.204912 1.797737 1.388865
v -1.265617 2.262809 1.512344
v -1.265617 1.737032 1.512344
v -0.739840 1.737032 1.388865
v -1.265617 1.737032 1.388865
v -0.739840 2.262809 1.388865
v -1.265617 2.262809 1.388865
v -0.817612 1.814804 1.350946
v -0.800545 1.797737 1.368013
v -1.204912 1.797737 1.368013
v -1.187845 1.814804 1.350946
v -0.817612 2.185037 1.350946
v -0.800545 2.202104 1.368013
v -1.204912 2.202104 1.368013
v -1.187845 2.185037 1.350946
vn -0.0000 1.0000 -0.0000
vn -0.0000 -0.0000 1.0000
vn -1.0000 -0.0000 -0.0000
vn -0.0000 -1.0000 -0.0000
vn 1.0000 -0.0000 -0.0000
vn -0.0000 -0.0000 -1.0000
vn -0.0000 -0.7071 -0.7071
vn 0.7071 -0.0000 -0.7071
vn -0.7071 -0.0000 -0.7071
vn -0.0000 0.7071 -0.7071
vt 0.985230 0.375000
vt 0.975445 0.333333
vt 0.985230 0.333333
vt 0.166667 0.958333
vt 0.208333 0.916667
vt 0.208333 0.958333
vt 0.107640 0.958333
vt 0.117425 1.000000
vt 0.107640 1.000000
vt 0.988377 0.041667
vt 0.978592 -0.000000
vt 0.988377 0.000000
vt 0.117425 0.958333
vt 0.127210 1.000000
vt 0.245189 0.921477
vt 0.250000 0.958333
vt 0.245189 0.953523
vt 0.213144 0.921477
vt 0.250000 0.916667
vt 0.213144 0.953523
vt 0.964639 0.096136
vt 0.963287 0.065443
vt 0.964639 0.064090
vt 0.932594 0.064090
vt 0.933947 0.065443
vt 0.963287 0.094783
vt 0.932594 0.096136
vt 0.933947 0.094783
vt 0.484089 0.958333
vt 0.485742 0.990379
vt 0.484089 0.990379
vt 0.565063 0.990379
vt 0.563410 0.958333
vt 0.565063 0.958333
vt 0.566715 0.990379
vt 0.485742 0.958333
vt 0.487394 0.990379
vt 0.975445 0.375000
vt 0.166667 0.916667
vt 0.978592 0.041667
vt 0.127210 0.958333
vt 0.563410 0.990379
vt 0.566715 0.958333
vt 0.487394 0.958333
s 0
f 5024/2144/4805 5015/2145/4805 5023/2146/4805
f 5015/2147/4806 5020/2148/4806 5016/2149/4806
f 5019/2150/4807 5022/2151/4807 5020/2152/4807
f 5021/2153/4808 5020/2154/4808 5022/2155/4808
f 5023/2156/4809 5016/2157/4809 5021/2151/4809
f 5014/2158/4810 5022/2159/4810 5018/2160/4810
f 5013/2161/4810 5021/2162/4810 5014/2158/4810
f 5018/2160/4810 5024/2149/4810 5017/2163/4810
f 5017/2163/4810 5023/2148/4810 5013/2161/4810
f 5027/2164/4811 5025/2165/4811 5026/2166/4811
f 5030/2167/4812 5025/2165/4812 5029/2168/4812
f 5028/2169/4813 5031/2170/4813 5032/2171/4813
f 5031/2170/4814 5029/2168/4814 5032/2171/4814
f 5018/2172/4808 5026/2173/4808 5014/2174/4808
f 5032/2171/4810 5025/2165/4810 5028/2169/4810
f 5014/2175/4809 5030/2176/4809 5013/2177/4809
f 5017/2177/4807 5027/2178/4807 5018/2175/4807
f 5013/2179/4805 5031/2180/4805 5017/2173/4805
f 5024/2144/4805 5019/2181/4805 5015/2145/4805
f 5015/2147/4806 5019/2182/4806 5020/2148/4806
f 5019/2150/4807 5024/2156/4807 5022/2151/4807
f 5021/2153/4808 5016/2183/4808 5020/2154/4808
f 5023/2156/4809 5015/2184/4809 5016/2157/4809
f 5014/2158/4810 5021/2162/4810 5022/2159/4810
f 5013/2161/4810 5023/2148/4810 5021/2162/4810
f 5018/2160/4810 5022/2159/4810 5024/2149/4810
f 5017/2163/4810 5024/2149/4810 5023/2148/4810
f 5027/2164/4811 5028/2169/4811 5025/2165/4811
f 5030/2167/4812 5026/2166/4812 5025/2165/4812
f 5028/2169/4813 5027/2164/4813 5031/2170/4813
f 5031/2170/4814 5030/2167/4814 5029/2168/4814
f 5018/2172/4808 5027/2179/4808 5026/2173/4808
f 5032/2171/4810 5029/2168/4810 5025/2165/4810
f 5014/2175/4809 5026/2185/4809 5030/2176/4809
f 5017/2177/4807 5031/2186/4807 5027/2178/4807
f 5013/2179/4805 5030/2187/4805 5031/2180/4805
o Cube.042
v -0.204912 2.202104 -1.385251
v -0.204912 1.797737 -1.385251
v -0.265616 2.262809 -1.508730
v -0.265616 1.737032 -1.508730
v 0.199455 2.202104 -1.385251
v 0.199455 1.797737 -1.385251
v 0.260160 2.262809 -1.508730
v 0.260160 1.737032 -1.508730
v -0.265617 1.737032 -1.385251
v 0.260160 1.737032 -1.385251
v -0.265617 2.262809 -1.385251
v 0.260160 2.262809 -1.385251
v -0.187845 1.814804 -1.347332
v -0.204912 1.797737 -1.364399
v 0.199455 1.797737 -1.364399
v 0.182388 1.814804 -1.347332
v -0.187845 2.185037 -1.347332
v -0.204912 2.202104 -1.364399
v 0.199455 2.202104 -1.364399
v 0.182388 2.185037 -1.347332
vn -0.0000 1.0000 -0.0000
vn -0.0000 -0.0000 -1.0000
vn 1.0000 -0.0000 -0.0000
vn -0.0000 -1.0000 -0.0000
vn -1.0000 -0.0000 -0.0000
vn -0.0000 -0.0000 1.0000
vn -0.0000 -0.7071 0.7071
vn -0.7071 -0.0000 0.7071
vn 0.7071 -0.0000 0.7071
vn -0.0000 0.7071 0.7071
vt 0.988377 0.041667
vt 0.978592 0.083333
vt 0.978592 0.041667
vt 0.250000 0.958333
vt 0.291667 0.916667
vt 0.291667 0.958333
vt 0.127210 0.958333
vt 0.136996 1.000000
vt 0.127210 1.000000
vt 0.988377 0.125000
vt 0.978592 0.083333
vt 0.988377 0.083333
vt 0.136996 0.958333
vt 0.146781 1.000000
vt 0.328523 0.921477
vt 0.333333 0.958333
vt 0.328523 0.953523
vt 0.296477 0.921477
vt 0.333333 0.916667
vt 0.296477 0.953523
vt 0.964639 0.096136
vt 0.963287 0.126828
vt 0.963287 0.097488
vt 0.933947 0.097488
vt 0.932594 0.096136
vt 0.932594 0.128181
vt 0.933947 0.126828
vt 0.487395 0.958333
vt 0.489047 0.990379
vt 0.487395 0.990379
vt 0.568368 0.990379
vt 0.566715 0.958333
vt 0.568368 0.958333
vt 0.570020 0.990379
vt 0.489047 0.958333
vt 0.490700 0.990379
vt 0.489047 0.990379
vt 0.988377 0.083333
vt 0.250000 0.916667
vt 0.978592 0.125000
vt 0.146781 0.958333
vt 0.964639 0.128181
vt 0.566715 0.990379
vt 0.570020 0.958333
vt 0.490700 0.958333
s 0
f 5043/2188/4815 5039/2189/4815 5035/2190/4815
f 5035/2191/4816 5040/2192/4816 5036/2193/4816
f 5039/2194/4817 5042/2195/4817 5040/2196/4817
f 5041/2197/4818 5040/2198/4818 5042/2199/4818
f 5043/2200/4819 5036/2201/4819 5041/2195/4819
f 5034/2202/4820 5042/2203/4820 5038/2204/4820
f 5033/2205/4820 5041/2206/4820 5034/2202/4820
f 5038/2204/4820 5044/2193/4820 5037/2207/4820
f 5037/2207/4820 5043/2192/4820 5033/2205/4820
f 5046/2208/4821 5048/2209/4821 5045/2210/4821
f 5046/2208/4822 5049/2211/4822 5050/2212/4822
f 5048/2209/4823 5051/2213/4823 5052/2214/4823
f 5050/2212/4824 5052/2214/4824 5051/2213/4824
f 5038/2215/4818 5046/2216/4818 5034/2217/4818
f 5052/2214/4820 5045/2210/4820 5048/2209/4820
f 5034/2218/4819 5050/2219/4819 5033/2220/4819
f 5037/2220/4817 5047/2221/4817 5038/2218/4817
f 5033/2222/4815 5051/2223/4815 5037/2224/4815
f 5043/2188/4815 5044/2225/4815 5039/2189/4815
f 5035/2191/4816 5039/2226/4816 5040/2192/4816
f 5039/2194/4817 5044/2200/4817 5042/2195/4817
f 5041/2197/4818 5036/2227/4818 5040/2198/4818
f 5043/2200/4819 5035/2228/4819 5036/2201/4819
f 5034/2202/4820 5041/2206/4820 5042/2203/4820
f 5033/2205/4820 5043/2192/4820 5041/2206/4820
f 5038/2204/4820 5042/2203/4820 5044/2193/4820
f 5037/2207/4820 5044/2193/4820 5043/2192/4820
f 5046/2208/4821 5047/2229/4821 5048/2209/4821
f 5046/2208/4822 5045/2210/4822 5049/2211/4822
f 5048/2209/4823 5047/2229/4823 5051/2213/4823
f 5050/2212/4824 5049/2211/4824 5052/2214/4824
f 5038/2215/4818 5047/2222/4818 5046/2216/4818
f 5052/2214/4820 5049/2211/4820 5045/2210/4820
f 5034/2218/4819 5046/2230/4819 5050/2219/4819
f 5037/2220/4817 5051/2231/4817 5047/2221/4817
f 5033/2222/4815 5050/2232/4815 5051/2223/4815
o Cube.043
v -1.204912 2.202104 -1.385251
v -1.204912 1.797737 -1.385251
v -1.265616 2.262809 -1.508730
v -1.265616 1.737032 -1.508730
v -0.800545 2.202104 -1.385251
v -0.800545 1.797737 -1.385251
v -0.739840 2.262809 -1.508730
v -0.739840 1.737032 -1.508730
v -1.265617 1.737032 -1.385251
v -0.739840 1.737032 -1.385251
v -1.265617 2.262809 -1.385251
v -0.739840 2.262809 -1.385251
v -1.187845 1.814804 -1.347332
v -1.204912 1.797737 -1.364399
v -0.800545 1.797737 -1.364399
v -0.817612 1.814804 -1.347332
v -1.187845 2.185037 -1.347332
v -1.204912 2.202104 -1.364399
v -0.800545 2.202104 -1.364399
v -0.817612 2.185037 -1.347332
vn -0.0000 1.0000 -0.0000
vn -0.0000 -0.0000 -1.0000
vn 1.0000 -0.0000 -0.0000
vn -0.0000 -1.0000 -0.0000
vn -1.0000 -0.0000 -0.0000
vn -0.0000 -0.0000 1.0000
vn -0.0000 -0.7071 0.7071
vn -0.7071 -0.0000 0.7071
vn 0.7071 -0.0000 0.7071
vn -0.0000 0.7071 0.7071
vt 0.988374 0.962013
vt 0.978589 0.920346
vt 0.988374 0.920346
vt 0.333333 0.958333
vt 0.375000 0.916667
vt 0.375000 0.958333
vt 0.146781 0.958333
vt 0.156567 1.000000
vt 0.146781 1.000000
vt 0.989116 0.625000
vt 0.979331 0.666667
vt 0.979331 0.625000
vt 0.156567 0.958333
vt 0.166352 1.000000
vt 0.411856 0.921477
vt 0.416667 0.958333
vt 0.411856 0.953523
vt 0.379811 0.921477
vt 0.416667 0.916667
vt 0.379811 0.953523
vt 0.964639 0.128181
vt 0.963287 0.158874
vt 0.963287 0.129533
vt 0.933947 0.129533
vt 0.932594 0.128181
vt 0.932594 0.160226
vt 0.933947 0.158874
vt 0.490700 0.958333
vt 0.492352 0.990379
vt 0.490700 0.990379
vt 0.571673 0.990379
vt 0.570020 0.958333
vt 0.571673 0.958333
vt 0.571673 0.958333
vt 0.573325 0.990379
vt 0.571673 0.990379
vt 0.492352 0.958333
vt 0.494005 0.990379
vt 0.492352 0.990379
vt 0.978589 0.962013
vt 0.333333 0.916667
vt 0.989116 0.666667
vt 0.166352 0.958333
vt 0.964639 0.160226
vt 0.492352 0.958333
vt 0.570020 0.990379
vt 0.573325 0.958333
vt 0.494005 0.958333
s 0
f 5064/2233/4825 5055/2234/4825 5063/2235/4825
f 5055/2236/4826 5060/2237/4826 5056/2238/4826
f 5059/2239/4827 5062/2240/4827 5060/2241/4827
f 5062/2242/4828 5056/2243/4828 5060/2244/4828
f 5063/2245/4829 5056/2246/4829 5061/2240/4829
f 5054/2247/4830 5062/2248/4830 5058/2249/4830
f 5053/2250/4830 5061/2251/4830 5054/2247/4830
f 5058/2249/4830 5064/2238/4830 5057/2252/4830
f 5057/2252/4830 5063/2237/4830 5053/2250/4830
f 5066/2253/4831 5068/2254/4831 5065/2255/4831
f 5066/2253/4832 5069/2256/4832 5070/2257/4832
f 5068/2254/4833 5071/2258/4833 5072/2259/4833
f 5070/2257/4834 5072/2259/4834 5071/2258/4834
f 5058/2260/4828 5066/2261/4828 5054/2262/4828
f 5072/2259/4830 5065/2255/4830 5068/2254/4830
f 5054/2263/4829 5070/2264/4829 5053/2265/4829
f 5057/2266/4827 5067/2267/4827 5058/2268/4827
f 5053/2269/4825 5071/2270/4825 5057/2271/4825
f 5064/2233/4825 5059/2272/4825 5055/2234/4825
f 5055/2236/4826 5059/2273/4826 5060/2237/4826
f 5059/2239/4827 5064/2245/4827 5062/2240/4827
f 5062/2242/4828 5061/2274/4828 5056/2243/4828
f 5063/2245/4829 5055/2275/4829 5056/2246/4829
f 5054/2247/4830 5061/2251/4830 5062/2248/4830
f 5053/2250/4830 5063/2237/4830 5061/2251/4830
f 5058/2249/4830 5062/2248/4830 5064/2238/4830
f 5057/2252/4830 5064/2238/4830 5063/2237/4830
f 5066/2253/4831 5067/2276/4831 5068/2254/4831
f 5066/2253/4832 5065/2255/4832 5069/2256/4832
f 5068/2254/4833 5067/2276/4833 5071/2258/4833
f 5070/2257/4834 5069/2256/4834 5072/2259/4834
f 5058/2260/4828 5067/2277/4828 5066/2261/4828
f 5072/2259/4830 5069/2256/4830 5065/2255/4830
f 5054/2263/4829 5066/2278/4829 5070/2264/4829
f 5057/2266/4827 5071/2279/4827 5067/2267/4827
f 5053/2269/4825 5070/2280/4825 5071/2270/4825
o Cube.044
v 0.795088 2.202104 -1.385251
v 0.795088 1.797737 -1.385251
v 0.734384 2.262809 -1.508730
v 0.734384 1.737032 -1.508730
v 1.199455 2.202104 -1.385251
v 1.199455 1.797737 -1.385251
v 1.260160 2.262809 -1.508730
v 1.260160 1.737032 -1.508730
v 0.734383 1.737032 -1.385251
v 1.260160 1.737032 -1.385251
v 0.734383 2.262809 -1.385251
v 1.260160 2.262809 -1.385251
v 0.812155 1.814804 -1.347332
v 0.795088 1.797737 -1.364399
v 1.199455 1.797737 -1.364399
v 1.182388 1.814804 -1.347332
v 0.812155 2.185037 -1.347332
v 0.795088 2.202104 -1.364399
v 1.199455 2.202104 -1.364399
v 1.182388 2.185037 -1.347332
vn -0.0000 1.0000 -0.0000
vn -0.0000 -0.0000 -1.0000
vn 1.0000 -0.0000 -0.0000
vn -0.0000 -1.0000 -0.0000
vn -1.0000 -0.0000 -0.0000
vn -0.0000 -0.0000 1.0000
vn -0.0000 -0.7071 0.7071
vn -0.7071 -0.0000 0.7071
vn 0.7071 -0.0000 0.7071
vn -0.0000 0.7071 0.7071
vt 0.989116 0.708333
vt 0.979331 0.666667
vt 0.989116 0.666667
vt 0.416667 0.958333
vt 0.458333 0.916667
vt 0.458333 0.958333
vt 0.166667 0.958333
vt 0.176452 1.000000
vt 0.166667 1.000000
vt 0.979331 0.750000
vt 0.979331 0.708333
vt 0.176452 0.958333
vt 0.186237 1.000000
vt 0.176452 1.000000
vt 0.495189 0.921477
vt 0.500000 0.958333
vt 0.495189 0.953523
vt 0.463144 0.921477
vt 0.500000 0.916667
vt 0.463144 0.953523
vt 0.965379 0.625000
vt 0.964026 0.655693
vt 0.964026 0.626352
vt 0.934686 0.626352
vt 0.933333 0.625000
vt 0.933333 0.657045
vt 0.934686 0.655693
vt 0.494005 0.958333
vt 0.495657 0.990379
vt 0.494005 0.990379
vt 0.574978 0.990379
vt 0.573325 0.958333
vt 0.574978 0.958333
vt 0.576630 0.990379
vt 0.495657 0.958333
vt 0.497310 0.990379
vt 0.416667 0.916667
vt 0.176452 0.958333
vt 0.989116 0.750000
vt 0.186237 0.958333
vt 0.965379 0.657045
vt 0.573325 0.990379
vt 0.576630 0.958333
vt 0.497310 0.958333
s 0
f 5084/2281/4835 5075/2282/4835 5083/2283/4835
f 5075/2284/4836 5080/2285/4836 5076/2286/4836
f 5079/2287/4837 5082/2288/4837 5080/2289/4837
f 5082/2281/4838 5076/2290/4838 5080/2291/4838
f 5083/2292/4839 5076/2293/4839 5081/2294/4839
f 5074/2295/4840 5082/2296/4840 5078/2297/4840
f 5073/2298/4840 5081/2299/4840 5074/2295/4840
f 5078/2297/4840 5084/2286/4840 5077/2300/4840
f 5077/2300/4840 5083/2285/4840 5073/2298/4840
f 5086/2301/4841 5088/2302/4841 5085/2303/4841
f 5086/2301/4842 5089/2304/4842 5090/2305/4842
f 5088/2302/4843 5091/2306/4843 5092/2307/4843
f 5090/2305/4844 5092/2307/4844 5091/2306/4844
f 5078/2308/4838 5086/2309/4838 5074/2310/4838
f 5092/2307/4840 5085/2303/4840 5088/2302/4840
f 5074/2311/4839 5090/2312/4839 5073/2313/4839
f 5077/2313/4837 5087/2314/4837 5078/2311/4837
f 5073/2315/4835 5091/2316/4835 5077/2309/4835
f 5084/2281/4835 5079/2291/4835 5075/2282/4835
f 5075/2284/4836 5079/2317/4836 5080/2285/4836
f 5079/2287/4837 5084/2318/4837 5082/2288/4837
f 5082/2281/4838 5081/2319/4838 5076/2290/4838
f 5083/2292/4839 5075/2320/4839 5076/2293/4839
f 5074/2295/4840 5081/2299/4840 5082/2296/4840
f 5073/2298/4840 5083/2285/4840 5081/2299/4840
f 5078/2297/4840 5082/2296/4840 5084/2286/4840
f 5077/2300/4840 5084/2286/4840 5083/2285/4840
f 5086/2301/4841 5087/2321/4841 5088/2302/4841
f 5086/2301/4842 5085/2303/4842 5089/2304/4842
f 5088/2302/4843 5087/2321/4843 5091/2306/4843
f 5090/2305/4844 5089/2304/4844 5092/2307/4844
f 5078/2308/4838 5087/2315/4838 5086/2309/4838
f 5092/2307/4840 5089/2304/4840 5085/2303/4840
f 5074/2311/4839 5086/2322/4839 5090/2312/4839
f 5077/2313/4837 5091/2323/4837 5087/2314/4837
f 5073/2315/4835 5090/2324/4835 5091/2316/4835
o Cube.045
v 1.393441 2.202104 -0.204493
v 1.393441 1.797737 -0.204493
v 1.516920 2.262809 -0.265198
v 1.516920 1.737032 -0.265198
v 1.393441 2.202104 0.199873
v 1.393441 1.797737 0.199873
v 1.516919 2.262809 0.260578
v 1.516919 1.737032 0.260578
v 1.393441 1.737032 -0.265198
v 1.393441 1.737032 0.260578
v 1.393441 2.262809 -0.265198
v 1.393441 2.262809 0.260578
v 1.355522 1.814804 -0.187426
v 1.372589 1.797737 -0.204493
v 1.372589 1.797737 0.199873
v 1.355522 1.814804 0.182806
v 1.355522 2.185037 -0.187426
v 1.372589 2.202104 -0.204493
v 1.372589 2.202104 0.199873
v 1.355522 2.185037 0.182806
vn -0.0000 1.0000 -0.0000
vn 1.0000 -0.0000 -0.0000
vn -0.0000 -0.0000 1.0000
vn -0.0000 -1.0000 -0.0000
vn -0.0000 -0.0000 -1.0000
vn -1.0000 -0.0000 -0.0000
vn -0.7071 -0.7071 -0.0000
vn -0.7071 -0.0000 -0.7071
vn -0.7071 -0.0000 0.7071
vn -0.7071 0.7071 -0.0000
vt 0.989116 0.791667
vt 0.979331 0.750000
vt 0.989116 0.750000
vt 0.500000 0.958333
vt 0.541667 0.916667
vt 0.541667 0.958333
vt 0.186238 0.958333
vt 0.196023 1.000000
vt 0.186238 1.000000
vt 0.989116 0.833333
vt 0.979331 0.791667
vt 0.196023 0.958333
vt 0.205808 1.000000
vt 0.196023 1.000000
vt 0.578523 0.921477
vt 0.583333 0.958333
vt 0.578523 0.953523
vt 0.546477 0.921477
vt 0.583333 0.916667
vt 0.541667 0.958333
vt 0.546477 0.953523
vt 0.541667 0.916667
vt 0.965379 0.657045
vt 0.964026 0.687738
vt 0.964026 0.658398
vt 0.934686 0.658398
vt 0.933333 0.657045
vt 0.933333 0.689090
vt 0.934686 0.687738
vt 0.497310 0.958333
vt 0.498962 0.990379
vt 0.497310 0.990379
vt 0.578283 0.990379
vt 0.576630 0.958333
vt 0.578283 0.958333
vt 0.579936 0.990379
vt 0.498962 0.958333
vt 0.500615 0.990379
vt 0.498962 0.990379
vt 0.500000 0.916667
vt 0.196023 0.958333
vt 0.979331 0.833333
vt 0.205808 0.958333
vt 0.965379 0.689090
vt 0.498962 0.958333
vt 0.576630 0.990379
vt 0.579936 0.958333
vt 0.500615 0.958333
s 0
f 5104/2325/4845 5095/2326/4845 5103/2327/4845
f 5095/2328/4846 5100/2329/4846 5096/2330/4846
f 5099/2331/4847 5102/2332/4847 5100/2333/4847
f 5101/2334/4848 5100/2335/4848 5102/2325/4848
f 5103/2336/4849 5096/2337/4849 5101/2338/4849
f 5094/2339/4850 5102/2340/4850 5098/2341/4850
f 5093/2342/4850 5101/2343/4850 5094/2339/4850
f 5098/2341/4850 5104/2344/4850 5097/2345/4850
f 5097/2345/4850 5103/2346/4850 5093/2342/4850
f 5106/2347/4851 5108/2348/4851 5105/2349/4851
f 5106/2347/4852 5109/2350/4852 5110/2351/4852
f 5108/2348/4853 5111/2352/4853 5112/2353/4853
f 5110/2351/4854 5112/2353/4854 5111/2352/4854
f 5098/2354/4848 5106/2355/4848 5094/2356/4848
f 5112/2353/4850 5105/2349/4850 5108/2348/4850
f 5094/2357/4849 5110/2358/4849 5093/2359/4849
f 5097/2359/4847 5107/2360/4847 5098/2357/4847
f 5093/2361/4845 5111/2362/4845 5097/2363/4845
f 5104/2325/4845 5099/2335/4845 5095/2326/4845
f 5095/2328/4846 5099/2364/4846 5100/2329/4846
f 5099/2331/4847 5104/2365/4847 5102/2332/4847
f 5101/2334/4848 5096/2366/4848 5100/2335/4848
f 5103/2336/4849 5095/2367/4849 5096/2337/4849
f 5094/2339/4850 5101/2343/4850 5102/2340/4850
f 5093/2342/4850 5103/2346/4850 5101/2343/4850
f 5098/2341/4850 5102/2340/4850 5104/2344/4850
f 5097/2345/4850 5104/2344/4850 5103/2346/4850
f 5106/2347/4851 5107/2368/4851 5108/2348/4851
f 5106/2347/4852 5105/2349/4852 5109/2350/4852
f 5108/2348/4853 5107/2368/4853 5111/2352/4853
f 5110/2351/4854 5109/2350/4854 5112/2353/4854
f 5098/2354/4848 5107/2369/4848 5106/2355/4848
f 5112/2353/4850 5109/2350/4850 5105/2349/4850
f 5094/2357/4849 5106/2370/4849 5110/2358/4849
f 5097/2359/4847 5111/2371/4847 5107/2360/4847
f 5093/2361/4845 5110/2372/4845 5111/2362/4845
o Cube.046
v 1.393442 2.202104 -1.204493
v 1.393442 1.797737 -1.204493
v 1.516920 2.262809 -1.265198
v 1.516920 1.737032 -1.265198
v 1.393442 2.202104 -0.800126
v 1.393442 1.797737 -0.800126
v 1.516920 2.262809 -0.739422
v 1.516920 1.737032 -0.739422
v 1.393442 1.737032 -1.265198
v 1.393442 1.737032 -0.739422
v 1.393442 2.262809 -1.265198
v 1.393442 2.262809 -0.739422
v 1.355522 1.814804 -1.187426
v 1.372589 1.797737 -1.204493
v 1.372589 1.797737 -0.800126
v 1.355522 1.814804 -0.817193
v 1.355522 2.185037 -1.187426
v 1.372589 2.202104 -1.204493
v 1.372589 2.202104 -0.800126
v 1.355522 2.185037 -0.817193
vn -0.0000 1.0000 -0.0000
vn 1.0000 -0.0000 -0.0000
vn -0.0000 -0.0000 1.0000
vn -0.0000 -1.0000 -0.0000
vn -0.0000 -0.0000 -1.0000
vn -1.0000 -0.0000 -0.0000
vn -0.7071 -0.7071 -0.0000
vn -0.7071 -0.0000 -0.7071
vn -0.7071 -0.0000 0.7071
vn -0.7071 0.7071 -0.0000
vt 0.989116 0.875000
vt 0.979331 0.833333
vt 0.989116 0.833333
vt 0.583333 0.958333
vt 0.625000 0.916667
vt 0.625000 0.958333
vt 0.208333 0.958333
vt 0.218119 1.000000
vt 0.208333 1.000000
vt 0.989155 0.916667
vt 0.979369 0.875000
vt 0.989155 0.875000
vt 0.218119 0.958333
vt 0.227904 1.000000
vt 0.218119 1.000000
vt 0.661856 0.921477
vt 0.666667 0.958333
vt 0.661856 0.953523
vt 0.629811 0.921477
vt 0.666667 0.916667
vt 0.629811 0.953523
vt 0.965379 0.689090
vt 0.964026 0.719783
vt 0.964026 0.690443
vt 0.934686 0.690443
vt 0.933333 0.689090
vt 0.933333 0.721136
vt 0.934686 0.719783
vt 0.500615 0.958333
vt 0.502267 0.990379
vt 0.500615 0.990379
vt 0.581588 0.990379
vt 0.579936 0.958333
vt 0.581588 0.958333
vt 0.581588 0.958333
vt 0.583241 0.990379
vt 0.581588 0.990379
vt 0.502267 0.958333
vt 0.503920 0.990379
vt 0.979331 0.875000
vt 0.583333 0.916667
vt 0.218119 0.958333
vt 0.979369 0.916667
vt 0.227904 0.958333
vt 0.965379 0.721136
vt 0.579936 0.990379
vt 0.583241 0.958333
vt 0.503920 0.958333
s 0
f 5124/2373/4855 5115/2374/4855 5123/2375/4855
f 5115/2376/4856 5120/2377/4856 5116/2378/4856
f 5119/2379/4857 5122/2380/4857 5120/2381/4857
f 5121/2382/4858 5120/2383/4858 5122/2384/4858
f 5123/2385/4859 5116/2386/4859 5121/2387/4859
f 5114/2388/4860 5122/2389/4860 5118/2390/4860
f 5113/2391/4860 5121/2392/4860 5114/2388/4860
f 5118/2390/4860 5124/2378/4860 5117/2393/4860
f 5117/2393/4860 5123/2377/4860 5113/2391/4860
f 5126/2394/4861 5128/2395/4861 5125/2396/4861
f 5126/2394/4862 5129/2397/4862 5130/2398/4862
f 5128/2395/4863 5131/2399/4863 5132/2400/4863
f 5130/2398/4864 5132/2400/4864 5131/2399/4864
f 5118/2401/4858 5126/2402/4858 5114/2403/4858
f 5132/2400/4860 5125/2396/4860 5128/2395/4860
f 5114/2404/4859 5130/2405/4859 5113/2406/4859
f 5117/2407/4857 5127/2408/4857 5118/2409/4857
f 5113/2410/4855 5131/2411/4855 5117/2402/4855
f 5124/2373/4855 5119/2412/4855 5115/2374/4855
f 5115/2376/4856 5119/2413/4856 5120/2377/4856
f 5119/2379/4857 5124/2414/4857 5122/2380/4857
f 5121/2382/4858 5116/2415/4858 5120/2383/4858
f 5123/2385/4859 5115/2416/4859 5116/2386/4859
f 5114/2388/4860 5121/2392/4860 5122/2389/4860
f 5113/2391/4860 5123/2377/4860 5121/2392/4860
f 5118/2390/4860 5122/2389/4860 5124/2378/4860
f 5117/2393/4860 5124/2378/4860 5123/2377/4860
f 5126/2394/4861 5127/2417/4861 5128/2395/4861
f 5126/2394/4862 5125/2396/4862 5129/2397/4862
f 5128/2395/4863 5127/2417/4863 5131/2399/4863
f 5130/2398/4864 5129/2397/4864 5132/2400/4864
f 5118/2401/4858 5127/2410/4858 5126/2402/4858
f 5132/2400/4860 5129/2397/4860 5125/2396/4860
f 5114/2404/4859 5126/2418/4859 5130/2405/4859
f 5117/2407/4857 5131/2419/4857 5127/2408/4857
f 5113/2410/4855 5130/2420/4855 5131/2411/4855
o Cube.047
v 1.393441 2.202104 0.795507
v 1.393441 1.797737 0.795507
v 1.516920 2.262809 0.734802
v 1.516920 1.737032 0.734802
v 1.393441 2.202104 1.199873
v 1.393441 1.797737 1.199873
v 1.516919 2.262809 1.260578
v 1.516919 1.737032 1.260578
v 1.393441 1.737032 0.734802
v 1.393441 1.737032 1.260578
v 1.393441 2.262809 0.734802
v 1.393441 2.262809 1.260578
v 1.355522 1.814804 0.812574
v 1.372589 1.797737 0.795507
v 1.372589 1.797737 1.199873
v 1.355522 1.814804 1.182806
v 1.355522 2.185037 0.812574
v 1.372589 2.202104 0.795507
v 1.372589 2.202104 1.199873
v 1.355522 2.185037 1.182806
vn -0.0000 1.0000 -0.0000
vn 1.0000 -0.0000 -0.0000
vn -0.0000 -0.0000 1.0000
vn -0.0000 -1.0000 -0.0000
vn -0.0000 -0.0000 -1.0000
vn -1.0000 -0.0000 -0.0000
vn -0.7071 -0.7071 -0.0000
vn -0.7071 -0.0000 -0.7071
vn -0.7071 -0.0000 0.7071
vn -0.7071 0.7071 -0.0000
vt 0.989168 0.416667
vt 0.979383 0.375000
vt 0.989168 0.375000
vt 0.666667 0.958333
vt 0.708333 0.916667
vt 0.708333 0.958333
vt 0.227904 0.958333
vt 0.237690 1.000000
vt 0.227904 1.000000
vt 0.989168 0.458333
vt 0.979383 0.416667
vt 0.237690 0.958333
vt 0.247475 1.000000
vt 0.237690 1.000000
vt 0.745189 0.953523
vt 0.750000 0.916667
vt 0.750000 0.958333
vt 0.713144 0.921477
vt 0.745189 0.921477
vt 0.713144 0.953523
vt 0.965379 0.753181
vt 0.964026 0.722488
vt 0.965379 0.721136
vt 0.933333 0.721136
vt 0.934686 0.722488
vt 0.964026 0.751828
vt 0.933333 0.753181
vt 0.934686 0.751828
vt 0.503920 0.958333
vt 0.505572 0.990379
vt 0.503920 0.990379
vt 0.584986 0.990379
vt 0.583333 0.958333
vt 0.584986 0.958333
vt 0.586638 0.990379
vt 0.505572 0.958333
vt 0.507225 0.990379
vt 0.666667 0.916667
vt 0.237690 0.958333
vt 0.979383 0.458333
vt 0.247475 0.958333
vt 0.583333 0.990379
vt 0.586638 0.958333
vt 0.507225 0.958333
s 0
f 5144/2421/4865 5135/2422/4865 5143/2423/4865
f 5135/2424/4866 5140/2425/4866 5136/2426/4866
f 5139/2427/4867 5142/2428/4867 5140/2429/4867
f 5141/2430/4868 5140/2431/4868 5142/2421/4868
f 5143/2432/4869 5136/2433/4869 5141/2434/4869
f 5138/2435/4870 5141/2436/4870 5142/2437/4870
f 5133/2438/4870 5141/2436/4870 5134/2439/4870
f 5138/2435/4870 5144/2426/4870 5137/2440/4870
f 5137/2440/4870 5143/2425/4870 5133/2438/4870
f 5147/2441/4871 5145/2442/4871 5146/2443/4871
f 5150/2444/4872 5145/2442/4872 5149/2445/4872
f 5148/2446/4873 5151/2447/4873 5152/2448/4873
f 5150/2444/4874 5152/2448/4874 5151/2447/4874
f 5138/2449/4868 5146/2450/4868 5134/2451/4868
f 5152/2448/4870 5145/2442/4870 5148/2446/4870
f 5134/2452/4869 5150/2453/4869 5133/2454/4869
f 5137/2454/4867 5147/2455/4867 5138/2452/4867
f 5133/2456/4865 5151/2457/4865 5137/2450/4865
f 5144/2421/4865 5139/2431/4865 5135/2422/4865
f 5135/2424/4866 5139/2458/4866 5140/2425/4866
f 5139/2427/4867 5144/2459/4867 5142/2428/4867
f 5141/2430/4868 5136/2460/4868 5140/2431/4868
f 5143/2432/4869 5135/2461/4869 5136/2433/4869
f 5138/2435/4870 5134/2439/4870 5141/2436/4870
f 5133/2438/4870 5143/2425/4870 5141/2436/4870
f 5138/2435/4870 5142/2437/4870 5144/2426/4870
f 5137/2440/4870 5144/2426/4870 5143/2425/4870
f 5147/2441/4871 5148/2446/4871 5145/2442/4871
f 5150/2444/4872 5146/2443/4872 5145/2442/4872
f 5148/2446/4873 5147/2441/4873 5151/2447/4873
f 5150/2444/4874 5149/2445/4874 5152/2448/4874
f 5138/2449/4868 5147/2456/4868 5146/2450/4868
f 5152/2448/4870 5149/2445/4870 5145/2442/4870
f 5134/2452/4869 5146/2462/4869 5150/2453/4869
f 5137/2454/4867 5151/2463/4867 5147/2455/4867
f 5133/2456/4865 5150/2464/4865 5151/2457/4865
o Cube.048
v -1.380675 2.202104 0.199873
v -1.380675 1.797737 0.199873
v -1.504154 2.262809 0.260578
v -1.504154 1.737032 0.260578
v -1.380675 2.202104 -0.204493
v -1.380675 1.797737 -0.204493
v -1.504154 2.262809 -0.265198
v -1.504154 1.737032 -0.265198
v -1.380675 1.737032 0.260578
v -1.380675 1.737032 -0.265198
v -1.380675 2.262809 0.260578
v -1.380675 2.262809 -0.265198
v -1.342756 1.814804 0.182806
v -1.359823 1.797737 0.199873
v -1.359823 1.797737 -0.204493
v -1.342756 1.814804 -0.187426
v -1.342756 2.185037 0.182806
v -1.359823 2.202104 0.199873
v -1.359823 2.202104 -0.204493
v -1.342756 2.185037 -0.187426
vn -0.0000 1.0000 -0.0000
vn -1.0000 -0.0000 -0.0000
vn -0.0000 -0.0000 -1.0000
vn -0.0000 -1.0000 -0.0000
vn -0.0000 -0.0000 1.0000
vn 1.0000 -0.0000 -0.0000
vn 0.7071 -0.7071 -0.0000
vn 0.7071 -0.0000 0.7071
vn 0.7071 -0.0000 -0.7071
vn 0.7071 0.7071 -0.0000
vt 0.989168 0.500000
vt 0.979383 0.458333
vt 0.989168 0.458333
vt 0.750000 0.958333
vt 0.791667 0.916667
vt 0.791667 0.958333
vt 0.250000 0.958333
vt 0.259785 1.000000
vt 0.250000 1.000000
vt 0.994444 0.233882
vt 0.984659 0.192216
vt 0.994444 0.192216
vt 0.259785 0.958333
vt 0.269571 1.000000
vt 0.828523 0.921477
vt 0.833333 0.958333
vt 0.828523 0.953523
vt 0.796477 0.921477
vt 0.833333 0.916667
vt 0.796477 0.953523
vt 0.965379 0.785226
vt 0.964026 0.754533
vt 0.965379 0.753181
vt 0.934686 0.754533
vt 0.933333 0.753181
vt 0.964026 0.783874
vt 0.933333 0.785226
vt 0.934686 0.783874
vt 0.507225 0.958333
vt 0.508877 0.990379
vt 0.507225 0.990379
vt 0.588291 0.990379
vt 0.586638 0.958333
vt 0.588291 0.958333
vt 0.589943 0.990379
vt 0.508877 0.958333
vt 0.510530 0.990379
vt 0.979383 0.500000
vt 0.750000 0.916667
vt 0.984659 0.233882
vt 0.269571 0.958333
vt 0.586638 0.990379
vt 0.589943 0.958333
vt 0.510530 0.958333
s 0
f 5164/2465/4875 5155/2466/4875 5163/2467/4875
f 5155/2468/4876 5160/2469/4876 5156/2470/4876
f 5159/2471/4877 5162/2472/4877 5160/2473/4877
f 5161/2474/4878 5160/2475/4878 5162/2476/4878
f 5163/2477/4879 5156/2478/4879 5161/2472/4879
f 5154/2479/4880 5162/2480/4880 5158/2481/4880
f 5153/2482/4880 5161/2483/4880 5154/2479/4880
f 5158/2481/4880 5164/2470/4880 5157/2484/4880
f 5157/2484/4880 5163/2469/4880 5153/2482/4880
f 5167/2485/4881 5165/2486/4881 5166/2487/4881
f 5166/2487/4882 5169/2488/4882 5170/2489/4882
f 5168/2490/4883 5171/2491/4883 5172/2492/4883
f 5170/2489/4884 5172/2492/4884 5171/2491/4884
f 5158/2493/4878 5166/2494/4878 5154/2495/4878
f 5172/2492/4880 5165/2486/4880 5168/2490/4880
f 5154/2496/4879 5170/2497/4879 5153/2498/4879
f 5157/2498/4877 5167/2499/4877 5158/2496/4877
f 5153/2500/4875 5171/2501/4875 5157/2494/4875
f 5164/2465/4875 5159/2502/4875 5155/2466/4875
f 5155/2468/4876 5159/2503/4876 5160/2469/4876
f 5159/2471/4877 5164/2477/4877 5162/2472/4877
f 5161/2474/4878 5156/2504/4878 5160/2475/4878
f 5163/2477/4879 5155/2505/4879 5156/2478/4879
f 5154/2479/4880 5161/2483/4880 5162/2480/4880
f 5153/2482/4880 5163/2469/4880 5161/2483/4880
f 5158/2481/4880 5162/2480/4880 5164/2470/4880
f 5157/2484/4880 5164/2470/4880 5163/2469/4880
f 5167/2485/4881 5168/2490/4881 5165/2486/4881
f 5166/2487/4882 5165/2486/4882 5169/2488/4882
f 5168/2490/4883 5167/2485/4883 5171/2491/4883
f 5170/2489/4884 5169/2488/4884 5172/2492/4884
f 5158/2493/4878 5167/2500/4878 5166/2494/4878
f 5172/2492/4880 5169/2488/4880 5165/2486/4880
f 5154/2496/4879 5166/2506/4879 5170/2497/4879
f 5157/2498/4877 5171/2507/4877 5167/2499/4877
f 5153/2500/4875 5170/2508/4875 5171/2501/4875
o Cube.049
v -1.380676 2.202104 1.199873
v -1.380676 1.797737 1.199873
v -1.504154 2.262809 1.260578
v -1.504154 1.737032 1.260578
v -1.380676 2.202104 0.795507
v -1.380676 1.797737 0.795507
v -1.504154 2.262809 0.734802
v -1.504154 1.737032 0.734802
v -1.380676 1.737032 1.260578
v -1.380676 1.737032 0.734802
v -1.380676 2.262809 1.260578
v -1.380676 2.262809 0.734802
v -1.342756 1.814804 1.182806
v -1.359823 1.797737 1.199873
v -1.359823 1.797737 0.795507
v -1.342756 1.814804 0.812574
v -1.342756 2.185037 1.182806
v -1.359823 2.202104 1.199873
v -1.359823 2.202104 0.795507
v -1.342756 2.185037 0.812574
vn -0.0000 1.0000 -0.0000
vn -1.0000 -0.0000 -0.0000
vn -0.0000 -0.0000 -1.0000
vn -0.0000 -1.0000 -0.0000
vn -0.0000 -0.0000 1.0000
vn 1.0000 -0.0000 -0.0000
vn 0.7071 -0.7071 -0.0000
vn 0.7071 -0.0000 0.7071
vn 0.7071 -0.0000 -0.7071
vn 0.7071 0.7071 -0.0000
vt 0.994683 0.166667
vt 0.984898 0.125000
vt 0.994683 0.125000
vt 0.833333 0.958333
vt 0.875000 0.916667
vt 0.875000 0.958333
vt 0.269571 0.958333
vt 0.279356 1.000000
vt 0.269571 1.000000
vt 0.994787 0.541667
vt 0.985002 0.500000
vt 0.994787 0.500000
vt 0.279356 0.958333
vt 0.289142 1.000000
vt 0.911856 0.921477
vt 0.916667 0.958333
vt 0.911856 0.953523
vt 0.879811 0.921477
vt 0.916667 0.916667
vt 0.879811 0.953523
vt 0.965379 0.817271
vt 0.964026 0.786579
vt 0.965379 0.785226
vt 0.934686 0.786579
vt 0.933333 0.785226
vt 0.964026 0.815919
vt 0.933333 0.817271
vt 0.934686 0.815919
vt 0.510530 0.958333
vt 0.512182 0.990379
vt 0.510530 0.990379
vt 0.591596 0.990379
vt 0.589943 0.958333
vt 0.591596 0.958333
vt 0.591596 0.958333
vt 0.593248 0.990379
vt 0.591596 0.990379
vt 0.512182 0.958333
vt 0.513835 0.990379
vt 0.984898 0.166667
vt 0.833333 0.916667
vt 0.985002 0.541667
vt 0.289142 0.958333
vt 0.589943 0.990379
vt 0.593248 0.958333
vt 0.513835 0.958333
s 0
f 5184/2509/4885 5175/2510/4885 5183/2511/4885
f 5175/2512/4886 5180/2513/4886 5176/2514/4886
f 5179/2515/4887 5182/2516/4887 5180/2517/4887
f 5181/2518/4888 5180/2519/4888 5182/2520/4888
f 5183/2521/4889 5176/2522/4889 5181/2516/4889
f 5174/2523/4890 5182/2524/4890 5178/2525/4890
f 5173/2526/4890 5181/2527/4890 5174/2523/4890
f 5178/2525/4890 5184/2514/4890 5177/2528/4890
f 5173/2526/4890 5184/2514/4890 5183/2513/4890
f 5187/2529/4891 5185/2530/4891 5186/2531/4891
f 5186/2531/4892 5189/2532/4892 5190/2533/4892
f 5188/2534/4893 5191/2535/4893 5192/2536/4893
f 5190/2533/4894 5192/2536/4894 5191/2535/4894
f 5178/2537/4888 5186/2538/4888 5174/2539/4888
f 5192/2536/4890 5185/2530/4890 5188/2534/4890
f 5174/2540/4889 5190/2541/4889 5173/2542/4889
f 5177/2543/4887 5187/2544/4887 5178/2545/4887
f 5173/2546/4885 5191/2547/4885 5177/2538/4885
f 5184/2509/4885 5179/2548/4885 5175/2510/4885
f 5175/2512/4886 5179/2549/4886 5180/2513/4886
f 5179/2515/4887 5184/2521/4887 5182/2516/4887
f 5181/2518/4888 5176/2550/4888 5180/2519/4888
f 5183/2521/4889 5175/2551/4889 5176/2522/4889
f 5174/2523/4890 5181/2527/4890 5182/2524/4890
f 5173/2526/4890 5183/2513/4890 5181/2527/4890
f 5178/2525/4890 5182/2524/4890 5184/2514/4890
f 5173/2526/4890 5177/2528/4890 5184/2514/4890
f 5187/2529/4891 5188/2534/4891 5185/2530/4891
f 5186/2531/4892 5185/2530/4892 5189/2532/4892
f 5188/2534/4893 5187/2529/4893 5191/2535/4893
f 5190/2533/4894 5189/2532/4894 5192/2536/4894
f 5178/2537/4888 5187/2546/4888 5186/2538/4888
f 5192/2536/4890 5189/2532/4890 5185/2530/4890
f 5174/2540/4889 5186/2552/4889 5190/2541/4889
f 5177/2543/4887 5191/2553/4887 5187/2544/4887
f 5173/2546/4885 5190/2554/4885 5191/2547/4885
o Cube.050
v -1.380675 2.202104 -0.800127
v -1.380675 1.797737 -0.800127
v -1.504154 2.262809 -0.739422
v -1.504154 1.737032 -0.739422
v -1.380675 2.202104 -1.204494
v -1.380675 1.797737 -1.204494
v -1.504154 2.262809 -1.265198
v -1.504154 1.737032 -1.265198
v -1.380675 1.737032 -0.739422
v -1.380675 1.737032 -1.265198
v -1.380675 2.262809 -0.739422
v -1.380675 2.262809 -1.265198
v -1.342756 1.814804 -0.817194
v -1.359823 1.797737 -0.800127
v -1.359823 1.797737 -1.204494
v -1.342756 1.814804 -1.187427
v -1.342756 2.185037 -0.817194
v -1.359823 2.202104 -0.800127
v -1.359823 2.202104 -1.204494
v -1.342756 2.185037 -1.187427
vn -0.0000 1.0000 -0.0000
vn -1.0000 -0.0000 -0.0000
vn -0.0000 -0.0000 -1.0000
vn -0.0000 -1.0000 -0.0000
vn -0.0000 -0.0000 1.0000
vn 1.0000 -0.0000 -0.0000
vn 0.7071 -0.7071 -0.0000
vn 0.7071 -0.0000 0.7071
vn 0.7071 -0.0000 -0.7071
vn 0.7071 0.7071 -0.0000
vt 0.994787 0.583333
vt 0.985002 0.541667
vt 0.994787 0.541667
vt 0.916667 0.916667
vt 0.958333 0.875000
vt 0.958333 0.916667
vt 0.291667 0.958333
vt 0.301452 1.000000
vt 0.291667 1.000000
vt 0.994787 0.625000
vt 0.985002 0.583333
vt 0.301452 0.958333
vt 0.311237 1.000000
vt 0.301452 1.000000
vt 0.953523 0.921477
vt 0.958333 0.958333
vt 0.953523 0.953523
vt 0.921477 0.921477
vt 0.916667 0.958333
vt 0.921477 0.953523
vt 0.965379 0.849316
vt 0.964026 0.818624
vt 0.965379 0.817271
vt 0.934686 0.818624
vt 0.933333 0.817271
vt 0.964026 0.847964
vt 0.933333 0.849316
vt 0.934686 0.847964
vt 0.513835 0.958333
vt 0.515487 0.990379
vt 0.513835 0.990379
vt 0.594901 0.990379
vt 0.593248 0.958333
vt 0.594901 0.958333
vt 0.596553 0.990379
vt 0.515487 0.958333
vt 0.517140 0.990379
vt 0.916667 0.875000
vt 0.301452 0.958333
vt 0.985002 0.625000
vt 0.311237 0.958333
vt 0.593248 0.990379
vt 0.596553 0.958333
vt 0.517140 0.958333
s 0
f 5204/2555/4895 5195/2556/4895 5203/2557/4895
f 5195/2558/4896 5200/2559/4896 5196/2560/4896
f 5199/2561/4897 5202/2562/4897 5200/2563/4897
f 5201/2564/4898 5200/2565/4898 5202/2555/4898
f 5203/2566/4899 5196/2567/4899 5201/2568/4899
f 5194/2569/4900 5202/2570/4900 5198/2571/4900
f 5193/2572/4900 5201/2560/4900 5194/2569/4900
f 5198/2571/4900 5204/2573/4900 5197/2574/4900
f 5197/2574/4900 5203/2558/4900 5193/2572/4900
f 5207/2575/4901 5205/2576/4901 5206/2577/4901
f 5206/2577/4902 5209/2578/4902 5210/2579/4902
f 5208/2580/4903 5211/2581/4903 5212/2582/4903
f 5210/2579/4904 5212/2582/4904 5211/2581/4904
f 5198/2583/4898 5206/2584/4898 5194/2585/4898
f 5212/2582/4900 5205/2576/4900 5208/2580/4900
f 5194/2586/4899 5210/2587/4899 5193/2588/4899
f 5197/2588/4897 5207/2589/4897 5198/2586/4897
f 5193/2590/4895 5211/2591/4895 5197/2584/4895
f 5204/2555/4895 5199/2565/4895 5195/2556/4895
f 5195/2558/4896 5199/2592/4896 5200/2559/4896
f 5199/2561/4897 5204/2593/4897 5202/2562/4897
f 5201/2564/4898 5196/2594/4898 5200/2565/4898
f 5203/2566/4899 5195/2595/4899 5196/2567/4899
f 5194/2569/4900 5201/2560/4900 5202/2570/4900
f 5193/2572/4900 5203/2558/4900 5201/2560/4900
f 5198/2571/4900 5202/2570/4900 5204/2573/4900
f 5197/2574/4900 5204/2573/4900 5203/2558/4900
f 5207/2575/4901 5208/2580/4901 5205/2576/4901
f 5206/2577/4902 5205/2576/4902 5209/2578/4902
f 5208/2580/4903 5207/2575/4903 5211/2581/4903
f 5210/2579/4904 5209/2578/4904 5212/2582/4904
f 5198/2583/4898 5207/2590/4898 5206/2584/4898
f 5212/2582/4900 5209/2578/4900 5205/2576/4900
f 5194/2586/4899 5206/2596/4899 5210/2587/4899
f 5197/2588/4897 5211/2597/4897 5207/2589/4897
f 5193/2590/4895 5210/2598/4895 5211/2591/4895
o Plane
v -1.502728 -0.500080 1.500402
v 1.497272 -0.500080 1.500402
v -1.502728 -0.500080 -1.499598
v 1.497272 -0.500080 -1.499598
v -1.502728 -0.400079 -1.499598
v -1.502728 -0.400079 1.500402
v 1.497272 -0.400079 1.500402
v 1.497272 -0.400079 -1.499598
vn -0.0000 -1.0000 -0.0000
vn -0.0000 1.0000 -0.0000
vn -0.0000 -0.0000 -1.0000
vn -0.0000 -0.0000 1.0000
vn 1.0000 -0.0000 -0.0000
vn -1.0000 -0.0000 -0.0000
vt 0.125000 0.000000
vt 0.000000 0.125000
vt 0.000000 0.000000
vt 0.000000 0.125000
vt 0.125000 0.250000
vt 0.000000 0.250000
vt 0.961492 0.375000
vt 0.957326 0.250000
vt 0.961492 0.250000
vt 0.965431 0.625000
vt 0.961264 0.500000
vt 0.965431 0.500000
vt 0.965431 0.500000
vt 0.961264 0.375000
vt 0.965431 0.375000
vt 0.965659 0.375000
vt 0.961493 0.250000
vt 0.965659 0.250000
vt 0.125000 0.125000
vt 0.125000 0.125000
vt 0.957326 0.375000
vt 0.961264 0.625000
vt 0.961264 0.500000
s 0
f 5215/2599/4905 5214/2600/4905 5213/2601/4905
f 5219/2602/4906 5217/2603/4906 5218/2604/4906
f 5215/2605/4907 5220/2606/4907 5216/2607/4907
f 5214/2608/4908 5218/2609/4908 5213/2610/4908
f 5216/2611/4909 5219/2612/4909 5214/2613/4909
f 5213/2614/4910 5217/2615/4910 5215/2616/4910
f 5215/2599/4905 5216/2617/4905 5214/2600/4905
f 5219/2602/4906 5220/2618/4906 5217/2603/4906
f 5215/2605/4907 5217/2619/4907 5220/2606/4907
f 5214/2608/4908 5219/2620/4908 5218/2609/4908
f 5216/2611/4909 5220/2621/4909 5219/2612/4909
f 5213/2614/4910 5218/2605/4910 5217/2615/4910
o Plane.001
v -1.502728 2.399920 1.500402
v 1.497272 2.399920 1.500402
v -1.502728 2.399920 -1.499598
v 1.497272 2.399920 -1.499598
v -1.502728 2.499921 -1.499598
v -1.502728 2.499921 1.500402
v 1.497272 2.499921 1.500402
v 1.497272 2.499921 -1.499598
vn -0.0000 -1.0000 -0.0000
vn -0.0000 1.0000 -0.0000
vn -0.0000 -0.0000 -1.0000
vn -0.0000 -0.0000 1.0000
vn 1.0000 -0.0000 -0.0000
vn -1.0000 -0.0000 -0.0000
vt 0.250000 0.000000
vt 0.125000 0.125000
vt 0.125000 -0.000000
vt 0.125000 0.125000
vt 0.250000 0.250000
vt 0.125000 0.250000
vt 0.968806 0.125000
vt 0.964639 -0.000000
vt 0.968806 -0.000000
vt 0.969545 0.750000
vt 0.965379 0.625000
vt 0.969545 0.625000
vt 0.969545 0.875000
vt 0.965379 0.750000
vt 0.969597 0.500000
vt 0.965431 0.375000
vt 0.969597 0.375000
vt 0.250000 0.125000
vt 0.250000 0.125000
vt 0.964639 0.125000
vt 0.965379 0.875000
vt 0.965431 0.500000
s 0
f 5223/2622/4911 5222/2623/4911 5221/2624/4911
f 5227/2625/4912 5225/2626/4912 5226/2627/4912
f 5223/2628/4913 5228/2629/4913 5224/2630/4913
f 5222/2631/4914 5226/2632/4914 5221/2633/4914
f 5224/2634/4915 5227/2635/4915 5222/2631/4915
f 5221/2636/4916 5225/2637/4916 5223/2638/4916
f 5223/2622/4911 5224/2639/4911 5222/2623/4911
f 5227/2625/4912 5228/2640/4912 5225/2626/4912
f 5223/2628/4913 5225/2641/4913 5228/2629/4913
f 5222/2631/4914 5227/2635/4914 5226/2632/4914
f 5224/2634/4915 5228/2642/4915 5227/2635/4915
f 5221/2636/4916 5226/2643/4916 5225/2637/4916
o Plane.002
v 1.222272 -0.400079 1.375402
v 1.372272 -0.400079 1.375402
v 1.222272 -0.400079 1.225402
v 1.372272 -0.400079 1.225402
v 1.222272 2.399920 1.225402
v 1.222272 2.399920 1.375402
v 1.372272 2.399920 1.375402
v 1.372272 2.399920 1.225402
vn -0.0000 -1.0000 -0.0000
vn -0.0000 1.0000 -0.0000
vn -0.0000 -0.0000 -1.0000
vn -0.0000 -0.0000 1.0000
vn 1.0000 -0.0000 -0.0000
vn -1.0000 -0.0000 -0.0000
vt 0.125000 0.250000
vt 0.000000 0.375000
vt 0.000000 0.250000
vt 0.250000 -0.000000
vt 0.375000 0.125000
vt 0.250000 0.125000
vt 0.616667 0.375000
vt 0.500000 0.250000
vt 0.616667 0.250000
vt 0.616667 0.500000
vt 0.500000 0.375000
vt 0.616667 0.375000
vt 0.366667 0.625000
vt 0.250000 0.500000
vt 0.366667 0.500000
vt 0.483333 0.625000
vt 0.483333 0.500000
vt 0.125000 0.375000
vt 0.375000 0.000000
vt 0.500000 0.375000
vt 0.500000 0.500000
vt 0.250000 0.625000
s 0
f 5231/2644/4917 5230/2645/4917 5229/2646/4917
f 5235/2647/4918 5233/2648/4918 5234/2649/4918
f 5231/2650/4919 5236/2651/4919 5232/2652/4919
f 5230/2653/4920 5234/2654/4920 5229/2655/4920
f 5232/2656/4921 5235/2657/4921 5230/2658/4921
f 5229/2659/4922 5233/2658/4922 5231/2660/4922
f 5231/2644/4917 5232/2661/4917 5230/2645/4917
f 5235/2647/4918 5236/2662/4918 5233/2648/4918
f 5231/2650/4919 5233/2663/4919 5236/2651/4919
f 5230/2653/4920 5235/2664/4920 5234/2654/4920
f 5232/2656/4921 5236/2665/4921 5235/2657/4921
f 5229/2659/4922 5234/2656/4922 5233/2658/4922
o Plane.003
v -1.377728 -0.400079 1.375402
v -1.227728 -0.400079 1.375402
v -1.377728 -0.400079 1.225402
v -1.227728 -0.400079 1.225402
v -1.377728 2.399920 1.225402
v -1.377728 2.399920 1.375402
v -1.227728 2.399920 1.375402
v -1.227728 2.399920 1.225402
vn -0.0000 -1.0000 -0.0000
vn -0.0000 1.0000 -0.0000
vn -0.0000 -0.0000 -1.0000
vn -0.0000 -0.0000 1.0000
vn 1.0000 -0.0000 -0.0000
vn -1.0000 -0.0000 -0.0000
vt 0.375000 0.125000
vt 0.250000 0.250000
vt 0.250000 0.125000
vt 0.125000 0.250000
vt 0.250000 0.375000
vt 0.125000 0.375000
vt 0.600000 0.625000
vt 0.483333 0.500000
vt 0.600000 0.500000
vt 0.716667 0.625000
vt 0.716667 0.500000
vt 0.733333 0.375000
vt 0.616667 0.250000
vt 0.733333 0.250000
vt 0.733333 0.500000
vt 0.616667 0.375000
vt 0.733333 0.375000
vt 0.375000 0.250000
vt 0.483333 0.625000
vt 0.616667 0.375000
vt 0.616667 0.500000
s 0
f 5239/2666/4923 5238/2667/4923 5237/2668/4923
f 5243/2669/4924 5241/2670/4924 5242/2671/4924
f 5239/2672/4925 5244/2673/4925 5240/2674/4925
f 5238/2675/4926 5242/2674/4926 5237/2676/4926
f 5240/2677/4927 5243/2678/4927 5238/2679/4927
f 5237/2680/4928 5241/2681/4928 5239/2682/4928
f 5239/2666/4923 5240/2683/4923 5238/2667/4923
f 5243/2669/4924 5244/2667/4924 5241/2670/4924
f 5239/2672/4925 5241/2684/4925 5244/2673/4925
f 5238/2675/4926 5243/2672/4926 5242/2674/4926
f 5240/2677/4927 5244/2685/4927 5243/2678/4927
f 5237/2680/4928 5242/2686/4928 5241/2681/4928
o Plane.004
v 1.222272 -0.400079 -1.224598
v 1.372272 -0.400079 -1.224598
v 1.222272 -0.400079 -1.374598
v 1.372272 -0.400079 -1.374598
v 1.222272 2.399920 -1.374598
v 1.222272 2.399920 -1.224598
v 1.372272 2.399920 -1.224598
v 1.372272 2.399920 -1.374598
vn -0.0000 -1.0000 -0.0000
vn -0.0000 1.0000 -0.0000
vn -0.0000 -0.0000 -1.0000
vn -0.0000 -0.0000 1.0000
vn 1.0000 -0.0000 -0.0000
vn -1.0000 -0.0000 -0.0000
vt 0.375000 0.250000
vt 0.250000 0.375000
vt 0.250000 0.250000
vt 0.000000 0.375000
vt 0.125000 0.500000
vt 0.000000 0.500000
vt 0.741667 0.125000
vt 0.625000 0.000000
vt 0.741667 0.000000
vt 0.741667 0.250000
vt 0.625000 0.125000
vt 0.741667 0.125000
vt 0.116667 0.750000
vt 0.000000 0.625000
vt 0.116667 0.625000
vt 0.233333 0.750000
vt 0.116667 0.625000
vt 0.233333 0.625000
vt 0.375000 0.375000
vt 0.125000 0.375000
vt 0.625000 0.125000
vt 0.625000 0.250000
vt -0.000000 0.750000
vt 0.116667 0.750000
s 0
f 5247/2687/4929 5246/2688/4929 5245/2689/4929
f 5251/2690/4930 5249/2691/4930 5250/2692/4930
f 5247/2693/4931 5252/2694/4931 5248/2695/4931
f 5246/2696/4932 5250/2697/4932 5245/2698/4932
f 5248/2699/4933 5251/2700/4933 5246/2701/4933
f 5245/2702/4934 5249/2703/4934 5247/2704/4934
f 5247/2687/4929 5248/2705/4929 5246/2688/4929
f 5251/2690/4930 5252/2706/4930 5249/2691/4930
f 5247/2693/4931 5249/2707/4931 5252/2694/4931
f 5246/2696/4932 5251/2708/4932 5250/2697/4932
f 5248/2699/4933 5252/2709/4933 5251/2700/4933
f 5245/2702/4934 5250/2710/4934 5249/2703/4934
o Plane.005
v -1.377728 -0.400079 -1.224598
v -1.227728 -0.400079 -1.224598
v -1.377728 -0.400079 -1.374598
v -1.227728 -0.400079 -1.374598
v -1.377728 2.399920 -1.374598
v -1.377728 2.399920 -1.224598
v -1.227728 2.399920 -1.224598
v -1.227728 2.399920 -1.374598
vn -0.0000 -1.0000 -0.0000
vn -0.0000 1.0000 -0.0000
vn -0.0000 -0.0000 -1.0000
vn -0.0000 -0.0000 1.0000
vn 1.0000 -0.0000 -0.0000
vn -1.0000 -0.0000 -0.0000
vt 0.500000 0.000000
vt 0.375000 0.125000
vt 0.375000 -0.000000
vt 0.125000 0.375000
vt 0.250000 0.500000
vt 0.125000 0.500000
vt 0.350000 0.750000
vt 0.233333 0.625000
vt 0.350000 0.625000
vt 0.466667 0.750000
vt 0.466667 0.625000
vt 0.583333 0.750000
vt 0.466667 0.625000
vt 0.583333 0.625000
vt 0.700000 0.750000
vt 0.583333 0.625000
vt 0.700000 0.625000
vt 0.500000 0.125000
vt 0.250000 0.375000
vt 0.233333 0.750000
vt 0.466667 0.750000
vt 0.583333 0.750000
s 0
f 5255/2711/4935 5254/2712/4935 5253/2713/4935
f 5259/2714/4936 5257/2715/4936 5258/2716/4936
f 5255/2717/4937 5260/2718/4937 5256/2719/4937
f 5254/2720/4938 5258/2719/4938 5253/2721/4938
f 5256/2722/4939 5259/2723/4939 5254/2724/4939
f 5253/2725/4940 5257/2726/4940 5255/2727/4940
f 5255/2711/4935 5256/2728/4935 5254/2712/4935
f 5259/2714/4936 5260/2729/4936 5257/2715/4936
f 5255/2717/4937 5257/2730/4937 5260/2718/4937
f 5254/2720/4938 5259/2717/4938 5258/2719/4938
f 5256/2722/4939 5260/2731/4939 5259/2723/4939
f 5253/2725/4940 5258/2732/4940 5257/2726/4940
o Plane.006
v 1.537271 0.917421 1.382903
v 1.537271 1.082421 1.382903
v 1.537271 0.917421 1.217903
v 1.537271 1.082421 1.217903
v -1.542729 0.917421 1.217902
v -1.542729 0.917421 1.382902
v -1.542729 1.082421 1.382902
v -1.542729 1.082421 1.217902
vn 1.0000 -0.0000 -0.0000
vn -1.0000 -0.0000 -0.0000
vn -0.0000 -0.0000 -1.0000
vn -0.0000 -0.0000 1.0000
vn -0.0000 1.0000 -0.0000
vn -0.0000 -1.0000 -0.0000
vt 0.500000 0.125000
vt 0.375000 0.250000
vt 0.375000 0.125000
vt 0.250000 0.375000
vt 0.375000 0.500000
vt 0.250000 0.500000
vt 0.816667 0.750000
vt 0.700000 0.625000
vt 0.816667 0.625000
vt 0.833333 0.625000
vt 0.716667 0.500000
vt 0.833333 0.500000
vt 0.850000 0.375000
vt 0.733333 0.250000
vt 0.850000 0.250000
vt 0.850000 0.500000
vt 0.733333 0.375000
vt 0.500000 0.250000
vt 0.375000 0.375000
vt 0.700000 0.750000
vt 0.716667 0.625000
vt 0.733333 0.500000
s 0
f 5263/2733/4941 5262/2734/4941 5261/2735/4941
f 5267/2736/4942 5265/2737/4942 5266/2738/4942
f 5263/2739/4943 5268/2740/4943 5264/2741/4943
f 5262/2742/4944 5266/2743/4944 5261/2744/4944
f 5264/2745/4945 5267/2746/4945 5262/2747/4945
f 5261/2748/4946 5265/2749/4946 5263/2745/4946
f 5263/2733/4941 5264/2750/4941 5262/2734/4941
f 5267/2736/4942 5268/2751/4942 5265/2737/4942
f 5263/2739/4943 5265/2752/4943 5268/2740/4943
f 5262/2742/4944 5267/2753/4944 5266/2743/4944
f 5264/2745/4945 5268/2749/4945 5267/2746/4945
f 5261/2748/4946 5266/2754/4946 5265/2749/4946
o Plane.007
v 1.537271 0.917421 -1.217098
v 1.537271 1.082421 -1.217098
v 1.537271 0.917421 -1.382098
v 1.537271 1.082421 -1.382098
v -1.542729 0.917421 -1.382098
v -1.542729 0.917421 -1.217098
v -1.542729 1.082421 -1.217098
v -1.542729 1.082421 -1.382098
vn 1.0000 -0.0000 -0.0000
vn -1.0000 -0.0000 -0.0000
vn -0.0000 -0.0000 -1.0000
vn -0.0000 -0.0000 1.0000
vn -0.0000 1.0000 -0.0000
vn -0.0000 -1.0000 -0.0000
vt 0.500000 0.250000
vt 0.375000 0.375000
vt 0.375000 0.250000
vt 0.500000 0.500000
vt 0.375000 0.500000
vt 0.858333 0.125000
vt 0.741667 0.000000
vt 0.858333 0.000000
vt 0.858333 0.250000
vt 0.741667 0.125000
vt 0.858333 0.125000
vt 0.116667 0.875000
vt 0.000000 0.750000
vt 0.116667 0.750000
vt 0.233333 0.875000
vt 0.233333 0.750000
vt 0.500000 0.375000
vt 0.500000 0.375000
vt 0.741667 0.125000
vt 0.741667 0.250000
vt -0.000000 0.875000
s 0
f 5271/2755/4947 5270/2756/4947 5269/2757/4947
f 5275/2756/4948 5273/2758/4948 5274/2759/4948
f 5271/2760/4949 5276/2761/4949 5272/2762/4949
f 5270/2763/4950 5274/2764/4950 5269/2765/4950
f 5272/2766/4951 5275/2767/4951 5270/2768/4951
f 5269/2769/4952 5273/2768/4952 5271/2770/4952
f 5271/2755/4947 5272/2771/4947 5270/2756/4947
f 5275/2756/4948 5276/2772/4948 5273/2758/4948
f 5271/2760/4949 5273/2773/4949 5276/2761/4949
f 5270/2763/4950 5275/2774/4950 5274/2764/4950
f 5272/2766/4951 5276/2775/4951 5275/2767/4951
f 5269/2769/4952 5274/2766/4952 5273/2768/4952
o Plane.008
v 1.379772 0.917421 -1.539598
v 1.379772 1.082421 -1.539598
v 1.214772 0.917421 -1.539598
v 1.214772 1.082421 -1.539598
v 1.214771 0.917421 1.540402
v 1.379771 0.917421 1.540402
v 1.379771 1.082421 1.540402
v 1.214771 1.082421 1.540402
vn -0.0000 -0.0000 -1.0000
vn -0.0000 -0.0000 1.0000
vn -1.0000 -0.0000 -0.0000
vn 1.0000 -0.0000 -0.0000
vn -0.0000 1.0000 -0.0000
vn -0.0000 -1.0000 -0.0000
vt 0.000000 0.500000
vt 0.125000 0.625000
vt 0.000000 0.625000
vt 0.500000 0.125000
vt 0.625000 0.000000
vt 0.625000 0.125000
vt 0.350000 0.875000
vt 0.233333 0.750000
vt 0.350000 0.750000
vt 0.466667 0.875000
vt 0.350000 0.750000
vt 0.466667 0.750000
vt 0.583333 0.875000
vt 0.466667 0.750000
vt 0.583333 0.750000
vt 0.700000 0.875000
vt 0.583333 0.750000
vt 0.700000 0.750000
vt 0.125000 0.500000
vt 0.500000 -0.000000
vt 0.233333 0.875000
vt 0.350000 0.875000
vt 0.466667 0.875000
vt 0.583333 0.875000
s 0
f 5277/2776/4953 5280/2777/4953 5278/2778/4953
f 5282/2779/4954 5284/2780/4954 5281/2781/4954
f 5279/2782/4955 5284/2783/4955 5280/2784/4955
f 5278/2785/4956 5282/2786/4956 5277/2787/4956
f 5280/2788/4957 5283/2789/4957 5278/2790/4957
f 5277/2791/4958 5281/2792/4958 5279/2793/4958
f 5277/2776/4953 5279/2794/4953 5280/2777/4953
f 5282/2779/4954 5283/2795/4954 5284/2780/4954
f 5279/2782/4955 5281/2796/4955 5284/2783/4955
f 5278/2785/4956 5283/2797/4956 5282/2786/4956
f 5280/2788/4957 5284/2798/4957 5283/2789/4957
f 5277/2791/4958 5282/2799/4958 5281/2792/4958
o Plane.009
v -1.220229 0.917421 -1.539598
v -1.220229 1.082421 -1.539598
v -1.385229 0.917421 -1.539598
v -1.385229 1.082421 -1.539598
v -1.385229 0.917421 1.540402
v -1.220229 0.917421 1.540402
v -1.220229 1.082421 1.540402
v -1.385229 1.082421 1.540402
vn -0.0000 -0.0000 -1.0000
vn -0.0000 -0.0000 1.0000
vn -1.0000 -0.0000 -0.0000
vn 1.0000 -0.0000 -0.0000
vn -0.0000 1.0000 -0.0000
vn -0.0000 -1.0000 -0.0000
vt 0.500000 0.125000
vt 0.625000 0.250000
vt 0.500000 0.250000
vt 0.125000 0.625000
vt 0.250000 0.500000
vt 0.250000 0.625000
vt 0.816667 0.875000
vt 0.700000 0.750000
vt 0.816667 0.750000
vt 0.933333 0.750000
vt 0.816667 0.625000
vt 0.933333 0.625000
vt 0.933333 0.875000
vt 0.816667 0.750000
vt 0.950000 0.625000
vt 0.833333 0.500000
vt 0.950000 0.500000
vt 0.625000 0.125000
vt 0.125000 0.500000
vt 0.700000 0.875000
vt 0.816667 0.875000
vt 0.833333 0.625000
s 0
f 5285/2800/4959 5288/2801/4959 5286/2802/4959
f 5290/2803/4960 5292/2804/4960 5289/2805/4960
f 5287/2806/4961 5292/2807/4961 5288/2808/4961
f 5286/2809/4962 5290/2810/4962 5285/2811/4962
f 5288/2812/4963 5291/2813/4963 5286/2809/4963
f 5285/2814/4964 5289/2815/4964 5287/2816/4964
f 5285/2800/4959 5287/2817/4959 5288/2801/4959
f 5290/2803/4960 5291/2818/4960 5292/2804/4960
f 5287/2806/4961 5289/2819/4961 5292/2807/4961
f 5286/2809/4962 5291/2813/4962 5290/2810/4962
f 5288/2812/4963 5292/2820/4963 5291/2813/4963
f 5285/2814/4964 5290/2821/4964 5289/2815/4964
