# Blender 5.2.0 LTS
# www.blender.org
o Vert.001
v 0.223975 -0.349424 0.529623
v 0.261992 -0.316086 0.518540
v 0.282501 -0.268691 0.522078
v 0.280006 -0.219936 0.539291
v 0.255176 -0.182887 0.565564
v 0.214664 -0.167470 0.593860
v 0.169326 -0.177816 0.616595
v 0.131310 -0.211154 0.627678
v 0.110801 -0.258549 0.624140
v 0.113296 -0.307304 0.606927
v 0.138126 -0.344353 0.580654
v 0.178637 -0.359770 0.552358
v 0.893539 -1.035561 1.315942
v 0.925078 -1.076578 1.314386
v 0.972891 -1.096312 1.312406
v 1.024168 -1.089477 1.310532
v 1.065167 -1.057903 1.309267
v 1.084905 -1.010051 1.308949
v 1.078092 -0.958743 1.309664
v 1.046553 -0.917726 1.311220
v 0.998739 -0.897991 1.313200
v 0.947463 -0.904827 1.315074
v 0.906463 -0.936400 1.316339
v 0.886726 -0.984252 1.316657
v 0.882878 -1.039999 1.316305
v 0.918061 -1.085755 1.314569
v 0.971398 -1.107769 1.312360
v 1.028599 -1.100144 1.310270
v 1.074335 -1.064922 1.308859
v 1.096354 -1.011541 1.308504
v 1.088753 -0.954305 1.309301
v 1.053570 -0.908549 1.311037
v 1.000232 -0.886534 1.313246
v 0.943032 -0.894160 1.315336
v 0.897295 -0.929381 1.316747
v 0.875277 -0.982762 1.317102
v 0.887440 -1.039388 1.368499
v 0.921737 -1.083992 1.366806
v 0.973733 -1.105453 1.364653
v 1.029495 -1.098020 1.362615
v 1.074082 -1.063684 1.361240
v 1.095546 -1.011646 1.360894
v 1.088137 -0.955849 1.361671
v 1.053839 -0.911244 1.363363
v 1.001842 -0.889783 1.365517
v 0.946080 -0.897216 1.367555
v 0.901494 -0.931552 1.368930
v 0.880030 -0.983590 1.369276
v 0.207032 -0.339894 0.500172
v 0.245049 -0.306556 0.489089
v 0.265557 -0.259160 0.492628
v 0.263063 -0.210406 0.509840
v 0.238233 -0.173356 0.536114
v 0.197721 -0.157939 0.564409
v 0.152383 -0.168286 0.587144
v 0.114367 -0.201623 0.598228
v 0.093858 -0.249019 0.594689
v 0.096353 -0.297774 0.577477
v 0.121183 -0.334823 0.551203
v 0.161694 -0.350240 0.522908
v 0.228618 -0.364002 0.522235
v 0.273094 -0.325001 0.509268
v 0.297087 -0.269552 0.513408
v 0.294168 -0.212514 0.533545
v 0.265120 -0.169170 0.564283
v 0.217725 -0.151133 0.597385
v 0.164684 -0.163238 0.623983
v 0.120208 -0.202239 0.636950
v 0.096215 -0.257688 0.632810
v 0.099134 -0.314726 0.612673
v 0.128182 -0.358070 0.581936
v 0.175577 -0.376107 0.548833
v 0.211675 -0.354472 0.492784
v 0.256151 -0.315471 0.479818
v 0.280144 -0.260022 0.483958
v 0.277225 -0.202984 0.504094
v 0.248176 -0.159639 0.534832
v 0.200782 -0.141603 0.567935
v 0.147741 -0.153707 0.594533
v 0.103265 -0.192709 0.607499
v 0.079272 -0.248158 0.603359
v 0.082191 -0.305196 0.583223
v 0.111239 -0.348540 0.552485
v 0.158634 -0.366577 0.519382
v 0.868345 -0.992962 1.191508
v 0.833693 -0.951557 1.120246
v 0.858670 -0.986527 1.091817
v 0.892451 -1.028413 1.163397
v 0.898727 -0.999860 1.062405
v 0.932232 -1.042465 1.133238
v 0.943305 -0.987826 1.039806
v 0.977097 -1.031251 1.109139
v 0.980503 -0.953476 1.030204
v 1.015141 -0.997694 1.097725
v 1.000223 -0.905913 1.036373
v 1.036219 -0.950730 1.102096
v 0.996965 -0.857948 1.056806
v 1.034650 -0.902953 1.121010
v 0.971533 -0.822716 1.086004
v 1.010775 -0.867261 1.149340
v 0.930933 -0.809880 1.115895
v 0.970918 -0.853367 1.179528
v 0.886269 -0.822672 1.138192
v 0.925747 -0.865036 1.203526
v 0.849519 -0.857266 1.147009
v 0.887462 -0.898887 1.214775
v 0.830339 -0.904332 1.140370
v 0.866459 -0.945633 1.210283
v 0.703403 -0.817442 0.977645
v 0.628468 -0.735945 0.920380
v 0.649696 -0.738384 0.874953
v 0.719082 -0.826022 0.929511
v 0.684374 -0.722975 0.842152
v 0.751093 -0.815354 0.890537
v 0.723293 -0.693750 0.830573
v 0.790646 -0.788517 0.871313
v 0.756190 -0.658392 0.843329
v 0.827064 -0.752925 0.876822
v 0.774316 -0.626309 0.877178
v 0.850672 -0.718153 0.905251
v 0.772729 -0.606148 0.923214
v 0.855354 -0.693375 0.948750
v 0.751709 -0.603443 0.969118
v 0.840064 -0.685020 0.995773
v 0.716825 -0.619026 1.002438
v 0.808869 -0.695204 1.034146
v 0.677500 -0.648689 1.014066
v 0.769750 -0.721312 1.053911
v 0.644400 -0.684315 1.000844
v 0.732910 -0.756668 1.049541
v 0.626472 -0.716228 0.966471
v 0.708478 -0.791943 1.021681
v 0.515898 -0.607720 0.867239
v 0.422657 -0.504188 0.792305
v 0.456150 -0.480169 0.763243
v 0.544321 -0.594376 0.828381
v 0.489781 -0.444077 0.756976
v 0.579091 -0.564084 0.808517
v 0.515002 -0.405505 0.774481
v 0.610715 -0.525036 0.813167
v 0.525594 -0.374227 0.811078
v 0.630508 -0.487855 0.841038
v 0.518781 -0.358236 0.857532
v 0.633127 -0.462601 0.884439
v 0.496004 -0.361897 0.901884
v 0.618004 -0.455970 0.931550
v 0.462932 -0.384626 0.932274
v 0.589365 -0.469559 0.969757
v 0.428311 -0.420712 0.940162
v 0.554958 -0.499625 0.989030
v 0.401699 -0.460544 0.922944
v 0.523917 -0.538195 0.984431
v 0.390692 -0.493088 0.885042
v 0.504350 -0.575124 0.957209
v 0.398475 -0.509109 0.836975
v 0.501366 -0.600610 0.914409
v 0.365077 -0.442188 0.723671
v 0.282337 -0.377850 0.614230
v 0.318693 -0.343473 0.601122
v 0.401463 -0.413528 0.705383
v 0.341273 -0.297274 0.607977
v 0.427571 -0.370344 0.705726
v 0.344056 -0.251674 0.633010
v 0.435907 -0.324007 0.725250
v 0.326304 -0.218944 0.669511
v 0.423676 -0.287486 0.758896
v 0.292763 -0.207862 0.707660
v 0.394140 -0.271145 0.797214
v 0.252417 -0.221369 0.737223
v 0.355652 -0.279400 0.829457
v 0.216077 -0.255809 0.750292
v 0.318948 -0.309636 0.846892
v 0.193473 -0.301937 0.743371
v 0.293931 -0.353300 0.845146
v 0.190656 -0.347403 0.718317
v 0.286984 -0.398540 0.825098
v 0.208392 -0.380070 0.681855
v 0.299512 -0.433510 0.792314
v 0.241952 -0.391222 0.643766
v 0.327976 -0.449374 0.755372
v -0.223975 -0.349424 0.529623
v -0.261992 -0.316086 0.518540
v -0.282501 -0.268691 0.522078
v -0.280006 -0.219936 0.539291
v -0.255176 -0.182887 0.565564
v -0.214664 -0.167470 0.593860
v -0.169326 -0.177816 0.616595
v -0.131310 -0.211154 0.627678
v -0.110801 -0.258549 0.624140
v -0.113296 -0.307304 0.606927
v -0.138126 -0.344353 0.580654
v -0.178637 -0.359770 0.552358
v -0.893539 -1.035561 1.315942
v -0.925078 -1.076578 1.314386
v -0.972891 -1.096312 1.312406
v -1.024168 -1.089477 1.310532
v -1.065167 -1.057903 1.309267
v -1.084905 -1.010051 1.308949
v -1.078092 -0.958743 1.309664
v -1.046553 -0.917726 1.311220
v -0.998739 -0.897991 1.313200
v -0.947463 -0.904827 1.315074
v -0.906463 -0.936400 1.316339
v -0.886726 -0.984252 1.316657
v -0.882878 -1.039999 1.316305
v -0.918061 -1.085755 1.314569
v -0.971398 -1.107769 1.312360
v -1.028599 -1.100144 1.310270
v -1.074335 -1.064922 1.308859
v -1.096354 -1.011541 1.308504
v -1.088753 -0.954305 1.309301
v -1.053570 -0.908549 1.311037
v -1.000232 -0.886534 1.313246
v -0.943032 -0.894160 1.315336
v -0.897295 -0.929381 1.316747
v -0.875277 -0.982762 1.317102
v -0.887440 -1.039388 1.368499
v -0.921737 -1.083992 1.366806
v -0.973733 -1.105453 1.364653
v -1.029495 -1.098020 1.362615
v -1.074082 -1.063684 1.361240
v -1.095546 -1.011646 1.360894
v -1.088137 -0.955849 1.361671
v -1.053839 -0.911244 1.363363
v -1.001842 -0.889783 1.365517
v -0.946080 -0.897216 1.367555
v -0.901494 -0.931552 1.368930
v -0.880030 -0.983590 1.369276
v -0.207032 -0.339894 0.500172
v -0.245049 -0.306556 0.489089
v -0.265557 -0.259160 0.492628
v -0.263063 -0.210406 0.509840
v -0.238233 -0.173356 0.536114
v -0.197721 -0.157939 0.564409
v -0.152383 -0.168286 0.587144
v -0.114367 -0.201623 0.598228
v -0.093858 -0.249019 0.594689
v -0.096353 -0.297774 0.577477
v -0.121183 -0.334823 0.551203
v -0.161694 -0.350240 0.522908
v -0.228618 -0.364002 0.522235
v -0.273094 -0.325001 0.509268
v -0.297087 -0.269552 0.513408
v -0.294168 -0.212514 0.533545
v -0.265120 -0.169170 0.564283
v -0.217725 -0.151133 0.597385
v -0.164684 -0.163238 0.623983
v -0.120208 -0.202239 0.636950
v -0.096215 -0.257688 0.632810
v -0.099134 -0.314726 0.612673
v -0.128182 -0.358070 0.581936
v -0.175577 -0.376107 0.548833
v -0.211675 -0.354472 0.492784
v -0.256151 -0.315471 0.479818
v -0.280144 -0.260022 0.483958
v -0.277225 -0.202984 0.504094
v -0.248176 -0.159639 0.534832
v -0.200782 -0.141603 0.567935
v -0.147741 -0.153707 0.594533
v -0.103265 -0.192709 0.607499
v -0.079272 -0.248158 0.603359
v -0.082191 -0.305196 0.583223
v -0.111239 -0.348540 0.552485
v -0.158634 -0.366577 0.519382
v -0.868345 -0.992962 1.191508
v -0.833693 -0.951557 1.120246
v -0.858670 -0.986527 1.091817
v -0.892451 -1.028413 1.163397
v -0.898727 -0.999860 1.062405
v -0.932232 -1.042465 1.133238
v -0.943305 -0.987826 1.039806
v -0.977097 -1.031251 1.109139
v -0.980503 -0.953476 1.030204
v -1.015141 -0.997694 1.097725
v -1.000223 -0.905913 1.036373
v -1.036219 -0.950730 1.102096
v -0.996965 -0.857948 1.056806
v -1.034650 -0.902953 1.121010
v -0.971533 -0.822716 1.086004
v -1.010775 -0.867261 1.149340
v -0.930933 -0.809880 1.115895
v -0.970918 -0.853367 1.179528
v -0.886269 -0.822672 1.138192
v -0.925747 -0.865036 1.203526
v -0.849519 -0.857266 1.147009
v -0.887462 -0.898887 1.214775
v -0.830339 -0.904332 1.140370
v -0.866459 -0.945633 1.210283
v -0.703403 -0.817442 0.977645
v -0.628468 -0.735945 0.920380
v -0.649696 -0.738384 0.874953
v -0.719082 -0.826022 0.929511
v -0.684374 -0.722975 0.842152
v -0.751093 -0.815354 0.890537
v -0.723293 -0.693750 0.830573
v -0.790646 -0.788517 0.871313
v -0.756190 -0.658392 0.843329
v -0.827064 -0.752925 0.876822
v -0.774316 -0.626309 0.877178
v -0.850672 -0.718153 0.905251
v -0.772729 -0.606148 0.923214
v -0.855354 -0.693375 0.948750
v -0.751709 -0.603443 0.969118
v -0.840064 -0.685020 0.995773
v -0.716825 -0.619026 1.002438
v -0.808869 -0.695204 1.034146
v -0.677500 -0.648689 1.014066
v -0.769750 -0.721312 1.053911
v -0.644400 -0.684315 1.000844
v -0.732910 -0.756668 1.049541
v -0.626472 -0.716228 0.966471
v -0.708478 -0.791943 1.021681
v -0.515898 -0.607720 0.867239
v -0.422657 -0.504188 0.792305
v -0.456150 -0.480169 0.763243
v -0.544321 -0.594376 0.828381
v -0.489781 -0.444077 0.756976
v -0.579091 -0.564084 0.808517
v -0.515002 -0.405505 0.774481
v -0.610715 -0.525036 0.813167
v -0.525594 -0.374227 0.811078
v -0.630508 -0.487855 0.841038
v -0.518781 -0.358236 0.857532
v -0.633127 -0.462601 0.884439
v -0.496004 -0.361897 0.901884
v -0.618004 -0.455970 0.931550
v -0.462932 -0.384626 0.932274
v -0.589365 -0.469559 0.969757
v -0.428311 -0.420712 0.940162
v -0.554958 -0.499625 0.989030
v -0.401699 -0.460544 0.922944
v -0.523917 -0.538195 0.984431
v -0.390692 -0.493088 0.885042
v -0.504350 -0.575124 0.957209
v -0.398475 -0.509109 0.836975
v -0.501366 -0.600610 0.914409
v -0.365077 -0.442188 0.723671
v -0.282337 -0.377850 0.614230
v -0.318693 -0.343473 0.601122
v -0.401463 -0.413528 0.705383
v -0.341273 -0.297274 0.607977
v -0.427571 -0.370344 0.705726
v -0.344056 -0.251674 0.633010
v -0.435907 -0.324007 0.725250
v -0.326304 -0.218944 0.669511
v -0.423676 -0.287486 0.758896
v -0.292763 -0.207862 0.707660
v -0.394140 -0.271145 0.797214
v -0.252417 -0.221369 0.737223
v -0.355652 -0.279400 0.829457
v -0.216077 -0.255809 0.750292
v -0.318948 -0.309636 0.846892
v -0.193473 -0.301937 0.743371
v -0.293931 -0.353300 0.845146
v -0.190656 -0.347403 0.718317
v -0.286984 -0.398540 0.825098
v -0.208392 -0.380070 0.681855
v -0.299512 -0.433510 0.792314
v -0.241952 -0.391222 0.643766
v -0.327976 -0.449374 0.755372
v 0.223975 -0.349424 -0.529623
v 0.261992 -0.316086 -0.518540
v 0.282501 -0.268691 -0.522078
v 0.280006 -0.219936 -0.539291
v 0.255176 -0.182887 -0.565564
v 0.214664 -0.167470 -0.593860
v 0.169326 -0.177816 -0.616595
v 0.131310 -0.211154 -0.627678
v 0.110801 -0.258549 -0.624140
v 0.113296 -0.307304 -0.606927
v 0.138126 -0.344353 -0.580654
v 0.178637 -0.359770 -0.552358
v 0.893539 -1.035561 -1.315942
v 0.925078 -1.076578 -1.314386
v 0.972891 -1.096312 -1.312406
v 1.024168 -1.089477 -1.310532
v 1.065167 -1.057903 -1.309267
v 1.084905 -1.010051 -1.308949
v 1.078092 -0.958743 -1.309664
v 1.046553 -0.917726 -1.311220
v 0.998739 -0.897991 -1.313200
v 0.947463 -0.904827 -1.315074
v 0.906463 -0.936400 -1.316339
v 0.886726 -0.984252 -1.316657
v 0.882878 -1.039999 -1.316305
v 0.918061 -1.085755 -1.314569
v 0.971398 -1.107769 -1.312360
v 1.028599 -1.100144 -1.310270
v 1.074335 -1.064922 -1.308859
v 1.096354 -1.011541 -1.308504
v 1.088753 -0.954305 -1.309301
v 1.053570 -0.908549 -1.311037
v 1.000232 -0.886534 -1.313246
v 0.943032 -0.894160 -1.315336
v 0.897295 -0.929381 -1.316747
v 0.875277 -0.982762 -1.317102
v 0.887440 -1.039388 -1.368499
v 0.921737 -1.083992 -1.366806
v 0.973733 -1.105453 -1.364653
v 1.029495 -1.098020 -1.362615
v 1.074082 -1.063684 -1.361240
v 1.095546 -1.011646 -1.360894
v 1.088137 -0.955849 -1.361671
v 1.053839 -0.911244 -1.363363
v 1.001842 -0.889783 -1.365517
v 0.946080 -0.897216 -1.367555
v 0.901494 -0.931552 -1.368930
v 0.880030 -0.983590 -1.369276
v 0.207032 -0.339894 -0.500172
v 0.245049 -0.306556 -0.489089
v 0.265557 -0.259160 -0.492628
v 0.263063 -0.210406 -0.509840
v 0.238233 -0.173356 -0.536114
v 0.197721 -0.157939 -0.564409
v 0.152383 -0.168286 -0.587144
v 0.114367 -0.201623 -0.598228
v 0.093858 -0.249019 -0.594689
v 0.096353 -0.297774 -0.577477
v 0.121183 -0.334823 -0.551203
v 0.161694 -0.350240 -0.522908
v 0.228618 -0.364002 -0.522235
v 0.273094 -0.325001 -0.509268
v 0.297087 -0.269552 -0.513408
v 0.294168 -0.212514 -0.533545
v 0.265120 -0.169170 -0.564283
v 0.217725 -0.151133 -0.597385
v 0.164684 -0.163238 -0.623983
v 0.120208 -0.202239 -0.636950
v 0.096215 -0.257688 -0.632810
v 0.099134 -0.314726 -0.612673
v 0.128182 -0.358070 -0.581936
v 0.175577 -0.376107 -0.548833
v 0.211675 -0.354472 -0.492784
v 0.256151 -0.315471 -0.479818
v 0.280144 -0.260022 -0.483958
v 0.277225 -0.202984 -0.504094
v 0.248176 -0.159639 -0.534832
v 0.200782 -0.141603 -0.567935
v 0.147741 -0.153707 -0.594533
v 0.103265 -0.192709 -0.607499
v 0.079272 -0.248158 -0.603359
v 0.082191 -0.305196 -0.583223
v 0.111239 -0.348540 -0.552485
v 0.158634 -0.366577 -0.519382
v 0.868345 -0.992962 -1.191508
v 0.833693 -0.951557 -1.120246
v 0.858670 -0.986527 -1.091817
v 0.892451 -1.028413 -1.163397
v 0.898727 -0.999860 -1.062405
v 0.932232 -1.042465 -1.133238
v 0.943305 -0.987826 -1.039806
v 0.977097 -1.031251 -1.109139
v 0.980503 -0.953476 -1.030204
v 1.015141 -0.997694 -1.097725
v 1.000223 -0.905913 -1.036373
v 1.036219 -0.950730 -1.102096
v 0.996965 -0.857948 -1.056806
v 1.034650 -0.902953 -1.121010
v 0.971533 -0.822716 -1.086004
v 1.010775 -0.867261 -1.149340
v 0.930933 -0.809880 -1.115895
v 0.970918 -0.853367 -1.179528
v 0.886269 -0.822672 -1.138192
v 0.925747 -0.865036 -1.203526
v 0.849519 -0.857266 -1.147009
v 0.887462 -0.898887 -1.214775
v 0.830339 -0.904332 -1.140370
v 0.866459 -0.945633 -1.210283
v 0.703403 -0.817442 -0.977645
v 0.628468 -0.735945 -0.920380
v 0.649696 -0.738384 -0.874953
v 0.719082 -0.826022 -0.929511
v 0.684374 -0.722975 -0.842152
v 0.751093 -0.815354 -0.890537
v 0.723293 -0.693750 -0.830573
v 0.790646 -0.788517 -0.871313
v 0.756190 -0.658392 -0.843329
v 0.827064 -0.752925 -0.876822
v 0.774316 -0.626309 -0.877178
v 0.850672 -0.718153 -0.905251
v 0.772729 -0.606148 -0.923214
v 0.855354 -0.693375 -0.948750
v 0.751709 -0.603443 -0.969118
v 0.840064 -0.685020 -0.995773
v 0.716825 -0.619026 -1.002438
v 0.808869 -0.695204 -1.034146
v 0.677500 -0.648689 -1.014066
v 0.769750 -0.721312 -1.053911
v 0.644400 -0.684315 -1.000844
v 0.732910 -0.756668 -1.049541
v 0.626472 -0.716228 -0.966471
v 0.708478 -0.791943 -1.021681
v 0.515898 -0.607720 -0.867239
v 0.422657 -0.504188 -0.792305
v 0.456150 -0.480169 -0.763243
v 0.544321 -0.594376 -0.828381
v 0.489781 -0.444077 -0.756976
v 0.579091 -0.564084 -0.808517
v 0.515002 -0.405505 -0.774481
v 0.610715 -0.525036 -0.813167
v 0.525594 -0.374227 -0.811078
v 0.630508 -0.487855 -0.841038
v 0.518781 -0.358236 -0.857532
v 0.633127 -0.462601 -0.884439
v 0.496004 -0.361897 -0.901884
v 0.618004 -0.455970 -0.931550
v 0.462932 -0.384626 -0.932274
v 0.589365 -0.469559 -0.969757
v 0.428311 -0.420712 -0.940162
v 0.554958 -0.499625 -0.989030
v 0.401699 -0.460544 -0.922944
v 0.523917 -0.538195 -0.984431
v 0.390692 -0.493088 -0.885042
v 0.504350 -0.575124 -0.957209
v 0.398475 -0.509109 -0.836975
v 0.501366 -0.600610 -0.914409
v 0.365077 -0.442188 -0.723671
v 0.282337 -0.377850 -0.614230
v 0.318693 -0.343473 -0.601122
v 0.401463 -0.413528 -0.705383
v 0.341273 -0.297274 -0.607977
v 0.427571 -0.370344 -0.705726
v 0.344056 -0.251674 -0.633010
v 0.435907 -0.324007 -0.725250
v 0.326304 -0.218944 -0.669511
v 0.423676 -0.287486 -0.758896
v 0.292763 -0.207862 -0.707660
v 0.394140 -0.271145 -0.797214
v 0.252417 -0.221369 -0.737223
v 0.355652 -0.279400 -0.829457
v 0.216077 -0.255809 -0.750292
v 0.318948 -0.309636 -0.846892
v 0.193473 -0.301937 -0.743371
v 0.293931 -0.353300 -0.845146
v 0.190656 -0.347403 -0.718317
v 0.286984 -0.398540 -0.825098
v 0.208392 -0.380070 -0.681855
v 0.299512 -0.433510 -0.792314
v 0.241952 -0.391222 -0.643766
v 0.327976 -0.449374 -0.755372
v -0.223975 -0.349424 -0.529623
v -0.261992 -0.316086 -0.518540
v -0.282501 -0.268691 -0.522078
v -0.280006 -0.219936 -0.539291
v -0.255176 -0.182887 -0.565564
v -0.214664 -0.167470 -0.593860
v -0.169326 -0.177816 -0.616595
v -0.131310 -0.211154 -0.627678
v -0.110801 -0.258549 -0.624140
v -0.113296 -0.307304 -0.606927
v -0.138126 -0.344353 -0.580654
v -0.178637 -0.359770 -0.552358
v -0.893539 -1.035561 -1.315942
v -0.925078 -1.076578 -1.314386
v -0.972891 -1.096312 -1.312406
v -1.024168 -1.089477 -1.310532
v -1.065167 -1.057903 -1.309267
v -1.084905 -1.010051 -1.308949
v -1.078092 -0.958743 -1.309664
v -1.046553 -0.917726 -1.311220
v -0.998739 -0.897991 -1.313200
v -0.947463 -0.904827 -1.315074
v -0.906463 -0.936400 -1.316339
v -0.886726 -0.984252 -1.316657
v -0.882878 -1.039999 -1.316305
v -0.918061 -1.085755 -1.314569
v -0.971398 -1.107769 -1.312360
v -1.028599 -1.100144 -1.310270
v -1.074335 -1.064922 -1.308859
v -1.096354 -1.011541 -1.308504
v -1.088753 -0.954305 -1.309301
v -1.053570 -0.908549 -1.311037
v -1.000232 -0.886534 -1.313246
v -0.943032 -0.894160 -1.315336
v -0.897295 -0.929381 -1.316747
v -0.875277 -0.982762 -1.317102
v -0.887440 -1.039388 -1.368499
v -0.921737 -1.083992 -1.366806
v -0.973733 -1.105453 -1.364653
v -1.029495 -1.098020 -1.362615
v -1.074082 -1.063684 -1.361240
v -1.095546 -1.011646 -1.360894
v -1.088137 -0.955849 -1.361671
v -1.053839 -0.911244 -1.363363
v -1.001842 -0.889783 -1.365517
v -0.946080 -0.897216 -1.367555
v -0.901494 -0.931552 -1.368930
v -0.880030 -0.983590 -1.369276
v -0.207032 -0.339894 -0.500172
v -0.245049 -0.306556 -0.489089
v -0.265557 -0.259160 -0.492628
v -0.263063 -0.210406 -0.509840
v -0.238233 -0.173356 -0.536114
v -0.197721 -0.157939 -0.564409
v -0.152383 -0.168286 -0.587144
v -0.114367 -0.201623 -0.598228
v -0.093858 -0.249019 -0.594689
v -0.096353 -0.297774 -0.577477
v -0.121183 -0.334823 -0.551203
v -0.161694 -0.350240 -0.522908
v -0.228618 -0.364002 -0.522235
v -0.273094 -0.325001 -0.509268
v -0.297087 -0.269552 -0.513408
v -0.294168 -0.212514 -0.533545
v -0.265120 -0.169170 -0.564283
v -0.217725 -0.151133 -0.597385
v -0.164684 -0.163238 -0.623983
v -0.120208 -0.202239 -0.636950
v -0.096215 -0.257688 -0.632810
v -0.099134 -0.314726 -0.612673
v -0.128182 -0.358070 -0.581936
v -0.175577 -0.376107 -0.548833
v -0.211675 -0.354472 -0.492784
v -0.256151 -0.315471 -0.479818
v -0.280144 -0.260022 -0.483958
v -0.277225 -0.202984 -0.504094
v -0.248176 -0.159639 -0.534832
v -0.200782 -0.141603 -0.567935
v -0.147741 -0.153707 -0.594533
v -0.103265 -0.192709 -0.607499
v -0.079272 -0.248158 -0.603359
v -0.082191 -0.305196 -0.583223
v -0.111239 -0.348540 -0.552485
v -0.158634 -0.366577 -0.519382
v -0.868345 -0.992962 -1.191508
v -0.833693 -0.951557 -1.120246
v -0.858670 -0.986527 -1.091817
v -0.892451 -1.028413 -1.163397
v -0.898727 -0.999860 -1.062405
v -0.932232 -1.042465 -1.133238
v -0.943305 -0.987826 -1.039806
v -0.977097 -1.031251 -1.109139
v -0.980503 -0.953476 -1.030204
v -1.015141 -0.997694 -1.097725
v -1.000223 -0.905913 -1.036373
v -1.036219 -0.950730 -1.102096
v -0.996965 -0.857948 -1.056806
v -1.034650 -0.902953 -1.121010
v -0.971533 -0.822716 -1.086004
v -1.010775 -0.867261 -1.149340
v -0.930933 -0.809880 -1.115895
v -0.970918 -0.853367 -1.179528
v -0.886269 -0.822672 -1.138192
v -0.925747 -0.865036 -1.203526
v -0.849519 -0.857266 -1.147009
v -0.887462 -0.898887 -1.214775
v -0.830339 -0.904332 -1.140370
v -0.866459 -0.945633 -1.210283
v -0.703403 -0.817442 -0.977645
v -0.628468 -0.735945 -0.920380
v -0.649696 -0.738384 -0.874953
v -0.719082 -0.826022 -0.929511
v -0.684374 -0.722975 -0.842152
v -0.751093 -0.815354 -0.890537
v -0.723293 -0.693750 -0.830573
v -0.790646 -0.788517 -0.871313
v -0.756190 -0.658392 -0.843329
v -0.827064 -0.752925 -0.876822
v -0.774316 -0.626309 -0.877178
v -0.850672 -0.718153 -0.905251
v -0.772729 -0.606148 -0.923214
v -0.855354 -0.693375 -0.948750
v -0.751709 -0.603443 -0.969118
v -0.840064 -0.685020 -0.995773
v -0.716825 -0.619026 -1.002438
v -0.808869 -0.695204 -1.034146
v -0.677500 -0.648689 -1.014066
v -0.769750 -0.721312 -1.053911
v -0.644400 -0.684315 -1.000844
v -0.732910 -0.756668 -1.049541
v -0.626472 -0.716228 -0.966471
v -0.708478 -0.791943 -1.021681
v -0.515898 -0.607720 -0.867239
v -0.422657 -0.504188 -0.792305
v -0.456150 -0.480169 -0.763243
v -0.544321 -0.594376 -0.828381
v -0.489781 -0.444077 -0.756976
v -0.579091 -0.564084 -0.808517
v -0.515002 -0.405505 -0.774481
v -0.610715 -0.525036 -0.813167
v -0.525594 -0.374227 -0.811078
v -0.630508 -0.487855 -0.841038
v -0.518781 -0.358236 -0.857532
v -0.633127 -0.462601 -0.884439
v -0.496004 -0.361897 -0.901884
v -0.618004 -0.455970 -0.931550
v -0.462932 -0.384626 -0.932274
v -0.589365 -0.469559 -0.969757
v -0.428311 -0.420712 -0.940162
v -0.554958 -0.499625 -0.989030
v -0.401699 -0.460544 -0.922944
v -0.523917 -0.538195 -0.984431
v -0.390692 -0.493088 -0.885042
v -0.504350 -0.575124 -0.957209
v -0.398475 -0.509109 -0.836975
v -0.501366 -0.600610 -0.914409
v -0.365077 -0.442188 -0.723671
v -0.282337 -0.377850 -0.614230
v -0.318693 -0.343473 -0.601122
v -0.401463 -0.413528 -0.705383
v -0.341273 -0.297274 -0.607977
v -0.427571 -0.370344 -0.705726
v -0.344056 -0.251674 -0.633010
v -0.435907 -0.324007 -0.725250
v -0.326304 -0.218944 -0.669511
v -0.423676 -0.287486 -0.758896
v -0.292763 -0.207862 -0.707660
v -0.394140 -0.271145 -0.797214
v -0.252417 -0.221369 -0.737223
v -0.355652 -0.279400 -0.829457
v -0.216077 -0.255809 -0.750292
v -0.318948 -0.309636 -0.846892
v -0.193473 -0.301937 -0.743371
v -0.293931 -0.353300 -0.845146
v -0.190656 -0.347403 -0.718317
v -0.286984 -0.398540 -0.825098
v -0.208392 -0.380070 -0.681855
v -0.299512 -0.433510 -0.792314
v -0.241952 -0.391222 -0.643766
v -0.327976 -0.449374 -0.755372
v 0.223975 0.349424 0.529623
v 0.261992 0.316086 0.518540
v 0.282501 0.268691 0.522078
v 0.280006 0.219936 0.539291
v 0.255176 0.182887 0.565564
v 0.214664 0.167470 0.593860
v 0.169326 0.177816 0.616595
v 0.131310 0.211154 0.627678
v 0.110801 0.258549 0.624140
v 0.113296 0.307304 0.606927
v 0.138126 0.344353 0.580654
v 0.178637 0.359770 0.552358
v 0.893539 1.035561 1.315942
v 0.925078 1.076578 1.314386
v 0.972891 1.096312 1.312406
v 1.024168 1.089477 1.310532
v 1.065167 1.057903 1.309267
v 1.084905 1.010051 1.308949
v 1.078092 0.958743 1.309664
v 1.046553 0.917726 1.311220
v 0.998739 0.897991 1.313200
v 0.947463 0.904827 1.315074
v 0.906463 0.936400 1.316339
v 0.886726 0.984252 1.316657
v 0.882878 1.039999 1.316305
v 0.918061 1.085755 1.314569
v 0.971398 1.107769 1.312360
v 1.028599 1.100144 1.310270
v 1.074335 1.064922 1.308859
v 1.096354 1.011541 1.308504
v 1.088753 0.954305 1.309301
v 1.053570 0.908549 1.311037
v 1.000232 0.886534 1.313246
v 0.943032 0.894160 1.315336
v 0.897295 0.929381 1.316747
v 0.875277 0.982762 1.317102
v 0.887440 1.039388 1.368499
v 0.921737 1.083992 1.366806
v 0.973733 1.105453 1.364653
v 1.029495 1.098020 1.362615
v 1.074082 1.063684 1.361240
v 1.095546 1.011646 1.360894
v 1.088137 0.955849 1.361671
v 1.053839 0.911244 1.363363
v 1.001842 0.889783 1.365517
v 0.946080 0.897216 1.367555
v 0.901494 0.931552 1.368930
v 0.880030 0.983590 1.369276
v 0.207032 0.339894 0.500172
v 0.245049 0.306556 0.489089
v 0.265557 0.259160 0.492628
v 0.263063 0.210406 0.509840
v 0.238233 0.173356 0.536114
v 0.197721 0.157939 0.564409
v 0.152383 0.168286 0.587144
v 0.114367 0.201623 0.598228
v 0.093858 0.249019 0.594689
v 0.096353 0.297774 0.577477
v 0.121183 0.334823 0.551203
v 0.161694 0.350240 0.522908
v 0.228618 0.364002 0.522235
v 0.273094 0.325001 0.509268
v 0.297087 0.269552 0.513408
v 0.294168 0.212514 0.533545
v 0.265120 0.169170 0.564283
v 0.217725 0.151133 0.597385
v 0.164684 0.163238 0.623983
v 0.120208 0.202239 0.636950
v 0.096215 0.257688 0.632810
v 0.099134 0.314726 0.612673
v 0.128182 0.358070 0.581936
v 0.175577 0.376107 0.548833
v 0.211675 0.354472 0.492784
v 0.256151 0.315471 0.479818
v 0.280144 0.260022 0.483958
v 0.277225 0.202984 0.504094
v 0.248176 0.159639 0.534832
v 0.200782 0.141603 0.567935
v 0.147741 0.153707 0.594533
v 0.103265 0.192709 0.607499
v 0.079272 0.248158 0.603359
v 0.082191 0.305196 0.583223
v 0.111239 0.348540 0.552485
v 0.158634 0.366577 0.519382
v 0.868345 0.992962 1.191508
v 0.833693 0.951557 1.120246
v 0.858670 0.986527 1.091817
v 0.892451 1.028413 1.163397
v 0.898727 0.999860 1.062405
v 0.932232 1.042465 1.133238
v 0.943305 0.987826 1.039806
v 0.977097 1.031251 1.109139
v 0.980503 0.953476 1.030204
v 1.015141 0.997694 1.097725
v 1.000223 0.905913 1.036373
v 1.036219 0.950730 1.102096
v 0.996965 0.857948 1.056806
v 1.034650 0.902953 1.121010
v 0.971533 0.822716 1.086004
v 1.010775 0.867261 1.149340
v 0.930933 0.809880 1.115895
v 0.970918 0.853367 1.179528
v 0.886269 0.822672 1.138192
v 0.925747 0.865036 1.203526
v 0.849519 0.857266 1.147009
v 0.887462 0.898887 1.214775
v 0.830339 0.904332 1.140370
v 0.866459 0.945633 1.210283
v 0.703403 0.817442 0.977645
v 0.628468 0.735945 0.920380
v 0.649696 0.738384 0.874953
v 0.719082 0.826022 0.929511
v 0.684374 0.722975 0.842152
v 0.751093 0.815354 0.890537
v 0.723293 0.693750 0.830573
v 0.790646 0.788517 0.871313
v 0.756190 0.658392 0.843329
v 0.827064 0.752925 0.876822
v 0.774316 0.626309 0.877178
v 0.850672 0.718153 0.905251
v 0.772729 0.606148 0.923214
v 0.855354 0.693375 0.948750
v 0.751709 0.603443 0.969118
v 0.840064 0.685020 0.995773
v 0.716825 0.619026 1.002438
v 0.808869 0.695204 1.034146
v 0.677500 0.648689 1.014066
v 0.769750 0.721312 1.053911
v 0.644400 0.684315 1.000844
v 0.732910 0.756668 1.049541
v 0.626472 0.716228 0.966471
v 0.708478 0.791943 1.021681
v 0.515898 0.607720 0.867239
v 0.422657 0.504188 0.792305
v 0.456150 0.480169 0.763243
v 0.544321 0.594376 0.828381
v 0.489781 0.444077 0.756976
v 0.579091 0.564084 0.808517
v 0.515002 0.405505 0.774481
v 0.610715 0.525036 0.813167
v 0.525594 0.374227 0.811078
v 0.630508 0.487855 0.841038
v 0.518781 0.358236 0.857532
v 0.633127 0.462601 0.884439
v 0.496004 0.361897 0.901884
v 0.618004 0.455970 0.931550
v 0.462932 0.384626 0.932274
v 0.589365 0.469559 0.969757
v 0.428311 0.420712 0.940162
v 0.554958 0.499625 0.989030
v 0.401699 0.460544 0.922944
v 0.523917 0.538195 0.984431
v 0.390692 0.493088 0.885042
v 0.504350 0.575124 0.957209
v 0.398475 0.509109 0.836975
v 0.501366 0.600610 0.914409
v 0.365077 0.442188 0.723671
v 0.282337 0.377850 0.614230
v 0.318693 0.343473 0.601122
v 0.401463 0.413528 0.705383
v 0.341273 0.297274 0.607977
v 0.427571 0.370344 0.705726
v 0.344056 0.251674 0.633010
v 0.435907 0.324007 0.725250
v 0.326304 0.218944 0.669511
v 0.423676 0.287486 0.758896
v 0.292763 0.207862 0.707660
v 0.394140 0.271145 0.797214
v 0.252417 0.221369 0.737223
v 0.355652 0.279400 0.829457
v 0.216077 0.255809 0.750292
v 0.318948 0.309636 0.846892
v 0.193473 0.301937 0.743371
v 0.293931 0.353300 0.845146
v 0.190656 0.347403 0.718317
v 0.286984 0.398540 0.825098
v 0.208392 0.380070 0.681855
v 0.299512 0.433510 0.792314
v 0.241952 0.391222 0.643766
v 0.327976 0.449374 0.755372
v -0.223975 0.349424 0.529623
v -0.261992 0.316086 0.518540
v -0.282501 0.268691 0.522078
v -0.280006 0.219936 0.539291
v -0.255176 0.182887 0.565564
v -0.214664 0.167470 0.593860
v -0.169326 0.177816 0.616595
v -0.131310 0.211154 0.627678
v -0.110801 0.258549 0.624140
v -0.113296 0.307304 0.606927
v -0.138126 0.344353 0.580654
v -0.178637 0.359770 0.552358
v -0.893539 1.035561 1.315942
v -0.925078 1.076578 1.314386
v -0.972891 1.096312 1.312406
v -1.024168 1.089477 1.310532
v -1.065167 1.057903 1.309267
v -1.084905 1.010051 1.308949
v -1.078092 0.958743 1.309664
v -1.046553 0.917726 1.311220
v -0.998739 0.897991 1.313200
v -0.947463 0.904827 1.315074
v -0.906463 0.936400 1.316339
v -0.886726 0.984252 1.316657
v -0.882878 1.039999 1.316305
v -0.918061 1.085755 1.314569
v -0.971398 1.107769 1.312360
v -1.028599 1.100144 1.310270
v -1.074335 1.064922 1.308859
v -1.096354 1.011541 1.308504
v -1.088753 0.954305 1.309301
v -1.053570 0.908549 1.311037
v -1.000232 0.886534 1.313246
v -0.943032 0.894160 1.315336
v -0.897295 0.929381 1.316747
v -0.875277 0.982762 1.317102
v -0.887440 1.039388 1.368499
v -0.921737 1.083992 1.366806
v -0.973733 1.105453 1.364653
v -1.029495 1.098020 1.362615
v -1.074082 1.063684 1.361240
v -1.095546 1.011646 1.360894
v -1.088137 0.955849 1.361671
v -1.053839 0.911244 1.363363
v -1.001842 0.889783 1.365517
v -0.946080 0.897216 1.367555
v -0.901494 0.931552 1.368930
v -0.880030 0.983590 1.369276
v -0.207032 0.339894 0.500172
v -0.245049 0.306556 0.489089
v -0.265557 0.259160 0.492628
v -0.263063 0.210406 0.509840
v -0.238233 0.173356 0.536114
v -0.197721 0.157939 0.564409
v -0.152383 0.168286 0.587144
v -0.114367 0.201623 0.598228
v -0.093858 0.249019 0.594689
v -0.096353 0.297774 0.577477
v -0.121183 0.334823 0.551203
v -0.161694 0.350240 0.522908
v -0.228618 0.364002 0.522235
v -0.273094 0.325001 0.509268
v -0.297087 0.269552 0.513408
v -0.294168 0.212514 0.533545
v -0.265120 0.169170 0.564283
v -0.217725 0.151133 0.597385
v -0.164684 0.163238 0.623983
v -0.120208 0.202239 0.636950
v -0.096215 0.257688 0.632810
v -0.099134 0.314726 0.612673
v -0.128182 0.358070 0.581936
v -0.175577 0.376107 0.548833
v -0.211675 0.354472 0.492784
v -0.256151 0.315471 0.479818
v -0.280144 0.260022 0.483958
v -0.277225 0.202984 0.504094
v -0.248176 0.159639 0.534832
v -0.200782 0.141603 0.567935
v -0.147741 0.153707 0.594533
v -0.103265 0.192709 0.607499
v -0.079272 0.248158 0.603359
v -0.082191 0.305196 0.583223
v -0.111239 0.348540 0.552485
v -0.158634 0.366577 0.519382
v -0.868345 0.992962 1.191508
v -0.833693 0.951557 1.120246
v -0.858670 0.986527 1.091817
v -0.892451 1.028413 1.163397
v -0.898727 0.999860 1.062405
v -0.932232 1.042465 1.133238
v -0.943305 0.987826 1.039806
v -0.977097 1.031251 1.109139
v -0.980503 0.953476 1.030204
v -1.015141 0.997694 1.097725
v -1.000223 0.905913 1.036373
v -1.036219 0.950730 1.102096
v -0.996965 0.857948 1.056806
v -1.034650 0.902953 1.121010
v -0.971533 0.822716 1.086004
v -1.010775 0.867261 1.149340
v -0.930933 0.809880 1.115895
v -0.970918 0.853367 1.179528
v -0.886269 0.822672 1.138192
v -0.925747 0.865036 1.203526
v -0.849519 0.857266 1.147009
v -0.887462 0.898887 1.214775
v -0.830339 0.904332 1.140370
v -0.866459 0.945633 1.210283
v -0.703403 0.817442 0.977645
v -0.628468 0.735945 0.920380
v -0.649696 0.738384 0.874953
v -0.719082 0.826022 0.929511
v -0.684374 0.722975 0.842152
v -0.751093 0.815354 0.890537
v -0.723293 0.693750 0.830573
v -0.790646 0.788517 0.871313
v -0.756190 0.658392 0.843329
v -0.827064 0.752925 0.876822
v -0.774316 0.626309 0.877178
v -0.850672 0.718153 0.905251
v -0.772729 0.606148 0.923214
v -0.855354 0.693375 0.948750
v -0.751709 0.603443 0.969118
v -0.840064 0.685020 0.995773
v -0.716825 0.619026 1.002438
v -0.808869 0.695204 1.034146
v -0.677500 0.648689 1.014066
v -0.769750 0.721312 1.053911
v -0.644400 0.684315 1.000844
v -0.732910 0.756668 1.049541
v -0.626472 0.716228 0.966471
v -0.708478 0.791943 1.021681
v -0.515898 0.607720 0.867239
v -0.422657 0.504188 0.792305
v -0.456150 0.480169 0.763243
v -0.544321 0.594376 0.828381
v -0.489781 0.444077 0.756976
v -0.579091 0.564084 0.808517
v -0.515002 0.405505 0.774481
v -0.610715 0.525036 0.813167
v -0.525594 0.374227 0.811078
v -0.630508 0.487855 0.841038
v -0.518781 0.358236 0.857532
v -0.633127 0.462601 0.884439
v -0.496004 0.361897 0.901884
v -0.618004 0.455970 0.931550
v -0.462932 0.384626 0.932274
v -0.589365 0.469559 0.969757
v -0.428311 0.420712 0.940162
v -0.554958 0.499625 0.989030
v -0.401699 0.460544 0.922944
v -0.523917 0.538195 0.984431
v -0.390692 0.493088 0.885042
v -0.504350 0.575124 0.957209
v -0.398475 0.509109 0.836975
v -0.501366 0.600610 0.914409
v -0.365077 0.442188 0.723671
v -0.282337 0.377850 0.614230
v -0.318693 0.343473 0.601122
v -0.401463 0.413528 0.705383
v -0.341273 0.297274 0.607977
v -0.427571 0.370344 0.705726
v -0.344056 0.251674 0.633010
v -0.435907 0.324007 0.725250
v -0.326304 0.218944 0.669511
v -0.423676 0.287486 0.758896
v -0.292763 0.207862 0.707660
v -0.394140 0.271145 0.797214
v -0.252417 0.221369 0.737223
v -0.355652 0.279400 0.829457
v -0.216077 0.255809 0.750292
v -0.318948 0.309636 0.846892
v -0.193473 0.301937 0.743371
v -0.293931 0.353300 0.845146
v -0.190656 0.347403 0.718317
v -0.286984 0.398540 0.825098
v -0.208392 0.380070 0.681855
v -0.299512 0.433510 0.792314
v -0.241952 0.391222 0.643766
v -0.327976 0.449374 0.755372
v 0.223975 0.349424 -0.529623
v 0.261992 0.316086 -0.518540
v 0.282501 0.268691 -0.522078
v 0.280006 0.219936 -0.539291
v 0.255176 0.182887 -0.565564
v 0.214664 0.167470 -0.593860
v 0.169326 0.177816 -0.616595
v 0.131310 0.211154 -0.627678
v 0.110801 0.258549 -0.624140
v 0.113296 0.307304 -0.606927
v 0.138126 0.344353 -0.580654
v 0.178637 0.359770 -0.552358
v 0.893539 1.035561 -1.315942
v 0.925078 1.076578 -1.314386
v 0.972891 1.096312 -1.312406
v 1.024168 1.089477 -1.310532
v 1.065167 1.057903 -1.309267
v 1.084905 1.010051 -1.308949
v 1.078092 0.958743 -1.309664
v 1.046553 0.917726 -1.311220
v 0.998739 0.897991 -1.313200
v 0.947463 0.904827 -1.315074
v 0.906463 0.936400 -1.316339
v 0.886726 0.984252 -1.316657
v 0.882878 1.039999 -1.316305
v 0.918061 1.085755 -1.314569
v 0.971398 1.107769 -1.312360
v 1.028599 1.100144 -1.310270
v 1.074335 1.064922 -1.308859
v 1.096354 1.011541 -1.308504
v 1.088753 0.954305 -1.309301
v 1.053570 0.908549 -1.311037
v 1.000232 0.886534 -1.313246
v 0.943032 0.894160 -1.315336
v 0.897295 0.929381 -1.316747
v 0.875277 0.982762 -1.317102
v 0.887440 1.039388 -1.368499
v 0.921737 1.083992 -1.366806
v 0.973733 1.105453 -1.364653
v 1.029495 1.098020 -1.362615
v 1.074082 1.063684 -1.361240
v 1.095546 1.011646 -1.360894
v 1.088137 0.955849 -1.361671
v 1.053839 0.911244 -1.363363
v 1.001842 0.889783 -1.365517
v 0.946080 0.897216 -1.367555
v 0.901494 0.931552 -1.368930
v 0.880030 0.983590 -1.369276
v 0.207032 0.339894 -0.500172
v 0.245049 0.306556 -0.489089
v 0.265557 0.259160 -0.492628
v 0.263063 0.210406 -0.509840
v 0.238233 0.173356 -0.536114
v 0.197721 0.157939 -0.564409
v 0.152383 0.168286 -0.587144
v 0.114367 0.201623 -0.598228
v 0.093858 0.249019 -0.594689
v 0.096353 0.297774 -0.577477
v 0.121183 0.334823 -0.551203
v 0.161694 0.350240 -0.522908
v 0.228618 0.364002 -0.522235
v 0.273094 0.325001 -0.509268
v 0.297087 0.269552 -0.513408
v 0.294168 0.212514 -0.533545
v 0.265120 0.169170 -0.564283
v 0.217725 0.151133 -0.597385
v 0.164684 0.163238 -0.623983
v 0.120208 0.202239 -0.636950
v 0.096215 0.257688 -0.632810
v 0.099134 0.314726 -0.612673
v 0.128182 0.358070 -0.581936
v 0.175577 0.376107 -0.548833
v 0.211675 0.354472 -0.492784
v 0.256151 0.315471 -0.479818
v 0.280144 0.260022 -0.483958
v 0.277225 0.202984 -0.504094
v 0.248176 0.159639 -0.534832
v 0.200782 0.141603 -0.567935
v 0.147741 0.153707 -0.594533
v 0.103265 0.192709 -0.607499
v 0.079272 0.248158 -0.603359
v 0.082191 0.305196 -0.583223
v 0.111239 0.348540 -0.552485
v 0.158634 0.366577 -0.519382
v 0.868345 0.992962 -1.191508
v 0.833693 0.951557 -1.120246
v 0.858670 0.986527 -1.091817
v 0.892451 1.028413 -1.163397
v 0.898727 0.999860 -1.062405
v 0.932232 1.042465 -1.133238
v 0.943305 0.987826 -1.039806
v 0.977097 1.031251 -1.109139
v 0.980503 0.953476 -1.030204
v 1.015141 0.997694 -1.097725
v 1.000223 0.905913 -1.036373
v 1.036219 0.950730 -1.102096
v 0.996965 0.857948 -1.056806
v 1.034650 0.902953 -1.121010
v 0.971533 0.822716 -1.086004
v 1.010775 0.867261 -1.149340
v 0.930933 0.809880 -1.115895
v 0.970918 0.853367 -1.179528
v 0.886269 0.822672 -1.138192
v 0.925747 0.865036 -1.203526
v 0.849519 0.857266 -1.147009
v 0.887462 0.898887 -1.214775
v 0.830339 0.904332 -1.140370
v 0.866459 0.945633 -1.210283
v 0.703403 0.817442 -0.977645
v 0.628468 0.735945 -0.920380
v 0.649696 0.738384 -0.874953
v 0.719082 0.826022 -0.929511
v 0.684374 0.722975 -0.842152
v 0.751093 0.815354 -0.890537
v 0.723293 0.693750 -0.830573
v 0.790646 0.788517 -0.871313
v 0.756190 0.658392 -0.843329
v 0.827064 0.752925 -0.876822
v 0.774316 0.626309 -0.877178
v 0.850672 0.718153 -0.905251
v 0.772729 0.606148 -0.923214
v 0.855354 0.693375 -0.948750
v 0.751709 0.603443 -0.969118
v 0.840064 0.685020 -0.995773
v 0.716825 0.619026 -1.002438
v 0.808869 0.695204 -1.034146
v 0.677500 0.648689 -1.014066
v 0.769750 0.721312 -1.053911
v 0.644400 0.684315 -1.000844
v 0.732910 0.756668 -1.049541
v 0.626472 0.716228 -0.966471
v 0.708478 0.791943 -1.021681
v 0.515898 0.607720 -0.867239
v 0.422657 0.504188 -0.792305
v 0.456150 0.480169 -0.763243
v 0.544321 0.594376 -0.828381
v 0.489781 0.444077 -0.756976
v 0.579091 0.564084 -0.808517
v 0.515002 0.405505 -0.774481
v 0.610715 0.525036 -0.813167
v 0.525594 0.374227 -0.811078
v 0.630508 0.487855 -0.841038
v 0.518781 0.358236 -0.857532
v 0.633127 0.462601 -0.884439
v 0.496004 0.361897 -0.901884
v 0.618004 0.455970 -0.931550
v 0.462932 0.384626 -0.932274
v 0.589365 0.469559 -0.969757
v 0.428311 0.420712 -0.940162
v 0.554958 0.499625 -0.989030
v 0.401699 0.460544 -0.922944
v 0.523917 0.538195 -0.984431
v 0.390692 0.493088 -0.885042
v 0.504350 0.575124 -0.957209
v 0.398475 0.509109 -0.836975
v 0.501366 0.600610 -0.914409
v 0.365077 0.442188 -0.723671
v 0.282337 0.377850 -0.614230
v 0.318693 0.343473 -0.601122
v 0.401463 0.413528 -0.705383
v 0.341273 0.297274 -0.607977
v 0.427571 0.370344 -0.705726
v 0.344056 0.251674 -0.633010
v 0.435907 0.324007 -0.725250
v 0.326304 0.218944 -0.669511
v 0.423676 0.287486 -0.758896
v 0.292763 0.207862 -0.707660
v 0.394140 0.271145 -0.797214
v 0.252417 0.221369 -0.737223
v 0.355652 0.279400 -0.829457
v 0.216077 0.255809 -0.750292
v 0.318948 0.309636 -0.846892
v 0.193473 0.301937 -0.743371
v 0.293931 0.353300 -0.845146
v 0.190656 0.347403 -0.718317
v 0.286984 0.398540 -0.825098
v 0.208392 0.380070 -0.681855
v 0.299512 0.433510 -0.792314
v 0.241952 0.391222 -0.643766
v 0.327976 0.449374 -0.755372
v -0.223975 0.349424 -0.529623
v -0.261992 0.316086 -0.518540
v -0.282501 0.268691 -0.522078
v -0.280006 0.219936 -0.539291
v -0.255176 0.182887 -0.565564
v -0.214664 0.167470 -0.593860
v -0.169326 0.177816 -0.616595
v -0.131310 0.211154 -0.627678
v -0.110801 0.258549 -0.624140
v -0.113296 0.307304 -0.606927
v -0.138126 0.344353 -0.580654
v -0.178637 0.359770 -0.552358
v -0.893539 1.035561 -1.315942
v -0.925078 1.076578 -1.314386
v -0.972891 1.096312 -1.312406
v -1.024168 1.089477 -1.310532
v -1.065167 1.057903 -1.309267
v -1.084905 1.010051 -1.308949
v -1.078092 0.958743 -1.309664
v -1.046553 0.917726 -1.311220
v -0.998739 0.897991 -1.313200
v -0.947463 0.904827 -1.315074
v -0.906463 0.936400 -1.316339
v -0.886726 0.984252 -1.316657
v -0.882878 1.039999 -1.316305
v -0.918061 1.085755 -1.314569
v -0.971398 1.107769 -1.312360
v -1.028599 1.100144 -1.310270
v -1.074335 1.064922 -1.308859
v -1.096354 1.011541 -1.308504
v -1.088753 0.954305 -1.309301
v -1.053570 0.908549 -1.311037
v -1.000232 0.886534 -1.313246
v -0.943032 0.894160 -1.315336
v -0.897295 0.929381 -1.316747
v -0.875277 0.982762 -1.317102
v -0.887440 1.039388 -1.368499
v -0.921737 1.083992 -1.366806
v -0.973733 1.105453 -1.364653
v -1.029495 1.098020 -1.362615
v -1.074082 1.063684 -1.361240
v -1.095546 1.011646 -1.360894
v -1.088137 0.955849 -1.361671
v -1.053839 0.911244 -1.363363
v -1.001842 0.889783 -1.365517
v -0.946080 0.897216 -1.367555
v -0.901494 0.931552 -1.368930
v -0.880030 0.983590 -1.369276
v -0.207032 0.339894 -0.500172
v -0.245049 0.306556 -0.489089
v -0.265557 0.259160 -0.492628
v -0.263063 0.210406 -0.509840
v -0.238233 0.173356 -0.536114
v -0.197721 0.157939 -0.564409
v -0.152383 0.168286 -0.587144
v -0.114367 0.201623 -0.598228
v -0.093858 0.249019 -0.594689
v -0.096353 0.297774 -0.577477
v -0.121183 0.334823 -0.551203
v -0.161694 0.350240 -0.522908
v -0.228618 0.364002 -0.522235
v -0.273094 0.325001 -0.509268
v -0.297087 0.269552 -0.513408
v -0.294168 0.212514 -0.533545
v -0.265120 0.169170 -0.564283
v -0.217725 0.151133 -0.597385
v -0.164684 0.163238 -0.623983
v -0.120208 0.202239 -0.636950
v -0.096215 0.257688 -0.632810
v -0.099134 0.314726 -0.612673
v -0.128182 0.358070 -0.581936
v -0.175577 0.376107 -0.548833
v -0.211675 0.354472 -0.492784
v -0.256151 0.315471 -0.479818
v -0.280144 0.260022 -0.483958
v -0.277225 0.202984 -0.504094
v -0.248176 0.159639 -0.534832
v -0.200782 0.141603 -0.567935
v -0.147741 0.153707 -0.594533
v -0.103265 0.192709 -0.607499
v -0.079272 0.248158 -0.603359
v -0.082191 0.305196 -0.583223
v -0.111239 0.348540 -0.552485
v -0.158634 0.366577 -0.519382
v -0.868345 0.992962 -1.191508
v -0.833693 0.951557 -1.120246
v -0.858670 0.986527 -1.091817
v -0.892451 1.028413 -1.163397
v -0.898727 0.999860 -1.062405
v -0.932232 1.042465 -1.133238
v -0.943305 0.987826 -1.039806
v -0.977097 1.031251 -1.109139
v -0.980503 0.953476 -1.030204
v -1.015141 0.997694 -1.097725
v -1.000223 0.905913 -1.036373
v -1.036219 0.950730 -1.102096
v -0.996965 0.857948 -1.056806
v -1.034650 0.902953 -1.121010
v -0.971533 0.822716 -1.086004
v -1.010775 0.867261 -1.149340
v -0.930933 0.809880 -1.115895
v -0.970918 0.853367 -1.179528
v -0.886269 0.822672 -1.138192
v -0.925747 0.865036 -1.203526
v -0.849519 0.857266 -1.147009
v -0.887462 0.898887 -1.214775
v -0.830339 0.904332 -1.140370
v -0.866459 0.945633 -1.210283
v -0.703403 0.817442 -0.977645
v -0.628468 0.735945 -0.920380
v -0.649696 0.738384 -0.874953
v -0.719082 0.826022 -0.929511
v -0.684374 0.722975 -0.842152
v -0.751093 0.815354 -0.890537
v -0.723293 0.693750 -0.830573
v -0.790646 0.788517 -0.871313
v -0.756190 0.658392 -0.843329
v -0.827064 0.752925 -0.876822
v -0.774316 0.626309 -0.877178
v -0.850672 0.718153 -0.905251
v -0.772729 0.606148 -0.923214
v -0.855354 0.693375 -0.948750
v -0.751709 0.603443 -0.969118
v -0.840064 0.685020 -0.995773
v -0.716825 0.619026 -1.002438
v -0.808869 0.695204 -1.034146
v -0.677500 0.648689 -1.014066
v -0.769750 0.721312 -1.053911
v -0.644400 0.684315 -1.000844
v -0.732910 0.756668 -1.049541
v -0.626472 0.716228 -0.966471
v -0.708478 0.791943 -1.021681
v -0.515898 0.607720 -0.867239
v -0.422657 0.504188 -0.792305
v -0.456150 0.480169 -0.763243
v -0.544321 0.594376 -0.828381
v -0.489781 0.444077 -0.756976
v -0.579091 0.564084 -0.808517
v -0.515002 0.405505 -0.774481
v -0.610715 0.525036 -0.813167
v -0.525594 0.374227 -0.811078
v -0.630508 0.487855 -0.841038
v -0.518781 0.358236 -0.857532
v -0.633127 0.462601 -0.884439
v -0.496004 0.361897 -0.901884
v -0.618004 0.455970 -0.931550
v -0.462932 0.384626 -0.932274
v -0.589365 0.469559 -0.969757
v -0.428311 0.420712 -0.940162
v -0.554958 0.499625 -0.989030
v -0.401699 0.460544 -0.922944
v -0.523917 0.538195 -0.984431
v -0.390692 0.493088 -0.885042
v -0.504350 0.575124 -0.957209
v -0.398475 0.509109 -0.836975
v -0.501366 0.600610 -0.914409
v -0.365077 0.442188 -0.723671
v -0.282337 0.377850 -0.614230
v -0.318693 0.343473 -0.601122
v -0.401463 0.413528 -0.705383
v -0.341273 0.297274 -0.607977
v -0.427571 0.370344 -0.705726
v -0.344056 0.251674 -0.633010
v -0.435907 0.324007 -0.725250
v -0.326304 0.218944 -0.669511
v -0.423676 0.287486 -0.758896
v -0.292763 0.207862 -0.707660
v -0.394140 0.271145 -0.797214
v -0.252417 0.221369 -0.737223
v -0.355652 0.279400 -0.829457
v -0.216077 0.255809 -0.750292
v -0.318948 0.309636 -0.846892
v -0.193473 0.301937 -0.743371
v -0.293931 0.353300 -0.845146
v -0.190656 0.347403 -0.718317
v -0.286984 0.398540 -0.825098
v -0.208392 0.380070 -0.681855
v -0.299512 0.433510 -0.792314
v -0.241952 0.391222 -0.643766
v -0.327976 0.449374 -0.755372
vn 0.4801 -0.2701 0.8346
vn -0.0377 0.0089 -0.9992
vn 0.7944 -0.6071 0.0182
vn 0.9915 -0.1293 0.0150
vn 0.0377 -0.0089 0.9992
vn -0.9194 -0.3840 0.0849
vn -0.9875 0.1283 0.0920
vn -0.1270 -0.9907 0.0495
vn -0.6045 -0.7936 0.0693
vn -0.3810 0.9214 0.0762
vn 0.1311 0.9897 0.0575
vn 0.9235 0.3831 0.0222
vn 0.3850 -0.9224 0.0308
vn -0.7904 0.6062 0.0888
vn 0.6085 0.7926 0.0377
vn -0.4801 0.2701 -0.8346
vn 0.2732 -0.8580 -0.4349
vn -0.1801 -0.9615 -0.2075
vn 0.8585 -0.0507 -0.5103
vn 0.6534 -0.5247 -0.5457
vn -0.8585 0.0507 0.5103
vn -0.8335 -0.4368 0.3382
vn -0.2732 0.8580 0.4349
vn 0.1801 0.9615 0.2075
vn 0.8335 0.4368 -0.3382
vn -0.5853 -0.8073 0.0754
vn -0.6534 0.5247 0.5457
vn 0.5853 0.8073 -0.0754
vn -0.6557 -0.7405 -0.1474
vn -0.9151 -0.3841 0.1232
vn -0.8618 -0.4551 0.2239
vn -0.2103 -0.9238 -0.3199
vn -0.6434 -0.7573 -0.1124
vn -0.2827 -0.8323 -0.4767
vn 0.2708 -0.8449 -0.4614
vn 0.1466 -0.7107 -0.6880
vn 0.6784 -0.5456 -0.4920
vn 0.5391 -0.4048 -0.7386
vn 0.9132 -0.1074 -0.3932
vn 0.7984 0.0162 -0.6019
vn 0.9170 0.3551 -0.1819
vn 0.8512 0.4370 -0.2907
vn 0.6862 0.7224 0.0852
vn 0.6759 0.7278 0.1161
vn 0.2606 0.9052 0.3357
vn -0.1065 0.6790 0.7263
vn 0.3236 0.8082 0.4921
vn -0.5240 0.3755 0.7645
vn -0.2395 0.8392 0.4882
vn -0.8205 -0.0487 0.5696
vn -0.6826 0.5408 0.4916
vn -0.9329 0.0899 0.3488
vn -0.9724 0.0771 0.2202
vn -0.9013 -0.4305 0.0481
vn -0.1083 -0.9567 -0.2703
vn -0.5663 -0.8128 -0.1369
vn 0.3584 -0.8697 -0.3393
vn 0.7347 -0.5862 -0.3414
vn 0.9498 -0.1590 -0.2693
vn 0.9352 0.3332 -0.1201
vn 0.6578 0.7482 0.0868
vn 0.1732 0.9427 0.2853
vn -0.3421 0.8613 0.3757
vn -0.7604 0.5499 0.3457
vn -0.7460 -0.6652 -0.0317
vn -0.5616 -0.7551 -0.3382
vn -0.7552 -0.6423 0.1309
vn -0.5431 -0.6611 -0.5177
vn -0.2124 -0.6701 -0.7113
vn -0.2189 -0.4691 -0.8556
vn 0.1855 -0.4169 -0.8899
vn 0.1575 -0.1564 -0.9751
vn 0.5353 -0.0573 -0.8427
vn 0.4912 0.2020 -0.8473
vn 0.7513 0.3208 -0.5767
vn 0.6968 0.5150 -0.4992
vn 0.7722 0.6169 -0.1523
vn 0.7182 0.6956 -0.0149
vn 0.5875 0.7448 0.3165
vn 0.5456 0.6884 0.4779
vn 0.2490 0.6721 0.6973
vn 0.2219 0.4926 0.8415
vn -0.1556 0.4261 0.8912
vn -0.1667 0.1629 0.9724
vn -0.5274 0.0652 0.8471
vn -0.5142 -0.2093 0.8317
vn -0.7506 -0.3420 0.5654
vn -0.7379 -0.5135 0.4380
vn -0.3138 -0.7807 -0.5404
vn -0.3177 -0.5727 -0.7557
vn -0.5927 -0.7411 -0.3155
vn 0.0571 -0.5506 -0.8328
vn 0.0564 -0.2614 -0.9636
vn 0.4085 -0.1740 -0.8960
vn 0.4145 0.1208 -0.9020
vn 0.6482 0.2467 -0.7204
vn 0.6558 0.4685 -0.5920
vn 0.7160 0.6009 -0.3554
vn 0.7156 0.6875 -0.1236
vn 0.5976 0.7953 0.1018
vn 0.5834 0.7213 0.3734
vn 0.3274 0.7812 0.5316
vn 0.3014 0.5645 0.7685
vn -0.0258 0.5649 0.8248
vn -0.0528 0.2613 0.9638
vn -0.3747 0.2010 0.9051
vn -0.3908 -0.1090 0.9140
vn -0.6290 -0.2198 0.7457
vn -0.6317 -0.4526 0.6294
vn -0.7145 -0.5869 0.3807
vn -0.6959 -0.6986 0.1661
vn -0.5994 -0.7950 -0.0934
vn 0.2059 -0.8195 -0.5347
vn 0.3587 -0.5085 -0.7828
vn -0.0220 -0.8052 -0.5926
vn 0.5775 -0.4688 -0.6684
vn 0.6462 -0.0706 -0.7599
vn 0.7859 0.0103 -0.6183
vn 0.7578 0.3898 -0.5233
vn 0.7801 0.4823 -0.3987
vn 0.6586 0.7397 -0.1379
vn 0.5681 0.8200 -0.0699
vn 0.3795 0.8807 0.2834
vn 0.2093 0.9372 0.2791
vn 0.0035 0.7816 0.6237
vn -0.2032 0.8072 0.5542
vn -0.3673 0.4777 0.7981
vn -0.5616 0.4675 0.6826
vn -0.6396 0.0507 0.7670
vn -0.7745 0.0060 0.6325
vn -0.7462 -0.3910 0.5388
vn -0.7845 -0.4587 0.4173
vn -0.6576 -0.7340 0.1698
vn -0.5841 -0.8063 0.0932
vn -0.3934 -0.8863 -0.2442
vn -0.2215 -0.9411 -0.2555
vn -0.1880 -0.9620 -0.1981
vn 0.6183 -0.5122 -0.5961
vn 0.2476 -0.8539 -0.4577
vn 0.8198 -0.0313 -0.5718
vn 0.7979 0.4591 -0.3905
vn 0.5594 0.8229 -0.0991
vn 0.1714 0.9602 0.2207
vn -0.2590 0.8380 0.4802
vn -0.6172 0.4984 0.6088
vn -0.8159 0.0301 0.5774
vn -0.8011 -0.4480 0.3968
vn -0.5726 -0.8119 0.1138
vn -0.4801 -0.2701 0.8346
vn 0.0377 0.0089 -0.9992
vn -0.7944 -0.6071 0.0182
vn -0.9915 -0.1293 0.0150
vn -0.0377 -0.0089 0.9992
vn 0.9875 0.1283 0.0920
vn 0.9194 -0.3840 0.0849
vn 0.6045 -0.7936 0.0693
vn 0.1270 -0.9907 0.0495
vn -0.1311 0.9897 0.0575
vn 0.3810 0.9214 0.0762
vn -0.9235 0.3831 0.0222
vn -0.3850 -0.9224 0.0308
vn 0.7904 0.6062 0.0888
vn -0.6085 0.7926 0.0377
vn 0.4801 0.2701 -0.8346
vn -0.2732 -0.8580 -0.4349
vn 0.1801 -0.9615 -0.2075
vn -0.8585 -0.0507 -0.5103
vn -0.6534 -0.5247 -0.5457
vn 0.8335 -0.4368 0.3382
vn 0.8585 0.0507 0.5103
vn 0.2732 0.8580 0.4349
vn -0.1801 0.9615 0.2075
vn -0.8335 0.4368 -0.3382
vn 0.5853 -0.8073 0.0754
vn 0.6534 0.5247 0.5457
vn -0.5853 0.8073 -0.0754
vn 0.9151 -0.3841 0.1232
vn 0.6557 -0.7405 -0.1474
vn 0.8618 -0.4551 0.2239
vn 0.2103 -0.9238 -0.3199
vn 0.2827 -0.8323 -0.4767
vn -0.2708 -0.8449 -0.4614
vn -0.1466 -0.7107 -0.6880
vn -0.6784 -0.5456 -0.4920
vn -0.5391 -0.4048 -0.7386
vn -0.9132 -0.1074 -0.3932
vn -0.7984 0.0162 -0.6019
vn -0.9170 0.3551 -0.1819
vn -0.8512 0.4370 -0.2907
vn -0.6862 0.7224 0.0852
vn -0.6759 0.7278 0.1161
vn -0.2607 0.9052 0.3357
vn -0.3236 0.8082 0.4921
vn 0.1065 0.6790 0.7263
vn 0.2395 0.8392 0.4882
vn 0.5240 0.3755 0.7645
vn 0.6826 0.5408 0.4916
vn 0.8205 -0.0487 0.5696
vn 0.9329 0.0899 0.3488
vn 0.9724 0.0771 0.2202
vn 0.9013 -0.4305 0.0481
vn 0.6434 -0.7573 -0.1124
vn 0.1083 -0.9567 -0.2703
vn -0.3584 -0.8697 -0.3393
vn -0.7347 -0.5862 -0.3414
vn -0.9498 -0.1590 -0.2693
vn -0.9352 0.3332 -0.1201
vn -0.6578 0.7482 0.0868
vn -0.1732 0.9427 0.2853
vn 0.3421 0.8613 0.3757
vn 0.7604 0.5499 0.3457
vn 0.7460 -0.6652 -0.0317
vn 0.5616 -0.7551 -0.3382
vn 0.5431 -0.6611 -0.5177
vn 0.2124 -0.6701 -0.7113
vn 0.2189 -0.4691 -0.8556
vn -0.1855 -0.4169 -0.8899
vn -0.1575 -0.1564 -0.9751
vn -0.5353 -0.0573 -0.8427
vn -0.4912 0.2020 -0.8473
vn -0.7513 0.3208 -0.5767
vn -0.6968 0.5150 -0.4992
vn -0.7722 0.6169 -0.1523
vn -0.7182 0.6956 -0.0149
vn -0.5875 0.7448 0.3165
vn -0.5456 0.6884 0.4779
vn -0.2490 0.6721 0.6973
vn -0.2219 0.4926 0.8415
vn 0.1556 0.4261 0.8912
vn 0.1667 0.1629 0.9724
vn 0.5274 0.0652 0.8471
vn 0.5142 -0.2093 0.8317
vn 0.7506 -0.3420 0.5654
vn 0.7379 -0.5135 0.4380
vn 0.7552 -0.6423 0.1309
vn 0.3138 -0.7807 -0.5404
vn 0.3177 -0.5727 -0.7557
vn -0.0571 -0.5506 -0.8328
vn -0.0564 -0.2614 -0.9636
vn -0.4085 -0.1740 -0.8960
vn -0.4145 0.1208 -0.9020
vn -0.6482 0.2467 -0.7204
vn -0.6558 0.4685 -0.5920
vn -0.7160 0.6009 -0.3554
vn -0.7156 0.6875 -0.1236
vn -0.5976 0.7953 0.1018
vn -0.5834 0.7213 0.3734
vn -0.3274 0.7812 0.5316
vn -0.3014 0.5645 0.7685
vn 0.0258 0.5649 0.8248
vn 0.0528 0.2613 0.9638
vn 0.3747 0.2010 0.9051
vn 0.3908 -0.1090 0.9140
vn 0.6290 -0.2198 0.7457
vn 0.6317 -0.4526 0.6294
vn 0.7145 -0.5869 0.3807
vn 0.6959 -0.6986 0.1661
vn 0.5994 -0.7950 -0.0934
vn 0.5927 -0.7411 -0.3155
vn -0.2059 -0.8195 -0.5347
vn -0.3587 -0.5085 -0.7828
vn -0.5775 -0.4688 -0.6684
vn -0.6462 -0.0706 -0.7599
vn -0.7859 0.0103 -0.6183
vn -0.7578 0.3898 -0.5233
vn -0.7801 0.4823 -0.3987
vn -0.6586 0.7397 -0.1379
vn -0.5681 0.8200 -0.0699
vn -0.3795 0.8807 0.2834
vn -0.2093 0.9372 0.2791
vn -0.0035 0.7816 0.6237
vn 0.2032 0.8072 0.5542
vn 0.3673 0.4777 0.7981
vn 0.5616 0.4675 0.6826
vn 0.6396 0.0507 0.7670
vn 0.7745 0.0060 0.6325
vn 0.7462 -0.3910 0.5388
vn 0.7845 -0.4587 0.4173
vn 0.6576 -0.7340 0.1698
vn 0.5841 -0.8063 0.0932
vn 0.3934 -0.8863 -0.2442
vn 0.2215 -0.9411 -0.2555
vn 0.0220 -0.8052 -0.5926
vn 0.1880 -0.9620 -0.1981
vn -0.2476 -0.8539 -0.4577
vn -0.6183 -0.5122 -0.5961
vn -0.8198 -0.0313 -0.5718
vn -0.7979 0.4591 -0.3905
vn -0.5594 0.8229 -0.0991
vn -0.1714 0.9602 0.2207
vn 0.2590 0.8380 0.4802
vn 0.6172 0.4984 0.6088
vn 0.8159 0.0301 0.5774
vn 0.8011 -0.4480 0.3968
vn 0.5726 -0.8119 0.1138
vn 0.4801 -0.2701 -0.8346
vn -0.0377 0.0089 0.9992
vn 0.7944 -0.6071 -0.0182
vn 0.9915 -0.1293 -0.0150
vn 0.0377 -0.0089 -0.9992
vn -0.9875 0.1283 -0.0920
vn -0.9194 -0.3840 -0.0849
vn -0.6045 -0.7936 -0.0693
vn -0.1270 -0.9907 -0.0495
vn 0.1311 0.9897 -0.0575
vn -0.3810 0.9214 -0.0762
vn 0.9235 0.3831 -0.0222
vn 0.3850 -0.9224 -0.0308
vn -0.7904 0.6062 -0.0888
vn 0.6085 0.7926 -0.0377
vn -0.4801 0.2701 0.8346
vn 0.2732 -0.8580 0.4349
vn -0.1801 -0.9615 0.2075
vn 0.8585 -0.0507 0.5103
vn 0.6534 -0.5247 0.5457
vn -0.8335 -0.4368 -0.3382
vn -0.8585 0.0507 -0.5103
vn -0.2732 0.8580 -0.4349
vn 0.1801 0.9615 -0.2075
vn 0.8335 0.4368 0.3382
vn -0.5853 -0.8073 -0.0754
vn -0.6534 0.5247 -0.5457
vn 0.5853 0.8073 0.0754
vn -0.9151 -0.3841 -0.1232
vn -0.6557 -0.7405 0.1474
vn -0.8618 -0.4551 -0.2239
vn -0.2103 -0.9238 0.3199
vn -0.2827 -0.8323 0.4767
vn 0.2708 -0.8449 0.4614
vn 0.1466 -0.7107 0.6880
vn 0.6784 -0.5456 0.4920
vn 0.5391 -0.4048 0.7386
vn 0.9132 -0.1074 0.3932
vn 0.7984 0.0162 0.6019
vn 0.9170 0.3551 0.1819
vn 0.8512 0.4370 0.2907
vn 0.6862 0.7224 -0.0852
vn 0.6759 0.7278 -0.1161
vn 0.2606 0.9052 -0.3357
vn 0.3236 0.8082 -0.4921
vn -0.1065 0.6790 -0.7263
vn -0.2395 0.8392 -0.4882
vn -0.5240 0.3755 -0.7645
vn -0.6826 0.5408 -0.4916
vn -0.8205 -0.0487 -0.5696
vn -0.9329 0.0899 -0.3488
vn -0.9724 0.0771 -0.2202
vn -0.9013 -0.4305 -0.0481
vn -0.6434 -0.7573 0.1124
vn -0.1083 -0.9567 0.2703
vn 0.3584 -0.8697 0.3393
vn 0.7347 -0.5862 0.3414
vn 0.9498 -0.1590 0.2693
vn 0.9352 0.3332 0.1201
vn 0.6578 0.7482 -0.0868
vn 0.1732 0.9427 -0.2853
vn -0.3421 0.8613 -0.3757
vn -0.7604 0.5499 -0.3457
vn -0.7460 -0.6652 0.0317
vn -0.5616 -0.7551 0.3382
vn -0.5431 -0.6611 0.5177
vn -0.2124 -0.6701 0.7113
vn -0.2189 -0.4691 0.8556
vn 0.1855 -0.4169 0.8899
vn 0.1575 -0.1564 0.9751
vn 0.5353 -0.0573 0.8427
vn 0.4912 0.2020 0.8473
vn 0.7513 0.3208 0.5767
vn 0.6968 0.5150 0.4992
vn 0.7722 0.6169 0.1523
vn 0.7182 0.6956 0.0149
vn 0.5875 0.7448 -0.3165
vn 0.5456 0.6884 -0.4779
vn 0.2490 0.6721 -0.6973
vn 0.2219 0.4926 -0.8415
vn -0.1556 0.4261 -0.8912
vn -0.1667 0.1629 -0.9724
vn -0.5274 0.0652 -0.8471
vn -0.5142 -0.2093 -0.8317
vn -0.7506 -0.3420 -0.5654
vn -0.7379 -0.5135 -0.4380
vn -0.7552 -0.6423 -0.1309
vn -0.3138 -0.7807 0.5404
vn -0.3177 -0.5727 0.7557
vn 0.0571 -0.5506 0.8328
vn 0.0564 -0.2614 0.9636
vn 0.4085 -0.1740 0.8960
vn 0.4145 0.1208 0.9020
vn 0.6482 0.2467 0.7204
vn 0.6558 0.4685 0.5920
vn 0.7160 0.6009 0.3554
vn 0.7156 0.6875 0.1236
vn 0.5976 0.7953 -0.1018
vn 0.5834 0.7213 -0.3734
vn 0.3274 0.7812 -0.5316
vn 0.3014 0.5645 -0.7685
vn -0.0258 0.5649 -0.8248
vn -0.0528 0.2613 -0.9638
vn -0.3747 0.2010 -0.9051
vn -0.3908 -0.1090 -0.9140
vn -0.6290 -0.2198 -0.7457
vn -0.6317 -0.4526 -0.6294
vn -0.7145 -0.5869 -0.3807
vn -0.6959 -0.6986 -0.1661
vn -0.5994 -0.7950 0.0934
vn -0.5927 -0.7411 0.3155
vn 0.2059 -0.8195 0.5347
vn 0.3587 -0.5085 0.7828
vn 0.5775 -0.4688 0.6684
vn 0.6462 -0.0706 0.7599
vn 0.7859 0.0103 0.6183
vn 0.7578 0.3898 0.5233
vn 0.7801 0.4823 0.3987
vn 0.6586 0.7397 0.1379
vn 0.5681 0.8200 0.0699
vn 0.3795 0.8807 -0.2834
vn 0.2093 0.9372 -0.2791
vn 0.0035 0.7816 -0.6237
vn -0.2032 0.8072 -0.5542
vn -0.3673 0.4777 -0.7981
vn -0.5616 0.4675 -0.6826
vn -0.6396 0.0507 -0.7670
vn -0.7745 0.0060 -0.6325
vn -0.7462 -0.3910 -0.5388
vn -0.7845 -0.4587 -0.4173
vn -0.6576 -0.7340 -0.1698
vn -0.5841 -0.8063 -0.0932
vn -0.3934 -0.8863 0.2442
vn -0.2215 -0.9411 0.2555
vn -0.0220 -0.8052 0.5926
vn -0.1880 -0.9620 0.1981
vn 0.2476 -0.8539 0.4577
vn 0.6183 -0.5122 0.5961
vn 0.8198 -0.0313 0.5718
vn 0.7979 0.4591 0.3905
vn 0.5594 0.8229 0.0991
vn 0.1714 0.9602 -0.2207
vn -0.2590 0.8380 -0.4802
vn -0.6172 0.4984 -0.6088
vn -0.8159 0.0301 -0.5774
vn -0.8011 -0.4480 -0.3968
vn -0.5726 -0.8119 -0.1138
vn -0.4801 -0.2701 -0.8346
vn 0.0377 0.0089 0.9992
vn -0.7944 -0.6071 -0.0182
vn -0.9915 -0.1293 -0.0150
vn -0.0377 -0.0089 -0.9992
vn 0.9194 -0.3840 -0.0849
vn 0.9875 0.1283 -0.0920
vn 0.1270 -0.9907 -0.0495
vn 0.6045 -0.7936 -0.0693
vn 0.3810 0.9214 -0.0762
vn -0.1311 0.9897 -0.0575
vn -0.9235 0.3831 -0.0222
vn -0.3850 -0.9224 -0.0308
vn 0.7904 0.6062 -0.0888
vn -0.6085 0.7926 -0.0377
vn 0.4801 0.2701 0.8346
vn -0.2732 -0.8580 0.4349
vn 0.1801 -0.9615 0.2075
vn -0.8585 -0.0507 0.5103
vn -0.6534 -0.5247 0.5457
vn 0.8585 0.0507 -0.5103
vn 0.8335 -0.4368 -0.3382
vn 0.2732 0.8580 -0.4349
vn -0.1801 0.9615 -0.2075
vn -0.8335 0.4368 0.3382
vn 0.5853 -0.8073 -0.0754
vn 0.6534 0.5247 -0.5457
vn -0.5853 0.8073 0.0754
vn 0.6557 -0.7405 0.1474
vn 0.9151 -0.3841 -0.1232
vn 0.8618 -0.4551 -0.2239
vn 0.2103 -0.9238 0.3199
vn 0.6434 -0.7573 0.1124
vn 0.2827 -0.8323 0.4767
vn -0.2708 -0.8449 0.4614
vn -0.1466 -0.7107 0.6880
vn -0.6784 -0.5456 0.4920
vn -0.5391 -0.4048 0.7386
vn -0.9132 -0.1074 0.3932
vn -0.7984 0.0162 0.6019
vn -0.9170 0.3551 0.1819
vn -0.8512 0.4370 0.2907
vn -0.6862 0.7224 -0.0852
vn -0.6759 0.7278 -0.1161
vn -0.2606 0.9052 -0.3357
vn 0.1065 0.6790 -0.7263
vn -0.3236 0.8082 -0.4921
vn 0.5240 0.3755 -0.7645
vn 0.2395 0.8392 -0.4882
vn 0.8205 -0.0487 -0.5696
vn 0.6826 0.5408 -0.4916
vn 0.9329 0.0899 -0.3488
vn 0.9724 0.0771 -0.2202
vn 0.9013 -0.4305 -0.0481
vn 0.1083 -0.9567 0.2703
vn 0.5663 -0.8128 0.1369
vn -0.3584 -0.8697 0.3393
vn -0.7347 -0.5862 0.3414
vn -0.9498 -0.1590 0.2693
vn -0.9352 0.3332 0.1201
vn -0.6578 0.7482 -0.0868
vn -0.1732 0.9427 -0.2853
vn 0.3421 0.8613 -0.3757
vn 0.7604 0.5499 -0.3457
vn 0.7460 -0.6652 0.0317
vn 0.5616 -0.7551 0.3382
vn 0.7552 -0.6423 -0.1309
vn 0.5431 -0.6611 0.5177
vn 0.2124 -0.6701 0.7113
vn 0.2189 -0.4691 0.8556
vn -0.1855 -0.4169 0.8899
vn -0.1575 -0.1564 0.9751
vn -0.5353 -0.0573 0.8427
vn -0.4912 0.2020 0.8473
vn -0.7513 0.3208 0.5767
vn -0.6968 0.5150 0.4992
vn -0.7722 0.6169 0.1523
vn -0.7182 0.6956 0.0149
vn -0.5875 0.7448 -0.3165
vn -0.5456 0.6884 -0.4779
vn -0.2490 0.6721 -0.6973
vn -0.2219 0.4926 -0.8415
vn 0.1556 0.4261 -0.8912
vn 0.1667 0.1629 -0.9724
vn 0.5274 0.0652 -0.8471
vn 0.5142 -0.2093 -0.8317
vn 0.7506 -0.3420 -0.5654
vn 0.7379 -0.5135 -0.4380
vn 0.3138 -0.7807 0.5404
vn 0.3177 -0.5727 0.7557
vn 0.5927 -0.7411 0.3155
vn -0.0571 -0.5506 0.8328
vn -0.0564 -0.2614 0.9636
vn -0.4085 -0.1740 0.8960
vn -0.4145 0.1208 0.9020
vn -0.6482 0.2467 0.7204
vn -0.6558 0.4685 0.5920
vn -0.7160 0.6009 0.3554
vn -0.7156 0.6875 0.1236
vn -0.5976 0.7953 -0.1018
vn -0.5834 0.7213 -0.3734
vn -0.3274 0.7812 -0.5316
vn -0.3014 0.5645 -0.7685
vn 0.0258 0.5649 -0.8248
vn 0.0528 0.2613 -0.9638
vn 0.3747 0.2010 -0.9051
vn 0.3908 -0.1090 -0.9140
vn 0.6290 -0.2198 -0.7457
vn 0.6317 -0.4526 -0.6294
vn 0.7145 -0.5869 -0.3807
vn 0.6959 -0.6986 -0.1661
vn 0.5994 -0.7950 0.0934
vn -0.2059 -0.8195 0.5347
vn -0.3587 -0.5085 0.7828
vn 0.0220 -0.8052 0.5926
vn -0.5775 -0.4688 0.6684
vn -0.6462 -0.0706 0.7599
vn -0.7859 0.0103 0.6183
vn -0.7578 0.3898 0.5233
vn -0.7801 0.4823 0.3987
vn -0.6586 0.7397 0.1379
vn -0.5681 0.8200 0.0699
vn -0.3795 0.8807 -0.2834
vn -0.2093 0.9372 -0.2791
vn -0.0035 0.7816 -0.6237
vn 0.2032 0.8072 -0.5542
vn 0.3673 0.4777 -0.7981
vn 0.5616 0.4675 -0.6826
vn 0.6396 0.0507 -0.7670
vn 0.7745 0.0060 -0.6325
vn 0.7462 -0.3910 -0.5388
vn 0.7845 -0.4587 -0.4173
vn 0.6576 -0.7340 -0.1698
vn 0.5841 -0.8063 -0.0932
vn 0.3934 -0.8863 0.2442
vn 0.2215 -0.9411 0.2555
vn 0.1880 -0.9620 0.1981
vn -0.6183 -0.5122 0.5961
vn -0.2476 -0.8539 0.4577
vn -0.8198 -0.0313 0.5718
vn -0.7979 0.4591 0.3905
vn -0.5594 0.8229 0.0991
vn -0.1714 0.9602 -0.2207
vn 0.2590 0.8380 -0.4802
vn 0.6172 0.4984 -0.6088
vn 0.8159 0.0301 -0.5774
vn 0.8011 -0.4480 -0.3968
vn 0.5726 -0.8119 -0.1138
vn 0.7944 0.6071 0.0182
vn 0.9915 0.1293 0.0150
vn -0.9875 -0.1283 0.0920
vn -0.9194 0.3840 0.0849
vn -0.6045 0.7936 0.0693
vn -0.1270 0.9907 0.0495
vn 0.1311 -0.9897 0.0575
vn -0.3810 -0.9214 0.0762
vn 0.9235 -0.3831 0.0222
vn 0.3850 0.9224 0.0308
vn -0.7904 -0.6062 0.0888
vn 0.6085 -0.7926 0.0377
vn -0.9151 0.3841 0.1232
vn -0.6557 0.7405 -0.1474
vn -0.8618 0.4551 0.2239
vn -0.2103 0.9238 -0.3199
vn -0.2827 0.8323 -0.4767
vn 0.2708 0.8449 -0.4614
vn 0.1466 0.7107 -0.6880
vn 0.6784 0.5456 -0.4920
vn 0.5391 0.4048 -0.7386
vn 0.9132 0.1074 -0.3932
vn 0.7984 -0.0162 -0.6019
vn 0.9170 -0.3551 -0.1819
vn 0.8512 -0.4370 -0.2907
vn 0.6862 -0.7224 0.0852
vn 0.6759 -0.7278 0.1161
vn 0.2606 -0.9052 0.3357
vn 0.3236 -0.8082 0.4921
vn -0.1065 -0.6790 0.7263
vn -0.2395 -0.8392 0.4882
vn -0.5240 -0.3755 0.7645
vn -0.6826 -0.5408 0.4916
vn -0.8205 0.0487 0.5696
vn -0.9329 -0.0899 0.3488
vn -0.9724 -0.0771 0.2202
vn -0.9013 0.4305 0.0481
vn -0.6434 0.7573 -0.1124
vn -0.1083 0.9567 -0.2703
vn 0.3584 0.8697 -0.3393
vn 0.7347 0.5862 -0.3414
vn 0.9498 0.1590 -0.2693
vn 0.9352 -0.3332 -0.1201
vn 0.6578 -0.7482 0.0868
vn 0.1732 -0.9427 0.2853
vn -0.3421 -0.8613 0.3757
vn -0.7604 -0.5499 0.3457
vn -0.7460 0.6652 -0.0317
vn -0.5616 0.7551 -0.3382
vn -0.5431 0.6611 -0.5177
vn -0.2124 0.6701 -0.7113
vn -0.2189 0.4691 -0.8556
vn 0.1855 0.4169 -0.8899
vn 0.1575 0.1564 -0.9751
vn 0.5353 0.0573 -0.8427
vn 0.4912 -0.2020 -0.8473
vn 0.7513 -0.3208 -0.5767
vn 0.6968 -0.5150 -0.4992
vn 0.7722 -0.6169 -0.1523
vn 0.7182 -0.6956 -0.0149
vn 0.5875 -0.7448 0.3165
vn 0.5456 -0.6884 0.4779
vn 0.2490 -0.6721 0.6973
vn 0.2219 -0.4926 0.8415
vn -0.1556 -0.4261 0.8912
vn -0.1667 -0.1629 0.9724
vn -0.5274 -0.0652 0.8471
vn -0.5142 0.2093 0.8317
vn -0.7506 0.3420 0.5654
vn -0.7379 0.5135 0.4380
vn -0.7552 0.6423 0.1309
vn -0.3138 0.7807 -0.5404
vn -0.3177 0.5727 -0.7557
vn 0.0571 0.5506 -0.8328
vn 0.0564 0.2614 -0.9636
vn 0.4085 0.1740 -0.8960
vn 0.4145 -0.1208 -0.9020
vn 0.6482 -0.2467 -0.7204
vn 0.6558 -0.4685 -0.5920
vn 0.7160 -0.6009 -0.3554
vn 0.7156 -0.6875 -0.1236
vn 0.5976 -0.7953 0.1018
vn 0.5834 -0.7213 0.3734
vn 0.3274 -0.7812 0.5316
vn 0.3014 -0.5645 0.7685
vn -0.0258 -0.5649 0.8248
vn -0.0528 -0.2613 0.9638
vn -0.3747 -0.2010 0.9051
vn -0.3908 0.1090 0.9140
vn -0.6290 0.2198 0.7457
vn -0.6317 0.4526 0.6294
vn -0.7145 0.5869 0.3807
vn -0.6959 0.6986 0.1661
vn -0.5994 0.7950 -0.0934
vn -0.5927 0.7411 -0.3155
vn 0.2059 0.8195 -0.5347
vn 0.3587 0.5085 -0.7828
vn 0.5775 0.4688 -0.6684
vn 0.6462 0.0706 -0.7599
vn 0.7859 -0.0103 -0.6183
vn 0.7578 -0.3898 -0.5233
vn 0.7801 -0.4823 -0.3987
vn 0.6586 -0.7397 -0.1379
vn 0.5681 -0.8200 -0.0699
vn 0.3795 -0.8807 0.2834
vn 0.2093 -0.9372 0.2791
vn 0.0035 -0.7816 0.6237
vn -0.2032 -0.8072 0.5542
vn -0.3673 -0.4777 0.7981
vn -0.5616 -0.4675 0.6826
vn -0.6396 -0.0507 0.7670
vn -0.7745 -0.0060 0.6325
vn -0.7462 0.3910 0.5388
vn -0.7845 0.4587 0.4173
vn -0.6576 0.7340 0.1698
vn -0.5841 0.8063 0.0932
vn -0.3934 0.8863 -0.2442
vn -0.2215 0.9411 -0.2555
vn -0.0220 0.8052 -0.5926
vn -0.1880 0.9620 -0.1981
vn 0.2476 0.8539 -0.4577
vn 0.6183 0.5122 -0.5961
vn 0.8198 0.0313 -0.5718
vn 0.7979 -0.4591 -0.3905
vn 0.5594 -0.8229 -0.0991
vn 0.1714 -0.9602 0.2207
vn -0.2590 -0.8380 0.4802
vn -0.6172 -0.4984 0.6088
vn -0.8159 -0.0301 0.5774
vn -0.8011 0.4480 0.3968
vn -0.5726 0.8119 0.1138
vn -0.7944 0.6071 0.0182
vn -0.9915 0.1293 0.0150
vn 0.9194 0.3840 0.0849
vn 0.9875 -0.1283 0.0920
vn 0.1270 0.9907 0.0495
vn 0.6045 0.7936 0.0693
vn 0.3810 -0.9214 0.0762
vn -0.1311 -0.9897 0.0575
vn -0.9235 -0.3831 0.0222
vn -0.3850 0.9224 0.0308
vn 0.7904 -0.6062 0.0888
vn -0.6085 -0.7926 0.0377
vn 0.6557 0.7405 -0.1474
vn 0.9151 0.3841 0.1232
vn 0.8618 0.4551 0.2239
vn 0.2103 0.9238 -0.3199
vn 0.6434 0.7573 -0.1124
vn 0.2827 0.8323 -0.4767
vn -0.2708 0.8449 -0.4614
vn -0.1466 0.7107 -0.6880
vn -0.6784 0.5456 -0.4920
vn -0.5391 0.4048 -0.7386
vn -0.9132 0.1074 -0.3932
vn -0.7984 -0.0162 -0.6019
vn -0.9170 -0.3551 -0.1819
vn -0.8512 -0.4370 -0.2907
vn -0.6862 -0.7224 0.0852
vn -0.6759 -0.7278 0.1161
vn -0.2606 -0.9052 0.3357
vn 0.1065 -0.6790 0.7263
vn -0.3236 -0.8082 0.4921
vn 0.5240 -0.3755 0.7645
vn 0.2395 -0.8392 0.4882
vn 0.8205 0.0487 0.5696
vn 0.6826 -0.5408 0.4916
vn 0.9329 -0.0899 0.3488
vn 0.9724 -0.0771 0.2202
vn 0.9013 0.4305 0.0481
vn 0.1083 0.9567 -0.2703
vn 0.5663 0.8128 -0.1369
vn -0.3584 0.8697 -0.3393
vn -0.7347 0.5862 -0.3414
vn -0.9498 0.1590 -0.2693
vn -0.9352 -0.3332 -0.1201
vn -0.6578 -0.7482 0.0868
vn -0.1732 -0.9427 0.2853
vn 0.3421 -0.8613 0.3757
vn 0.7604 -0.5499 0.3457
vn 0.7460 0.6652 -0.0317
vn 0.5616 0.7551 -0.3382
vn 0.7552 0.6423 0.1309
vn 0.5431 0.6611 -0.5177
vn 0.2124 0.6701 -0.7113
vn 0.2189 0.4691 -0.8556
vn -0.1855 0.4169 -0.8899
vn -0.1575 0.1564 -0.9751
vn -0.5353 0.0573 -0.8427
vn -0.4912 -0.2020 -0.8473
vn -0.7513 -0.3208 -0.5767
vn -0.6968 -0.5150 -0.4992
vn -0.7722 -0.6169 -0.1523
vn -0.7182 -0.6956 -0.0149
vn -0.5875 -0.7448 0.3165
vn -0.5456 -0.6884 0.4779
vn -0.2490 -0.6721 0.6973
vn -0.2219 -0.4926 0.8415
vn 0.1556 -0.4261 0.8912
vn 0.1667 -0.1629 0.9724
vn 0.5274 -0.0652 0.8471
vn 0.5142 0.2093 0.8317
vn 0.7506 0.3420 0.5654
vn 0.7379 0.5135 0.4380
vn 0.3138 0.7807 -0.5404
vn 0.3177 0.5727 -0.7557
vn 0.5927 0.7411 -0.3155
vn -0.0571 0.5506 -0.8328
vn -0.0564 0.2614 -0.9636
vn -0.4085 0.1740 -0.8960
vn -0.4145 -0.1208 -0.9020
vn -0.6482 -0.2467 -0.7204
vn -0.6558 -0.4685 -0.5920
vn -0.7160 -0.6009 -0.3554
vn -0.7156 -0.6875 -0.1236
vn -0.5976 -0.7953 0.1018
vn -0.5834 -0.7213 0.3734
vn -0.3274 -0.7812 0.5316
vn -0.3014 -0.5645 0.7685
vn 0.0258 -0.5649 0.8248
vn 0.0528 -0.2613 0.9638
vn 0.3747 -0.2010 0.9051
vn 0.3908 0.1090 0.9140
vn 0.6290 0.2198 0.7457
vn 0.6317 0.4526 0.6294
vn 0.7145 0.5869 0.3807
vn 0.6959 0.6986 0.1661
vn 0.5994 0.7950 -0.0934
vn -0.2059 0.8195 -0.5347
vn -0.3587 0.5085 -0.7828
vn 0.0220 0.8052 -0.5926
vn -0.5775 0.4688 -0.6684
vn -0.6462 0.0706 -0.7599
vn -0.7859 -0.0103 -0.6183
vn -0.7578 -0.3898 -0.5233
vn -0.7801 -0.4823 -0.3987
vn -0.6586 -0.7397 -0.1379
vn -0.5681 -0.8200 -0.0699
vn -0.3795 -0.8807 0.2834
vn -0.2093 -0.9372 0.2791
vn -0.0035 -0.7816 0.6237
vn 0.2032 -0.8072 0.5542
vn 0.3673 -0.4777 0.7981
vn 0.5616 -0.4675 0.6826
vn 0.6396 -0.0507 0.7670
vn 0.7745 -0.0060 0.6325
vn 0.7462 0.3910 0.5388
vn 0.7845 0.4587 0.4173
vn 0.6576 0.7340 0.1698
vn 0.5841 0.8063 0.0932
vn 0.3934 0.8863 -0.2442
vn 0.2215 0.9411 -0.2555
vn 0.1880 0.9620 -0.1981
vn -0.6183 0.5122 -0.5961
vn -0.2476 0.8539 -0.4577
vn -0.8198 0.0313 -0.5718
vn -0.7979 -0.4591 -0.3905
vn -0.5594 -0.8229 -0.0991
vn -0.1714 -0.9602 0.2207
vn 0.2590 -0.8380 0.4802
vn 0.6172 -0.4984 0.6088
vn 0.8159 -0.0301 0.5774
vn 0.8011 0.4480 0.3968
vn 0.5726 0.8119 0.1138
vn 0.7944 0.6071 -0.0182
vn 0.9915 0.1293 -0.0150
vn -0.9194 0.3840 -0.0849
vn -0.9875 -0.1283 -0.0920
vn -0.1270 0.9907 -0.0495
vn -0.6045 0.7936 -0.0693
vn -0.3810 -0.9214 -0.0762
vn 0.1311 -0.9897 -0.0575
vn 0.9235 -0.3831 -0.0222
vn 0.3850 0.9224 -0.0308
vn -0.7904 -0.6062 -0.0888
vn 0.6085 -0.7926 -0.0377
vn -0.6557 0.7405 0.1474
vn -0.9151 0.3841 -0.1232
vn -0.8618 0.4551 -0.2239
vn -0.2103 0.9238 0.3199
vn -0.6434 0.7573 0.1124
vn -0.2827 0.8323 0.4767
vn 0.2708 0.8449 0.4614
vn 0.1466 0.7107 0.6880
vn 0.6784 0.5456 0.4920
vn 0.5391 0.4048 0.7386
vn 0.9132 0.1074 0.3932
vn 0.7984 -0.0162 0.6019
vn 0.9170 -0.3551 0.1819
vn 0.8512 -0.4370 0.2907
vn 0.6862 -0.7224 -0.0852
vn 0.6759 -0.7278 -0.1161
vn 0.2606 -0.9052 -0.3357
vn -0.1065 -0.6790 -0.7263
vn 0.3236 -0.8082 -0.4921
vn -0.5240 -0.3755 -0.7645
vn -0.2395 -0.8392 -0.4882
vn -0.8205 0.0487 -0.5696
vn -0.6826 -0.5408 -0.4916
vn -0.9329 -0.0899 -0.3488
vn -0.9724 -0.0771 -0.2202
vn -0.9013 0.4305 -0.0481
vn -0.1083 0.9567 0.2703
vn -0.5663 0.8128 0.1369
vn 0.3584 0.8697 0.3393
vn 0.7347 0.5862 0.3414
vn 0.9498 0.1590 0.2693
vn 0.9352 -0.3332 0.1201
vn 0.6578 -0.7482 -0.0868
vn 0.1732 -0.9427 -0.2853
vn -0.3421 -0.8613 -0.3757
vn -0.7604 -0.5499 -0.3457
vn -0.7460 0.6652 0.0317
vn -0.5616 0.7551 0.3382
vn -0.7552 0.6423 -0.1309
vn -0.5431 0.6611 0.5177
vn -0.2124 0.6701 0.7113
vn -0.2189 0.4691 0.8556
vn 0.1855 0.4169 0.8899
vn 0.1575 0.1564 0.9751
vn 0.5353 0.0573 0.8427
vn 0.4912 -0.2020 0.8473
vn 0.7513 -0.3208 0.5767
vn 0.6968 -0.5150 0.4992
vn 0.7722 -0.6169 0.1523
vn 0.7182 -0.6956 0.0149
vn 0.5875 -0.7448 -0.3165
vn 0.5456 -0.6884 -0.4779
vn 0.2490 -0.6721 -0.6973
vn 0.2219 -0.4926 -0.8415
vn -0.1556 -0.4261 -0.8912
vn -0.1667 -0.1629 -0.9724
vn -0.5274 -0.0652 -0.8471
vn -0.5142 0.2093 -0.8317
vn -0.7506 0.3420 -0.5654
vn -0.7379 0.5135 -0.4380
vn -0.3138 0.7807 0.5404
vn -0.3177 0.5727 0.7557
vn -0.5927 0.7411 0.3155
vn 0.0571 0.5506 0.8328
vn 0.0564 0.2614 0.9636
vn 0.4085 0.1740 0.8960
vn 0.4145 -0.1208 0.9020
vn 0.6482 -0.2467 0.7204
vn 0.6558 -0.4685 0.5920
vn 0.7160 -0.6009 0.3554
vn 0.7156 -0.6875 0.1236
vn 0.5976 -0.7953 -0.1018
vn 0.5834 -0.7213 -0.3734
vn 0.3274 -0.7812 -0.5316
vn 0.3014 -0.5645 -0.7685
vn -0.0258 -0.5649 -0.8248
vn -0.0528 -0.2613 -0.9638
vn -0.3747 -0.2010 -0.9051
vn -0.3908 0.1090 -0.9140
vn -0.6290 0.2198 -0.7457
vn -0.6317 0.4526 -0.6294
vn -0.7145 0.5869 -0.3807
vn -0.6959 0.6986 -0.1661
vn -0.5994 0.7950 0.0934
vn 0.2059 0.8195 0.5347
vn 0.3587 0.5085 0.7828
vn -0.0220 0.8052 0.5926
vn 0.5775 0.4688 0.6684
vn 0.6462 0.0706 0.7599
vn 0.7859 -0.0103 0.6183
vn 0.7578 -0.3898 0.5233
vn 0.7801 -0.4823 0.3987
vn 0.6586 -0.7397 0.1379
vn 0.5681 -0.8200 0.0699
vn 0.3795 -0.8807 -0.2834
vn 0.2093 -0.9372 -0.2791
vn 0.0035 -0.7816 -0.6237
vn -0.2032 -0.8072 -0.5542
vn -0.3673 -0.4777 -0.7981
vn -0.5616 -0.4675 -0.6826
vn -0.6396 -0.0507 -0.7670
vn -0.7745 -0.0060 -0.6325
vn -0.7462 0.3910 -0.5388
vn -0.7845 0.4587 -0.4173
vn -0.6576 0.7340 -0.1698
vn -0.5841 0.8063 -0.0932
vn -0.3934 0.8863 0.2442
vn -0.2215 0.9411 0.2555
vn -0.1880 0.9620 0.1981
vn 0.6183 0.5122 0.5961
vn 0.2476 0.8539 0.4577
vn 0.8198 0.0313 0.5718
vn 0.7979 -0.4591 0.3905
vn 0.5594 -0.8229 0.0991
vn 0.1714 -0.9602 -0.2207
vn -0.2590 -0.8380 -0.4802
vn -0.6172 -0.4984 -0.6088
vn -0.8159 -0.0301 -0.5774
vn -0.8011 0.4480 -0.3968
vn -0.5726 0.8119 -0.1138
vn -0.7944 0.6071 -0.0182
vn -0.9915 0.1293 -0.0150
vn 0.9875 -0.1283 -0.0920
vn 0.9194 0.3840 -0.0849
vn 0.6045 0.7936 -0.0693
vn 0.1270 0.9907 -0.0495
vn -0.1311 -0.9897 -0.0575
vn 0.3810 -0.9214 -0.0762
vn -0.9235 -0.3831 -0.0222
vn -0.3850 0.9224 -0.0308
vn 0.7904 -0.6062 -0.0888
vn -0.6085 -0.7926 -0.0377
vn 0.9151 0.3841 -0.1232
vn 0.6557 0.7405 0.1474
vn 0.8618 0.4551 -0.2239
vn 0.2103 0.9238 0.3199
vn 0.2827 0.8323 0.4767
vn -0.2708 0.8449 0.4614
vn -0.1466 0.7107 0.6880
vn -0.6784 0.5456 0.4920
vn -0.5391 0.4048 0.7386
vn -0.9132 0.1074 0.3932
vn -0.7984 -0.0162 0.6019
vn -0.9170 -0.3551 0.1819
vn -0.8512 -0.4370 0.2907
vn -0.6862 -0.7224 -0.0852
vn -0.6759 -0.7278 -0.1161
vn -0.2607 -0.9052 -0.3357
vn -0.3236 -0.8082 -0.4921
vn 0.1065 -0.6790 -0.7263
vn 0.2395 -0.8392 -0.4882
vn 0.5240 -0.3755 -0.7645
vn 0.6826 -0.5408 -0.4916
vn 0.8205 0.0487 -0.5696
vn 0.9329 -0.0899 -0.3488
vn 0.9724 -0.0771 -0.2202
vn 0.9013 0.4305 -0.0481
vn 0.6434 0.7573 0.1124
vn 0.1083 0.9567 0.2703
vn -0.3584 0.8697 0.3393
vn -0.7347 0.5862 0.3414
vn -0.9498 0.1590 0.2693
vn -0.9352 -0.3332 0.1201
vn -0.6578 -0.7482 -0.0868
vn -0.1732 -0.9427 -0.2853
vn 0.3421 -0.8613 -0.3757
vn 0.7604 -0.5499 -0.3457
vn 0.7460 0.6652 0.0317
vn 0.5616 0.7551 0.3382
vn 0.5431 0.6611 0.5177
vn 0.2124 0.6701 0.7113
vn 0.2189 0.4691 0.8556
vn -0.1855 0.4169 0.8899
vn -0.1575 0.1564 0.9751
vn -0.5353 0.0573 0.8427
vn -0.4912 -0.2020 0.8473
vn -0.7513 -0.3208 0.5767
vn -0.6968 -0.5150 0.4992
vn -0.7722 -0.6169 0.1523
vn -0.7182 -0.6956 0.0149
vn -0.5875 -0.7448 -0.3165
vn -0.5456 -0.6884 -0.4779
vn -0.2490 -0.6721 -0.6973
vn -0.2219 -0.4926 -0.8415
vn 0.1556 -0.4261 -0.8912
vn 0.1667 -0.1629 -0.9724
vn 0.5274 -0.0652 -0.8471
vn 0.5142 0.2093 -0.8317
vn 0.7506 0.3420 -0.5654
vn 0.7379 0.5135 -0.4380
vn 0.7552 0.6423 -0.1309
vn 0.3138 0.7807 0.5404
vn 0.3177 0.5727 0.7557
vn -0.0571 0.5506 0.8328
vn -0.0564 0.2614 0.9636
vn -0.4085 0.1740 0.8960
vn -0.4145 -0.1208 0.9020
vn -0.6482 -0.2467 0.7204
vn -0.6558 -0.4685 0.5920
vn -0.7160 -0.6009 0.3554
vn -0.7156 -0.6875 0.1236
vn -0.5976 -0.7953 -0.1018
vn -0.5834 -0.7213 -0.3734
vn -0.3274 -0.7812 -0.5316
vn -0.3014 -0.5645 -0.7685
vn 0.0258 -0.5649 -0.8248
vn 0.0528 -0.2613 -0.9638
vn 0.3747 -0.2010 -0.9051
vn 0.3908 0.1090 -0.9140
vn 0.6290 0.2198 -0.7457
vn 0.6317 0.4526 -0.6294
vn 0.7145 0.5869 -0.3807
vn 0.6959 0.6986 -0.1661
vn 0.5994 0.7950 0.0934
vn 0.5927 0.7411 0.3155
vn -0.2059 0.8195 0.5347
vn -0.3587 0.5085 0.7828
vn -0.5775 0.4688 0.6684
vn -0.6462 0.0706 0.7599
vn -0.7859 -0.0103 0.6183
vn -0.7578 -0.3898 0.5233
vn -0.7801 -0.4823 0.3987
vn -0.6586 -0.7397 0.1379
vn -0.5681 -0.8200 0.0699
vn -0.3795 -0.8807 -0.2834
vn -0.2093 -0.9372 -0.2791
vn -0.0035 -0.7816 -0.6237
vn 0.2032 -0.8072 -0.5542
vn 0.3673 -0.4777 -0.7981
vn 0.5616 -0.4675 -0.6826
vn 0.6396 -0.0507 -0.7670
vn 0.7745 -0.0060 -0.6325
vn 0.7462 0.3910 -0.5388
vn 0.7845 0.4587 -0.4173
vn 0.6576 0.7340 -0.1698
vn 0.5841 0.8063 -0.0932
vn 0.3934 0.8863 0.2442
vn 0.2215 0.9411 0.2555
vn 0.0220 0.8052 0.5926
vn 0.1880 0.9620 0.1981
vn -0.2476 0.8539 0.4577
vn -0.6183 0.5122 0.5961
vn -0.8198 0.0313 0.5718
vn -0.7979 -0.4591 0.3905
vn -0.5594 -0.8229 0.0991
vn -0.1714 -0.9602 -0.2207
vn 0.2590 -0.8380 -0.4802
vn 0.6172 -0.4984 -0.6088
vn 0.8159 -0.0301 -0.5774
vn 0.8011 0.4480 -0.3968
vn 0.5726 0.8119 -0.1138
vn 0.5663 -0.8128 -0.1369
vn -0.5663 -0.8128 0.1369
vn -0.5663 0.8128 -0.1369
vn 0.5663 0.8128 0.1369
vt 0.951654 0.622105
vt 0.953235 0.623905
vt 0.951184 0.622592
vt 0.363916 0.961762
vt 0.364643 0.959552
vt 0.364979 0.959891
vt 0.368943 0.966846
vt 0.371117 0.966101
vt 0.369065 0.967311
vt 0.370782 0.959870
vt 0.372302 0.961608
vt 0.371844 0.961734
vt 0.366696 0.958342
vt 0.366818 0.958806
vt 0.366818 0.966854
vt 0.366696 0.967319
vt 0.363916 0.963918
vt 0.364643 0.966124
vt 0.363458 0.964045
vt 0.371844 0.963891
vt 0.372302 0.964014
vt 0.368943 0.958799
vt 0.369065 0.958333
vt 0.364979 0.965782
vt 0.363458 0.961639
vt 0.370782 0.965762
vt 0.371117 0.959529
vt 0.623791 0.960225
vt 0.625694 0.958485
vt 0.625912 0.960329
vt 0.399423 0.965913
vt 0.401418 0.958333
vt 0.406869 0.963886
vt 0.632158 0.960186
vt 0.629912 0.958409
vt 0.632094 0.958333
vt 0.632094 0.964814
vt 0.629975 0.962528
vt 0.632158 0.962558
vt 0.964159 0.859415
vt 0.961708 0.857454
vt 0.963826 0.857402
vt 0.957646 0.442962
vt 0.959405 0.445445
vt 0.957326 0.445309
vt 0.623791 0.962605
vt 0.625694 0.964826
vt 0.623567 0.964838
vt 0.962033 0.861758
vt 0.962033 0.859416
vt 0.957646 0.440686
vt 0.959718 0.443157
vt 0.625912 0.962650
vt 0.963826 0.863964
vt 0.964159 0.861817
vt 0.629975 0.960216
vt 0.959405 0.439382
vt 0.959718 0.440938
vt 0.954937 0.870999
vt 0.959700 0.865800
vt 0.961444 0.872722
vt 0.961444 0.866839
vt 0.963089 0.868485
vt 0.962450 0.868682
vt 0.955944 0.872842
vt 0.957516 0.874567
vt 0.955477 0.873352
vt 0.951654 0.616229
vt 0.953235 0.614514
vt 0.953407 0.615200
vt 0.953407 0.623228
vt 0.955603 0.623969
vt 0.963089 0.871005
vt 0.962450 0.870836
vt 0.954299 0.871196
vt 0.950642 0.618064
vt 0.951184 0.615717
vt 0.961911 0.873212
vt 0.957184 0.622254
vt 0.955431 0.623283
vt 0.954937 0.868846
vt 0.954299 0.868676
vt 0.950000 0.620381
vt 0.950000 0.617864
vt 0.959669 0.497596
vt 0.958444 0.499931
vt 0.958259 0.497559
vt 0.627450 0.964749
vt 0.626203 0.966742
vt 0.625990 0.964769
vt 0.638869 0.958350
vt 0.640250 0.960281
vt 0.638784 0.960298
vt 0.952350 0.869496
vt 0.954078 0.867363
vt 0.953778 0.869476
vt 0.627372 0.962254
vt 0.625912 0.962274
vt 0.640250 0.962770
vt 0.638784 0.962786
vt 0.953778 0.871995
vt 0.952350 0.872015
vt 0.625990 0.959925
vt 0.627450 0.959906
vt 0.640336 0.965133
vt 0.638869 0.965149
vt 0.959854 0.495113
vt 0.958444 0.495076
vt 0.952650 0.874266
vt 0.954078 0.874246
vt 0.627663 0.958333
vt 0.626203 0.958353
vt 0.955603 0.614578
vt 0.955431 0.615255
vt 0.957687 0.873881
vt 0.959871 0.874516
vt 0.961911 0.866329
vt 0.957654 0.615891
vt 0.957184 0.616378
vt 0.959700 0.873837
vt 0.957687 0.865844
vt 0.959871 0.865114
vt 0.958196 0.618268
vt 0.958838 0.618102
vt 0.955477 0.866469
vt 0.957516 0.865165
vt 0.958838 0.620619
vt 0.958196 0.620419
vt 0.950642 0.620215
vt 0.955944 0.866959
vt 0.957654 0.622766
vt 0.957900 0.547446
vt 0.954476 0.549836
vt 0.956005 0.546477
vt 0.958183 0.551649
vt 0.956356 0.550799
vt 0.933223 0.452023
vt 0.935140 0.454748
vt 0.933185 0.455396
vt 0.935178 0.451429
vt 0.937255 0.454439
vt 0.950000 0.604347
vt 0.952425 0.606957
vt 0.951005 0.607866
vt 0.951492 0.603440
vt 0.954307 0.605984
vt 0.953425 0.602469
vt 0.956141 0.605208
vt 0.955274 0.601701
vt 0.957434 0.604840
vt 0.966864 0.240406
vt 0.965095 0.243096
vt 0.965088 0.239818
vt 0.968974 0.240728
vt 0.966857 0.243737
vt 0.970859 0.240709
vt 0.968998 0.244134
vt 0.953040 0.549027
vt 0.954502 0.545656
vt 0.950000 0.552612
vt 0.950900 0.554010
vt 0.952974 0.557602
vt 0.951988 0.555836
vt 0.934621 0.463599
vt 0.932637 0.463271
vt 0.936751 0.463736
vt 0.938455 0.463644
vt 0.958874 0.612909
vt 0.957484 0.614514
vt 0.959990 0.611200
vt 0.965590 0.249049
vt 0.967388 0.248715
vt 0.970933 0.244181
vt 0.969541 0.248671
vt 0.957388 0.531668
vt 0.959593 0.536523
vt 0.957500 0.536831
vt 0.959359 0.531423
vt 0.961264 0.536394
vt 0.319825 0.975140
vt 0.321735 0.979578
vt 0.319672 0.979433
vt 0.321891 0.975130
vt 0.323795 0.979163
vt 0.951709 0.587332
vt 0.952183 0.592202
vt 0.950320 0.592131
vt 0.953668 0.587517
vt 0.954239 0.592603
vt 0.955674 0.588007
vt 0.955946 0.593226
vt 0.312507 0.978004
vt 0.314113 0.981625
vt 0.312844 0.982659
vt 0.314031 0.977044
vt 0.316046 0.980934
vt 0.316059 0.976513
vt 0.318142 0.980772
vt 0.953857 0.532472
vt 0.955564 0.537235
vt 0.954316 0.537627
vt 0.955375 0.532053
vt 0.959692 0.548301
vt 0.932637 0.442849
vt 0.323546 0.988309
vt 0.321425 0.988548
vt 0.956528 0.601345
vt 0.316438 0.986472
vt 0.314776 0.987710
vt 0.967649 0.235092
vt 0.969769 0.234896
vt 0.955890 0.517876
vt 0.957508 0.524132
vt 0.955928 0.524423
vt 0.318230 0.962273
vt 0.320197 0.967593
vt 0.318210 0.967670
vt 0.320258 0.961868
vt 0.322180 0.966958
vt 0.956034 0.574104
vt 0.956073 0.580110
vt 0.954166 0.580189
vt 0.958051 0.574250
vt 0.958136 0.580459
vt 0.959953 0.574781
vt 0.959800 0.581138
vt 0.311386 0.964298
vt 0.312547 0.969434
vt 0.311238 0.970297
vt 0.313082 0.963610
vt 0.314479 0.968997
vt 0.315179 0.963427
vt 0.316523 0.969102
vt 0.950175 0.518829
vt 0.951990 0.525100
vt 0.950679 0.525305
vt 0.951920 0.518549
vt 0.953908 0.524779
vt 0.954023 0.518199
vt 0.318142 0.974615
vt 0.323795 0.974588
vt 0.957188 0.588670
vt 0.318038 0.976553
vt 0.444732 0.962543
vt 0.446528 0.968031
vt 0.444460 0.968111
vt 0.951960 0.564731
vt 0.954691 0.569912
vt 0.953495 0.570720
vt 0.953440 0.563929
vt 0.956564 0.569166
vt 0.955463 0.563243
vt 0.958603 0.568694
vt 0.957485 0.562855
vt 0.960231 0.568629
vt 0.961998 0.180521
vt 0.963685 0.186326
vt 0.962008 0.185743
vt 0.963848 0.180978
vt 0.965778 0.186410
vt 0.966002 0.180909
vt 0.967713 0.185983
vt 0.951651 0.505695
vt 0.951338 0.512219
vt 0.950000 0.511731
vt 0.953229 0.506204
vt 0.953233 0.512754
vt 0.955290 0.506757
vt 0.955191 0.513198
vt 0.442699 0.962983
vt 0.442636 0.968690
vt 0.442636 0.958431
vt 0.446784 0.958555
vt 0.444667 0.958333
vt 0.446040 0.971161
vt 0.444010 0.971700
vt 0.951404 0.560011
vt 0.950000 0.560963
vt 0.318217 0.959202
vt 0.953257 0.558953
vt 0.954416 0.574379
vt 0.955061 0.558071
vt 0.956334 0.557602
vt 0.963543 0.174916
vt 0.961722 0.174807
vt 0.962966 0.191589
vt 0.961722 0.190285
vt 0.964889 0.192216
vt 0.965689 0.174740
vt 0.967882 0.180330
vt 0.966983 0.191980
vt 0.954291 0.500000
vt 0.316314 0.958333
vt 0.317107 0.963815
vt 0.955700 0.500891
vt 0.957546 0.501948
vt 0.957283 0.507209
vt 0.623567 0.958333
vt 0.405717 0.959509
vt 0.398271 0.961535
vt 0.403722 0.967088
vt 0.957326 0.439090
vt 0.959854 0.499968
vt 0.627663 0.966722
vt 0.952650 0.867383
vt 0.937271 0.451182
vt 0.938967 0.454553
vt 0.960765 0.531377
vt 0.934704 0.442271
vt 0.956864 0.593911
vt 0.971471 0.233882
vt 0.957013 0.517666
vt 0.321958 0.961004
vt 0.961246 0.575564
vt 0.323619 0.965937
vt 0.960624 0.581963
vt 0.318142 0.969719
vt 0.446847 0.962660
vt 0.958964 0.562871
vt 0.956715 0.513437
vt 0.320131 0.958333
vt 0.967586 0.174327
vt 0.317884 0.959497
vt 0.959335 0.502888
vt 0.405717 0.965917
vt 0.401418 0.967087
vt 0.398271 0.963881
vt 0.399423 0.959505
vt 0.403722 0.958335
vt 0.406869 0.961541
vt 0.629912 0.964727
vt 0.961708 0.863851
vt 0.640336 0.958333
vt 0.960531 0.609846
vt 0.971471 0.248929
s 1
f 1/1/1 72/2/1 61/3/1
f 23/4/2 34/5/2 22/6/2
f 15/7/2 28/8/2 27/9/2
f 19/10/2 30/11/2 18/12/2
f 22/6/2 33/13/2 21/14/2
f 14/15/2 27/9/2 26/16/2
f 24/17/2 25/18/2 36/19/2
f 17/20/2 30/11/2 29/21/2
f 20/22/2 33/13/2 32/23/2
f 14/15/2 25/18/2 13/24/2
f 24/17/2 35/25/2 23/4/2
f 16/26/2 29/21/2 28/8/2
f 19/10/2 32/23/2 31/27/2
f 29/28/3 42/29/4 41/30/3
f 40/31/5 44/32/5 48/33/5
f 25/34/6 48/35/7 36/36/7
f 27/37/8 38/38/9 26/39/9
f 34/40/10 45/41/11 33/42/11
f 31/43/12 42/44/4 30/45/4
f 28/46/13 39/47/8 27/48/8
f 34/40/10 47/49/14 46/50/10
f 32/51/15 43/52/12 31/43/12
f 29/28/3 40/53/13 28/46/13
f 36/54/7 47/49/14 35/55/14
f 26/39/9 37/56/6 25/34/6
f 32/51/15 45/57/11 44/58/15
f 57/59/16 53/60/16 49/61/16
f 52/62/16 75/63/16 51/64/16
f 58/65/16 83/66/16 82/67/16
f 4/68/1 65/69/1 5/70/1
f 12/71/1 71/72/1 72/2/1
f 51/64/16 74/73/16 50/74/16
f 58/65/16 81/75/16 57/59/16
f 3/76/1 64/77/1 4/68/1
f 50/74/16 73/78/16 49/61/16
f 10/79/1 71/72/1 11/80/1
f 56/81/16 81/75/16 80/82/16
f 3/76/1 62/83/1 63/84/1
f 61/85/17 84/86/18 73/87/17
f 63/88/19 74/89/20 75/90/19
f 69/91/21 82/92/22 70/93/22
f 67/94/23 78/95/24 79/96/23
f 64/97/25 75/90/19 76/98/25
f 70/93/22 83/99/26 71/100/26
f 67/94/23 80/101/27 68/102/27
f 64/97/25 77/103/28 65/104/28
f 71/100/26 84/105/18 72/106/18
f 62/107/20 73/87/17 74/108/20
f 69/109/21 80/101/27 81/110/21
f 66/111/24 77/103/28 78/112/24
f 5/70/1 66/113/1 6/114/1
f 59/115/16 84/116/16 83/66/16
f 53/60/16 76/117/16 52/62/16
f 6/114/1 67/118/1 7/119/1
f 60/120/16 73/78/16 84/116/16
f 54/121/16 77/122/16 53/60/16
f 8/123/1 67/118/1 68/124/1
f 54/121/16 79/125/16 78/126/16
f 8/123/1 69/127/1 9/128/1
f 1/1/1 62/83/1 2/129/1
f 56/81/16 79/125/16 55/130/16
f 9/128/1 70/131/1 10/79/1
f 87/132/29 85/133/30 86/134/31
f 87/132/29 90/135/32 88/136/33
f 89/137/34 92/138/35 90/139/32
f 91/140/36 94/141/37 92/138/35
f 93/142/38 96/143/39 94/144/37
f 95/145/40 98/146/41 96/143/39
f 97/147/42 100/148/43 98/146/41
f 99/149/44 102/150/45 100/148/43
f 103/151/46 102/152/45 101/153/47
f 105/154/48 104/155/49 103/151/46
f 107/156/50 106/157/51 105/154/48
f 86/134/31 108/158/52 107/159/50
f 85/133/30 24/160/53 108/158/52
f 88/136/33 13/161/54 85/133/30
f 88/136/33 15/162/55 14/163/56
f 90/139/32 16/164/57 15/165/55
f 92/138/35 17/166/58 16/164/57
f 94/141/37 18/167/59 17/166/58
f 96/143/39 19/168/60 18/169/59
f 98/146/41 20/170/61 19/168/60
f 102/150/45 20/170/61 100/148/43
f 104/155/49 21/171/62 102/152/45
f 106/157/51 22/172/63 104/155/49
f 108/173/52 23/174/64 106/157/51
f 110/175/65 112/176/66 109/177/67
f 111/178/68 114/179/69 112/176/66
f 113/180/70 116/181/71 114/182/69
f 115/183/72 118/184/73 116/181/71
f 117/185/74 120/186/75 118/187/73
f 119/188/76 122/189/77 120/186/75
f 121/190/78 124/191/79 122/189/77
f 123/192/80 126/193/81 124/194/79
f 125/195/82 128/196/83 126/193/81
f 127/197/84 130/198/85 128/196/83
f 129/199/86 132/200/87 130/201/85
f 131/202/88 109/177/67 132/200/87
f 109/177/67 107/159/50 132/200/87
f 112/176/66 86/134/31 109/177/67
f 112/176/66 89/203/34 87/132/29
f 114/204/69 91/140/36 89/137/34
f 116/181/71 93/205/38 91/206/36
f 118/187/73 95/145/40 93/142/38
f 120/186/75 97/147/42 95/145/40
f 122/189/77 99/149/44 97/147/42
f 124/191/79 101/207/47 99/149/44
f 126/193/81 103/208/46 101/209/47
f 128/210/83 105/154/48 103/151/46
f 130/211/85 107/156/50 105/154/48
f 134/212/89 136/213/90 133/214/91
f 135/215/92 138/216/93 136/217/90
f 137/218/94 140/219/95 138/216/93
f 139/220/96 142/221/97 140/222/95
f 141/223/98 144/224/99 142/221/97
f 143/225/100 146/226/101 144/224/99
f 145/227/102 148/228/103 146/229/101
f 147/230/104 150/231/105 148/228/103
f 149/232/106 152/233/107 150/231/105
f 151/234/108 154/235/109 152/236/107
f 153/237/110 156/238/111 154/235/109
f 155/239/112 133/214/91 156/238/111
f 133/214/91 131/202/88 156/238/111
f 133/214/91 111/178/68 110/175/65
f 136/217/90 113/180/70 111/240/68
f 138/216/93 115/183/72 113/180/70
f 140/219/95 117/241/74 115/183/72
f 142/221/97 119/188/76 117/185/74
f 144/224/99 121/190/78 119/188/76
f 146/226/101 123/242/80 121/190/78
f 148/228/103 125/195/82 123/192/80
f 150/231/105 127/197/84 125/195/82
f 152/233/107 129/243/86 127/197/84
f 154/235/109 131/202/88 129/199/86
f 158/244/113 160/245/114 157/246/115
f 159/247/116 162/248/117 160/249/114
f 161/250/118 164/251/119 162/248/117
f 163/252/120 166/253/121 164/251/119
f 165/254/122 168/255/123 166/253/121
f 167/256/124 170/257/125 168/258/123
f 169/259/126 172/260/127 170/257/125
f 171/261/128 174/262/129 172/260/127
f 173/263/130 176/264/131 174/265/129
f 175/266/132 178/267/133 176/264/131
f 177/268/134 180/269/135 178/267/133
f 179/270/136 157/246/115 180/271/135
f 12/272/137 158/244/113 179/270/136
f 180/269/135 134/212/89 155/239/112
f 2/273/138 158/244/113 1/274/139
f 157/246/115 135/275/92 134/276/89
f 3/277/140 159/247/116 2/278/138
f 160/279/114 137/218/94 135/215/92
f 4/280/141 161/250/118 3/277/140
f 162/248/117 139/220/96 137/281/94
f 5/282/142 163/252/120 4/280/141
f 164/251/119 141/223/98 139/220/96
f 6/283/143 165/254/122 5/282/142
f 166/253/121 143/225/100 141/223/98
f 7/284/144 167/256/124 6/285/143
f 168/258/123 145/286/102 143/287/100
f 7/284/144 171/261/128 169/259/126
f 170/257/125 147/288/104 145/286/102
f 8/289/145 173/290/130 171/261/128
f 172/260/127 149/291/106 147/288/104
f 9/292/146 175/266/132 173/263/130
f 174/293/129 151/294/108 149/232/106
f 10/295/147 177/268/134 175/266/132
f 176/264/131 153/237/110 151/234/108
f 11/296/148 179/297/136 177/268/134
f 178/267/133 155/239/112 153/237/110
f 181/1/149 252/2/149 192/71/149
f 214/5/150 203/4/150 202/6/150
f 195/7/150 208/8/150 196/26/150
f 210/11/150 199/10/150 198/12/150
f 213/13/150 202/6/150 201/14/150
f 194/15/150 207/9/150 195/7/150
f 204/17/150 205/18/150 193/24/150
f 197/20/150 210/11/150 198/12/150
f 200/22/150 213/13/150 201/14/150
f 205/18/150 194/15/150 193/24/150
f 215/25/150 204/17/150 203/4/150
f 196/26/150 209/21/150 197/20/150
f 199/10/150 212/23/150 200/22/150
f 209/28/151 222/29/152 210/298/152
f 226/299/153 222/300/153 218/301/153
f 228/35/154 205/34/155 216/36/154
f 218/38/156 207/37/157 206/39/156
f 225/41/158 214/40/159 213/42/158
f 222/44/152 211/43/160 210/45/152
f 219/47/157 208/46/161 207/48/157
f 214/40/159 227/49/162 215/55/162
f 223/52/160 212/51/163 211/43/160
f 220/53/161 209/28/151 208/46/161
f 227/49/162 216/54/154 215/55/162
f 217/56/155 206/39/156 205/34/155
f 212/51/163 225/57/158 213/302/158
f 231/64/164 235/130/164 239/115/164
f 231/64/164 256/117/164 232/62/164
f 262/67/164 239/115/164 238/65/164
f 245/69/149 184/68/149 185/70/149
f 252/2/149 191/80/149 192/71/149
f 254/73/164 231/64/164 230/74/164
f 261/75/164 238/65/164 237/59/164
f 244/77/149 183/76/149 184/68/149
f 253/78/164 230/74/164 229/61/164
f 251/72/149 190/79/149 191/80/149
f 236/81/164 261/75/164 237/59/164
f 243/84/149 182/129/149 183/76/149
f 241/85/165 264/86/166 252/303/166
f 255/90/167 242/304/168 243/88/167
f 262/92/169 249/91/170 250/93/169
f 247/94/171 258/95/172 246/305/172
f 244/97/173 255/90/167 243/88/167
f 263/99/174 250/93/169 251/100/174
f 260/101/175 247/94/171 248/102/175
f 257/103/176 244/97/173 245/104/176
f 264/105/166 251/100/174 252/106/166
f 254/108/168 241/85/165 242/107/168
f 249/109/170 260/101/175 248/102/175
f 246/111/172 257/103/176 245/104/176
f 246/113/149 185/70/149 186/114/149
f 239/115/164 264/116/164 240/120/164
f 232/62/164 257/122/164 233/60/164
f 247/118/149 186/114/149 187/119/149
f 240/120/164 253/78/164 229/61/164
f 257/122/164 234/121/164 233/60/164
f 188/123/149 247/118/149 187/119/149
f 234/121/164 259/125/164 235/130/164
f 249/127/149 188/123/149 189/128/149
f 242/83/149 181/1/149 182/129/149
f 259/125/164 236/81/164 235/130/164
f 250/131/149 189/128/149 190/79/149
f 265/133/177 267/132/178 266/134/179
f 267/132/178 270/135/180 269/203/181
f 269/137/181 272/138/182 271/140/183
f 271/140/183 274/141/184 273/306/185
f 273/142/185 276/143/186 275/145/187
f 275/145/187 278/146/188 277/147/189
f 277/147/189 280/148/190 279/149/191
f 279/149/191 282/150/192 281/207/193
f 282/152/192 283/151/194 281/153/193
f 284/155/195 285/154/196 283/151/194
f 286/157/197 287/156/198 285/154/196
f 288/158/199 266/134/179 287/159/198
f 204/160/200 265/133/177 288/158/199
f 193/161/201 268/136/202 265/133/177
f 268/136/202 195/162/203 270/135/180
f 270/139/180 196/164/204 272/138/182
f 272/138/182 197/166/205 274/141/184
f 274/141/184 198/167/206 276/307/186
f 276/143/186 199/168/207 278/146/188
f 278/146/188 200/170/208 280/148/190
f 200/170/208 282/150/192 280/148/190
f 201/171/209 284/155/195 282/152/192
f 202/172/210 286/157/197 284/155/195
f 203/174/211 288/173/199 286/157/197
f 290/175/212 292/176/213 291/178/214
f 291/178/214 294/179/215 293/308/216
f 293/180/216 296/181/217 295/183/218
f 295/183/218 298/184/219 297/241/220
f 297/185/220 300/186/221 299/188/222
f 299/188/222 302/189/223 301/190/224
f 301/190/224 304/191/225 303/242/226
f 303/192/226 306/193/227 305/195/228
f 305/195/228 308/196/229 307/197/230
f 307/197/230 310/198/231 309/243/232
f 309/199/232 312/200/233 311/202/234
f 311/202/234 289/177/235 290/175/212
f 287/159/198 289/177/235 312/200/233
f 266/134/179 292/176/213 289/177/235
f 292/176/213 269/203/181 294/179/215
f 294/204/215 271/140/183 296/309/217
f 296/181/217 273/205/185 298/184/219
f 298/187/219 275/145/187 300/186/221
f 300/186/221 277/147/189 302/189/223
f 302/189/223 279/149/191 304/191/225
f 304/191/225 281/207/193 306/310/227
f 306/193/227 283/208/194 308/196/229
f 308/210/229 285/154/196 310/211/231
f 310/211/231 287/156/198 312/311/233
f 314/212/236 316/213/237 315/312/238
f 315/215/238 318/216/239 317/218/240
f 317/218/240 320/219/241 319/313/242
f 319/220/242 322/221/243 321/223/244
f 321/223/244 324/224/245 323/225/246
f 323/225/246 326/226/247 325/314/248
f 325/227/248 328/228/249 327/230/250
f 327/230/250 330/231/251 329/232/252
f 329/232/252 332/233/253 331/294/254
f 331/234/254 334/235/255 333/237/256
f 333/237/256 336/238/257 335/239/258
f 335/239/258 313/214/259 314/212/236
f 311/202/234 313/214/259 336/238/257
f 313/214/259 291/178/214 316/213/237
f 316/217/237 293/180/216 318/216/239
f 318/216/239 295/183/218 320/219/241
f 320/219/241 297/241/220 322/315/243
f 322/221/243 299/188/222 324/224/245
f 324/224/245 301/190/224 326/226/247
f 326/226/247 303/242/226 328/316/249
f 328/228/249 305/195/228 330/231/251
f 330/231/251 307/197/230 332/233/253
f 332/233/253 309/243/232 334/317/255
f 334/235/255 311/202/234 336/238/257
f 338/244/260 340/245/261 339/318/262
f 339/247/262 342/248/263 341/250/264
f 341/250/264 344/251/265 343/252/266
f 343/252/266 346/253/267 345/254/268
f 345/254/268 348/255/269 347/319/270
f 347/256/270 350/257/271 349/259/272
f 349/259/272 352/260/273 351/261/274
f 351/261/274 354/262/275 353/290/276
f 353/263/276 356/264/277 355/266/278
f 355/266/278 358/267/279 357/268/280
f 357/268/280 360/269/281 359/297/282
f 359/270/282 337/246/283 338/244/260
f 192/272/284 338/244/260 181/274/285
f 360/269/281 314/212/236 337/320/283
f 338/244/260 182/273/286 181/274/285
f 337/246/283 315/275/238 340/245/261
f 339/247/262 183/277/287 182/278/286
f 340/279/261 317/218/240 342/321/263
f 341/250/264 184/280/288 183/277/287
f 342/248/263 319/220/242 344/251/265
f 343/252/266 185/282/289 184/280/288
f 344/251/265 321/223/244 346/253/267
f 345/254/268 186/283/290 185/282/289
f 346/253/267 323/225/246 348/255/269
f 347/256/270 187/284/291 186/285/290
f 348/258/269 325/286/248 350/257/271
f 187/284/291 351/261/274 188/289/292
f 350/257/271 327/288/250 352/260/273
f 188/289/292 353/290/276 189/322/293
f 352/260/273 329/291/252 354/262/275
f 189/292/293 355/266/278 190/295/294
f 354/293/275 331/294/254 356/323/277
f 190/295/294 357/268/280 191/296/295
f 356/264/277 333/237/256 358/267/279
f 191/296/295 359/297/282 192/324/284
f 358/267/279 335/239/258 360/269/281
f 361/1/296 432/2/296 372/71/296
f 394/5/297 383/4/297 382/6/297
f 375/7/297 388/8/297 376/26/297
f 390/11/297 379/10/297 378/12/297
f 393/13/297 382/6/297 381/14/297
f 374/15/297 387/9/297 375/7/297
f 384/17/297 385/18/297 373/24/297
f 377/20/297 390/11/297 378/12/297
f 380/22/297 393/13/297 381/14/297
f 385/18/297 374/15/297 373/24/297
f 395/25/297 384/17/297 383/4/297
f 376/26/297 389/21/297 377/20/297
f 379/10/297 392/23/297 380/22/297
f 389/28/298 402/29/299 390/298/299
f 406/299/300 402/300/300 398/301/300
f 408/35/301 385/34/302 396/36/301
f 398/38/303 387/37/304 386/39/303
f 405/41/305 394/40/306 393/42/305
f 402/44/299 391/43/307 390/45/299
f 399/47/304 388/46/308 387/48/304
f 394/40/306 407/49/309 395/55/309
f 403/52/307 392/51/310 391/43/307
f 400/53/308 389/28/298 388/46/308
f 407/49/309 396/54/301 395/55/309
f 397/56/302 386/39/303 385/34/302
f 392/51/310 405/57/305 393/302/305
f 411/64/311 415/130/311 419/115/311
f 411/64/311 436/117/311 412/62/311
f 442/67/311 419/115/311 418/65/311
f 425/69/296 364/68/296 365/70/296
f 432/2/296 371/80/296 372/71/296
f 434/73/311 411/64/311 410/74/311
f 441/75/311 418/65/311 417/59/311
f 424/77/296 363/76/296 364/68/296
f 433/78/311 410/74/311 409/61/311
f 431/72/296 370/79/296 371/80/296
f 416/81/311 441/75/311 417/59/311
f 423/84/296 362/129/296 363/76/296
f 421/85/312 444/86/313 432/303/313
f 435/90/314 422/304/315 423/88/314
f 442/92/316 429/91/317 430/93/316
f 427/94/318 438/95/319 426/305/319
f 424/97/320 435/90/314 423/88/314
f 443/99/321 430/93/316 431/100/321
f 440/101/322 427/94/318 428/102/322
f 437/103/323 424/97/320 425/104/323
f 444/105/313 431/100/321 432/106/313
f 434/108/315 421/85/312 422/107/315
f 429/109/317 440/101/322 428/102/322
f 426/111/319 437/103/323 425/104/323
f 426/113/296 365/70/296 366/114/296
f 419/115/311 444/116/311 420/120/311
f 412/62/311 437/122/311 413/60/311
f 427/118/296 366/114/296 367/119/296
f 420/120/311 433/78/311 409/61/311
f 437/122/311 414/121/311 413/60/311
f 368/123/296 427/118/296 367/119/296
f 414/121/311 439/125/311 415/130/311
f 429/127/296 368/123/296 369/128/296
f 422/83/296 361/1/296 362/129/296
f 439/125/311 416/81/311 415/130/311
f 430/131/296 369/128/296 370/79/296
f 445/133/324 447/132/325 446/134/326
f 447/132/325 450/135/327 449/203/328
f 449/137/328 452/138/329 451/140/330
f 451/140/330 454/141/331 453/306/332
f 453/142/332 456/143/333 455/145/334
f 455/145/334 458/146/335 457/147/336
f 457/147/336 460/148/337 459/149/338
f 459/149/338 462/150/339 461/207/340
f 462/152/339 463/151/341 461/153/340
f 464/155/342 465/154/343 463/151/341
f 466/157/344 467/156/345 465/154/343
f 468/158/346 446/134/326 467/159/345
f 384/160/347 445/133/324 468/158/346
f 373/161/348 448/136/349 445/133/324
f 448/136/349 375/162/350 450/135/327
f 450/139/327 376/164/351 452/138/329
f 452/138/329 377/166/352 454/141/331
f 454/141/331 378/167/353 456/307/333
f 456/143/333 379/168/354 458/146/335
f 458/146/335 380/170/355 460/148/337
f 380/170/355 462/150/339 460/148/337
f 381/171/356 464/155/342 462/152/339
f 382/172/357 466/157/344 464/155/342
f 383/174/358 468/173/346 466/157/344
f 470/175/359 472/176/360 471/178/361
f 471/178/361 474/179/362 473/308/363
f 473/180/363 476/181/364 475/183/365
f 475/183/365 478/184/366 477/241/367
f 477/185/367 480/186/368 479/188/369
f 479/188/369 482/189/370 481/190/371
f 481/190/371 484/191/372 483/242/373
f 483/192/373 486/193/374 485/195/375
f 485/195/375 488/196/376 487/197/377
f 487/197/377 490/198/378 489/243/379
f 489/199/379 492/200/380 491/202/381
f 491/202/381 469/177/382 470/175/359
f 467/159/345 469/177/382 492/200/380
f 446/134/326 472/176/360 469/177/382
f 472/176/360 449/203/328 474/179/362
f 474/204/362 451/140/330 476/309/364
f 476/181/364 453/205/332 478/184/366
f 478/187/366 455/145/334 480/186/368
f 480/186/368 457/147/336 482/189/370
f 482/189/370 459/149/338 484/191/372
f 484/191/372 461/207/340 486/310/374
f 486/193/374 463/208/341 488/196/376
f 488/210/376 465/154/343 490/211/378
f 490/211/378 467/156/345 492/311/380
f 494/212/383 496/213/384 495/312/385
f 495/215/385 498/216/386 497/218/387
f 497/218/387 500/219/388 499/313/389
f 499/220/389 502/221/390 501/223/391
f 501/223/391 504/224/392 503/225/393
f 503/225/393 506/226/394 505/314/395
f 505/227/395 508/228/396 507/230/397
f 507/230/397 510/231/398 509/232/399
f 509/232/399 512/233/400 511/294/401
f 511/234/401 514/235/402 513/237/403
f 513/237/403 516/238/404 515/239/405
f 515/239/405 493/214/406 494/212/383
f 491/202/381 493/214/406 516/238/404
f 493/214/406 471/178/361 496/213/384
f 496/217/384 473/180/363 498/216/386
f 498/216/386 475/183/365 500/219/388
f 500/219/388 477/241/367 502/315/390
f 502/221/390 479/188/369 504/224/392
f 504/224/392 481/190/371 506/226/394
f 506/226/394 483/242/373 508/316/396
f 508/228/396 485/195/375 510/231/398
f 510/231/398 487/197/377 512/233/400
f 512/233/400 489/243/379 514/317/402
f 514/235/402 491/202/381 516/238/404
f 518/244/407 520/245/408 519/318/409
f 519/247/409 522/248/410 521/250/411
f 521/250/411 524/251/412 523/252/413
f 523/252/413 526/253/414 525/254/415
f 525/254/415 528/255/416 527/319/417
f 527/256/417 530/257/418 529/259/419
f 529/259/419 532/260/420 531/261/421
f 531/261/421 534/262/422 533/290/423
f 533/263/423 536/264/424 535/266/425
f 535/266/425 538/267/426 537/268/427
f 537/268/427 540/269/428 539/297/429
f 539/270/429 517/246/430 518/244/407
f 372/272/431 518/244/407 361/274/432
f 540/269/428 494/212/383 517/320/430
f 518/244/407 362/273/433 361/274/432
f 517/246/430 495/275/385 520/245/408
f 519/247/409 363/277/434 362/278/433
f 520/279/408 497/218/387 522/321/410
f 521/250/411 364/280/435 363/277/434
f 522/248/410 499/220/389 524/251/412
f 523/252/413 365/282/436 364/280/435
f 524/251/412 501/223/391 526/253/414
f 525/254/415 366/283/437 365/282/436
f 526/253/414 503/225/393 528/255/416
f 527/256/417 367/284/438 366/285/437
f 528/258/416 505/286/395 530/257/418
f 367/284/438 531/261/421 368/289/439
f 530/257/418 507/288/397 532/260/420
f 368/289/439 533/290/423 369/322/440
f 532/260/420 509/291/399 534/262/422
f 369/292/440 535/266/425 370/295/441
f 534/293/422 511/294/401 536/323/424
f 370/295/441 537/268/427 371/296/442
f 536/264/424 513/237/403 538/267/426
f 371/296/442 539/297/429 372/324/431
f 538/267/426 515/239/405 540/269/428
f 541/1/443 612/2/443 601/3/443
f 563/4/444 574/5/444 562/6/444
f 555/7/444 568/8/444 567/9/444
f 559/10/444 570/11/444 558/12/444
f 562/6/444 573/13/444 561/14/444
f 554/15/444 567/9/444 566/16/444
f 564/17/444 565/18/444 576/19/444
f 557/20/444 570/11/444 569/21/444
f 560/22/444 573/13/444 572/23/444
f 554/15/444 565/18/444 553/24/444
f 564/17/444 575/25/444 563/4/444
f 556/26/444 569/21/444 568/8/444
f 559/10/444 572/23/444 571/27/444
f 569/28/445 582/29/446 581/30/445
f 580/31/447 584/32/447 588/33/447
f 565/34/448 588/35/449 576/36/449
f 567/37/450 578/38/451 566/39/451
f 574/40/452 585/41/453 573/42/453
f 571/43/454 582/44/446 570/45/446
f 568/46/455 579/47/450 567/48/450
f 574/40/452 587/49/456 586/50/452
f 572/51/457 583/52/454 571/43/454
f 569/28/445 580/53/455 568/46/455
f 576/54/449 587/49/456 575/55/456
f 566/39/451 577/56/448 565/34/448
f 572/51/457 585/57/453 584/58/457
f 597/59/458 593/60/458 589/61/458
f 592/62/458 615/63/458 591/64/458
f 598/65/458 623/66/458 622/67/458
f 544/68/443 605/69/443 545/70/443
f 552/71/443 611/72/443 612/2/443
f 591/64/458 614/73/458 590/74/458
f 598/65/458 621/75/458 597/59/458
f 543/76/443 604/77/443 544/68/443
f 590/74/458 613/78/458 589/61/458
f 550/79/443 611/72/443 551/80/443
f 596/81/458 621/75/458 620/82/458
f 543/76/443 602/83/443 603/84/443
f 601/85/459 624/86/460 613/87/459
f 603/88/461 614/89/462 615/90/461
f 609/91/463 622/92/464 610/93/464
f 607/94/465 618/95/466 619/96/465
f 604/97/467 615/90/461 616/98/467
f 610/93/464 623/99/468 611/100/468
f 607/94/465 620/101/469 608/102/469
f 604/97/467 617/103/470 605/104/470
f 611/100/468 624/105/460 612/106/460
f 602/107/462 613/87/459 614/108/462
f 609/109/463 620/101/469 621/110/463
f 606/111/466 617/103/470 618/112/466
f 545/70/443 606/113/443 546/114/443
f 599/115/458 624/116/458 623/66/458
f 593/60/458 616/117/458 592/62/458
f 546/114/443 607/118/443 547/119/443
f 600/120/458 613/78/458 624/116/458
f 594/121/458 617/122/458 593/60/458
f 548/123/443 607/118/443 608/124/443
f 594/121/458 619/125/458 618/126/458
f 548/123/443 609/127/443 549/128/443
f 541/1/443 602/83/443 542/129/443
f 596/81/458 619/125/458 595/130/458
f 549/128/443 610/131/443 550/79/443
f 627/132/471 625/133/472 626/134/473
f 627/132/471 630/135/474 628/136/475
f 629/137/476 632/138/477 630/139/474
f 631/140/478 634/141/479 632/138/477
f 633/142/480 636/143/481 634/144/479
f 635/145/482 638/146/483 636/143/481
f 637/147/484 640/148/485 638/146/483
f 639/149/486 642/150/487 640/148/485
f 643/151/488 642/152/487 641/153/489
f 645/154/490 644/155/491 643/151/488
f 647/156/492 646/157/493 645/154/490
f 626/134/473 648/158/494 647/159/492
f 625/133/472 564/160/495 648/158/494
f 628/136/475 553/161/496 625/133/472
f 628/136/475 555/162/497 554/163/498
f 630/139/474 556/164/499 555/165/497
f 632/138/477 557/166/500 556/164/499
f 634/141/479 558/167/501 557/166/500
f 636/143/481 559/168/502 558/169/501
f 638/146/483 560/170/503 559/168/502
f 642/150/487 560/170/503 640/148/485
f 644/155/491 561/171/504 642/152/487
f 646/157/493 562/172/505 644/155/491
f 648/173/494 563/174/506 646/157/493
f 650/175/507 652/176/508 649/177/509
f 651/178/510 654/179/511 652/176/508
f 653/180/512 656/181/513 654/182/511
f 655/183/514 658/184/515 656/181/513
f 657/185/516 660/186/517 658/187/515
f 659/188/518 662/189/519 660/186/517
f 661/190/520 664/191/521 662/189/519
f 663/192/522 666/193/523 664/194/521
f 665/195/524 668/196/525 666/193/523
f 667/197/526 670/198/527 668/196/525
f 669/199/528 672/200/529 670/201/527
f 671/202/530 649/177/509 672/200/529
f 649/177/509 647/159/492 672/200/529
f 652/176/508 626/134/473 649/177/509
f 652/176/508 629/203/476 627/132/471
f 654/204/511 631/140/478 629/137/476
f 656/181/513 633/205/480 631/206/478
f 658/187/515 635/145/482 633/142/480
f 660/186/517 637/147/484 635/145/482
f 662/189/519 639/149/486 637/147/484
f 664/191/521 641/207/489 639/149/486
f 666/193/523 643/208/488 641/209/489
f 668/210/525 645/154/490 643/151/488
f 670/211/527 647/156/492 645/154/490
f 674/212/531 676/213/532 673/214/533
f 675/215/534 678/216/535 676/217/532
f 677/218/536 680/219/537 678/216/535
f 679/220/538 682/221/539 680/222/537
f 681/223/540 684/224/541 682/221/539
f 683/225/542 686/226/543 684/224/541
f 685/227/544 688/228/545 686/229/543
f 687/230/546 690/231/547 688/228/545
f 689/232/548 692/233/549 690/231/547
f 691/234/550 694/235/551 692/236/549
f 693/237/552 696/238/553 694/235/551
f 695/239/554 673/214/533 696/238/553
f 673/214/533 671/202/530 696/238/553
f 673/214/533 651/178/510 650/175/507
f 676/217/532 653/180/512 651/240/510
f 678/216/535 655/183/514 653/180/512
f 680/219/537 657/241/516 655/183/514
f 682/221/539 659/188/518 657/185/516
f 684/224/541 661/190/520 659/188/518
f 686/226/543 663/242/522 661/190/520
f 688/228/545 665/195/524 663/192/522
f 690/231/547 667/197/526 665/195/524
f 692/233/549 669/243/528 667/197/526
f 694/235/551 671/202/530 669/199/528
f 698/244/555 700/245/556 697/246/557
f 699/247/558 702/248/559 700/249/556
f 701/250/560 704/251/561 702/248/559
f 703/252/562 706/253/563 704/251/561
f 705/254/564 708/255/565 706/253/563
f 707/256/566 710/257/567 708/258/565
f 709/259/568 712/260/569 710/257/567
f 711/261/570 714/262/571 712/260/569
f 713/263/572 716/264/573 714/265/571
f 715/266/574 718/267/575 716/264/573
f 717/268/576 720/269/577 718/267/575
f 719/270/578 697/246/557 720/271/577
f 552/272/579 698/244/555 719/270/578
f 720/269/577 674/212/531 695/239/554
f 542/273/580 698/244/555 541/274/581
f 697/246/557 675/275/534 674/276/531
f 543/277/582 699/247/558 542/278/580
f 700/279/556 677/218/536 675/215/534
f 544/280/583 701/250/560 543/277/582
f 702/248/559 679/220/538 677/281/536
f 545/282/584 703/252/562 544/280/583
f 704/251/561 681/223/540 679/220/538
f 546/283/585 705/254/564 545/282/584
f 706/253/563 683/225/542 681/223/540
f 547/284/586 707/256/566 546/285/585
f 708/258/565 685/286/544 683/287/542
f 547/284/586 711/261/570 709/259/568
f 710/257/567 687/288/546 685/286/544
f 548/289/587 713/290/572 711/261/570
f 712/260/569 689/291/548 687/288/546
f 549/292/588 715/266/574 713/263/572
f 714/293/571 691/294/550 689/232/548
f 550/295/589 717/268/576 715/266/574
f 716/264/573 693/237/552 691/234/550
f 551/296/590 719/297/578 717/268/576
f 718/267/575 695/239/554 693/237/552
f 721/1/458 792/2/458 732/71/458
f 754/5/447 743/4/447 742/6/447
f 735/7/447 748/8/447 736/26/447
f 750/11/447 739/10/447 738/12/447
f 753/13/447 742/6/447 741/14/447
f 734/15/447 747/9/447 735/7/447
f 744/17/447 745/18/447 733/24/447
f 737/20/447 750/11/447 738/12/447
f 740/22/447 753/13/447 741/14/447
f 745/18/447 734/15/447 733/24/447
f 755/25/447 744/17/447 743/4/447
f 736/26/447 749/21/447 737/20/447
f 739/10/447 752/23/447 740/22/447
f 749/28/591 762/29/592 750/298/592
f 766/299/444 762/300/444 758/301/444
f 768/35/593 745/34/594 756/36/593
f 758/38/595 747/37/596 746/39/595
f 765/41/597 754/40/598 753/42/597
f 762/44/592 751/43/599 750/45/592
f 759/47/596 748/46/600 747/48/596
f 754/40/598 767/49/601 755/55/601
f 763/52/599 752/51/602 751/43/599
f 760/53/600 749/28/591 748/46/600
f 767/49/601 756/54/593 755/55/601
f 757/56/594 746/39/595 745/34/594
f 752/51/602 765/57/597 753/302/597
f 771/64/443 775/130/443 779/115/443
f 771/64/443 796/117/443 772/62/443
f 802/67/443 779/115/443 778/65/443
f 785/69/458 724/68/458 725/70/458
f 792/2/458 731/80/458 732/71/458
f 794/73/443 771/64/443 770/74/443
f 801/75/443 778/65/443 777/59/443
f 784/77/458 723/76/458 724/68/458
f 793/78/443 770/74/443 769/61/443
f 791/72/458 730/79/458 731/80/458
f 776/81/443 801/75/443 777/59/443
f 783/84/458 722/129/458 723/76/458
f 781/85/465 804/86/466 792/303/466
f 795/90/463 782/304/469 783/88/463
f 802/92/467 789/91/461 790/93/467
f 787/94/459 798/95/460 786/305/460
f 784/97/464 795/90/463 783/88/463
f 803/99/470 790/93/467 791/100/470
f 800/101/462 787/94/459 788/102/462
f 797/103/468 784/97/464 785/104/468
f 804/105/466 791/100/470 792/106/466
f 794/108/469 781/85/465 782/107/469
f 789/109/461 800/101/462 788/102/462
f 786/111/460 797/103/468 785/104/468
f 786/113/458 725/70/458 726/114/458
f 779/115/443 804/116/443 780/120/443
f 772/62/443 797/122/443 773/60/443
f 787/118/458 726/114/458 727/119/458
f 780/120/443 793/78/443 769/61/443
f 797/122/443 774/121/443 773/60/443
f 728/123/458 787/118/458 727/119/458
f 774/121/443 799/125/443 775/130/443
f 789/127/458 728/123/458 729/128/458
f 782/83/458 721/1/458 722/129/458
f 799/125/443 776/81/443 775/130/443
f 790/131/458 729/128/458 730/79/458
f 805/133/603 807/132/604 806/134/605
f 807/132/604 810/135/606 809/203/607
f 809/137/607 812/138/608 811/140/609
f 811/140/609 814/141/610 813/306/611
f 813/142/611 816/143/612 815/145/613
f 815/145/613 818/146/614 817/147/615
f 817/147/615 820/148/616 819/149/617
f 819/149/617 822/150/618 821/207/619
f 822/152/618 823/151/620 821/153/619
f 824/155/621 825/154/622 823/151/620
f 826/157/623 827/156/624 825/154/622
f 828/158/625 806/134/605 827/159/624
f 744/160/626 805/133/603 828/158/625
f 733/161/627 808/136/628 805/133/603
f 808/136/628 735/162/629 810/135/606
f 810/139/606 736/164/630 812/138/608
f 812/138/608 737/166/631 814/141/610
f 814/141/610 738/167/632 816/307/612
f 816/143/612 739/168/633 818/146/614
f 818/146/614 740/170/634 820/148/616
f 740/170/634 822/150/618 820/148/616
f 741/171/635 824/155/621 822/152/618
f 742/172/636 826/157/623 824/155/621
f 743/174/637 828/173/625 826/157/623
f 830/175/638 832/176/639 831/178/640
f 831/178/640 834/179/641 833/308/642
f 833/180/642 836/181/643 835/183/644
f 835/183/644 838/184/645 837/241/646
f 837/185/646 840/186/647 839/188/648
f 839/188/648 842/189/649 841/190/650
f 841/190/650 844/191/651 843/242/652
f 843/192/652 846/193/653 845/195/654
f 845/195/654 848/196/655 847/197/656
f 847/197/656 850/198/657 849/243/658
f 849/199/658 852/200/659 851/202/660
f 851/202/660 829/177/661 830/175/638
f 827/159/624 829/177/661 852/200/659
f 806/134/605 832/176/639 829/177/661
f 832/176/639 809/203/607 834/179/641
f 834/204/641 811/140/609 836/309/643
f 836/181/643 813/205/611 838/184/645
f 838/187/645 815/145/613 840/186/647
f 840/186/647 817/147/615 842/189/649
f 842/189/649 819/149/617 844/191/651
f 844/191/651 821/207/619 846/310/653
f 846/193/653 823/208/620 848/196/655
f 848/210/655 825/154/622 850/211/657
f 850/211/657 827/156/624 852/311/659
f 854/212/662 856/213/663 855/312/664
f 855/215/664 858/216/665 857/218/666
f 857/218/666 860/219/667 859/313/668
f 859/220/668 862/221/669 861/223/670
f 861/223/670 864/224/671 863/225/672
f 863/225/672 866/226/673 865/314/674
f 865/227/674 868/228/675 867/230/676
f 867/230/676 870/231/677 869/232/678
f 869/232/678 872/233/679 871/294/680
f 871/234/680 874/235/681 873/237/682
f 873/237/682 876/238/683 875/239/684
f 875/239/684 853/214/685 854/212/662
f 851/202/660 853/214/685 876/238/683
f 853/214/685 831/178/640 856/213/663
f 856/217/663 833/180/642 858/216/665
f 858/216/665 835/183/644 860/219/667
f 860/219/667 837/241/646 862/315/669
f 862/221/669 839/188/648 864/224/671
f 864/224/671 841/190/650 866/226/673
f 866/226/673 843/242/652 868/316/675
f 868/228/675 845/195/654 870/231/677
f 870/231/677 847/197/656 872/233/679
f 872/233/679 849/243/658 874/317/681
f 874/235/681 851/202/660 876/238/683
f 878/244/686 880/245/687 879/318/688
f 879/247/688 882/248/689 881/250/690
f 881/250/690 884/251/691 883/252/692
f 883/252/692 886/253/693 885/254/694
f 885/254/694 888/255/695 887/319/696
f 887/256/696 890/257/697 889/259/698
f 889/259/698 892/260/699 891/261/700
f 891/261/700 894/262/701 893/290/702
f 893/263/702 896/264/703 895/266/704
f 895/266/704 898/267/705 897/268/706
f 897/268/706 900/269/707 899/297/708
f 899/270/708 877/246/709 878/244/686
f 732/272/710 878/244/686 721/274/711
f 900/269/707 854/212/662 877/320/709
f 878/244/686 722/273/712 721/274/711
f 877/246/709 855/275/664 880/245/687
f 879/247/688 723/277/713 722/278/712
f 880/279/687 857/218/666 882/321/689
f 881/250/690 724/280/714 723/277/713
f 882/248/689 859/220/668 884/251/691
f 883/252/692 725/282/715 724/280/714
f 884/251/691 861/223/670 886/253/693
f 885/254/694 726/283/716 725/282/715
f 886/253/693 863/225/672 888/255/695
f 887/256/696 727/284/717 726/285/716
f 888/258/695 865/286/674 890/257/697
f 727/284/717 891/261/700 728/289/718
f 890/257/697 867/288/676 892/260/699
f 728/289/718 893/290/702 729/322/719
f 892/260/699 869/291/678 894/262/701
f 729/292/719 895/266/704 730/295/720
f 894/293/701 871/294/680 896/323/703
f 730/295/720 897/268/706 731/296/721
f 896/264/703 873/237/682 898/267/705
f 731/296/721 899/297/708 732/324/710
f 898/267/705 875/239/684 900/269/707
f 901/1/311 972/2/311 961/3/311
f 923/4/300 934/5/300 922/6/300
f 915/7/300 928/8/300 927/9/300
f 919/10/300 930/11/300 918/12/300
f 922/6/300 933/13/300 921/14/300
f 914/15/300 927/9/300 926/16/300
f 924/17/300 925/18/300 936/19/300
f 917/20/300 930/11/300 929/21/300
f 920/22/300 933/13/300 932/23/300
f 914/15/300 925/18/300 913/24/300
f 924/17/300 935/25/300 923/4/300
f 916/26/300 929/21/300 928/8/300
f 919/10/300 932/23/300 931/27/300
f 929/28/722 942/29/723 941/30/722
f 940/31/297 944/32/297 948/33/297
f 925/34/724 948/35/725 936/36/725
f 927/37/726 938/38/727 926/39/727
f 934/40/728 945/41/729 933/42/729
f 931/43/730 942/44/723 930/45/723
f 928/46/731 939/47/726 927/48/726
f 934/40/728 947/49/732 946/50/728
f 932/51/733 943/52/730 931/43/730
f 929/28/722 940/53/731 928/46/731
f 936/54/725 947/49/732 935/55/732
f 926/39/727 937/56/724 925/34/724
f 932/51/733 945/57/729 944/58/733
f 957/59/296 953/60/296 949/61/296
f 952/62/296 975/63/296 951/64/296
f 958/65/296 983/66/296 982/67/296
f 904/68/311 965/69/311 905/70/311
f 912/71/311 971/72/311 972/2/311
f 951/64/296 974/73/296 950/74/296
f 958/65/296 981/75/296 957/59/296
f 903/76/311 964/77/311 904/68/311
f 950/74/296 973/78/296 949/61/296
f 910/79/311 971/72/311 911/80/311
f 956/81/296 981/75/296 980/82/296
f 903/76/311 962/83/311 963/84/311
f 961/85/318 984/86/319 973/87/318
f 963/88/317 974/89/322 975/90/317
f 969/91/314 982/92/320 970/93/320
f 967/94/312 978/95/313 979/96/312
f 964/97/316 975/90/317 976/98/316
f 970/93/320 983/99/323 971/100/323
f 967/94/312 980/101/315 968/102/315
f 964/97/316 977/103/321 965/104/321
f 971/100/323 984/105/319 972/106/319
f 962/107/322 973/87/318 974/108/322
f 969/109/314 980/101/315 981/110/314
f 966/111/313 977/103/321 978/112/313
f 905/70/311 966/113/311 906/114/311
f 959/115/296 984/116/296 983/66/296
f 953/60/296 976/117/296 952/62/296
f 906/114/311 967/118/311 907/119/311
f 960/120/296 973/78/296 984/116/296
f 954/121/296 977/122/296 953/60/296
f 908/123/311 967/118/311 968/124/311
f 954/121/296 979/125/296 978/126/296
f 908/123/311 969/127/311 909/128/311
f 901/1/311 962/83/311 902/129/311
f 956/81/296 979/125/296 955/130/296
f 909/128/311 970/131/311 910/79/311
f 987/132/734 985/133/735 986/134/736
f 987/132/734 990/135/737 988/136/738
f 989/137/739 992/138/740 990/139/737
f 991/140/741 994/141/742 992/138/740
f 993/142/743 996/143/744 994/144/742
f 995/145/745 998/146/746 996/143/744
f 997/147/747 1000/148/748 998/146/746
f 999/149/749 1002/150/750 1000/148/748
f 1003/151/751 1002/152/750 1001/153/752
f 1005/154/753 1004/155/754 1003/151/751
f 1007/156/755 1006/157/756 1005/154/753
f 986/134/736 1008/158/757 1007/159/755
f 985/133/735 924/160/758 1008/158/757
f 988/136/738 913/161/759 985/133/735
f 988/136/738 915/162/760 914/163/761
f 990/139/737 916/164/762 915/165/760
f 992/138/740 917/166/763 916/164/762
f 994/141/742 918/167/764 917/166/763
f 996/143/744 919/168/765 918/169/764
f 998/146/746 920/170/766 919/168/765
f 1002/150/750 920/170/766 1000/148/748
f 1004/155/754 921/171/767 1002/152/750
f 1006/157/756 922/172/768 1004/155/754
f 1008/173/757 923/174/769 1006/157/756
f 1010/175/770 1012/176/771 1009/177/772
f 1011/178/773 1014/179/774 1012/176/771
f 1013/180/775 1016/181/776 1014/182/774
f 1015/183/777 1018/184/778 1016/181/776
f 1017/185/779 1020/186/780 1018/187/778
f 1019/188/781 1022/189/782 1020/186/780
f 1021/190/783 1024/191/784 1022/189/782
f 1023/192/785 1026/193/786 1024/194/784
f 1025/195/787 1028/196/788 1026/193/786
f 1027/197/789 1030/198/790 1028/196/788
f 1029/199/791 1032/200/792 1030/201/790
f 1031/202/793 1009/177/772 1032/200/792
f 1009/177/772 1007/159/755 1032/200/792
f 1012/176/771 986/134/736 1009/177/772
f 1012/176/771 989/203/739 987/132/734
f 1014/204/774 991/140/741 989/137/739
f 1016/181/776 993/205/743 991/206/741
f 1018/187/778 995/145/745 993/142/743
f 1020/186/780 997/147/747 995/145/745
f 1022/189/782 999/149/749 997/147/747
f 1024/191/784 1001/207/752 999/149/749
f 1026/193/786 1003/208/751 1001/209/752
f 1028/210/788 1005/154/753 1003/151/751
f 1030/211/790 1007/156/755 1005/154/753
f 1034/212/794 1036/213/795 1033/214/796
f 1035/215/797 1038/216/798 1036/217/795
f 1037/218/799 1040/219/800 1038/216/798
f 1039/220/801 1042/221/802 1040/222/800
f 1041/223/803 1044/224/804 1042/221/802
f 1043/225/805 1046/226/806 1044/224/804
f 1045/227/807 1048/228/808 1046/229/806
f 1047/230/809 1050/231/810 1048/228/808
f 1049/232/811 1052/233/812 1050/231/810
f 1051/234/813 1054/235/814 1052/236/812
f 1053/237/815 1056/238/816 1054/235/814
f 1055/239/817 1033/214/796 1056/238/816
f 1033/214/796 1031/202/793 1056/238/816
f 1033/214/796 1011/178/773 1010/175/770
f 1036/217/795 1013/180/775 1011/240/773
f 1038/216/798 1015/183/777 1013/180/775
f 1040/219/800 1017/241/779 1015/183/777
f 1042/221/802 1019/188/781 1017/185/779
f 1044/224/804 1021/190/783 1019/188/781
f 1046/226/806 1023/242/785 1021/190/783
f 1048/228/808 1025/195/787 1023/192/785
f 1050/231/810 1027/197/789 1025/195/787
f 1052/233/812 1029/243/791 1027/197/789
f 1054/235/814 1031/202/793 1029/199/791
f 1058/244/818 1060/245/819 1057/246/820
f 1059/247/821 1062/248/822 1060/249/819
f 1061/250/823 1064/251/824 1062/248/822
f 1063/252/825 1066/253/826 1064/251/824
f 1065/254/827 1068/255/828 1066/253/826
f 1067/256/829 1070/257/830 1068/258/828
f 1069/259/831 1072/260/832 1070/257/830
f 1071/261/833 1074/262/834 1072/260/832
f 1073/263/835 1076/264/836 1074/265/834
f 1075/266/837 1078/267/838 1076/264/836
f 1077/268/839 1080/269/840 1078/267/838
f 1079/270/841 1057/246/820 1080/271/840
f 912/272/842 1058/244/818 1079/270/841
f 1080/269/840 1034/212/794 1055/239/817
f 902/273/843 1058/244/818 901/274/844
f 1057/246/820 1035/275/797 1034/276/794
f 903/277/845 1059/247/821 902/278/843
f 1060/279/819 1037/218/799 1035/215/797
f 904/280/846 1061/250/823 903/277/845
f 1062/248/822 1039/220/801 1037/281/799
f 905/282/847 1063/252/825 904/280/846
f 1064/251/824 1041/223/803 1039/220/801
f 906/283/848 1065/254/827 905/282/847
f 1066/253/826 1043/225/805 1041/223/803
f 907/284/849 1067/256/829 906/285/848
f 1068/258/828 1045/286/807 1043/287/805
f 907/284/849 1071/261/833 1069/259/831
f 1070/257/830 1047/288/809 1045/286/807
f 908/289/850 1073/290/835 1071/261/833
f 1072/260/832 1049/291/811 1047/288/809
f 909/292/851 1075/266/837 1073/263/835
f 1074/293/834 1051/294/813 1049/232/811
f 910/295/852 1077/268/839 1075/266/837
f 1076/264/836 1053/237/815 1051/234/813
f 911/296/853 1079/297/841 1077/268/839
f 1078/267/838 1055/239/817 1053/237/815
f 1081/1/164 1152/2/164 1141/3/164
f 1103/4/153 1114/5/153 1102/6/153
f 1095/7/153 1108/8/153 1107/9/153
f 1099/10/153 1110/11/153 1098/12/153
f 1102/6/153 1113/13/153 1101/14/153
f 1094/15/153 1107/9/153 1106/16/153
f 1104/17/153 1105/18/153 1116/19/153
f 1097/20/153 1110/11/153 1109/21/153
f 1100/22/153 1113/13/153 1112/23/153
f 1094/15/153 1105/18/153 1093/24/153
f 1104/17/153 1115/25/153 1103/4/153
f 1096/26/153 1109/21/153 1108/8/153
f 1099/10/153 1112/23/153 1111/27/153
f 1109/28/854 1122/29/855 1121/30/854
f 1120/31/150 1124/32/150 1128/33/150
f 1105/34/856 1128/35/857 1116/36/857
f 1107/37/858 1118/38/859 1106/39/859
f 1114/40/860 1125/41/861 1113/42/861
f 1111/43/862 1122/44/855 1110/45/855
f 1108/46/863 1119/47/858 1107/48/858
f 1114/40/860 1127/49/864 1126/50/860
f 1112/51/865 1123/52/862 1111/43/862
f 1109/28/854 1120/53/863 1108/46/863
f 1116/54/857 1127/49/864 1115/55/864
f 1106/39/859 1117/56/856 1105/34/856
f 1112/51/865 1125/57/861 1124/58/865
f 1137/59/149 1133/60/149 1129/61/149
f 1132/62/149 1155/63/149 1131/64/149
f 1138/65/149 1163/66/149 1162/67/149
f 1084/68/164 1145/69/164 1085/70/164
f 1092/71/164 1151/72/164 1152/2/164
f 1131/64/149 1154/73/149 1130/74/149
f 1138/65/149 1161/75/149 1137/59/149
f 1083/76/164 1144/77/164 1084/68/164
f 1130/74/149 1153/78/149 1129/61/149
f 1090/79/164 1151/72/164 1091/80/164
f 1136/81/149 1161/75/149 1160/82/149
f 1083/76/164 1142/83/164 1143/84/164
f 1141/85/171 1164/86/172 1153/87/171
f 1143/88/170 1154/89/175 1155/90/170
f 1149/91/167 1162/92/173 1150/93/173
f 1147/94/165 1158/95/166 1159/96/165
f 1144/97/169 1155/90/170 1156/98/169
f 1150/93/173 1163/99/176 1151/100/176
f 1147/94/165 1160/101/168 1148/102/168
f 1144/97/169 1157/103/174 1145/104/174
f 1151/100/176 1164/105/172 1152/106/172
f 1142/107/175 1153/87/171 1154/108/175
f 1149/109/167 1160/101/168 1161/110/167
f 1146/111/166 1157/103/174 1158/112/166
f 1085/70/164 1146/113/164 1086/114/164
f 1139/115/149 1164/116/149 1163/66/149
f 1133/60/149 1156/117/149 1132/62/149
f 1086/114/164 1147/118/164 1087/119/164
f 1140/120/149 1153/78/149 1164/116/149
f 1134/121/149 1157/122/149 1133/60/149
f 1088/123/164 1147/118/164 1148/124/164
f 1134/121/149 1159/125/149 1158/126/149
f 1088/123/164 1149/127/164 1089/128/164
f 1081/1/164 1142/83/164 1082/129/164
f 1136/81/149 1159/125/149 1135/130/149
f 1089/128/164 1150/131/164 1090/79/164
f 1167/132/866 1165/133/867 1166/134/868
f 1167/132/866 1170/135/869 1168/136/870
f 1169/137/871 1172/138/872 1170/139/869
f 1171/140/873 1174/141/874 1172/138/872
f 1173/142/875 1176/143/876 1174/144/874
f 1175/145/877 1178/146/878 1176/143/876
f 1177/147/879 1180/148/880 1178/146/878
f 1179/149/881 1182/150/882 1180/148/880
f 1183/151/883 1182/152/882 1181/153/884
f 1185/154/885 1184/155/886 1183/151/883
f 1187/156/887 1186/157/888 1185/154/885
f 1166/134/868 1188/158/889 1187/159/887
f 1165/133/867 1104/160/890 1188/158/889
f 1168/136/870 1093/161/891 1165/133/867
f 1168/136/870 1095/162/892 1094/163/893
f 1170/139/869 1096/164/894 1095/165/892
f 1172/138/872 1097/166/895 1096/164/894
f 1174/141/874 1098/167/896 1097/166/895
f 1176/143/876 1099/168/897 1098/169/896
f 1178/146/878 1100/170/898 1099/168/897
f 1182/150/882 1100/170/898 1180/148/880
f 1184/155/886 1101/171/899 1182/152/882
f 1186/157/888 1102/172/900 1184/155/886
f 1188/173/889 1103/174/901 1186/157/888
f 1190/175/902 1192/176/903 1189/177/904
f 1191/178/905 1194/179/906 1192/176/903
f 1193/180/907 1196/181/908 1194/182/906
f 1195/183/909 1198/184/910 1196/181/908
f 1197/185/911 1200/186/912 1198/187/910
f 1199/188/913 1202/189/914 1200/186/912
f 1201/190/915 1204/191/916 1202/189/914
f 1203/192/917 1206/193/918 1204/194/916
f 1205/195/919 1208/196/920 1206/193/918
f 1207/197/921 1210/198/922 1208/196/920
f 1209/199/923 1212/200/924 1210/201/922
f 1211/202/925 1189/177/904 1212/200/924
f 1189/177/904 1187/159/887 1212/200/924
f 1192/176/903 1166/134/868 1189/177/904
f 1192/176/903 1169/203/871 1167/132/866
f 1194/204/906 1171/140/873 1169/137/871
f 1196/181/908 1173/205/875 1171/206/873
f 1198/187/910 1175/145/877 1173/142/875
f 1200/186/912 1177/147/879 1175/145/877
f 1202/189/914 1179/149/881 1177/147/879
f 1204/191/916 1181/207/884 1179/149/881
f 1206/193/918 1183/208/883 1181/209/884
f 1208/210/920 1185/154/885 1183/151/883
f 1210/211/922 1187/156/887 1185/154/885
f 1214/212/926 1216/213/927 1213/214/928
f 1215/215/929 1218/216/930 1216/217/927
f 1217/218/931 1220/219/932 1218/216/930
f 1219/220/933 1222/221/934 1220/222/932
f 1221/223/935 1224/224/936 1222/221/934
f 1223/225/937 1226/226/938 1224/224/936
f 1225/227/939 1228/228/940 1226/229/938
f 1227/230/941 1230/231/942 1228/228/940
f 1229/232/943 1232/233/944 1230/231/942
f 1231/234/945 1234/235/946 1232/236/944
f 1233/237/947 1236/238/948 1234/235/946
f 1235/239/949 1213/214/928 1236/238/948
f 1213/214/928 1211/202/925 1236/238/948
f 1213/214/928 1191/178/905 1190/175/902
f 1216/217/927 1193/180/907 1191/240/905
f 1218/216/930 1195/183/909 1193/180/907
f 1220/219/932 1197/241/911 1195/183/909
f 1222/221/934 1199/188/913 1197/185/911
f 1224/224/936 1201/190/915 1199/188/913
f 1226/226/938 1203/242/917 1201/190/915
f 1228/228/940 1205/195/919 1203/192/917
f 1230/231/942 1207/197/921 1205/195/919
f 1232/233/944 1209/243/923 1207/197/921
f 1234/235/946 1211/202/925 1209/199/923
f 1238/244/950 1240/245/951 1237/246/952
f 1239/247/953 1242/248/954 1240/249/951
f 1241/250/955 1244/251/956 1242/248/954
f 1243/252/957 1246/253/958 1244/251/956
f 1245/254/959 1248/255/960 1246/253/958
f 1247/256/961 1250/257/962 1248/258/960
f 1249/259/963 1252/260/964 1250/257/962
f 1251/261/965 1254/262/966 1252/260/964
f 1253/263/967 1256/264/968 1254/265/966
f 1255/266/969 1258/267/970 1256/264/968
f 1257/268/971 1260/269/972 1258/267/970
f 1259/270/973 1237/246/952 1260/271/972
f 1092/272/974 1238/244/950 1259/270/973
f 1260/269/972 1214/212/926 1235/239/949
f 1082/273/975 1238/244/950 1081/274/976
f 1237/246/952 1215/275/929 1214/276/926
f 1083/277/977 1239/247/953 1082/278/975
f 1240/279/951 1217/218/931 1215/215/929
f 1084/280/978 1241/250/955 1083/277/977
f 1242/248/954 1219/220/933 1217/281/931
f 1085/282/979 1243/252/957 1084/280/978
f 1244/251/956 1221/223/935 1219/220/933
f 1086/283/980 1245/254/959 1085/282/979
f 1246/253/958 1223/225/937 1221/223/935
f 1087/284/981 1247/256/961 1086/285/980
f 1248/258/960 1225/286/939 1223/287/937
f 1087/284/981 1251/261/965 1249/259/963
f 1250/257/962 1227/288/941 1225/286/939
f 1088/289/982 1253/290/967 1251/261/965
f 1252/260/964 1229/291/943 1227/288/941
f 1089/292/983 1255/266/969 1253/263/967
f 1254/293/966 1231/294/945 1229/232/943
f 1090/295/984 1257/268/971 1255/266/969
f 1256/264/968 1233/237/947 1231/234/945
f 1091/296/985 1259/297/973 1257/268/971
f 1258/267/970 1235/239/949 1233/237/947
f 1261/1/16 1332/2/16 1272/71/16
f 1294/5/5 1283/4/5 1282/6/5
f 1275/7/5 1288/8/5 1276/26/5
f 1290/11/5 1279/10/5 1278/12/5
f 1293/13/5 1282/6/5 1281/14/5
f 1274/15/5 1287/9/5 1275/7/5
f 1284/17/5 1285/18/5 1273/24/5
f 1277/20/5 1290/11/5 1278/12/5
f 1280/22/5 1293/13/5 1281/14/5
f 1285/18/5 1274/15/5 1273/24/5
f 1295/25/5 1284/17/5 1283/4/5
f 1276/26/5 1289/21/5 1277/20/5
f 1279/10/5 1292/23/5 1280/22/5
f 1289/28/986 1302/29/987 1290/298/987
f 1306/299/2 1302/300/2 1298/301/2
f 1308/35/988 1285/34/989 1296/36/988
f 1298/38/990 1287/37/991 1286/39/990
f 1305/41/992 1294/40/993 1293/42/992
f 1302/44/987 1291/43/994 1290/45/987
f 1299/47/991 1288/46/995 1287/48/991
f 1294/40/993 1307/49/996 1295/55/996
f 1303/52/994 1292/51/997 1291/43/994
f 1300/53/995 1289/28/986 1288/46/995
f 1307/49/996 1296/54/988 1295/55/996
f 1297/56/989 1286/39/990 1285/34/989
f 1292/51/997 1305/57/992 1293/302/992
f 1311/64/1 1315/130/1 1319/115/1
f 1311/64/1 1336/117/1 1312/62/1
f 1342/67/1 1319/115/1 1318/65/1
f 1325/69/16 1264/68/16 1265/70/16
f 1332/2/16 1271/80/16 1272/71/16
f 1334/73/1 1311/64/1 1310/74/1
f 1341/75/1 1318/65/1 1317/59/1
f 1324/77/16 1263/76/16 1264/68/16
f 1333/78/1 1310/74/1 1309/61/1
f 1331/72/16 1270/79/16 1271/80/16
f 1316/81/1 1341/75/1 1317/59/1
f 1323/84/16 1262/129/16 1263/76/16
f 1321/85/23 1344/86/24 1332/303/24
f 1335/90/21 1322/304/27 1323/88/21
f 1342/92/25 1329/91/19 1330/93/25
f 1327/94/17 1338/95/18 1326/305/18
f 1324/97/22 1335/90/21 1323/88/21
f 1343/99/28 1330/93/25 1331/100/28
f 1340/101/20 1327/94/17 1328/102/20
f 1337/103/26 1324/97/22 1325/104/26
f 1344/105/24 1331/100/28 1332/106/24
f 1334/108/27 1321/85/23 1322/107/27
f 1329/109/19 1340/101/20 1328/102/20
f 1326/111/18 1337/103/26 1325/104/26
f 1326/113/16 1265/70/16 1266/114/16
f 1319/115/1 1344/116/1 1320/120/1
f 1312/62/1 1337/122/1 1313/60/1
f 1327/118/16 1266/114/16 1267/119/16
f 1320/120/1 1333/78/1 1309/61/1
f 1337/122/1 1314/121/1 1313/60/1
f 1268/123/16 1327/118/16 1267/119/16
f 1314/121/1 1339/125/1 1315/130/1
f 1329/127/16 1268/123/16 1269/128/16
f 1322/83/16 1261/1/16 1262/129/16
f 1339/125/1 1316/81/1 1315/130/1
f 1330/131/16 1269/128/16 1270/79/16
f 1345/133/998 1347/132/999 1346/134/1000
f 1347/132/999 1350/135/1001 1349/203/1002
f 1349/137/1002 1352/138/1003 1351/140/1004
f 1351/140/1004 1354/141/1005 1353/306/1006
f 1353/142/1006 1356/143/1007 1355/145/1008
f 1355/145/1008 1358/146/1009 1357/147/1010
f 1357/147/1010 1360/148/1011 1359/149/1012
f 1359/149/1012 1362/150/1013 1361/207/1014
f 1362/152/1013 1363/151/1015 1361/153/1014
f 1364/155/1016 1365/154/1017 1363/151/1015
f 1366/157/1018 1367/156/1019 1365/154/1017
f 1368/158/1020 1346/134/1000 1367/159/1019
f 1284/160/1021 1345/133/998 1368/158/1020
f 1273/161/1022 1348/136/1023 1345/133/998
f 1348/136/1023 1275/162/1024 1350/135/1001
f 1350/139/1001 1276/164/1025 1352/138/1003
f 1352/138/1003 1277/166/1026 1354/141/1005
f 1354/141/1005 1278/167/1027 1356/307/1007
f 1356/143/1007 1279/168/1028 1358/146/1009
f 1358/146/1009 1280/170/1029 1360/148/1011
f 1280/170/1029 1362/150/1013 1360/148/1011
f 1281/171/1030 1364/155/1016 1362/152/1013
f 1282/172/1031 1366/157/1018 1364/155/1016
f 1283/174/1032 1368/173/1020 1366/157/1018
f 1370/175/1033 1372/176/1034 1371/178/1035
f 1371/178/1035 1374/179/1036 1373/308/1037
f 1373/180/1037 1376/181/1038 1375/183/1039
f 1375/183/1039 1378/184/1040 1377/241/1041
f 1377/185/1041 1380/186/1042 1379/188/1043
f 1379/188/1043 1382/189/1044 1381/190/1045
f 1381/190/1045 1384/191/1046 1383/242/1047
f 1383/192/1047 1386/193/1048 1385/195/1049
f 1385/195/1049 1388/196/1050 1387/197/1051
f 1387/197/1051 1390/198/1052 1389/243/1053
f 1389/199/1053 1392/200/1054 1391/202/1055
f 1391/202/1055 1369/177/1056 1370/175/1033
f 1367/159/1019 1369/177/1056 1392/200/1054
f 1346/134/1000 1372/176/1034 1369/177/1056
f 1372/176/1034 1349/203/1002 1374/179/1036
f 1374/204/1036 1351/140/1004 1376/309/1038
f 1376/181/1038 1353/205/1006 1378/184/1040
f 1378/187/1040 1355/145/1008 1380/186/1042
f 1380/186/1042 1357/147/1010 1382/189/1044
f 1382/189/1044 1359/149/1012 1384/191/1046
f 1384/191/1046 1361/207/1014 1386/310/1048
f 1386/193/1048 1363/208/1015 1388/196/1050
f 1388/210/1050 1365/154/1017 1390/211/1052
f 1390/211/1052 1367/156/1019 1392/311/1054
f 1394/212/1057 1396/213/1058 1395/312/1059
f 1395/215/1059 1398/216/1060 1397/218/1061
f 1397/218/1061 1400/219/1062 1399/313/1063
f 1399/220/1063 1402/221/1064 1401/223/1065
f 1401/223/1065 1404/224/1066 1403/225/1067
f 1403/225/1067 1406/226/1068 1405/314/1069
f 1405/227/1069 1408/228/1070 1407/230/1071
f 1407/230/1071 1410/231/1072 1409/232/1073
f 1409/232/1073 1412/233/1074 1411/294/1075
f 1411/234/1075 1414/235/1076 1413/237/1077
f 1413/237/1077 1416/238/1078 1415/239/1079
f 1415/239/1079 1393/214/1080 1394/212/1057
f 1391/202/1055 1393/214/1080 1416/238/1078
f 1393/214/1080 1371/178/1035 1396/213/1058
f 1396/217/1058 1373/180/1037 1398/216/1060
f 1398/216/1060 1375/183/1039 1400/219/1062
f 1400/219/1062 1377/241/1041 1402/315/1064
f 1402/221/1064 1379/188/1043 1404/224/1066
f 1404/224/1066 1381/190/1045 1406/226/1068
f 1406/226/1068 1383/242/1047 1408/316/1070
f 1408/228/1070 1385/195/1049 1410/231/1072
f 1410/231/1072 1387/197/1051 1412/233/1074
f 1412/233/1074 1389/243/1053 1414/317/1076
f 1414/235/1076 1391/202/1055 1416/238/1078
f 1418/244/1081 1420/245/1082 1419/318/1083
f 1419/247/1083 1422/248/1084 1421/250/1085
f 1421/250/1085 1424/251/1086 1423/252/1087
f 1423/252/1087 1426/253/1088 1425/254/1089
f 1425/254/1089 1428/255/1090 1427/319/1091
f 1427/256/1091 1430/257/1092 1429/259/1093
f 1429/259/1093 1432/260/1094 1431/261/1095
f 1431/261/1095 1434/262/1096 1433/290/1097
f 1433/263/1097 1436/264/1098 1435/266/1099
f 1435/266/1099 1438/267/1100 1437/268/1101
f 1437/268/1101 1440/269/1102 1439/297/1103
f 1439/270/1103 1417/246/1104 1418/244/1081
f 1272/272/1105 1418/244/1081 1261/274/1106
f 1440/269/1102 1394/212/1057 1417/320/1104
f 1418/244/1081 1262/273/1107 1261/274/1106
f 1417/246/1104 1395/275/1059 1420/245/1082
f 1419/247/1083 1263/277/1108 1262/278/1107
f 1420/279/1082 1397/218/1061 1422/321/1084
f 1421/250/1085 1264/280/1109 1263/277/1108
f 1422/248/1084 1399/220/1063 1424/251/1086
f 1423/252/1087 1265/282/1110 1264/280/1109
f 1424/251/1086 1401/223/1065 1426/253/1088
f 1425/254/1089 1266/283/1111 1265/282/1110
f 1426/253/1088 1403/225/1067 1428/255/1090
f 1427/256/1091 1267/284/1112 1266/285/1111
f 1428/258/1090 1405/286/1069 1430/257/1092
f 1267/284/1112 1431/261/1095 1268/289/1113
f 1430/257/1092 1407/288/1071 1432/260/1094
f 1268/289/1113 1433/290/1097 1269/322/1114
f 1432/260/1094 1409/291/1073 1434/262/1096
f 1269/292/1114 1435/266/1099 1270/295/1115
f 1434/293/1096 1411/294/1075 1436/323/1098
f 1270/295/1115 1437/268/1101 1271/296/1116
f 1436/264/1098 1413/237/1077 1438/267/1100
f 1271/296/1116 1439/297/1103 1272/324/1105
f 1438/267/1100 1415/239/1079 1440/269/1102
f 1/1/1 12/71/1 72/2/1
f 23/4/2 35/25/2 34/5/2
f 15/7/2 16/26/2 28/8/2
f 19/10/2 31/27/2 30/11/2
f 22/6/2 34/5/2 33/13/2
f 14/15/2 15/7/2 27/9/2
f 24/17/2 13/24/2 25/18/2
f 17/20/2 18/12/2 30/11/2
f 20/22/2 21/14/2 33/13/2
f 14/15/2 26/16/2 25/18/2
f 24/17/2 36/19/2 35/25/2
f 16/26/2 17/20/2 29/21/2
f 19/10/2 20/22/2 32/23/2
f 29/28/3 30/298/4 42/29/4
f 48/33/5 37/325/5 38/301/5
f 38/301/5 39/326/5 40/31/5
f 40/31/5 41/327/5 42/300/5
f 42/300/5 43/328/5 44/32/5
f 44/32/5 45/329/5 46/299/5
f 46/299/5 47/330/5 48/33/5
f 48/33/5 38/301/5 40/31/5
f 40/31/5 42/300/5 44/32/5
f 44/32/5 46/299/5 48/33/5
f 25/34/6 37/56/6 48/35/7
f 27/37/8 39/331/8 38/38/9
f 34/40/10 46/50/10 45/41/11
f 31/43/12 43/52/12 42/44/4
f 28/46/13 40/53/13 39/47/8
f 34/40/10 35/55/14 47/49/14
f 32/51/15 44/58/15 43/52/12
f 29/28/3 41/30/3 40/53/13
f 36/54/7 48/332/7 47/49/14
f 26/39/9 38/38/9 37/56/6
f 32/51/15 33/302/11 45/57/11
f 49/61/16 60/120/16 59/115/16
f 59/115/16 58/65/16 57/59/16
f 57/59/16 56/81/16 55/130/16
f 55/130/16 54/121/16 53/60/16
f 53/60/16 52/62/16 51/64/16
f 51/64/16 50/74/16 49/61/16
f 49/61/16 59/115/16 57/59/16
f 57/59/16 55/130/16 53/60/16
f 53/60/16 51/64/16 49/61/16
f 52/62/16 76/117/16 75/63/16
f 58/65/16 59/115/16 83/66/16
f 4/68/1 64/77/1 65/69/1
f 12/71/1 11/80/1 71/72/1
f 51/64/16 75/63/16 74/73/16
f 58/65/16 82/67/16 81/75/16
f 3/76/1 63/84/1 64/77/1
f 50/74/16 74/73/16 73/78/16
f 10/79/1 70/131/1 71/72/1
f 56/81/16 57/59/16 81/75/16
f 3/76/1 2/129/1 62/83/1
f 61/85/17 72/303/18 84/86/18
f 63/88/19 62/304/20 74/89/20
f 69/91/21 81/333/21 82/92/22
f 67/94/23 66/305/24 78/95/24
f 64/97/25 63/88/19 75/90/19
f 70/93/22 82/92/22 83/99/26
f 67/94/23 79/96/23 80/101/27
f 64/97/25 76/98/25 77/103/28
f 71/100/26 83/99/26 84/105/18
f 62/107/20 61/85/17 73/87/17
f 69/109/21 68/102/27 80/101/27
f 66/111/24 65/104/28 77/103/28
f 5/70/1 65/69/1 66/113/1
f 59/115/16 60/120/16 84/116/16
f 53/60/16 77/122/16 76/117/16
f 6/114/1 66/113/1 67/118/1
f 60/120/16 49/61/16 73/78/16
f 54/121/16 78/126/16 77/122/16
f 8/123/1 7/119/1 67/118/1
f 54/121/16 55/130/16 79/125/16
f 8/123/1 68/124/1 69/127/1
f 1/1/1 61/3/1 62/83/1
f 56/81/16 80/82/16 79/125/16
f 9/128/1 69/127/1 70/131/1
f 87/132/29 88/136/33 85/133/30
f 87/132/29 89/203/34 90/135/32
f 89/137/34 91/140/36 92/138/35
f 91/140/36 93/306/38 94/141/37
f 93/142/38 95/145/40 96/143/39
f 95/145/40 97/147/42 98/146/41
f 97/147/42 99/149/44 100/148/43
f 99/149/44 101/207/47 102/150/45
f 103/151/46 104/155/49 102/152/45
f 105/154/48 106/157/51 104/155/49
f 107/156/50 108/173/52 106/157/51
f 86/134/31 85/133/30 108/158/52
f 85/133/30 13/161/54 24/160/53
f 88/136/33 14/163/56 13/161/54
f 88/136/33 90/135/32 15/162/55
f 90/139/32 92/138/35 16/164/57
f 92/138/35 94/141/37 17/166/58
f 94/141/37 96/307/39 18/167/59
f 96/143/39 98/146/41 19/168/60
f 98/146/41 100/148/43 20/170/61
f 102/150/45 21/334/62 20/170/61
f 104/155/49 22/172/63 21/171/62
f 106/157/51 23/174/64 22/172/63
f 108/173/52 24/335/53 23/174/64
f 110/175/65 111/178/68 112/176/66
f 111/178/68 113/308/70 114/179/69
f 113/180/70 115/183/72 116/181/71
f 115/183/72 117/241/74 118/184/73
f 117/185/74 119/188/76 120/186/75
f 119/188/76 121/190/78 122/189/77
f 121/190/78 123/242/80 124/191/79
f 123/192/80 125/195/82 126/193/81
f 125/195/82 127/197/84 128/196/83
f 127/197/84 129/243/86 130/198/85
f 129/199/86 131/202/88 132/200/87
f 131/202/88 110/175/65 109/177/67
f 109/177/67 86/134/31 107/159/50
f 112/176/66 87/132/29 86/134/31
f 112/176/66 114/179/69 89/203/34
f 114/204/69 116/309/71 91/140/36
f 116/181/71 118/184/73 93/205/38
f 118/187/73 120/186/75 95/145/40
f 120/186/75 122/189/77 97/147/42
f 122/189/77 124/191/79 99/149/44
f 124/191/79 126/310/81 101/207/47
f 126/193/81 128/196/83 103/208/46
f 128/210/83 130/211/85 105/154/48
f 130/211/85 132/311/87 107/156/50
f 134/212/89 135/312/92 136/213/90
f 135/215/92 137/218/94 138/216/93
f 137/218/94 139/313/96 140/219/95
f 139/220/96 141/223/98 142/221/97
f 141/223/98 143/225/100 144/224/99
f 143/225/100 145/314/102 146/226/101
f 145/227/102 147/230/104 148/228/103
f 147/230/104 149/232/106 150/231/105
f 149/232/106 151/294/108 152/233/107
f 151/234/108 153/237/110 154/235/109
f 153/237/110 155/239/112 156/238/111
f 155/239/112 134/212/89 133/214/91
f 133/214/91 110/175/65 131/202/88
f 133/214/91 136/213/90 111/178/68
f 136/217/90 138/216/93 113/180/70
f 138/216/93 140/219/95 115/183/72
f 140/219/95 142/315/97 117/241/74
f 142/221/97 144/224/99 119/188/76
f 144/224/99 146/226/101 121/190/78
f 146/226/101 148/316/103 123/242/80
f 148/228/103 150/231/105 125/195/82
f 150/231/105 152/233/107 127/197/84
f 152/233/107 154/317/109 129/243/86
f 154/235/109 156/238/111 131/202/88
f 158/244/113 159/318/116 160/245/114
f 159/247/116 161/250/118 162/248/117
f 161/250/118 163/252/120 164/251/119
f 163/252/120 165/254/122 166/253/121
f 165/254/122 167/319/124 168/255/123
f 167/256/124 169/259/126 170/257/125
f 169/259/126 171/261/128 172/260/127
f 171/261/128 173/290/130 174/262/129
f 173/263/130 175/266/132 176/264/131
f 175/266/132 177/268/134 178/267/133
f 177/268/134 179/297/136 180/269/135
f 179/270/136 158/244/113 157/246/115
f 12/272/137 1/274/139 158/244/113
f 180/269/135 157/320/115 134/212/89
f 2/273/138 159/318/116 158/244/113
f 157/246/115 160/245/114 135/275/92
f 3/277/140 161/250/118 159/247/116
f 160/279/114 162/321/117 137/218/94
f 4/280/141 163/252/120 161/250/118
f 162/248/117 164/251/119 139/220/96
f 5/282/142 165/254/122 163/252/120
f 164/251/119 166/253/121 141/223/98
f 6/283/143 167/319/124 165/254/122
f 166/253/121 168/255/123 143/225/100
f 7/284/144 169/259/126 167/256/124
f 168/258/123 170/257/125 145/286/102
f 7/284/144 8/289/145 171/261/128
f 170/257/125 172/260/127 147/288/104
f 8/289/145 9/322/146 173/290/130
f 172/260/127 174/262/129 149/291/106
f 9/292/146 10/295/147 175/266/132
f 174/293/129 176/323/131 151/294/108
f 10/295/147 11/296/148 177/268/134
f 176/264/131 178/267/133 153/237/110
f 11/296/148 12/324/137 179/297/136
f 178/267/133 180/269/135 155/239/112
f 181/1/149 241/3/149 252/2/149
f 214/5/150 215/25/150 203/4/150
f 195/7/150 207/9/150 208/8/150
f 210/11/150 211/27/150 199/10/150
f 213/13/150 214/5/150 202/6/150
f 194/15/150 206/16/150 207/9/150
f 204/17/150 216/19/150 205/18/150
f 197/20/150 209/21/150 210/11/150
f 200/22/150 212/23/150 213/13/150
f 205/18/150 206/16/150 194/15/150
f 215/25/150 216/19/150 204/17/150
f 196/26/150 208/8/150 209/21/150
f 199/10/150 211/27/150 212/23/150
f 209/28/151 221/30/151 222/29/152
f 218/301/153 217/325/153 228/33/153
f 228/33/153 227/330/153 226/299/153
f 226/299/153 225/329/153 224/32/153
f 224/32/153 223/328/153 222/300/153
f 222/300/153 221/327/153 220/31/153
f 220/31/153 219/326/153 218/301/153
f 218/301/153 228/33/153 226/299/153
f 226/299/153 224/32/153 222/300/153
f 222/300/153 220/31/153 218/301/153
f 228/35/154 217/56/155 205/34/155
f 218/38/156 219/331/157 207/37/157
f 225/41/158 226/50/159 214/40/159
f 222/44/152 223/52/160 211/43/160
f 219/47/157 220/53/161 208/46/161
f 214/40/159 226/50/159 227/49/162
f 223/52/160 224/58/163 212/51/163
f 220/53/161 221/30/151 209/28/151
f 227/49/162 228/332/154 216/54/154
f 217/56/155 218/38/156 206/39/156
f 212/51/163 224/58/163 225/57/158
f 239/115/164 240/120/164 229/61/164
f 229/61/164 230/74/164 231/64/164
f 231/64/164 232/62/164 233/60/164
f 233/60/164 234/121/164 235/130/164
f 235/130/164 236/81/164 237/59/164
f 237/59/164 238/65/164 239/115/164
f 239/115/164 229/61/164 231/64/164
f 231/64/164 233/60/164 235/130/164
f 235/130/164 237/59/164 239/115/164
f 231/64/164 255/63/164 256/117/164
f 262/67/164 263/66/164 239/115/164
f 245/69/149 244/77/149 184/68/149
f 252/2/149 251/72/149 191/80/149
f 254/73/164 255/63/164 231/64/164
f 261/75/164 262/67/164 238/65/164
f 244/77/149 243/84/149 183/76/149
f 253/78/164 254/73/164 230/74/164
f 251/72/149 250/131/149 190/79/149
f 236/81/164 260/82/164 261/75/164
f 243/84/149 242/83/149 182/129/149
f 241/85/165 253/87/165 264/86/166
f 255/90/167 254/89/168 242/304/168
f 262/92/169 261/333/170 249/91/170
f 247/94/171 259/96/171 258/95/172
f 244/97/173 256/98/173 255/90/167
f 263/99/174 262/92/169 250/93/169
f 260/101/175 259/96/171 247/94/171
f 257/103/176 256/98/173 244/97/173
f 264/105/166 263/99/174 251/100/174
f 254/108/168 253/87/165 241/85/165
f 249/109/170 261/110/170 260/101/175
f 246/111/172 258/112/172 257/103/176
f 246/113/149 245/69/149 185/70/149
f 239/115/164 263/66/164 264/116/164
f 232/62/164 256/117/164 257/122/164
f 247/118/149 246/113/149 186/114/149
f 240/120/164 264/116/164 253/78/164
f 257/122/164 258/126/164 234/121/164
f 188/123/149 248/124/149 247/118/149
f 234/121/164 258/126/164 259/125/164
f 249/127/149 248/124/149 188/123/149
f 242/83/149 241/3/149 181/1/149
f 259/125/164 260/82/164 236/81/164
f 250/131/149 249/127/149 189/128/149
f 265/133/177 268/136/202 267/132/178
f 267/132/178 268/136/202 270/135/180
f 269/137/181 270/139/180 272/138/182
f 271/140/183 272/138/182 274/141/184
f 273/142/185 274/144/184 276/143/186
f 275/145/187 276/143/186 278/146/188
f 277/147/189 278/146/188 280/148/190
f 279/149/191 280/148/190 282/150/192
f 282/152/192 284/155/195 283/151/194
f 284/155/195 286/157/197 285/154/196
f 286/157/197 288/173/199 287/156/198
f 288/158/199 265/133/177 266/134/179
f 204/160/200 193/161/201 265/133/177
f 193/161/201 194/163/1117 268/136/202
f 268/136/202 194/163/1117 195/162/203
f 270/139/180 195/165/203 196/164/204
f 272/138/182 196/164/204 197/166/205
f 274/141/184 197/166/205 198/167/206
f 276/143/186 198/169/206 199/168/207
f 278/146/188 199/168/207 200/170/208
f 200/170/208 201/334/209 282/150/192
f 201/171/209 202/172/210 284/155/195
f 202/172/210 203/174/211 286/157/197
f 203/174/211 204/335/200 288/173/199
f 290/175/212 289/177/235 292/176/213
f 291/178/214 292/176/213 294/179/215
f 293/180/216 294/182/215 296/181/217
f 295/183/218 296/181/217 298/184/219
f 297/185/220 298/187/219 300/186/221
f 299/188/222 300/186/221 302/189/223
f 301/190/224 302/189/223 304/191/225
f 303/192/226 304/194/225 306/193/227
f 305/195/228 306/193/227 308/196/229
f 307/197/230 308/196/229 310/198/231
f 309/199/232 310/201/231 312/200/233
f 311/202/234 312/200/233 289/177/235
f 287/159/198 266/134/179 289/177/235
f 266/134/179 267/132/178 292/176/213
f 292/176/213 267/132/178 269/203/181
f 294/204/215 269/137/181 271/140/183
f 296/181/217 271/206/183 273/205/185
f 298/187/219 273/142/185 275/145/187
f 300/186/221 275/145/187 277/147/189
f 302/189/223 277/147/189 279/149/191
f 304/191/225 279/149/191 281/207/193
f 306/193/227 281/209/193 283/208/194
f 308/210/229 283/151/194 285/154/196
f 310/211/231 285/154/196 287/156/198
f 314/212/236 313/214/259 316/213/237
f 315/215/238 316/217/237 318/216/239
f 317/218/240 318/216/239 320/219/241
f 319/220/242 320/222/241 322/221/243
f 321/223/244 322/221/243 324/224/245
f 323/225/246 324/224/245 326/226/247
f 325/227/248 326/229/247 328/228/249
f 327/230/250 328/228/249 330/231/251
f 329/232/252 330/231/251 332/233/253
f 331/234/254 332/236/253 334/235/255
f 333/237/256 334/235/255 336/238/257
f 335/239/258 336/238/257 313/214/259
f 311/202/234 290/175/212 313/214/259
f 313/214/259 290/175/212 291/178/214
f 316/217/237 291/240/214 293/180/216
f 318/216/239 293/180/216 295/183/218
f 320/219/241 295/183/218 297/241/220
f 322/221/243 297/185/220 299/188/222
f 324/224/245 299/188/222 301/190/224
f 326/226/247 301/190/224 303/242/226
f 328/228/249 303/192/226 305/195/228
f 330/231/251 305/195/228 307/197/230
f 332/233/253 307/197/230 309/243/232
f 334/235/255 309/199/232 311/202/234
f 338/244/260 337/246/283 340/245/261
f 339/247/262 340/249/261 342/248/263
f 341/250/264 342/248/263 344/251/265
f 343/252/266 344/251/265 346/253/267
f 345/254/268 346/253/267 348/255/269
f 347/256/270 348/258/269 350/257/271
f 349/259/272 350/257/271 352/260/273
f 351/261/274 352/260/273 354/262/275
f 353/263/276 354/265/275 356/264/277
f 355/266/278 356/264/277 358/267/279
f 357/268/280 358/267/279 360/269/281
f 359/270/282 360/271/281 337/246/283
f 192/272/284 359/270/282 338/244/260
f 360/269/281 335/239/258 314/212/236
f 338/244/260 339/318/262 182/273/286
f 337/246/283 314/276/236 315/275/238
f 339/247/262 341/250/264 183/277/287
f 340/279/261 315/215/238 317/218/240
f 341/250/264 343/252/266 184/280/288
f 342/248/263 317/281/240 319/220/242
f 343/252/266 345/254/268 185/282/289
f 344/251/265 319/220/242 321/223/244
f 345/254/268 347/319/270 186/283/290
f 346/253/267 321/223/244 323/225/246
f 347/256/270 349/259/272 187/284/291
f 348/258/269 323/287/246 325/286/248
f 187/284/291 349/259/272 351/261/274
f 350/257/271 325/286/248 327/288/250
f 188/289/292 351/261/274 353/290/276
f 352/260/273 327/288/250 329/291/252
f 189/292/293 353/263/276 355/266/278
f 354/293/275 329/232/252 331/294/254
f 190/295/294 355/266/278 357/268/280
f 356/264/277 331/234/254 333/237/256
f 191/296/295 357/268/280 359/297/282
f 358/267/279 333/237/256 335/239/258
f 361/1/296 421/3/296 432/2/296
f 394/5/297 395/25/297 383/4/297
f 375/7/297 387/9/297 388/8/297
f 390/11/297 391/27/297 379/10/297
f 393/13/297 394/5/297 382/6/297
f 374/15/297 386/16/297 387/9/297
f 384/17/297 396/19/297 385/18/297
f 377/20/297 389/21/297 390/11/297
f 380/22/297 392/23/297 393/13/297
f 385/18/297 386/16/297 374/15/297
f 395/25/297 396/19/297 384/17/297
f 376/26/297 388/8/297 389/21/297
f 379/10/297 391/27/297 392/23/297
f 389/28/298 401/30/298 402/29/299
f 398/301/300 397/325/300 408/33/300
f 408/33/300 407/330/300 406/299/300
f 406/299/300 405/329/300 404/32/300
f 404/32/300 403/328/300 402/300/300
f 402/300/300 401/327/300 400/31/300
f 400/31/300 399/326/300 398/301/300
f 398/301/300 408/33/300 406/299/300
f 406/299/300 404/32/300 402/300/300
f 402/300/300 400/31/300 398/301/300
f 408/35/301 397/56/302 385/34/302
f 398/38/303 399/331/304 387/37/304
f 405/41/305 406/50/306 394/40/306
f 402/44/299 403/52/307 391/43/307
f 399/47/304 400/53/308 388/46/308
f 394/40/306 406/50/306 407/49/309
f 403/52/307 404/58/310 392/51/310
f 400/53/308 401/30/298 389/28/298
f 407/49/309 408/332/301 396/54/301
f 397/56/302 398/38/303 386/39/303
f 392/51/310 404/58/310 405/57/305
f 419/115/311 420/120/311 409/61/311
f 409/61/311 410/74/311 411/64/311
f 411/64/311 412/62/311 413/60/311
f 413/60/311 414/121/311 415/130/311
f 415/130/311 416/81/311 417/59/311
f 417/59/311 418/65/311 419/115/311
f 419/115/311 409/61/311 411/64/311
f 411/64/311 413/60/311 415/130/311
f 415/130/311 417/59/311 419/115/311
f 411/64/311 435/63/311 436/117/311
f 442/67/311 443/66/311 419/115/311
f 425/69/296 424/77/296 364/68/296
f 432/2/296 431/72/296 371/80/296
f 434/73/311 435/63/311 411/64/311
f 441/75/311 442/67/311 418/65/311
f 424/77/296 423/84/296 363/76/296
f 433/78/311 434/73/311 410/74/311
f 431/72/296 430/131/296 370/79/296
f 416/81/311 440/82/311 441/75/311
f 423/84/296 422/83/296 362/129/296
f 421/85/312 433/87/312 444/86/313
f 435/90/314 434/89/315 422/304/315
f 442/92/316 441/333/317 429/91/317
f 427/94/318 439/96/318 438/95/319
f 424/97/320 436/98/320 435/90/314
f 443/99/321 442/92/316 430/93/316
f 440/101/322 439/96/318 427/94/318
f 437/103/323 436/98/320 424/97/320
f 444/105/313 443/99/321 431/100/321
f 434/108/315 433/87/312 421/85/312
f 429/109/317 441/110/317 440/101/322
f 426/111/319 438/112/319 437/103/323
f 426/113/296 425/69/296 365/70/296
f 419/115/311 443/66/311 444/116/311
f 412/62/311 436/117/311 437/122/311
f 427/118/296 426/113/296 366/114/296
f 420/120/311 444/116/311 433/78/311
f 437/122/311 438/126/311 414/121/311
f 368/123/296 428/124/296 427/118/296
f 414/121/311 438/126/311 439/125/311
f 429/127/296 428/124/296 368/123/296
f 422/83/296 421/3/296 361/1/296
f 439/125/311 440/82/311 416/81/311
f 430/131/296 429/127/296 369/128/296
f 445/133/324 448/136/349 447/132/325
f 447/132/325 448/136/349 450/135/327
f 449/137/328 450/139/327 452/138/329
f 451/140/330 452/138/329 454/141/331
f 453/142/332 454/144/331 456/143/333
f 455/145/334 456/143/333 458/146/335
f 457/147/336 458/146/335 460/148/337
f 459/149/338 460/148/337 462/150/339
f 462/152/339 464/155/342 463/151/341
f 464/155/342 466/157/344 465/154/343
f 466/157/344 468/173/346 467/156/345
f 468/158/346 445/133/324 446/134/326
f 384/160/347 373/161/348 445/133/324
f 373/161/348 374/163/1118 448/136/349
f 448/136/349 374/163/1118 375/162/350
f 450/139/327 375/165/350 376/164/351
f 452/138/329 376/164/351 377/166/352
f 454/141/331 377/166/352 378/167/353
f 456/143/333 378/169/353 379/168/354
f 458/146/335 379/168/354 380/170/355
f 380/170/355 381/334/356 462/150/339
f 381/171/356 382/172/357 464/155/342
f 382/172/357 383/174/358 466/157/344
f 383/174/358 384/335/347 468/173/346
f 470/175/359 469/177/382 472/176/360
f 471/178/361 472/176/360 474/179/362
f 473/180/363 474/182/362 476/181/364
f 475/183/365 476/181/364 478/184/366
f 477/185/367 478/187/366 480/186/368
f 479/188/369 480/186/368 482/189/370
f 481/190/371 482/189/370 484/191/372
f 483/192/373 484/194/372 486/193/374
f 485/195/375 486/193/374 488/196/376
f 487/197/377 488/196/376 490/198/378
f 489/199/379 490/201/378 492/200/380
f 491/202/381 492/200/380 469/177/382
f 467/159/345 446/134/326 469/177/382
f 446/134/326 447/132/325 472/176/360
f 472/176/360 447/132/325 449/203/328
f 474/204/362 449/137/328 451/140/330
f 476/181/364 451/206/330 453/205/332
f 478/187/366 453/142/332 455/145/334
f 480/186/368 455/145/334 457/147/336
f 482/189/370 457/147/336 459/149/338
f 484/191/372 459/149/338 461/207/340
f 486/193/374 461/209/340 463/208/341
f 488/210/376 463/151/341 465/154/343
f 490/211/378 465/154/343 467/156/345
f 494/212/383 493/214/406 496/213/384
f 495/215/385 496/217/384 498/216/386
f 497/218/387 498/216/386 500/219/388
f 499/220/389 500/222/388 502/221/390
f 501/223/391 502/221/390 504/224/392
f 503/225/393 504/224/392 506/226/394
f 505/227/395 506/229/394 508/228/396
f 507/230/397 508/228/396 510/231/398
f 509/232/399 510/231/398 512/233/400
f 511/234/401 512/236/400 514/235/402
f 513/237/403 514/235/402 516/238/404
f 515/239/405 516/238/404 493/214/406
f 491/202/381 470/175/359 493/214/406
f 493/214/406 470/175/359 471/178/361
f 496/217/384 471/240/361 473/180/363
f 498/216/386 473/180/363 475/183/365
f 500/219/388 475/183/365 477/241/367
f 502/221/390 477/185/367 479/188/369
f 504/224/392 479/188/369 481/190/371
f 506/226/394 481/190/371 483/242/373
f 508/228/396 483/192/373 485/195/375
f 510/231/398 485/195/375 487/197/377
f 512/233/400 487/197/377 489/243/379
f 514/235/402 489/199/379 491/202/381
f 518/244/407 517/246/430 520/245/408
f 519/247/409 520/249/408 522/248/410
f 521/250/411 522/248/410 524/251/412
f 523/252/413 524/251/412 526/253/414
f 525/254/415 526/253/414 528/255/416
f 527/256/417 528/258/416 530/257/418
f 529/259/419 530/257/418 532/260/420
f 531/261/421 532/260/420 534/262/422
f 533/263/423 534/265/422 536/264/424
f 535/266/425 536/264/424 538/267/426
f 537/268/427 538/267/426 540/269/428
f 539/270/429 540/271/428 517/246/430
f 372/272/431 539/270/429 518/244/407
f 540/269/428 515/239/405 494/212/383
f 518/244/407 519/318/409 362/273/433
f 517/246/430 494/276/383 495/275/385
f 519/247/409 521/250/411 363/277/434
f 520/279/408 495/215/385 497/218/387
f 521/250/411 523/252/413 364/280/435
f 522/248/410 497/281/387 499/220/389
f 523/252/413 525/254/415 365/282/436
f 524/251/412 499/220/389 501/223/391
f 525/254/415 527/319/417 366/283/437
f 526/253/414 501/223/391 503/225/393
f 527/256/417 529/259/419 367/284/438
f 528/258/416 503/287/393 505/286/395
f 367/284/438 529/259/419 531/261/421
f 530/257/418 505/286/395 507/288/397
f 368/289/439 531/261/421 533/290/423
f 532/260/420 507/288/397 509/291/399
f 369/292/440 533/263/423 535/266/425
f 534/293/422 509/232/399 511/294/401
f 370/295/441 535/266/425 537/268/427
f 536/264/424 511/234/401 513/237/403
f 371/296/442 537/268/427 539/297/429
f 538/267/426 513/237/403 515/239/405
f 541/1/443 552/71/443 612/2/443
f 563/4/444 575/25/444 574/5/444
f 555/7/444 556/26/444 568/8/444
f 559/10/444 571/27/444 570/11/444
f 562/6/444 574/5/444 573/13/444
f 554/15/444 555/7/444 567/9/444
f 564/17/444 553/24/444 565/18/444
f 557/20/444 558/12/444 570/11/444
f 560/22/444 561/14/444 573/13/444
f 554/15/444 566/16/444 565/18/444
f 564/17/444 576/19/444 575/25/444
f 556/26/444 557/20/444 569/21/444
f 559/10/444 560/22/444 572/23/444
f 569/28/445 570/298/446 582/29/446
f 588/33/447 577/325/447 578/301/447
f 578/301/447 579/326/447 580/31/447
f 580/31/447 581/327/447 582/300/447
f 582/300/447 583/328/447 584/32/447
f 584/32/447 585/329/447 586/299/447
f 586/299/447 587/330/447 588/33/447
f 588/33/447 578/301/447 580/31/447
f 580/31/447 582/300/447 584/32/447
f 584/32/447 586/299/447 588/33/447
f 565/34/448 577/56/448 588/35/449
f 567/37/450 579/331/450 578/38/451
f 574/40/452 586/50/452 585/41/453
f 571/43/454 583/52/454 582/44/446
f 568/46/455 580/53/455 579/47/450
f 574/40/452 575/55/456 587/49/456
f 572/51/457 584/58/457 583/52/454
f 569/28/445 581/30/445 580/53/455
f 576/54/449 588/332/449 587/49/456
f 566/39/451 578/38/451 577/56/448
f 572/51/457 573/302/453 585/57/453
f 589/61/458 600/120/458 599/115/458
f 599/115/458 598/65/458 597/59/458
f 597/59/458 596/81/458 595/130/458
f 595/130/458 594/121/458 593/60/458
f 593/60/458 592/62/458 591/64/458
f 591/64/458 590/74/458 589/61/458
f 589/61/458 599/115/458 597/59/458
f 597/59/458 595/130/458 593/60/458
f 593/60/458 591/64/458 589/61/458
f 592/62/458 616/117/458 615/63/458
f 598/65/458 599/115/458 623/66/458
f 544/68/443 604/77/443 605/69/443
f 552/71/443 551/80/443 611/72/443
f 591/64/458 615/63/458 614/73/458
f 598/65/458 622/67/458 621/75/458
f 543/76/443 603/84/443 604/77/443
f 590/74/458 614/73/458 613/78/458
f 550/79/443 610/131/443 611/72/443
f 596/81/458 597/59/458 621/75/458
f 543/76/443 542/129/443 602/83/443
f 601/85/459 612/303/460 624/86/460
f 603/88/461 602/304/462 614/89/462
f 609/91/463 621/333/463 622/92/464
f 607/94/465 606/305/466 618/95/466
f 604/97/467 603/88/461 615/90/461
f 610/93/464 622/92/464 623/99/468
f 607/94/465 619/96/465 620/101/469
f 604/97/467 616/98/467 617/103/470
f 611/100/468 623/99/468 624/105/460
f 602/107/462 601/85/459 613/87/459
f 609/109/463 608/102/469 620/101/469
f 606/111/466 605/104/470 617/103/470
f 545/70/443 605/69/443 606/113/443
f 599/115/458 600/120/458 624/116/458
f 593/60/458 617/122/458 616/117/458
f 546/114/443 606/113/443 607/118/443
f 600/120/458 589/61/458 613/78/458
f 594/121/458 618/126/458 617/122/458
f 548/123/443 547/119/443 607/118/443
f 594/121/458 595/130/458 619/125/458
f 548/123/443 608/124/443 609/127/443
f 541/1/443 601/3/443 602/83/443
f 596/81/458 620/82/458 619/125/458
f 549/128/443 609/127/443 610/131/443
f 627/132/471 628/136/475 625/133/472
f 627/132/471 629/203/476 630/135/474
f 629/137/476 631/140/478 632/138/477
f 631/140/478 633/306/480 634/141/479
f 633/142/480 635/145/482 636/143/481
f 635/145/482 637/147/484 638/146/483
f 637/147/484 639/149/486 640/148/485
f 639/149/486 641/207/489 642/150/487
f 643/151/488 644/155/491 642/152/487
f 645/154/490 646/157/493 644/155/491
f 647/156/492 648/173/494 646/157/493
f 626/134/473 625/133/472 648/158/494
f 625/133/472 553/161/496 564/160/495
f 628/136/475 554/163/498 553/161/496
f 628/136/475 630/135/474 555/162/497
f 630/139/474 632/138/477 556/164/499
f 632/138/477 634/141/479 557/166/500
f 634/141/479 636/307/481 558/167/501
f 636/143/481 638/146/483 559/168/502
f 638/146/483 640/148/485 560/170/503
f 642/150/487 561/334/504 560/170/503
f 644/155/491 562/172/505 561/171/504
f 646/157/493 563/174/506 562/172/505
f 648/173/494 564/335/495 563/174/506
f 650/175/507 651/178/510 652/176/508
f 651/178/510 653/308/512 654/179/511
f 653/180/512 655/183/514 656/181/513
f 655/183/514 657/241/516 658/184/515
f 657/185/516 659/188/518 660/186/517
f 659/188/518 661/190/520 662/189/519
f 661/190/520 663/242/522 664/191/521
f 663/192/522 665/195/524 666/193/523
f 665/195/524 667/197/526 668/196/525
f 667/197/526 669/243/528 670/198/527
f 669/199/528 671/202/530 672/200/529
f 671/202/530 650/175/507 649/177/509
f 649/177/509 626/134/473 647/159/492
f 652/176/508 627/132/471 626/134/473
f 652/176/508 654/179/511 629/203/476
f 654/204/511 656/309/513 631/140/478
f 656/181/513 658/184/515 633/205/480
f 658/187/515 660/186/517 635/145/482
f 660/186/517 662/189/519 637/147/484
f 662/189/519 664/191/521 639/149/486
f 664/191/521 666/310/523 641/207/489
f 666/193/523 668/196/525 643/208/488
f 668/210/525 670/211/527 645/154/490
f 670/211/527 672/311/529 647/156/492
f 674/212/531 675/312/534 676/213/532
f 675/215/534 677/218/536 678/216/535
f 677/218/536 679/313/538 680/219/537
f 679/220/538 681/223/540 682/221/539
f 681/223/540 683/225/542 684/224/541
f 683/225/542 685/314/544 686/226/543
f 685/227/544 687/230/546 688/228/545
f 687/230/546 689/232/548 690/231/547
f 689/232/548 691/294/550 692/233/549
f 691/234/550 693/237/552 694/235/551
f 693/237/552 695/239/554 696/238/553
f 695/239/554 674/212/531 673/214/533
f 673/214/533 650/175/507 671/202/530
f 673/214/533 676/213/532 651/178/510
f 676/217/532 678/216/535 653/180/512
f 678/216/535 680/219/537 655/183/514
f 680/219/537 682/315/539 657/241/516
f 682/221/539 684/224/541 659/188/518
f 684/224/541 686/226/543 661/190/520
f 686/226/543 688/316/545 663/242/522
f 688/228/545 690/231/547 665/195/524
f 690/231/547 692/233/549 667/197/526
f 692/233/549 694/317/551 669/243/528
f 694/235/551 696/238/553 671/202/530
f 698/244/555 699/318/558 700/245/556
f 699/247/558 701/250/560 702/248/559
f 701/250/560 703/252/562 704/251/561
f 703/252/562 705/254/564 706/253/563
f 705/254/564 707/319/566 708/255/565
f 707/256/566 709/259/568 710/257/567
f 709/259/568 711/261/570 712/260/569
f 711/261/570 713/290/572 714/262/571
f 713/263/572 715/266/574 716/264/573
f 715/266/574 717/268/576 718/267/575
f 717/268/576 719/297/578 720/269/577
f 719/270/578 698/244/555 697/246/557
f 552/272/579 541/274/581 698/244/555
f 720/269/577 697/320/557 674/212/531
f 542/273/580 699/318/558 698/244/555
f 697/246/557 700/245/556 675/275/534
f 543/277/582 701/250/560 699/247/558
f 700/279/556 702/321/559 677/218/536
f 544/280/583 703/252/562 701/250/560
f 702/248/559 704/251/561 679/220/538
f 545/282/584 705/254/564 703/252/562
f 704/251/561 706/253/563 681/223/540
f 546/283/585 707/319/566 705/254/564
f 706/253/563 708/255/565 683/225/542
f 547/284/586 709/259/568 707/256/566
f 708/258/565 710/257/567 685/286/544
f 547/284/586 548/289/587 711/261/570
f 710/257/567 712/260/569 687/288/546
f 548/289/587 549/322/588 713/290/572
f 712/260/569 714/262/571 689/291/548
f 549/292/588 550/295/589 715/266/574
f 714/293/571 716/323/573 691/294/550
f 550/295/589 551/296/590 717/268/576
f 716/264/573 718/267/575 693/237/552
f 551/296/590 552/324/579 719/297/578
f 718/267/575 720/269/577 695/239/554
f 721/1/458 781/3/458 792/2/458
f 754/5/447 755/25/447 743/4/447
f 735/7/447 747/9/447 748/8/447
f 750/11/447 751/27/447 739/10/447
f 753/13/447 754/5/447 742/6/447
f 734/15/447 746/16/447 747/9/447
f 744/17/447 756/19/447 745/18/447
f 737/20/447 749/21/447 750/11/447
f 740/22/447 752/23/447 753/13/447
f 745/18/447 746/16/447 734/15/447
f 755/25/447 756/19/447 744/17/447
f 736/26/447 748/8/447 749/21/447
f 739/10/447 751/27/447 752/23/447
f 749/28/591 761/30/591 762/29/592
f 758/301/444 757/325/444 768/33/444
f 768/33/444 767/330/444 766/299/444
f 766/299/444 765/329/444 764/32/444
f 764/32/444 763/328/444 762/300/444
f 762/300/444 761/327/444 760/31/444
f 760/31/444 759/326/444 758/301/444
f 758/301/444 768/33/444 766/299/444
f 766/299/444 764/32/444 762/300/444
f 762/300/444 760/31/444 758/301/444
f 768/35/593 757/56/594 745/34/594
f 758/38/595 759/331/596 747/37/596
f 765/41/597 766/50/598 754/40/598
f 762/44/592 763/52/599 751/43/599
f 759/47/596 760/53/600 748/46/600
f 754/40/598 766/50/598 767/49/601
f 763/52/599 764/58/602 752/51/602
f 760/53/600 761/30/591 749/28/591
f 767/49/601 768/332/593 756/54/593
f 757/56/594 758/38/595 746/39/595
f 752/51/602 764/58/602 765/57/597
f 779/115/443 780/120/443 769/61/443
f 769/61/443 770/74/443 771/64/443
f 771/64/443 772/62/443 773/60/443
f 773/60/443 774/121/443 775/130/443
f 775/130/443 776/81/443 777/59/443
f 777/59/443 778/65/443 779/115/443
f 779/115/443 769/61/443 771/64/443
f 771/64/443 773/60/443 775/130/443
f 775/130/443 777/59/443 779/115/443
f 771/64/443 795/63/443 796/117/443
f 802/67/443 803/66/443 779/115/443
f 785/69/458 784/77/458 724/68/458
f 792/2/458 791/72/458 731/80/458
f 794/73/443 795/63/443 771/64/443
f 801/75/443 802/67/443 778/65/443
f 784/77/458 783/84/458 723/76/458
f 793/78/443 794/73/443 770/74/443
f 791/72/458 790/131/458 730/79/458
f 776/81/443 800/82/443 801/75/443
f 783/84/458 782/83/458 722/129/458
f 781/85/465 793/87/465 804/86/466
f 795/90/463 794/89/469 782/304/469
f 802/92/467 801/333/461 789/91/461
f 787/94/459 799/96/459 798/95/460
f 784/97/464 796/98/464 795/90/463
f 803/99/470 802/92/467 790/93/467
f 800/101/462 799/96/459 787/94/459
f 797/103/468 796/98/464 784/97/464
f 804/105/466 803/99/470 791/100/470
f 794/108/469 793/87/465 781/85/465
f 789/109/461 801/110/461 800/101/462
f 786/111/460 798/112/460 797/103/468
f 786/113/458 785/69/458 725/70/458
f 779/115/443 803/66/443 804/116/443
f 772/62/443 796/117/443 797/122/443
f 787/118/458 786/113/458 726/114/458
f 780/120/443 804/116/443 793/78/443
f 797/122/443 798/126/443 774/121/443
f 728/123/458 788/124/458 787/118/458
f 774/121/443 798/126/443 799/125/443
f 789/127/458 788/124/458 728/123/458
f 782/83/458 781/3/458 721/1/458
f 799/125/443 800/82/443 776/81/443
f 790/131/458 789/127/458 729/128/458
f 805/133/603 808/136/628 807/132/604
f 807/132/604 808/136/628 810/135/606
f 809/137/607 810/139/606 812/138/608
f 811/140/609 812/138/608 814/141/610
f 813/142/611 814/144/610 816/143/612
f 815/145/613 816/143/612 818/146/614
f 817/147/615 818/146/614 820/148/616
f 819/149/617 820/148/616 822/150/618
f 822/152/618 824/155/621 823/151/620
f 824/155/621 826/157/623 825/154/622
f 826/157/623 828/173/625 827/156/624
f 828/158/625 805/133/603 806/134/605
f 744/160/626 733/161/627 805/133/603
f 733/161/627 734/163/1119 808/136/628
f 808/136/628 734/163/1119 735/162/629
f 810/139/606 735/165/629 736/164/630
f 812/138/608 736/164/630 737/166/631
f 814/141/610 737/166/631 738/167/632
f 816/143/612 738/169/632 739/168/633
f 818/146/614 739/168/633 740/170/634
f 740/170/634 741/334/635 822/150/618
f 741/171/635 742/172/636 824/155/621
f 742/172/636 743/174/637 826/157/623
f 743/174/637 744/335/626 828/173/625
f 830/175/638 829/177/661 832/176/639
f 831/178/640 832/176/639 834/179/641
f 833/180/642 834/182/641 836/181/643
f 835/183/644 836/181/643 838/184/645
f 837/185/646 838/187/645 840/186/647
f 839/188/648 840/186/647 842/189/649
f 841/190/650 842/189/649 844/191/651
f 843/192/652 844/194/651 846/193/653
f 845/195/654 846/193/653 848/196/655
f 847/197/656 848/196/655 850/198/657
f 849/199/658 850/201/657 852/200/659
f 851/202/660 852/200/659 829/177/661
f 827/159/624 806/134/605 829/177/661
f 806/134/605 807/132/604 832/176/639
f 832/176/639 807/132/604 809/203/607
f 834/204/641 809/137/607 811/140/609
f 836/181/643 811/206/609 813/205/611
f 838/187/645 813/142/611 815/145/613
f 840/186/647 815/145/613 817/147/615
f 842/189/649 817/147/615 819/149/617
f 844/191/651 819/149/617 821/207/619
f 846/193/653 821/209/619 823/208/620
f 848/210/655 823/151/620 825/154/622
f 850/211/657 825/154/622 827/156/624
f 854/212/662 853/214/685 856/213/663
f 855/215/664 856/217/663 858/216/665
f 857/218/666 858/216/665 860/219/667
f 859/220/668 860/222/667 862/221/669
f 861/223/670 862/221/669 864/224/671
f 863/225/672 864/224/671 866/226/673
f 865/227/674 866/229/673 868/228/675
f 867/230/676 868/228/675 870/231/677
f 869/232/678 870/231/677 872/233/679
f 871/234/680 872/236/679 874/235/681
f 873/237/682 874/235/681 876/238/683
f 875/239/684 876/238/683 853/214/685
f 851/202/660 830/175/638 853/214/685
f 853/214/685 830/175/638 831/178/640
f 856/217/663 831/240/640 833/180/642
f 858/216/665 833/180/642 835/183/644
f 860/219/667 835/183/644 837/241/646
f 862/221/669 837/185/646 839/188/648
f 864/224/671 839/188/648 841/190/650
f 866/226/673 841/190/650 843/242/652
f 868/228/675 843/192/652 845/195/654
f 870/231/677 845/195/654 847/197/656
f 872/233/679 847/197/656 849/243/658
f 874/235/681 849/199/658 851/202/660
f 878/244/686 877/246/709 880/245/687
f 879/247/688 880/249/687 882/248/689
f 881/250/690 882/248/689 884/251/691
f 883/252/692 884/251/691 886/253/693
f 885/254/694 886/253/693 888/255/695
f 887/256/696 888/258/695 890/257/697
f 889/259/698 890/257/697 892/260/699
f 891/261/700 892/260/699 894/262/701
f 893/263/702 894/265/701 896/264/703
f 895/266/704 896/264/703 898/267/705
f 897/268/706 898/267/705 900/269/707
f 899/270/708 900/271/707 877/246/709
f 732/272/710 899/270/708 878/244/686
f 900/269/707 875/239/684 854/212/662
f 878/244/686 879/318/688 722/273/712
f 877/246/709 854/276/662 855/275/664
f 879/247/688 881/250/690 723/277/713
f 880/279/687 855/215/664 857/218/666
f 881/250/690 883/252/692 724/280/714
f 882/248/689 857/281/666 859/220/668
f 883/252/692 885/254/694 725/282/715
f 884/251/691 859/220/668 861/223/670
f 885/254/694 887/319/696 726/283/716
f 886/253/693 861/223/670 863/225/672
f 887/256/696 889/259/698 727/284/717
f 888/258/695 863/287/672 865/286/674
f 727/284/717 889/259/698 891/261/700
f 890/257/697 865/286/674 867/288/676
f 728/289/718 891/261/700 893/290/702
f 892/260/699 867/288/676 869/291/678
f 729/292/719 893/263/702 895/266/704
f 894/293/701 869/232/678 871/294/680
f 730/295/720 895/266/704 897/268/706
f 896/264/703 871/234/680 873/237/682
f 731/296/721 897/268/706 899/297/708
f 898/267/705 873/237/682 875/239/684
f 901/1/311 912/71/311 972/2/311
f 923/4/300 935/25/300 934/5/300
f 915/7/300 916/26/300 928/8/300
f 919/10/300 931/27/300 930/11/300
f 922/6/300 934/5/300 933/13/300
f 914/15/300 915/7/300 927/9/300
f 924/17/300 913/24/300 925/18/300
f 917/20/300 918/12/300 930/11/300
f 920/22/300 921/14/300 933/13/300
f 914/15/300 926/16/300 925/18/300
f 924/17/300 936/19/300 935/25/300
f 916/26/300 917/20/300 929/21/300
f 919/10/300 920/22/300 932/23/300
f 929/28/722 930/298/723 942/29/723
f 948/33/297 937/325/297 938/301/297
f 938/301/297 939/326/297 940/31/297
f 940/31/297 941/327/297 942/300/297
f 942/300/297 943/328/297 944/32/297
f 944/32/297 945/329/297 946/299/297
f 946/299/297 947/330/297 948/33/297
f 948/33/297 938/301/297 940/31/297
f 940/31/297 942/300/297 944/32/297
f 944/32/297 946/299/297 948/33/297
f 925/34/724 937/56/724 948/35/725
f 927/37/726 939/331/726 938/38/727
f 934/40/728 946/50/728 945/41/729
f 931/43/730 943/52/730 942/44/723
f 928/46/731 940/53/731 939/47/726
f 934/40/728 935/55/732 947/49/732
f 932/51/733 944/58/733 943/52/730
f 929/28/722 941/30/722 940/53/731
f 936/54/725 948/332/725 947/49/732
f 926/39/727 938/38/727 937/56/724
f 932/51/733 933/302/729 945/57/729
f 949/61/296 960/120/296 959/115/296
f 959/115/296 958/65/296 957/59/296
f 957/59/296 956/81/296 955/130/296
f 955/130/296 954/121/296 953/60/296
f 953/60/296 952/62/296 951/64/296
f 951/64/296 950/74/296 949/61/296
f 949/61/296 959/115/296 957/59/296
f 957/59/296 955/130/296 953/60/296
f 953/60/296 951/64/296 949/61/296
f 952/62/296 976/117/296 975/63/296
f 958/65/296 959/115/296 983/66/296
f 904/68/311 964/77/311 965/69/311
f 912/71/311 911/80/311 971/72/311
f 951/64/296 975/63/296 974/73/296
f 958/65/296 982/67/296 981/75/296
f 903/76/311 963/84/311 964/77/311
f 950/74/296 974/73/296 973/78/296
f 910/79/311 970/131/311 971/72/311
f 956/81/296 957/59/296 981/75/296
f 903/76/311 902/129/311 962/83/311
f 961/85/318 972/303/319 984/86/319
f 963/88/317 962/304/322 974/89/322
f 969/91/314 981/333/314 982/92/320
f 967/94/312 966/305/313 978/95/313
f 964/97/316 963/88/317 975/90/317
f 970/93/320 982/92/320 983/99/323
f 967/94/312 979/96/312 980/101/315
f 964/97/316 976/98/316 977/103/321
f 971/100/323 983/99/323 984/105/319
f 962/107/322 961/85/318 973/87/318
f 969/109/314 968/102/315 980/101/315
f 966/111/313 965/104/321 977/103/321
f 905/70/311 965/69/311 966/113/311
f 959/115/296 960/120/296 984/116/296
f 953/60/296 977/122/296 976/117/296
f 906/114/311 966/113/311 967/118/311
f 960/120/296 949/61/296 973/78/296
f 954/121/296 978/126/296 977/122/296
f 908/123/311 907/119/311 967/118/311
f 954/121/296 955/130/296 979/125/296
f 908/123/311 968/124/311 969/127/311
f 901/1/311 961/3/311 962/83/311
f 956/81/296 980/82/296 979/125/296
f 909/128/311 969/127/311 970/131/311
f 987/132/734 988/136/738 985/133/735
f 987/132/734 989/203/739 990/135/737
f 989/137/739 991/140/741 992/138/740
f 991/140/741 993/306/743 994/141/742
f 993/142/743 995/145/745 996/143/744
f 995/145/745 997/147/747 998/146/746
f 997/147/747 999/149/749 1000/148/748
f 999/149/749 1001/207/752 1002/150/750
f 1003/151/751 1004/155/754 1002/152/750
f 1005/154/753 1006/157/756 1004/155/754
f 1007/156/755 1008/173/757 1006/157/756
f 986/134/736 985/133/735 1008/158/757
f 985/133/735 913/161/759 924/160/758
f 988/136/738 914/163/761 913/161/759
f 988/136/738 990/135/737 915/162/760
f 990/139/737 992/138/740 916/164/762
f 992/138/740 994/141/742 917/166/763
f 994/141/742 996/307/744 918/167/764
f 996/143/744 998/146/746 919/168/765
f 998/146/746 1000/148/748 920/170/766
f 1002/150/750 921/334/767 920/170/766
f 1004/155/754 922/172/768 921/171/767
f 1006/157/756 923/174/769 922/172/768
f 1008/173/757 924/335/758 923/174/769
f 1010/175/770 1011/178/773 1012/176/771
f 1011/178/773 1013/308/775 1014/179/774
f 1013/180/775 1015/183/777 1016/181/776
f 1015/183/777 1017/241/779 1018/184/778
f 1017/185/779 1019/188/781 1020/186/780
f 1019/188/781 1021/190/783 1022/189/782
f 1021/190/783 1023/242/785 1024/191/784
f 1023/192/785 1025/195/787 1026/193/786
f 1025/195/787 1027/197/789 1028/196/788
f 1027/197/789 1029/243/791 1030/198/790
f 1029/199/791 1031/202/793 1032/200/792
f 1031/202/793 1010/175/770 1009/177/772
f 1009/177/772 986/134/736 1007/159/755
f 1012/176/771 987/132/734 986/134/736
f 1012/176/771 1014/179/774 989/203/739
f 1014/204/774 1016/309/776 991/140/741
f 1016/181/776 1018/184/778 993/205/743
f 1018/187/778 1020/186/780 995/145/745
f 1020/186/780 1022/189/782 997/147/747
f 1022/189/782 1024/191/784 999/149/749
f 1024/191/784 1026/310/786 1001/207/752
f 1026/193/786 1028/196/788 1003/208/751
f 1028/210/788 1030/211/790 1005/154/753
f 1030/211/790 1032/311/792 1007/156/755
f 1034/212/794 1035/312/797 1036/213/795
f 1035/215/797 1037/218/799 1038/216/798
f 1037/218/799 1039/313/801 1040/219/800
f 1039/220/801 1041/223/803 1042/221/802
f 1041/223/803 1043/225/805 1044/224/804
f 1043/225/805 1045/314/807 1046/226/806
f 1045/227/807 1047/230/809 1048/228/808
f 1047/230/809 1049/232/811 1050/231/810
f 1049/232/811 1051/294/813 1052/233/812
f 1051/234/813 1053/237/815 1054/235/814
f 1053/237/815 1055/239/817 1056/238/816
f 1055/239/817 1034/212/794 1033/214/796
f 1033/214/796 1010/175/770 1031/202/793
f 1033/214/796 1036/213/795 1011/178/773
f 1036/217/795 1038/216/798 1013/180/775
f 1038/216/798 1040/219/800 1015/183/777
f 1040/219/800 1042/315/802 1017/241/779
f 1042/221/802 1044/224/804 1019/188/781
f 1044/224/804 1046/226/806 1021/190/783
f 1046/226/806 1048/316/808 1023/242/785
f 1048/228/808 1050/231/810 1025/195/787
f 1050/231/810 1052/233/812 1027/197/789
f 1052/233/812 1054/317/814 1029/243/791
f 1054/235/814 1056/238/816 1031/202/793
f 1058/244/818 1059/318/821 1060/245/819
f 1059/247/821 1061/250/823 1062/248/822
f 1061/250/823 1063/252/825 1064/251/824
f 1063/252/825 1065/254/827 1066/253/826
f 1065/254/827 1067/319/829 1068/255/828
f 1067/256/829 1069/259/831 1070/257/830
f 1069/259/831 1071/261/833 1072/260/832
f 1071/261/833 1073/290/835 1074/262/834
f 1073/263/835 1075/266/837 1076/264/836
f 1075/266/837 1077/268/839 1078/267/838
f 1077/268/839 1079/297/841 1080/269/840
f 1079/270/841 1058/244/818 1057/246/820
f 912/272/842 901/274/844 1058/244/818
f 1080/269/840 1057/320/820 1034/212/794
f 902/273/843 1059/318/821 1058/244/818
f 1057/246/820 1060/245/819 1035/275/797
f 903/277/845 1061/250/823 1059/247/821
f 1060/279/819 1062/321/822 1037/218/799
f 904/280/846 1063/252/825 1061/250/823
f 1062/248/822 1064/251/824 1039/220/801
f 905/282/847 1065/254/827 1063/252/825
f 1064/251/824 1066/253/826 1041/223/803
f 906/283/848 1067/319/829 1065/254/827
f 1066/253/826 1068/255/828 1043/225/805
f 907/284/849 1069/259/831 1067/256/829
f 1068/258/828 1070/257/830 1045/286/807
f 907/284/849 908/289/850 1071/261/833
f 1070/257/830 1072/260/832 1047/288/809
f 908/289/850 909/322/851 1073/290/835
f 1072/260/832 1074/262/834 1049/291/811
f 909/292/851 910/295/852 1075/266/837
f 1074/293/834 1076/323/836 1051/294/813
f 910/295/852 911/296/853 1077/268/839
f 1076/264/836 1078/267/838 1053/237/815
f 911/296/853 912/324/842 1079/297/841
f 1078/267/838 1080/269/840 1055/239/817
f 1081/1/164 1092/71/164 1152/2/164
f 1103/4/153 1115/25/153 1114/5/153
f 1095/7/153 1096/26/153 1108/8/153
f 1099/10/153 1111/27/153 1110/11/153
f 1102/6/153 1114/5/153 1113/13/153
f 1094/15/153 1095/7/153 1107/9/153
f 1104/17/153 1093/24/153 1105/18/153
f 1097/20/153 1098/12/153 1110/11/153
f 1100/22/153 1101/14/153 1113/13/153
f 1094/15/153 1106/16/153 1105/18/153
f 1104/17/153 1116/19/153 1115/25/153
f 1096/26/153 1097/20/153 1109/21/153
f 1099/10/153 1100/22/153 1112/23/153
f 1109/28/854 1110/298/855 1122/29/855
f 1128/33/150 1117/325/150 1118/301/150
f 1118/301/150 1119/326/150 1120/31/150
f 1120/31/150 1121/327/150 1122/300/150
f 1122/300/150 1123/328/150 1124/32/150
f 1124/32/150 1125/329/150 1126/299/150
f 1126/299/150 1127/330/150 1128/33/150
f 1128/33/150 1118/301/150 1120/31/150
f 1120/31/150 1122/300/150 1124/32/150
f 1124/32/150 1126/299/150 1128/33/150
f 1105/34/856 1117/56/856 1128/35/857
f 1107/37/858 1119/331/858 1118/38/859
f 1114/40/860 1126/50/860 1125/41/861
f 1111/43/862 1123/52/862 1122/44/855
f 1108/46/863 1120/53/863 1119/47/858
f 1114/40/860 1115/55/864 1127/49/864
f 1112/51/865 1124/58/865 1123/52/862
f 1109/28/854 1121/30/854 1120/53/863
f 1116/54/857 1128/332/857 1127/49/864
f 1106/39/859 1118/38/859 1117/56/856
f 1112/51/865 1113/302/861 1125/57/861
f 1129/61/149 1140/120/149 1139/115/149
f 1139/115/149 1138/65/149 1137/59/149
f 1137/59/149 1136/81/149 1135/130/149
f 1135/130/149 1134/121/149 1133/60/149
f 1133/60/149 1132/62/149 1131/64/149
f 1131/64/149 1130/74/149 1129/61/149
f 1129/61/149 1139/115/149 1137/59/149
f 1137/59/149 1135/130/149 1133/60/149
f 1133/60/149 1131/64/149 1129/61/149
f 1132/62/149 1156/117/149 1155/63/149
f 1138/65/149 1139/115/149 1163/66/149
f 1084/68/164 1144/77/164 1145/69/164
f 1092/71/164 1091/80/164 1151/72/164
f 1131/64/149 1155/63/149 1154/73/149
f 1138/65/149 1162/67/149 1161/75/149
f 1083/76/164 1143/84/164 1144/77/164
f 1130/74/149 1154/73/149 1153/78/149
f 1090/79/164 1150/131/164 1151/72/164
f 1136/81/149 1137/59/149 1161/75/149
f 1083/76/164 1082/129/164 1142/83/164
f 1141/85/171 1152/303/172 1164/86/172
f 1143/88/170 1142/304/175 1154/89/175
f 1149/91/167 1161/333/167 1162/92/173
f 1147/94/165 1146/305/166 1158/95/166
f 1144/97/169 1143/88/170 1155/90/170
f 1150/93/173 1162/92/173 1163/99/176
f 1147/94/165 1159/96/165 1160/101/168
f 1144/97/169 1156/98/169 1157/103/174
f 1151/100/176 1163/99/176 1164/105/172
f 1142/107/175 1141/85/171 1153/87/171
f 1149/109/167 1148/102/168 1160/101/168
f 1146/111/166 1145/104/174 1157/103/174
f 1085/70/164 1145/69/164 1146/113/164
f 1139/115/149 1140/120/149 1164/116/149
f 1133/60/149 1157/122/149 1156/117/149
f 1086/114/164 1146/113/164 1147/118/164
f 1140/120/149 1129/61/149 1153/78/149
f 1134/121/149 1158/126/149 1157/122/149
f 1088/123/164 1087/119/164 1147/118/164
f 1134/121/149 1135/130/149 1159/125/149
f 1088/123/164 1148/124/164 1149/127/164
f 1081/1/164 1141/3/164 1142/83/164
f 1136/81/149 1160/82/149 1159/125/149
f 1089/128/164 1149/127/164 1150/131/164
f 1167/132/866 1168/136/870 1165/133/867
f 1167/132/866 1169/203/871 1170/135/869
f 1169/137/871 1171/140/873 1172/138/872
f 1171/140/873 1173/306/875 1174/141/874
f 1173/142/875 1175/145/877 1176/143/876
f 1175/145/877 1177/147/879 1178/146/878
f 1177/147/879 1179/149/881 1180/148/880
f 1179/149/881 1181/207/884 1182/150/882
f 1183/151/883 1184/155/886 1182/152/882
f 1185/154/885 1186/157/888 1184/155/886
f 1187/156/887 1188/173/889 1186/157/888
f 1166/134/868 1165/133/867 1188/158/889
f 1165/133/867 1093/161/891 1104/160/890
f 1168/136/870 1094/163/893 1093/161/891
f 1168/136/870 1170/135/869 1095/162/892
f 1170/139/869 1172/138/872 1096/164/894
f 1172/138/872 1174/141/874 1097/166/895
f 1174/141/874 1176/307/876 1098/167/896
f 1176/143/876 1178/146/878 1099/168/897
f 1178/146/878 1180/148/880 1100/170/898
f 1182/150/882 1101/334/899 1100/170/898
f 1184/155/886 1102/172/900 1101/171/899
f 1186/157/888 1103/174/901 1102/172/900
f 1188/173/889 1104/335/890 1103/174/901
f 1190/175/902 1191/178/905 1192/176/903
f 1191/178/905 1193/308/907 1194/179/906
f 1193/180/907 1195/183/909 1196/181/908
f 1195/183/909 1197/241/911 1198/184/910
f 1197/185/911 1199/188/913 1200/186/912
f 1199/188/913 1201/190/915 1202/189/914
f 1201/190/915 1203/242/917 1204/191/916
f 1203/192/917 1205/195/919 1206/193/918
f 1205/195/919 1207/197/921 1208/196/920
f 1207/197/921 1209/243/923 1210/198/922
f 1209/199/923 1211/202/925 1212/200/924
f 1211/202/925 1190/175/902 1189/177/904
f 1189/177/904 1166/134/868 1187/159/887
f 1192/176/903 1167/132/866 1166/134/868
f 1192/176/903 1194/179/906 1169/203/871
f 1194/204/906 1196/309/908 1171/140/873
f 1196/181/908 1198/184/910 1173/205/875
f 1198/187/910 1200/186/912 1175/145/877
f 1200/186/912 1202/189/914 1177/147/879
f 1202/189/914 1204/191/916 1179/149/881
f 1204/191/916 1206/310/918 1181/207/884
f 1206/193/918 1208/196/920 1183/208/883
f 1208/210/920 1210/211/922 1185/154/885
f 1210/211/922 1212/311/924 1187/156/887
f 1214/212/926 1215/312/929 1216/213/927
f 1215/215/929 1217/218/931 1218/216/930
f 1217/218/931 1219/313/933 1220/219/932
f 1219/220/933 1221/223/935 1222/221/934
f 1221/223/935 1223/225/937 1224/224/936
f 1223/225/937 1225/314/939 1226/226/938
f 1225/227/939 1227/230/941 1228/228/940
f 1227/230/941 1229/232/943 1230/231/942
f 1229/232/943 1231/294/945 1232/233/944
f 1231/234/945 1233/237/947 1234/235/946
f 1233/237/947 1235/239/949 1236/238/948
f 1235/239/949 1214/212/926 1213/214/928
f 1213/214/928 1190/175/902 1211/202/925
f 1213/214/928 1216/213/927 1191/178/905
f 1216/217/927 1218/216/930 1193/180/907
f 1218/216/930 1220/219/932 1195/183/909
f 1220/219/932 1222/315/934 1197/241/911
f 1222/221/934 1224/224/936 1199/188/913
f 1224/224/936 1226/226/938 1201/190/915
f 1226/226/938 1228/316/940 1203/242/917
f 1228/228/940 1230/231/942 1205/195/919
f 1230/231/942 1232/233/944 1207/197/921
f 1232/233/944 1234/317/946 1209/243/923
f 1234/235/946 1236/238/948 1211/202/925
f 1238/244/950 1239/318/953 1240/245/951
f 1239/247/953 1241/250/955 1242/248/954
f 1241/250/955 1243/252/957 1244/251/956
f 1243/252/957 1245/254/959 1246/253/958
f 1245/254/959 1247/319/961 1248/255/960
f 1247/256/961 1249/259/963 1250/257/962
f 1249/259/963 1251/261/965 1252/260/964
f 1251/261/965 1253/290/967 1254/262/966
f 1253/263/967 1255/266/969 1256/264/968
f 1255/266/969 1257/268/971 1258/267/970
f 1257/268/971 1259/297/973 1260/269/972
f 1259/270/973 1238/244/950 1237/246/952
f 1092/272/974 1081/274/976 1238/244/950
f 1260/269/972 1237/320/952 1214/212/926
f 1082/273/975 1239/318/953 1238/244/950
f 1237/246/952 1240/245/951 1215/275/929
f 1083/277/977 1241/250/955 1239/247/953
f 1240/279/951 1242/321/954 1217/218/931
f 1084/280/978 1243/252/957 1241/250/955
f 1242/248/954 1244/251/956 1219/220/933
f 1085/282/979 1245/254/959 1243/252/957
f 1244/251/956 1246/253/958 1221/223/935
f 1086/283/980 1247/319/961 1245/254/959
f 1246/253/958 1248/255/960 1223/225/937
f 1087/284/981 1249/259/963 1247/256/961
f 1248/258/960 1250/257/962 1225/286/939
f 1087/284/981 1088/289/982 1251/261/965
f 1250/257/962 1252/260/964 1227/288/941
f 1088/289/982 1089/322/983 1253/290/967
f 1252/260/964 1254/262/966 1229/291/943
f 1089/292/983 1090/295/984 1255/266/969
f 1254/293/966 1256/323/968 1231/294/945
f 1090/295/984 1091/296/985 1257/268/971
f 1256/264/968 1258/267/970 1233/237/947
f 1091/296/985 1092/324/974 1259/297/973
f 1258/267/970 1260/269/972 1235/239/949
f 1261/1/16 1321/3/16 1332/2/16
f 1294/5/5 1295/25/5 1283/4/5
f 1275/7/5 1287/9/5 1288/8/5
f 1290/11/5 1291/27/5 1279/10/5
f 1293/13/5 1294/5/5 1282/6/5
f 1274/15/5 1286/16/5 1287/9/5
f 1284/17/5 1296/19/5 1285/18/5
f 1277/20/5 1289/21/5 1290/11/5
f 1280/22/5 1292/23/5 1293/13/5
f 1285/18/5 1286/16/5 1274/15/5
f 1295/25/5 1296/19/5 1284/17/5
f 1276/26/5 1288/8/5 1289/21/5
f 1279/10/5 1291/27/5 1292/23/5
f 1289/28/986 1301/30/986 1302/29/987
f 1298/301/2 1297/325/2 1308/33/2
f 1308/33/2 1307/330/2 1306/299/2
f 1306/299/2 1305/329/2 1304/32/2
f 1304/32/2 1303/328/2 1302/300/2
f 1302/300/2 1301/327/2 1300/31/2
f 1300/31/2 1299/326/2 1298/301/2
f 1298/301/2 1308/33/2 1306/299/2
f 1306/299/2 1304/32/2 1302/300/2
f 1302/300/2 1300/31/2 1298/301/2
f 1308/35/988 1297/56/989 1285/34/989
f 1298/38/990 1299/331/991 1287/37/991
f 1305/41/992 1306/50/993 1294/40/993
f 1302/44/987 1303/52/994 1291/43/994
f 1299/47/991 1300/53/995 1288/46/995
f 1294/40/993 1306/50/993 1307/49/996
f 1303/52/994 1304/58/997 1292/51/997
f 1300/53/995 1301/30/986 1289/28/986
f 1307/49/996 1308/332/988 1296/54/988
f 1297/56/989 1298/38/990 1286/39/990
f 1292/51/997 1304/58/997 1305/57/992
f 1319/115/1 1320/120/1 1309/61/1
f 1309/61/1 1310/74/1 1311/64/1
f 1311/64/1 1312/62/1 1313/60/1
f 1313/60/1 1314/121/1 1315/130/1
f 1315/130/1 1316/81/1 1317/59/1
f 1317/59/1 1318/65/1 1319/115/1
f 1319/115/1 1309/61/1 1311/64/1
f 1311/64/1 1313/60/1 1315/130/1
f 1315/130/1 1317/59/1 1319/115/1
f 1311/64/1 1335/63/1 1336/117/1
f 1342/67/1 1343/66/1 1319/115/1
f 1325/69/16 1324/77/16 1264/68/16
f 1332/2/16 1331/72/16 1271/80/16
f 1334/73/1 1335/63/1 1311/64/1
f 1341/75/1 1342/67/1 1318/65/1
f 1324/77/16 1323/84/16 1263/76/16
f 1333/78/1 1334/73/1 1310/74/1
f 1331/72/16 1330/131/16 1270/79/16
f 1316/81/1 1340/82/1 1341/75/1
f 1323/84/16 1322/83/16 1262/129/16
f 1321/85/23 1333/87/23 1344/86/24
f 1335/90/21 1334/89/27 1322/304/27
f 1342/92/25 1341/333/19 1329/91/19
f 1327/94/17 1339/96/17 1338/95/18
f 1324/97/22 1336/98/22 1335/90/21
f 1343/99/28 1342/92/25 1330/93/25
f 1340/101/20 1339/96/17 1327/94/17
f 1337/103/26 1336/98/22 1324/97/22
f 1344/105/24 1343/99/28 1331/100/28
f 1334/108/27 1333/87/23 1321/85/23
f 1329/109/19 1341/110/19 1340/101/20
f 1326/111/18 1338/112/18 1337/103/26
f 1326/113/16 1325/69/16 1265/70/16
f 1319/115/1 1343/66/1 1344/116/1
f 1312/62/1 1336/117/1 1337/122/1
f 1327/118/16 1326/113/16 1266/114/16
f 1320/120/1 1344/116/1 1333/78/1
f 1337/122/1 1338/126/1 1314/121/1
f 1268/123/16 1328/124/16 1327/118/16
f 1314/121/1 1338/126/1 1339/125/1
f 1329/127/16 1328/124/16 1268/123/16
f 1322/83/16 1321/3/16 1261/1/16
f 1339/125/1 1340/82/1 1316/81/1
f 1330/131/16 1329/127/16 1269/128/16
f 1345/133/998 1348/136/1023 1347/132/999
f 1347/132/999 1348/136/1023 1350/135/1001
f 1349/137/1002 1350/139/1001 1352/138/1003
f 1351/140/1004 1352/138/1003 1354/141/1005
f 1353/142/1006 1354/144/1005 1356/143/1007
f 1355/145/1008 1356/143/1007 1358/146/1009
f 1357/147/1010 1358/146/1009 1360/148/1011
f 1359/149/1012 1360/148/1011 1362/150/1013
f 1362/152/1013 1364/155/1016 1363/151/1015
f 1364/155/1016 1366/157/1018 1365/154/1017
f 1366/157/1018 1368/173/1020 1367/156/1019
f 1368/158/1020 1345/133/998 1346/134/1000
f 1284/160/1021 1273/161/1022 1345/133/998
f 1273/161/1022 1274/163/1120 1348/136/1023
f 1348/136/1023 1274/163/1120 1275/162/1024
f 1350/139/1001 1275/165/1024 1276/164/1025
f 1352/138/1003 1276/164/1025 1277/166/1026
f 1354/141/1005 1277/166/1026 1278/167/1027
f 1356/143/1007 1278/169/1027 1279/168/1028
f 1358/146/1009 1279/168/1028 1280/170/1029
f 1280/170/1029 1281/334/1030 1362/150/1013
f 1281/171/1030 1282/172/1031 1364/155/1016
f 1282/172/1031 1283/174/1032 1366/157/1018
f 1283/174/1032 1284/335/1021 1368/173/1020
f 1370/175/1033 1369/177/1056 1372/176/1034
f 1371/178/1035 1372/176/1034 1374/179/1036
f 1373/180/1037 1374/182/1036 1376/181/1038
f 1375/183/1039 1376/181/1038 1378/184/1040
f 1377/185/1041 1378/187/1040 1380/186/1042
f 1379/188/1043 1380/186/1042 1382/189/1044
f 1381/190/1045 1382/189/1044 1384/191/1046
f 1383/192/1047 1384/194/1046 1386/193/1048
f 1385/195/1049 1386/193/1048 1388/196/1050
f 1387/197/1051 1388/196/1050 1390/198/1052
f 1389/199/1053 1390/201/1052 1392/200/1054
f 1391/202/1055 1392/200/1054 1369/177/1056
f 1367/159/1019 1346/134/1000 1369/177/1056
f 1346/134/1000 1347/132/999 1372/176/1034
f 1372/176/1034 1347/132/999 1349/203/1002
f 1374/204/1036 1349/137/1002 1351/140/1004
f 1376/181/1038 1351/206/1004 1353/205/1006
f 1378/187/1040 1353/142/1006 1355/145/1008
f 1380/186/1042 1355/145/1008 1357/147/1010
f 1382/189/1044 1357/147/1010 1359/149/1012
f 1384/191/1046 1359/149/1012 1361/207/1014
f 1386/193/1048 1361/209/1014 1363/208/1015
f 1388/210/1050 1363/151/1015 1365/154/1017
f 1390/211/1052 1365/154/1017 1367/156/1019
f 1394/212/1057 1393/214/1080 1396/213/1058
f 1395/215/1059 1396/217/1058 1398/216/1060
f 1397/218/1061 1398/216/1060 1400/219/1062
f 1399/220/1063 1400/222/1062 1402/221/1064
f 1401/223/1065 1402/221/1064 1404/224/1066
f 1403/225/1067 1404/224/1066 1406/226/1068
f 1405/227/1069 1406/229/1068 1408/228/1070
f 1407/230/1071 1408/228/1070 1410/231/1072
f 1409/232/1073 1410/231/1072 1412/233/1074
f 1411/234/1075 1412/236/1074 1414/235/1076
f 1413/237/1077 1414/235/1076 1416/238/1078
f 1415/239/1079 1416/238/1078 1393/214/1080
f 1391/202/1055 1370/175/1033 1393/214/1080
f 1393/214/1080 1370/175/1033 1371/178/1035
f 1396/217/1058 1371/240/1035 1373/180/1037
f 1398/216/1060 1373/180/1037 1375/183/1039
f 1400/219/1062 1375/183/1039 1377/241/1041
f 1402/221/1064 1377/185/1041 1379/188/1043
f 1404/224/1066 1379/188/1043 1381/190/1045
f 1406/226/1068 1381/190/1045 1383/242/1047
f 1408/228/1070 1383/192/1047 1385/195/1049
f 1410/231/1072 1385/195/1049 1387/197/1051
f 1412/233/1074 1387/197/1051 1389/243/1053
f 1414/235/1076 1389/199/1053 1391/202/1055
f 1418/244/1081 1417/246/1104 1420/245/1082
f 1419/247/1083 1420/249/1082 1422/248/1084
f 1421/250/1085 1422/248/1084 1424/251/1086
f 1423/252/1087 1424/251/1086 1426/253/1088
f 1425/254/1089 1426/253/1088 1428/255/1090
f 1427/256/1091 1428/258/1090 1430/257/1092
f 1429/259/1093 1430/257/1092 1432/260/1094
f 1431/261/1095 1432/260/1094 1434/262/1096
f 1433/263/1097 1434/265/1096 1436/264/1098
f 1435/266/1099 1436/264/1098 1438/267/1100
f 1437/268/1101 1438/267/1100 1440/269/1102
f 1439/270/1103 1440/271/1102 1417/246/1104
f 1272/272/1105 1439/270/1103 1418/244/1081
f 1440/269/1102 1415/239/1079 1394/212/1057
f 1418/244/1081 1419/318/1083 1262/273/1107
f 1417/246/1104 1394/276/1057 1395/275/1059
f 1419/247/1083 1421/250/1085 1263/277/1108
f 1420/279/1082 1395/215/1059 1397/218/1061
f 1421/250/1085 1423/252/1087 1264/280/1109
f 1422/248/1084 1397/281/1061 1399/220/1063
f 1423/252/1087 1425/254/1089 1265/282/1110
f 1424/251/1086 1399/220/1063 1401/223/1065
f 1425/254/1089 1427/319/1091 1266/283/1111
f 1426/253/1088 1401/223/1065 1403/225/1067
f 1427/256/1091 1429/259/1093 1267/284/1112
f 1428/258/1090 1403/287/1067 1405/286/1069
f 1267/284/1112 1429/259/1093 1431/261/1095
f 1430/257/1092 1405/286/1069 1407/288/1071
f 1268/289/1113 1431/261/1095 1433/290/1097
f 1432/260/1094 1407/288/1071 1409/291/1073
f 1269/292/1114 1433/263/1097 1435/266/1099
f 1434/293/1096 1409/232/1073 1411/294/1075
f 1270/295/1115 1435/266/1099 1437/268/1101
f 1436/264/1098 1411/234/1075 1413/237/1077
f 1271/296/1116 1437/268/1101 1439/297/1103
f 1438/267/1100 1413/237/1077 1415/239/1079
o Vert.002
v -0.089021 -1.051592 1.316658
v -0.051790 -1.087522 1.315102
v -0.001593 -1.100005 1.313122
v 0.048119 -1.085699 1.311248
v 0.084027 -1.048435 1.309983
v 0.096508 -0.998200 1.309665
v 0.082218 -0.948453 1.310380
v 0.044987 -0.912523 1.311936
v -0.005210 -0.900040 1.313916
v -0.054923 -0.914346 1.315790
v -0.090830 -0.951609 1.317055
v -0.103311 -1.001845 1.317373
v -0.098913 -1.057551 1.317021
v -0.057380 -1.097631 1.315285
v -0.001384 -1.111557 1.313076
v 0.054072 -1.095598 1.310986
v 0.094128 -1.054029 1.309574
v 0.108051 -0.997989 1.309220
v 0.092110 -0.942494 1.310017
v 0.050577 -0.902414 1.311753
v -0.005419 -0.888488 1.313962
v -0.060875 -0.904447 1.316052
v -0.100931 -0.946016 1.317463
v -0.114854 -1.002056 1.317818
v -0.094491 -1.056275 1.369214
v -0.054003 -1.095347 1.367522
v 0.000585 -1.108923 1.365369
v 0.054646 -1.093365 1.363331
v 0.093695 -1.052842 1.361956
v 0.107268 -0.998211 1.361610
v 0.091728 -0.944112 1.362387
v 0.051240 -0.905040 1.364079
v -0.003349 -0.891464 1.366233
v -0.057410 -0.907022 1.368270
v -0.096458 -0.947545 1.369646
v -0.110031 -1.002176 1.369992
v -0.089021 -0.208566 0.685847
v -0.051790 -0.172637 0.687403
v -0.001593 -0.160154 0.689383
v 0.048119 -0.174460 0.691257
v 0.084027 -0.211724 0.692522
v 0.096508 -0.261959 0.692840
v 0.082218 -0.311706 0.692126
v 0.044987 -0.347636 0.690569
v -0.005210 -0.360119 0.688589
v -0.054923 -0.345813 0.686715
v -0.090830 -0.308549 0.685450
v -0.103311 -0.258314 0.685133
v -0.098913 -0.202608 0.685485
v -0.057380 -0.162528 0.687221
v -0.001384 -0.148602 0.689429
v 0.054072 -0.164561 0.691520
v 0.094128 -0.206130 0.692931
v 0.108051 -0.262170 0.693286
v 0.092110 -0.317665 0.692488
v 0.050577 -0.357745 0.690752
v -0.005419 -0.371671 0.688543
v -0.060875 -0.355712 0.686453
v -0.100931 -0.314143 0.685042
v -0.114854 -0.258103 0.684687
v -0.071357 -0.217818 0.579146
v -0.040929 -0.188454 0.580418
v 0.000096 -0.178251 0.582036
v 0.040725 -0.189943 0.583568
v 0.070072 -0.220398 0.584602
v 0.080273 -0.261455 0.584862
v 0.068594 -0.302113 0.584277
v 0.038165 -0.331477 0.583006
v -0.002860 -0.341680 0.581387
v -0.043489 -0.329987 0.579856
v -0.072835 -0.299533 0.578822
v -0.083036 -0.258476 0.578562
v -0.056960 -0.353279 0.751744
v -0.058667 -0.374397 0.787982
v -0.060267 -0.411753 0.822148
v -0.061701 -0.466737 0.855008
v -0.062820 -0.536385 0.885691
v -0.063528 -0.616105 0.914703
v -0.063766 -0.701389 0.943779
v -0.063494 -0.788222 0.975464
v -0.062653 -0.873071 1.013109
v -0.061145 -0.952465 1.061311
v -0.058821 -1.021242 1.126021
v -0.055625 -1.069819 1.211443
v -0.005561 -1.081425 1.205270
v -0.008861 -1.030779 1.116421
v -0.011232 -0.959746 1.049709
v -0.012740 -0.878684 1.000621
v -0.013556 -0.792882 0.962690
v -0.013793 -0.705717 0.931029
v -0.013517 -0.620647 0.902174
v -0.012778 -0.541696 0.873597
v -0.011640 -0.473447 0.843707
v -0.010219 -0.420570 0.812334
v -0.008684 -0.385819 0.780892
v -0.007102 -0.366880 0.748835
v 0.044297 -1.067824 1.208178
v 0.041122 -1.019358 1.123512
v 0.038816 -0.950929 1.059522
v 0.037320 -0.871974 1.011922
v 0.036486 -0.787572 0.974784
v 0.036217 -0.701174 0.943558
v 0.036456 -0.616320 0.914924
v 0.037160 -0.537036 0.886371
v 0.038273 -0.467835 0.856195
v 0.039694 -0.413289 0.823936
v 0.041276 -0.376282 0.790492
v 0.042963 -0.355274 0.755009
v 0.080589 -1.032661 1.219389
v 0.077736 -0.990037 1.145393
v 0.075590 -0.928377 1.088122
v 0.074114 -0.854741 1.043984
v 0.073224 -0.773714 1.008503
v 0.072864 -0.688980 0.978009
v 0.073002 -0.604282 0.949538
v 0.073613 -0.523655 0.920588
v 0.074664 -0.451404 0.889127
v 0.076097 -0.391861 0.853845
v 0.077825 -0.348342 0.814210
v 0.079819 -0.321571 0.768610
v 0.093591 -0.985357 1.235898
v 0.091170 -0.950675 1.176202
v 0.089235 -0.898131 1.127845
v 0.087783 -0.831601 1.088216
v 0.086814 -0.755022 1.054813
v 0.086329 -0.672399 1.025152
v 0.086329 -0.587760 0.996740
v 0.086814 -0.505137 0.967080
v 0.087783 -0.428558 0.933677
v 0.089235 -0.362028 0.894047
v 0.091170 -0.309484 0.845691
v 0.093591 -0.274802 0.785994
v 0.079819 -0.938588 1.253282
v 0.077825 -0.911817 1.207682
v 0.076097 -0.868298 1.168047
v 0.074664 -0.808755 1.132766
v 0.073613 -0.736504 1.101305
v 0.073002 -0.655876 1.072354
v 0.072864 -0.571179 1.043883
v 0.073224 -0.486445 1.013390
v 0.074114 -0.405418 0.977909
v 0.075590 -0.331782 0.933770
v 0.077736 -0.270122 0.876499
v 0.080589 -0.227498 0.802503
v 0.042963 -0.904885 1.266883
v 0.041276 -0.883877 1.231400
v 0.039694 -0.846869 1.197956
v 0.038273 -0.792324 1.165697
v 0.037160 -0.723123 1.135522
v 0.036456 -0.643839 1.106968
v 0.036217 -0.558984 1.078335
v 0.036486 -0.472587 1.047109
v 0.037320 -0.388185 1.009970
v 0.038816 -0.309229 0.962370
v 0.041122 -0.240801 0.898380
v 0.044297 -0.192335 0.813714
v -0.007102 -0.893279 1.273057
v -0.008684 -0.874340 1.241000
v -0.010219 -0.839588 1.209558
v -0.011640 -0.786712 1.178185
v -0.012778 -0.718463 1.148295
v -0.013517 -0.639511 1.119719
v -0.013793 -0.554442 1.090864
v -0.013556 -0.467277 1.059202
v -0.012740 -0.381475 1.021271
v -0.011232 -0.300412 0.972184
v -0.008861 -0.229379 0.905471
v -0.005561 -0.178734 0.816622
v -0.056960 -0.906880 1.270149
v -0.058667 -0.885762 1.233910
v -0.060267 -0.848406 1.199745
v -0.061701 -0.793421 1.166885
v -0.062820 -0.723773 1.136202
v -0.063528 -0.644054 1.107190
v -0.063766 -0.558769 1.078113
v -0.063494 -0.471937 1.046429
v -0.062653 -0.387088 1.008783
v -0.061145 -0.307693 0.960582
v -0.058821 -0.238916 0.895871
v -0.055625 -0.190340 0.810449
v -0.093252 -0.942043 1.258937
v -0.095281 -0.915082 1.212029
v -0.097041 -0.870958 1.171144
v -0.098495 -0.810655 1.134823
v -0.099558 -0.737631 1.102483
v -0.100174 -0.656249 1.072738
v -0.100312 -0.570807 1.043499
v -0.099947 -0.485318 1.012212
v -0.099045 -0.403518 0.975852
v -0.097547 -0.329122 0.930673
v -0.095369 -0.266857 0.872153
v -0.092481 -0.224043 0.796848
v -0.106253 -0.989347 1.242428
v -0.108715 -0.954444 1.181220
v -0.110686 -0.901203 1.131422
v -0.112164 -0.833795 1.090591
v -0.113147 -0.756323 1.056173
v -0.113639 -0.672829 1.025595
v -0.113639 -0.587330 0.996297
v -0.113147 -0.503836 0.965720
v -0.112164 -0.426364 0.931301
v -0.110686 -0.358956 0.890471
v -0.108715 -0.305715 0.840672
v -0.106253 -0.270812 0.779464
v -0.092481 -1.036116 1.225044
v -0.095369 -0.993302 1.149739
v -0.097547 -0.931037 1.091220
v -0.099045 -0.856641 1.046041
v -0.099947 -0.774841 1.009680
v -0.100312 -0.689352 0.978393
v -0.100174 -0.603910 0.949154
v -0.099558 -0.522528 0.919410
v -0.098495 -0.449504 0.887070
v -0.097041 -0.389201 0.850748
v -0.095281 -0.345077 0.809864
v -0.093252 -0.318116 0.762955
v -0.089021 -1.051592 -1.316658
v -0.051790 -1.087522 -1.315102
v -0.001593 -1.100005 -1.313122
v 0.048119 -1.085699 -1.311248
v 0.084027 -1.048435 -1.309983
v 0.096508 -0.998200 -1.309665
v 0.082218 -0.948453 -1.310380
v 0.044987 -0.912523 -1.311936
v -0.005210 -0.900040 -1.313916
v -0.054923 -0.914346 -1.315790
v -0.090830 -0.951609 -1.317055
v -0.103311 -1.001845 -1.317373
v -0.098913 -1.057551 -1.317021
v -0.057380 -1.097631 -1.315285
v -0.001384 -1.111557 -1.313076
v 0.054072 -1.095598 -1.310986
v 0.094128 -1.054029 -1.309574
v 0.108051 -0.997989 -1.309220
v 0.092110 -0.942494 -1.310017
v 0.050577 -0.902414 -1.311753
v -0.005419 -0.888488 -1.313962
v -0.060875 -0.904447 -1.316052
v -0.100931 -0.946016 -1.317463
v -0.114854 -1.002056 -1.317818
v -0.094491 -1.056275 -1.369214
v -0.054003 -1.095347 -1.367522
v 0.000585 -1.108923 -1.365369
v 0.054646 -1.093365 -1.363331
v 0.093695 -1.052842 -1.361956
v 0.107268 -0.998211 -1.361610
v 0.091728 -0.944112 -1.362387
v 0.051240 -0.905040 -1.364079
v -0.003349 -0.891464 -1.366233
v -0.057410 -0.907022 -1.368270
v -0.096458 -0.947545 -1.369646
v -0.110031 -1.002176 -1.369992
v -0.089021 -0.208566 -0.685847
v -0.051790 -0.172637 -0.687403
v -0.001593 -0.160154 -0.689383
v 0.048119 -0.174460 -0.691257
v 0.084027 -0.211724 -0.692522
v 0.096508 -0.261959 -0.692840
v 0.082218 -0.311706 -0.692126
v 0.044987 -0.347636 -0.690569
v -0.005210 -0.360119 -0.688589
v -0.054923 -0.345813 -0.686715
v -0.090830 -0.308549 -0.685450
v -0.103311 -0.258314 -0.685133
v -0.098913 -0.202608 -0.685485
v -0.057380 -0.162528 -0.687221
v -0.001384 -0.148602 -0.689429
v 0.054072 -0.164561 -0.691520
v 0.094128 -0.206130 -0.692931
v 0.108051 -0.262170 -0.693286
v 0.092110 -0.317665 -0.692488
v 0.050577 -0.357745 -0.690752
v -0.005419 -0.371671 -0.688543
v -0.060875 -0.355712 -0.686453
v -0.100931 -0.314143 -0.685042
v -0.114854 -0.258103 -0.684687
v -0.071357 -0.217818 -0.579146
v -0.040929 -0.188454 -0.580418
v 0.000096 -0.178251 -0.582036
v 0.040725 -0.189943 -0.583568
v 0.070072 -0.220398 -0.584602
v 0.080273 -0.261455 -0.584862
v 0.068594 -0.302113 -0.584277
v 0.038165 -0.331477 -0.583006
v -0.002860 -0.341680 -0.581387
v -0.043489 -0.329987 -0.579856
v -0.072835 -0.299533 -0.578822
v -0.083036 -0.258476 -0.578562
v -0.056960 -0.353279 -0.751744
v -0.058667 -0.374397 -0.787982
v -0.060267 -0.411753 -0.822148
v -0.061701 -0.466737 -0.855008
v -0.062820 -0.536385 -0.885691
v -0.063528 -0.616105 -0.914703
v -0.063766 -0.701389 -0.943779
v -0.063494 -0.788222 -0.975464
v -0.062653 -0.873071 -1.013109
v -0.061145 -0.952465 -1.061311
v -0.058821 -1.021242 -1.126021
v -0.055625 -1.069819 -1.211443
v -0.005561 -1.081425 -1.205270
v -0.008861 -1.030779 -1.116421
v -0.011232 -0.959746 -1.049709
v -0.012740 -0.878684 -1.000621
v -0.013556 -0.792882 -0.962690
v -0.013793 -0.705717 -0.931029
v -0.013517 -0.620647 -0.902174
v -0.012778 -0.541696 -0.873597
v -0.011640 -0.473447 -0.843707
v -0.010219 -0.420570 -0.812334
v -0.008684 -0.385819 -0.780892
v -0.007102 -0.366880 -0.748835
v 0.044297 -1.067824 -1.208178
v 0.041122 -1.019358 -1.123512
v 0.038816 -0.950929 -1.059522
v 0.037320 -0.871974 -1.011922
v 0.036486 -0.787572 -0.974784
v 0.036217 -0.701174 -0.943558
v 0.036456 -0.616320 -0.914924
v 0.037160 -0.537036 -0.886371
v 0.038273 -0.467835 -0.856195
v 0.039694 -0.413289 -0.823936
v 0.041276 -0.376282 -0.790492
v 0.042963 -0.355274 -0.755009
v 0.080589 -1.032661 -1.219389
v 0.077736 -0.990037 -1.145393
v 0.075590 -0.928377 -1.088122
v 0.074114 -0.854741 -1.043984
v 0.073224 -0.773714 -1.008503
v 0.072864 -0.688980 -0.978009
v 0.073002 -0.604282 -0.949538
v 0.073613 -0.523655 -0.920588
v 0.074664 -0.451404 -0.889127
v 0.076097 -0.391861 -0.853845
v 0.077825 -0.348342 -0.814210
v 0.079819 -0.321571 -0.768610
v 0.093591 -0.985357 -1.235898
v 0.091170 -0.950675 -1.176202
v 0.089235 -0.898131 -1.127845
v 0.087783 -0.831601 -1.088216
v 0.086814 -0.755022 -1.054813
v 0.086329 -0.672399 -1.025152
v 0.086329 -0.587760 -0.996740
v 0.086814 -0.505137 -0.967080
v 0.087783 -0.428558 -0.933677
v 0.089235 -0.362028 -0.894047
v 0.091170 -0.309484 -0.845691
v 0.093591 -0.274802 -0.785994
v 0.079819 -0.938588 -1.253282
v 0.077825 -0.911817 -1.207682
v 0.076097 -0.868298 -1.168047
v 0.074664 -0.808755 -1.132766
v 0.073613 -0.736504 -1.101305
v 0.073002 -0.655876 -1.072354
v 0.072864 -0.571179 -1.043883
v 0.073224 -0.486445 -1.013390
v 0.074114 -0.405418 -0.977909
v 0.075590 -0.331782 -0.933770
v 0.077736 -0.270122 -0.876499
v 0.080589 -0.227498 -0.802503
v 0.042963 -0.904885 -1.266883
v 0.041276 -0.883877 -1.231400
v 0.039694 -0.846869 -1.197956
v 0.038273 -0.792324 -1.165697
v 0.037160 -0.723123 -1.135522
v 0.036456 -0.643839 -1.106968
v 0.036217 -0.558984 -1.078335
v 0.036486 -0.472587 -1.047109
v 0.037320 -0.388185 -1.009970
v 0.038816 -0.309229 -0.962370
v 0.041122 -0.240801 -0.898380
v 0.044297 -0.192335 -0.813714
v -0.007102 -0.893279 -1.273057
v -0.008684 -0.874340 -1.241000
v -0.010219 -0.839588 -1.209558
v -0.011640 -0.786712 -1.178185
v -0.012778 -0.718463 -1.148295
v -0.013517 -0.639511 -1.119719
v -0.013793 -0.554442 -1.090864
v -0.013556 -0.467277 -1.059202
v -0.012740 -0.381475 -1.021271
v -0.011232 -0.300412 -0.972184
v -0.008861 -0.229379 -0.905471
v -0.005561 -0.178734 -0.816622
v -0.056960 -0.906880 -1.270149
v -0.058667 -0.885762 -1.233910
v -0.060267 -0.848406 -1.199745
v -0.061701 -0.793421 -1.166885
v -0.062820 -0.723773 -1.136202
v -0.063528 -0.644054 -1.107190
v -0.063766 -0.558769 -1.078113
v -0.063494 -0.471937 -1.046429
v -0.062653 -0.387088 -1.008783
v -0.061145 -0.307693 -0.960582
v -0.058821 -0.238916 -0.895871
v -0.055625 -0.190340 -0.810449
v -0.093252 -0.942043 -1.258937
v -0.095281 -0.915082 -1.212029
v -0.097041 -0.870958 -1.171144
v -0.098495 -0.810655 -1.134823
v -0.099558 -0.737631 -1.102483
v -0.100174 -0.656249 -1.072738
v -0.100312 -0.570807 -1.043499
v -0.099947 -0.485318 -1.012212
v -0.099045 -0.403518 -0.975852
v -0.097547 -0.329122 -0.930673
v -0.095369 -0.266857 -0.872153
v -0.092481 -0.224043 -0.796848
v -0.106253 -0.989347 -1.242428
v -0.108715 -0.954444 -1.181220
v -0.110686 -0.901203 -1.131422
v -0.112164 -0.833795 -1.090591
v -0.113147 -0.756323 -1.056173
v -0.113639 -0.672829 -1.025595
v -0.113639 -0.587330 -0.996297
v -0.113147 -0.503836 -0.965720
v -0.112164 -0.426364 -0.931301
v -0.110686 -0.358956 -0.890471
v -0.108715 -0.305715 -0.840672
v -0.106253 -0.270812 -0.779464
v -0.092481 -1.036116 -1.225044
v -0.095369 -0.993302 -1.149739
v -0.097547 -0.931037 -1.091220
v -0.099045 -0.856641 -1.046041
v -0.099947 -0.774841 -1.009680
v -0.100312 -0.689352 -0.978393
v -0.100174 -0.603910 -0.949154
v -0.099558 -0.522528 -0.919410
v -0.098495 -0.449504 -0.887070
v -0.097041 -0.389201 -0.850748
v -0.095281 -0.345077 -0.809864
v -0.093252 -0.318116 -0.762955
v -0.089021 1.051592 1.316658
v -0.051790 1.087522 1.315102
v -0.001593 1.100005 1.313122
v 0.048119 1.085699 1.311248
v 0.084027 1.048435 1.309983
v 0.096508 0.998200 1.309665
v 0.082218 0.948453 1.310380
v 0.044987 0.912523 1.311936
v -0.005210 0.900040 1.313916
v -0.054923 0.914346 1.315790
v -0.090830 0.951609 1.317055
v -0.103311 1.001845 1.317373
v -0.098913 1.057551 1.317021
v -0.057380 1.097631 1.315285
v -0.001384 1.111557 1.313076
v 0.054072 1.095598 1.310986
v 0.094128 1.054029 1.309574
v 0.108051 0.997989 1.309220
v 0.092110 0.942494 1.310017
v 0.050577 0.902414 1.311753
v -0.005419 0.888488 1.313962
v -0.060875 0.904447 1.316052
v -0.100931 0.946016 1.317463
v -0.114854 1.002056 1.317818
v -0.094491 1.056275 1.369214
v -0.054003 1.095347 1.367522
v 0.000585 1.108923 1.365369
v 0.054646 1.093365 1.363331
v 0.093695 1.052842 1.361956
v 0.107268 0.998211 1.361610
v 0.091728 0.944112 1.362387
v 0.051240 0.905040 1.364079
v -0.003349 0.891464 1.366233
v -0.057410 0.907022 1.368270
v -0.096458 0.947545 1.369646
v -0.110031 1.002176 1.369992
v -0.089021 0.208566 0.685847
v -0.051790 0.172637 0.687403
v -0.001593 0.160154 0.689383
v 0.048119 0.174460 0.691257
v 0.084027 0.211724 0.692522
v 0.096508 0.261959 0.692840
v 0.082218 0.311706 0.692126
v 0.044987 0.347636 0.690569
v -0.005210 0.360119 0.688589
v -0.054923 0.345813 0.686715
v -0.090830 0.308549 0.685450
v -0.103311 0.258314 0.685133
v -0.098913 0.202608 0.685485
v -0.057380 0.162528 0.687221
v -0.001384 0.148602 0.689429
v 0.054072 0.164561 0.691520
v 0.094128 0.206130 0.692931
v 0.108051 0.262170 0.693286
v 0.092110 0.317665 0.692488
v 0.050577 0.357745 0.690752
v -0.005419 0.371671 0.688543
v -0.060875 0.355712 0.686453
v -0.100931 0.314143 0.685042
v -0.114854 0.258103 0.684687
v -0.071357 0.217818 0.579146
v -0.040929 0.188454 0.580418
v 0.000096 0.178251 0.582036
v 0.040725 0.189943 0.583568
v 0.070072 0.220398 0.584602
v 0.080273 0.261455 0.584862
v 0.068594 0.302113 0.584277
v 0.038165 0.331477 0.583006
v -0.002860 0.341680 0.581387
v -0.043489 0.329987 0.579856
v -0.072835 0.299533 0.578822
v -0.083036 0.258476 0.578562
v -0.056960 0.353279 0.751744
v -0.058667 0.374397 0.787982
v -0.060267 0.411753 0.822148
v -0.061701 0.466737 0.855008
v -0.062820 0.536385 0.885691
v -0.063528 0.616105 0.914703
v -0.063766 0.701389 0.943779
v -0.063494 0.788222 0.975464
v -0.062653 0.873071 1.013109
v -0.061145 0.952465 1.061311
v -0.058821 1.021242 1.126021
v -0.055625 1.069819 1.211443
v -0.005561 1.081425 1.205270
v -0.008861 1.030779 1.116421
v -0.011232 0.959746 1.049709
v -0.012740 0.878684 1.000621
v -0.013556 0.792882 0.962690
v -0.013793 0.705717 0.931029
v -0.013517 0.620647 0.902174
v -0.012778 0.541696 0.873597
v -0.011640 0.473447 0.843707
v -0.010219 0.420570 0.812334
v -0.008684 0.385819 0.780892
v -0.007102 0.366880 0.748835
v 0.044297 1.067824 1.208178
v 0.041122 1.019358 1.123512
v 0.038816 0.950929 1.059522
v 0.037320 0.871974 1.011922
v 0.036486 0.787572 0.974784
v 0.036217 0.701174 0.943558
v 0.036456 0.616320 0.914924
v 0.037160 0.537036 0.886371
v 0.038273 0.467835 0.856195
v 0.039694 0.413289 0.823936
v 0.041276 0.376282 0.790492
v 0.042963 0.355274 0.755009
v 0.080589 1.032661 1.219389
v 0.077736 0.990037 1.145393
v 0.075590 0.928377 1.088122
v 0.074114 0.854741 1.043984
v 0.073224 0.773714 1.008503
v 0.072864 0.688980 0.978009
v 0.073002 0.604282 0.949538
v 0.073613 0.523655 0.920588
v 0.074664 0.451404 0.889127
v 0.076097 0.391861 0.853845
v 0.077825 0.348342 0.814210
v 0.079819 0.321571 0.768610
v 0.093591 0.985357 1.235898
v 0.091170 0.950675 1.176202
v 0.089235 0.898131 1.127845
v 0.087783 0.831601 1.088216
v 0.086814 0.755022 1.054813
v 0.086329 0.672399 1.025152
v 0.086329 0.587760 0.996740
v 0.086814 0.505137 0.967080
v 0.087783 0.428558 0.933677
v 0.089235 0.362028 0.894047
v 0.091170 0.309484 0.845691
v 0.093591 0.274802 0.785994
v 0.079819 0.938588 1.253282
v 0.077825 0.911817 1.207682
v 0.076097 0.868298 1.168047
v 0.074664 0.808755 1.132766
v 0.073613 0.736504 1.101305
v 0.073002 0.655876 1.072354
v 0.072864 0.571179 1.043883
v 0.073224 0.486445 1.013390
v 0.074114 0.405418 0.977909
v 0.075590 0.331782 0.933770
v 0.077736 0.270122 0.876499
v 0.080589 0.227498 0.802503
v 0.042963 0.904885 1.266883
v 0.041276 0.883877 1.231400
v 0.039694 0.846869 1.197956
v 0.038273 0.792324 1.165697
v 0.037160 0.723123 1.135522
v 0.036456 0.643839 1.106968
v 0.036217 0.558984 1.078335
v 0.036486 0.472587 1.047109
v 0.037320 0.388185 1.009970
v 0.038816 0.309229 0.962370
v 0.041122 0.240801 0.898380
v 0.044297 0.192335 0.813714
v -0.007102 0.893279 1.273057
v -0.008684 0.874340 1.241000
v -0.010219 0.839588 1.209558
v -0.011640 0.786712 1.178185
v -0.012778 0.718463 1.148295
v -0.013517 0.639511 1.119719
v -0.013793 0.554442 1.090864
v -0.013556 0.467277 1.059202
v -0.012740 0.381475 1.021271
v -0.011232 0.300412 0.972184
v -0.008861 0.229379 0.905471
v -0.005561 0.178734 0.816622
v -0.056960 0.906880 1.270149
v -0.058667 0.885762 1.233910
v -0.060267 0.848406 1.199745
v -0.061701 0.793421 1.166885
v -0.062820 0.723773 1.136202
v -0.063528 0.644054 1.107190
v -0.063766 0.558769 1.078113
v -0.063494 0.471937 1.046429
v -0.062653 0.387088 1.008783
v -0.061145 0.307693 0.960582
v -0.058821 0.238916 0.895871
v -0.055625 0.190340 0.810449
v -0.093252 0.942043 1.258937
v -0.095281 0.915082 1.212029
v -0.097041 0.870958 1.171144
v -0.098495 0.810655 1.134823
v -0.099558 0.737631 1.102483
v -0.100174 0.656249 1.072738
v -0.100312 0.570807 1.043499
v -0.099947 0.485318 1.012212
v -0.099045 0.403518 0.975852
v -0.097547 0.329122 0.930673
v -0.095369 0.266857 0.872153
v -0.092481 0.224043 0.796848
v -0.106253 0.989347 1.242428
v -0.108715 0.954444 1.181220
v -0.110686 0.901203 1.131422
v -0.112164 0.833795 1.090591
v -0.113147 0.756323 1.056173
v -0.113639 0.672829 1.025595
v -0.113639 0.587330 0.996297
v -0.113147 0.503836 0.965720
v -0.112164 0.426364 0.931301
v -0.110686 0.358956 0.890471
v -0.108715 0.305715 0.840672
v -0.106253 0.270812 0.779464
v -0.092481 1.036116 1.225044
v -0.095369 0.993302 1.149739
v -0.097547 0.931037 1.091220
v -0.099045 0.856641 1.046041
v -0.099947 0.774841 1.009680
v -0.100312 0.689352 0.978393
v -0.100174 0.603910 0.949154
v -0.099558 0.522528 0.919410
v -0.098495 0.449504 0.887070
v -0.097041 0.389201 0.850748
v -0.095281 0.345077 0.809864
v -0.093252 0.318116 0.762955
v -0.089021 1.051592 -1.316658
v -0.051790 1.087522 -1.315102
v -0.001593 1.100005 -1.313122
v 0.048119 1.085699 -1.311248
v 0.084027 1.048435 -1.309983
v 0.096508 0.998200 -1.309665
v 0.082218 0.948453 -1.310380
v 0.044987 0.912523 -1.311936
v -0.005210 0.900040 -1.313916
v -0.054923 0.914346 -1.315790
v -0.090830 0.951609 -1.317055
v -0.103311 1.001845 -1.317373
v -0.098913 1.057551 -1.317021
v -0.057380 1.097631 -1.315285
v -0.001384 1.111557 -1.313076
v 0.054072 1.095598 -1.310986
v 0.094128 1.054029 -1.309574
v 0.108051 0.997989 -1.309220
v 0.092110 0.942494 -1.310017
v 0.050577 0.902414 -1.311753
v -0.005419 0.888488 -1.313962
v -0.060875 0.904447 -1.316052
v -0.100931 0.946016 -1.317463
v -0.114854 1.002056 -1.317818
v -0.094491 1.056275 -1.369214
v -0.054003 1.095347 -1.367522
v 0.000585 1.108923 -1.365369
v 0.054646 1.093365 -1.363331
v 0.093695 1.052842 -1.361956
v 0.107268 0.998211 -1.361610
v 0.091728 0.944112 -1.362387
v 0.051240 0.905040 -1.364079
v -0.003349 0.891464 -1.366233
v -0.057410 0.907022 -1.368270
v -0.096458 0.947545 -1.369646
v -0.110031 1.002176 -1.369992
v -0.089021 0.208566 -0.685847
v -0.051790 0.172637 -0.687403
v -0.001593 0.160154 -0.689383
v 0.048119 0.174460 -0.691257
v 0.084027 0.211724 -0.692522
v 0.096508 0.261959 -0.692840
v 0.082218 0.311706 -0.692126
v 0.044987 0.347636 -0.690569
v -0.005210 0.360119 -0.688589
v -0.054923 0.345813 -0.686715
v -0.090830 0.308549 -0.685450
v -0.103311 0.258314 -0.685133
v -0.098913 0.202608 -0.685485
v -0.057380 0.162528 -0.687221
v -0.001384 0.148602 -0.689429
v 0.054072 0.164561 -0.691520
v 0.094128 0.206130 -0.692931
v 0.108051 0.262170 -0.693286
v 0.092110 0.317665 -0.692488
v 0.050577 0.357745 -0.690752
v -0.005419 0.371671 -0.688543
v -0.060875 0.355712 -0.686453
v -0.100931 0.314143 -0.685042
v -0.114854 0.258103 -0.684687
v -0.071357 0.217818 -0.579146
v -0.040929 0.188454 -0.580418
v 0.000096 0.178251 -0.582036
v 0.040725 0.189943 -0.583568
v 0.070072 0.220398 -0.584602
v 0.080273 0.261455 -0.584862
v 0.068594 0.302113 -0.584277
v 0.038165 0.331477 -0.583006
v -0.002860 0.341680 -0.581387
v -0.043489 0.329987 -0.579856
v -0.072835 0.299533 -0.578822
v -0.083036 0.258476 -0.578562
v -0.056960 0.353279 -0.751744
v -0.058667 0.374397 -0.787982
v -0.060267 0.411753 -0.822148
v -0.061701 0.466737 -0.855008
v -0.062820 0.536385 -0.885691
v -0.063528 0.616105 -0.914703
v -0.063766 0.701389 -0.943779
v -0.063494 0.788222 -0.975464
v -0.062653 0.873071 -1.013109
v -0.061145 0.952465 -1.061311
v -0.058821 1.021242 -1.126021
v -0.055625 1.069819 -1.211443
v -0.005561 1.081425 -1.205270
v -0.008861 1.030779 -1.116421
v -0.011232 0.959746 -1.049709
v -0.012740 0.878684 -1.000621
v -0.013556 0.792882 -0.962690
v -0.013793 0.705717 -0.931029
v -0.013517 0.620647 -0.902174
v -0.012778 0.541696 -0.873597
v -0.011640 0.473447 -0.843707
v -0.010219 0.420570 -0.812334
v -0.008684 0.385819 -0.780892
v -0.007102 0.366880 -0.748835
v 0.044297 1.067824 -1.208178
v 0.041122 1.019358 -1.123512
v 0.038816 0.950929 -1.059522
v 0.037320 0.871974 -1.011922
v 0.036486 0.787572 -0.974784
v 0.036217 0.701174 -0.943558
v 0.036456 0.616320 -0.914924
v 0.037160 0.537036 -0.886371
v 0.038273 0.467835 -0.856195
v 0.039694 0.413289 -0.823936
v 0.041276 0.376282 -0.790492
v 0.042963 0.355274 -0.755009
v 0.080589 1.032661 -1.219389
v 0.077736 0.990037 -1.145393
v 0.075590 0.928377 -1.088122
v 0.074114 0.854741 -1.043984
v 0.073224 0.773714 -1.008503
v 0.072864 0.688980 -0.978009
v 0.073002 0.604282 -0.949538
v 0.073613 0.523655 -0.920588
v 0.074664 0.451404 -0.889127
v 0.076097 0.391861 -0.853845
v 0.077825 0.348342 -0.814210
v 0.079819 0.321571 -0.768610
v 0.093591 0.985357 -1.235898
v 0.091170 0.950675 -1.176202
v 0.089235 0.898131 -1.127845
v 0.087783 0.831601 -1.088216
v 0.086814 0.755022 -1.054813
v 0.086329 0.672399 -1.025152
v 0.086329 0.587760 -0.996740
v 0.086814 0.505137 -0.967080
v 0.087783 0.428558 -0.933677
v 0.089235 0.362028 -0.894047
v 0.091170 0.309484 -0.845691
v 0.093591 0.274802 -0.785994
v 0.079819 0.938588 -1.253282
v 0.077825 0.911817 -1.207682
v 0.076097 0.868298 -1.168047
v 0.074664 0.808755 -1.132766
v 0.073613 0.736504 -1.101305
v 0.073002 0.655876 -1.072354
v 0.072864 0.571179 -1.043883
v 0.073224 0.486445 -1.013390
v 0.074114 0.405418 -0.977909
v 0.075590 0.331782 -0.933770
v 0.077736 0.270122 -0.876499
v 0.080589 0.227498 -0.802503
v 0.042963 0.904885 -1.266883
v 0.041276 0.883877 -1.231400
v 0.039694 0.846869 -1.197956
v 0.038273 0.792324 -1.165697
v 0.037160 0.723123 -1.135522
v 0.036456 0.643839 -1.106968
v 0.036217 0.558984 -1.078335
v 0.036486 0.472587 -1.047109
v 0.037320 0.388185 -1.009970
v 0.038816 0.309229 -0.962370
v 0.041122 0.240801 -0.898380
v 0.044297 0.192335 -0.813714
v -0.007102 0.893279 -1.273057
v -0.008684 0.874340 -1.241000
v -0.010219 0.839588 -1.209558
v -0.011640 0.786712 -1.178185
v -0.012778 0.718463 -1.148295
v -0.013517 0.639511 -1.119719
v -0.013793 0.554442 -1.090864
v -0.013556 0.467277 -1.059202
v -0.012740 0.381475 -1.021271
v -0.011232 0.300412 -0.972184
v -0.008861 0.229379 -0.905471
v -0.005561 0.178734 -0.816622
v -0.056960 0.906880 -1.270149
v -0.058667 0.885762 -1.233910
v -0.060267 0.848406 -1.199745
v -0.061701 0.793421 -1.166885
v -0.062820 0.723773 -1.136202
v -0.063528 0.644054 -1.107190
v -0.063766 0.558769 -1.078113
v -0.063494 0.471937 -1.046429
v -0.062653 0.387088 -1.008783
v -0.061145 0.307693 -0.960582
v -0.058821 0.238916 -0.895871
v -0.055625 0.190340 -0.810449
v -0.093252 0.942043 -1.258937
v -0.095281 0.915082 -1.212029
v -0.097041 0.870958 -1.171144
v -0.098495 0.810655 -1.134823
v -0.099558 0.737631 -1.102483
v -0.100174 0.656249 -1.072738
v -0.100312 0.570807 -1.043499
v -0.099947 0.485318 -1.012212
v -0.099045 0.403518 -0.975852
v -0.097547 0.329122 -0.930673
v -0.095369 0.266857 -0.872153
v -0.092481 0.224043 -0.796848
v -0.106253 0.989347 -1.242428
v -0.108715 0.954444 -1.181220
v -0.110686 0.901203 -1.131422
v -0.112164 0.833795 -1.090591
v -0.113147 0.756323 -1.056173
v -0.113639 0.672829 -1.025595
v -0.113639 0.587330 -0.996297
v -0.113147 0.503836 -0.965720
v -0.112164 0.426364 -0.931301
v -0.110686 0.358956 -0.890471
v -0.108715 0.305715 -0.840672
v -0.106253 0.270812 -0.779464
v -0.092481 1.036116 -1.225044
v -0.095369 0.993302 -1.149739
v -0.097547 0.931037 -1.091220
v -0.099045 0.856641 -1.046041
v -0.099947 0.774841 -1.009680
v -0.100312 0.689352 -0.978393
v -0.100174 0.603910 -0.949154
v -0.099558 0.522528 -0.919410
v -0.098495 0.449504 -0.887070
v -0.097041 0.389201 -0.850748
v -0.095281 0.345077 -0.809864
v -0.093252 0.318116 -0.762955
vn -0.0386 0.0033 -0.9992
vn 0.8751 -0.4836 0.0182
vn 0.9997 0.0180 0.0150
vn 0.0386 -0.0033 0.9992
vn -0.8529 -0.5151 0.0849
vn -0.9956 -0.0184 0.0920
vn 0.0201 -0.9986 0.0495
vn -0.4811 -0.8739 0.0693
vn -0.5124 0.8554 0.0762
vn -0.0160 0.9982 0.0575
vn 0.8570 0.5148 0.0222
vn 0.5165 -0.8557 0.0308
vn -0.8710 0.4833 0.0888
vn 0.4853 0.8736 0.0377
vn 0.4852 0.8736 0.0377
vn -0.0386 -0.0033 0.9992
vn 0.8498 0.4641 -0.2498
vn 0.9685 -0.0169 -0.2483
vn 0.8486 0.4663 -0.2499
vn 0.0386 0.0033 -0.9992
vn -0.9577 0.0188 -0.2872
vn -0.8195 0.4981 -0.2836
vn -0.9577 0.0181 -0.2872
vn -0.4548 0.8469 -0.2756
vn 0.0246 0.9637 -0.2657
vn -0.4597 0.8442 -0.2757
vn -0.4859 -0.8282 -0.2791
vn -0.0104 -0.9629 -0.2697
vn -0.0043 -0.9630 -0.2696
vn 0.8331 -0.4924 -0.2518
vn 0.9686 -0.0162 -0.2483
vn 0.0306 0.9636 -0.2656
vn 0.5034 0.8252 -0.2563
vn -0.8359 -0.4688 -0.2856
vn -0.4902 -0.8257 -0.2792
vn 0.4781 -0.8391 -0.2596
vn 0.8313 -0.4954 -0.2519
vn 0.5076 0.8227 -0.2562
vn -0.8371 -0.4666 -0.2856
vn -0.8176 0.5011 -0.2835
vn 0.4732 -0.8418 -0.2597
vn -0.5182 -0.8478 -0.1129
vn -0.0075 -0.9481 -0.3180
vn -0.5239 -0.8020 -0.2869
vn 0.4911 -0.8669 -0.0856
vn -0.0153 -0.9936 -0.1120
vn 0.8646 -0.5011 -0.0354
vn 0.5092 -0.8208 -0.2589
vn 0.9995 0.0032 0.0325
vn 0.8760 -0.4651 -0.1276
vn 0.8599 0.5009 0.0983
vn 0.9992 0.0113 0.0387
vn 0.4958 0.8571 0.1400
vn 0.8566 0.4780 0.1944
vn 0.0115 0.9895 0.1440
vn 0.4942 0.8165 0.2987
vn -0.4800 0.8347 0.2699
vn 0.0082 0.9454 0.3260
vn -0.4757 0.8728 0.1096
vn -0.8479 0.5100 0.1444
vn -0.8469 0.5297 0.0468
vn -0.9986 0.0487 -0.0189
vn -0.9989 0.0387 -0.0254
vn -0.8840 -0.4328 -0.1769
vn -0.8793 -0.4689 -0.0837
vn 0.0004 -0.7754 -0.6315
vn -0.5111 -0.6576 -0.5534
vn -0.5031 -0.5048 -0.7015
vn 0.0039 -0.5937 -0.8047
vn -0.5000 -0.3891 -0.7737
vn 0.0044 -0.4567 -0.8896
vn -0.4993 -0.3176 -0.8061
vn 0.0029 -0.3710 -0.9286
vn -0.5001 -0.2849 -0.8178
vn -0.0018 -0.3313 -0.9435
vn -0.5011 -0.2880 -0.8160
vn -0.0046 -0.3733 -0.9277
vn -0.5015 -0.3269 -0.8011
vn -0.5005 -0.4065 -0.7644
vn -0.0064 -0.4620 -0.8868
vn -0.4972 -0.5332 -0.6844
vn -0.0060 -0.6045 -0.7966
vn -0.4906 -0.6934 -0.5277
vn 0.0072 -0.9412 -0.3379
vn -0.4815 -0.8308 -0.2791
vn 0.0111 -0.9854 -0.1696
vn -0.4730 -0.8713 -0.1307
vn 0.5115 -0.6771 -0.5291
vn 0.5111 -0.5205 -0.6839
vn 0.5087 -0.4003 -0.7622
vn 0.5053 -0.3242 -0.7997
vn 0.5016 -0.2875 -0.8160
vn 0.0007 -0.3305 -0.9438
vn 0.4977 -0.2860 -0.8188
vn 0.4938 -0.3203 -0.8084
vn 0.4902 -0.3957 -0.7766
vn 0.4877 -0.5183 -0.7026
vn 0.4883 -0.6755 -0.5526
vn -0.0016 -0.7852 -0.6193
vn 0.4943 -0.8119 -0.3107
vn 0.4929 -0.8541 -0.1663
vn 0.8766 -0.3917 -0.2796
vn 0.8753 -0.3048 -0.3756
vn 0.8729 -0.2352 -0.4275
vn 0.8701 -0.1899 -0.4547
vn 0.8673 -0.1669 -0.4689
vn 0.8645 -0.1642 -0.4751
vn 0.8615 -0.1823 -0.4739
vn 0.8584 -0.2247 -0.4610
vn 0.8556 -0.2961 -0.4245
vn 0.8544 -0.3903 -0.3430
vn 0.8570 -0.4735 -0.2035
vn 0.9992 0.0004 0.0402
vn 0.9995 -0.0051 0.0312
vn 0.9998 -0.0062 0.0210
vn 0.9999 -0.0045 0.0119
vn 1.0000 -0.0016 0.0038
vn 1.0000 0.0016 -0.0038
vn 0.9999 0.0045 -0.0119
vn 0.9998 0.0062 -0.0210
vn 0.9995 0.0051 -0.0312
vn 0.9992 -0.0004 -0.0402
vn 0.9991 -0.0075 -0.0419
vn 0.8562 -0.5024 -0.1204
vn 0.8544 0.3903 0.3430
vn 0.8556 0.2961 0.4245
vn 0.8584 0.2247 0.4610
vn 0.8615 0.1823 0.4739
vn 0.8645 0.1642 0.4751
vn 0.8673 0.1669 0.4689
vn 0.8701 0.1899 0.4547
vn 0.8729 0.2352 0.4275
vn 0.8753 0.3048 0.3756
vn 0.8766 0.3917 0.2796
vn 0.8745 0.4661 0.1340
vn 0.9991 -0.0090 -0.0417
vn 0.4883 0.6755 0.5526
vn 0.4877 0.5183 0.7026
vn 0.4902 0.3957 0.7766
vn 0.4938 0.3203 0.8084
vn 0.4977 0.2860 0.8188
vn 0.5016 0.2875 0.8160
vn 0.5053 0.3242 0.7997
vn 0.5087 0.4003 0.7622
vn 0.5111 0.5205 0.6839
vn 0.5115 0.6771 0.5291
vn 0.5072 0.8164 0.2761
vn 0.8684 0.4936 0.0479
vn -0.0016 0.7852 0.6193
vn -0.0060 0.6045 0.7966
vn -0.0064 0.4620 0.8868
vn -0.0046 0.3733 0.9277
vn -0.0018 0.3313 0.9435
vn 0.0007 0.3305 0.9438
vn 0.0029 0.3710 0.9286
vn 0.0044 0.4567 0.8896
vn 0.0039 0.5937 0.8047
vn 0.0004 0.7754 0.6315
vn -0.0080 0.9396 0.3421
vn -0.0119 0.9863 0.1648
vn 0.4970 0.8589 0.1233
vn -0.4906 0.6934 0.5277
vn -0.4972 0.5332 0.6844
vn -0.5005 0.4065 0.7644
vn -0.5011 0.2880 0.8160
vn -0.5001 0.2849 0.8178
vn -0.4993 0.3176 0.8061
vn -0.5000 0.3891 0.7737
vn -0.5031 0.5048 0.7015
vn -0.5212 0.7956 0.3090
vn -0.5163 0.8411 0.1611
vn -0.8556 0.4222 0.2995
vn -0.8611 0.3223 0.3933
vn -0.8643 0.2436 0.4401
vn -0.5015 0.3269 0.8011
vn -0.8657 0.1934 0.4618
vn -0.8661 0.1678 0.4709
vn -0.8662 0.1631 0.4724
vn -0.8665 0.1785 0.4661
vn -0.8677 0.2160 0.4477
vn -0.8705 0.2778 0.4062
vn -0.5111 0.6576 0.5534
vn -0.8759 0.3583 0.3232
vn -0.8798 0.4618 0.1130
vn -0.9992 0.0382 -0.0101
vn -0.9997 0.0257 -0.0046
vn -0.9999 0.0158 -0.0028
vn -1.0000 0.0086 -0.0017
vn -1.0000 0.0027 -0.0006
vn -1.0000 -0.0027 0.0006
vn -1.0000 -0.0086 0.0017
vn -0.9999 -0.0158 0.0028
vn -0.9997 -0.0257 0.0046
vn -0.9992 -0.0382 0.0101
vn -0.8820 0.4311 0.1900
vn -0.9985 -0.0452 0.0321
vn -0.8759 -0.3583 -0.3232
vn -0.8705 -0.2778 -0.4062
vn -0.8677 -0.2160 -0.4477
vn -0.8665 -0.1785 -0.4661
vn -0.8662 -0.1631 -0.4724
vn -0.8661 -0.1678 -0.4709
vn -0.8657 -0.1934 -0.4618
vn -0.8643 -0.2436 -0.4401
vn -0.8611 -0.3223 -0.3933
vn -0.8556 -0.4222 -0.2995
vn -0.9986 -0.0469 0.0223
vn -0.8442 -0.5329 -0.0576
vn -0.8492 -0.5067 -0.1486
vn -0.0386 0.0033 0.9992
vn 0.8751 -0.4836 -0.0182
vn 0.9997 0.0180 -0.0150
vn 0.0386 -0.0033 -0.9992
vn -0.9956 -0.0184 -0.0920
vn -0.8529 -0.5151 -0.0849
vn -0.4811 -0.8739 -0.0693
vn 0.0201 -0.9986 -0.0495
vn -0.0160 0.9982 -0.0575
vn -0.5124 0.8554 -0.0762
vn 0.8570 0.5148 -0.0222
vn 0.5165 -0.8557 -0.0308
vn -0.8710 0.4833 -0.0888
vn 0.4853 0.8736 -0.0377
vn 0.4852 0.8736 -0.0377
vn -0.0386 -0.0033 -0.9992
vn 0.8498 0.4641 0.2498
vn 0.9685 -0.0169 0.2483
vn 0.9686 -0.0162 0.2483
vn 0.0386 0.0033 0.9992
vn -0.9577 0.0188 0.2872
vn -0.8195 0.4981 0.2836
vn -0.8176 0.5011 0.2835
vn -0.4548 0.8469 0.2756
vn 0.0246 0.9637 0.2657
vn 0.0306 0.9636 0.2656
vn -0.0104 -0.9629 0.2697
vn -0.4859 -0.8282 0.2791
vn -0.0043 -0.9630 0.2696
vn 0.8331 -0.4924 0.2518
vn 0.5034 0.8252 0.2563
vn 0.5076 0.8227 0.2562
vn -0.4902 -0.8257 0.2792
vn -0.8359 -0.4688 0.2856
vn 0.8313 -0.4954 0.2519
vn 0.4781 -0.8391 0.2596
vn 0.8486 0.4663 0.2499
vn -0.8371 -0.4666 0.2856
vn -0.4597 0.8442 0.2757
vn 0.4732 -0.8418 0.2597
vn -0.5182 -0.8478 0.1129
vn -0.0075 -0.9481 0.3180
vn -0.0153 -0.9936 0.1120
vn 0.4911 -0.8669 0.0856
vn 0.5092 -0.8208 0.2589
vn 0.8646 -0.5011 0.0354
vn 0.8760 -0.4651 0.1276
vn 0.9995 0.0032 -0.0325
vn 0.9992 0.0113 -0.0387
vn 0.8599 0.5009 -0.0983
vn 0.8566 0.4780 -0.1944
vn 0.4958 0.8571 -0.1400
vn 0.4942 0.8165 -0.2987
vn 0.0115 0.9895 -0.1440
vn -0.4800 0.8347 -0.2699
vn -0.4757 0.8728 -0.1096
vn -0.8479 0.5100 -0.1444
vn -0.8469 0.5297 -0.0468
vn -0.9986 0.0487 0.0189
vn -0.9989 0.0387 0.0254
vn -0.8840 -0.4328 0.1769
vn -0.8793 -0.4689 0.0837
vn -0.5239 -0.8020 0.2869
vn 0.0004 -0.7754 0.6315
vn -0.5031 -0.5048 0.7015
vn -0.5111 -0.6576 0.5534
vn -0.5000 -0.3891 0.7737
vn 0.0039 -0.5937 0.8047
vn -0.4993 -0.3176 0.8061
vn 0.0044 -0.4567 0.8896
vn -0.5001 -0.2849 0.8178
vn 0.0029 -0.3710 0.9286
vn -0.0018 -0.3313 0.9435
vn 0.0007 -0.3305 0.9438
vn -0.5011 -0.2880 0.8160
vn -0.0046 -0.3733 0.9277
vn -0.5005 -0.4065 0.7644
vn -0.5015 -0.3269 0.8011
vn -0.4972 -0.5332 0.6844
vn -0.0064 -0.4620 0.8868
vn -0.4906 -0.6934 0.5277
vn -0.0060 -0.6045 0.7966
vn 0.0072 -0.9412 0.3379
vn -0.0016 -0.7852 0.6193
vn -0.4815 -0.8308 0.2791
vn 0.0111 -0.9854 0.1696
vn 0.5115 -0.6771 0.5291
vn 0.5111 -0.5205 0.6839
vn 0.5087 -0.4003 0.7622
vn 0.5053 -0.3242 0.7997
vn 0.5016 -0.2875 0.8160
vn 0.4977 -0.2860 0.8188
vn 0.4938 -0.3203 0.8084
vn 0.4902 -0.3957 0.7766
vn 0.4877 -0.5183 0.7026
vn 0.4883 -0.6755 0.5526
vn 0.4943 -0.8119 0.3107
vn 0.4929 -0.8541 0.1663
vn 0.8766 -0.3917 0.2796
vn 0.8753 -0.3048 0.3756
vn 0.8729 -0.2352 0.4275
vn 0.8701 -0.1899 0.4547
vn 0.8673 -0.1669 0.4689
vn 0.8645 -0.1642 0.4751
vn 0.8615 -0.1823 0.4739
vn 0.8584 -0.2247 0.4610
vn 0.8556 -0.2961 0.4245
vn 0.8544 -0.3903 0.3430
vn 0.8570 -0.4735 0.2035
vn 0.9992 0.0004 -0.0402
vn 0.9995 -0.0051 -0.0312
vn 0.9998 -0.0062 -0.0210
vn 0.9999 -0.0045 -0.0119
vn 1.0000 -0.0016 -0.0038
vn 1.0000 0.0016 0.0038
vn 0.9999 0.0045 0.0119
vn 0.9998 0.0062 0.0210
vn 0.9995 0.0051 0.0312
vn 0.9992 -0.0004 0.0402
vn 0.9991 -0.0075 0.0419
vn 0.8562 -0.5024 0.1204
vn 0.8544 0.3903 -0.3430
vn 0.8556 0.2961 -0.4245
vn 0.8584 0.2247 -0.4610
vn 0.8615 0.1823 -0.4739
vn 0.8645 0.1642 -0.4751
vn 0.8673 0.1669 -0.4689
vn 0.8701 0.1899 -0.4547
vn 0.8729 0.2352 -0.4275
vn 0.8753 0.3048 -0.3756
vn 0.8766 0.3917 -0.2796
vn 0.8745 0.4661 -0.1340
vn 0.9991 -0.0090 0.0417
vn 0.4883 0.6755 -0.5526
vn 0.4877 0.5183 -0.7026
vn 0.4902 0.3957 -0.7766
vn 0.4938 0.3203 -0.8084
vn 0.4977 0.2860 -0.8188
vn 0.5016 0.2875 -0.8160
vn 0.5053 0.3242 -0.7997
vn 0.5087 0.4003 -0.7622
vn 0.5111 0.5205 -0.6839
vn 0.5115 0.6771 -0.5291
vn 0.5072 0.8164 -0.2761
vn 0.8684 0.4936 -0.0479
vn -0.0016 0.7852 -0.6193
vn 0.0082 0.9454 -0.3260
vn -0.0060 0.6045 -0.7966
vn -0.0064 0.4620 -0.8868
vn -0.0046 0.3733 -0.9277
vn -0.0018 0.3313 -0.9435
vn 0.0007 0.3305 -0.9438
vn 0.0029 0.3710 -0.9286
vn 0.0044 0.4567 -0.8896
vn 0.0039 0.5937 -0.8047
vn 0.0004 0.7754 -0.6315
vn -0.0080 0.9396 -0.3421
vn -0.0119 0.9863 -0.1648
vn -0.4906 0.6934 -0.5277
vn -0.4972 0.5332 -0.6844
vn -0.5005 0.4065 -0.7644
vn -0.5011 0.2880 -0.8160
vn -0.5015 0.3269 -0.8011
vn -0.5001 0.2849 -0.8178
vn -0.4993 0.3176 -0.8061
vn -0.5000 0.3891 -0.7737
vn -0.5031 0.5048 -0.7015
vn -0.5212 0.7956 -0.3090
vn -0.5111 0.6576 -0.5534
vn -0.5163 0.8411 -0.1611
vn -0.8556 0.4222 -0.2995
vn -0.8611 0.3223 -0.3933
vn -0.8643 0.2436 -0.4401
vn -0.8657 0.1934 -0.4618
vn -0.8661 0.1678 -0.4709
vn -0.8662 0.1631 -0.4724
vn -0.8665 0.1785 -0.4661
vn -0.8677 0.2160 -0.4477
vn -0.8705 0.2778 -0.4062
vn -0.8759 0.3583 -0.3232
vn -0.8798 0.4618 -0.1130
vn -0.8820 0.4311 -0.1900
vn -0.9992 0.0382 0.0101
vn -0.9997 0.0257 0.0046
vn -0.9999 0.0158 0.0028
vn -1.0000 0.0086 0.0017
vn -1.0000 0.0027 0.0006
vn -1.0000 -0.0027 -0.0006
vn -1.0000 -0.0086 -0.0017
vn -0.9999 -0.0158 -0.0028
vn -0.9997 -0.0257 -0.0046
vn -0.9992 -0.0382 -0.0101
vn -0.9985 -0.0452 -0.0321
vn -0.9986 -0.0469 -0.0223
vn -0.8759 -0.3583 0.3232
vn -0.8705 -0.2778 0.4062
vn -0.8677 -0.2160 0.4477
vn -0.8665 -0.1785 0.4661
vn -0.8662 -0.1631 0.4724
vn -0.8661 -0.1678 0.4709
vn -0.8657 -0.1934 0.4618
vn -0.8643 -0.2436 0.4401
vn -0.8611 -0.3223 0.3933
vn -0.8556 -0.4222 0.2995
vn -0.8442 -0.5329 0.0576
vn -0.8492 -0.5067 0.1486
vn -0.4730 -0.8713 0.1307
vn 0.8751 0.4836 0.0182
vn 0.9997 -0.0180 0.0150
vn -0.9956 0.0184 0.0920
vn -0.8529 0.5151 0.0849
vn -0.4811 0.8739 0.0693
vn 0.0201 0.9986 0.0495
vn -0.0160 -0.9982 0.0575
vn -0.5124 -0.8554 0.0762
vn 0.8570 -0.5148 0.0222
vn 0.5165 0.8557 0.0308
vn -0.8710 -0.4833 0.0888
vn 0.4853 -0.8736 0.0377
vn 0.4852 -0.8736 0.0377
vn 0.8498 -0.4641 -0.2498
vn 0.9685 0.0169 -0.2483
vn 0.9686 0.0162 -0.2483
vn -0.9577 -0.0188 -0.2872
vn -0.8195 -0.4981 -0.2836
vn -0.8176 -0.5011 -0.2835
vn -0.4548 -0.8469 -0.2756
vn 0.0246 -0.9637 -0.2657
vn 0.0306 -0.9636 -0.2656
vn -0.0104 0.9629 -0.2697
vn -0.4859 0.8282 -0.2791
vn -0.0043 0.9630 -0.2696
vn 0.8331 0.4924 -0.2518
vn 0.5034 -0.8252 -0.2563
vn 0.5076 -0.8227 -0.2562
vn -0.4902 0.8257 -0.2792
vn -0.8359 0.4688 -0.2856
vn 0.8313 0.4954 -0.2519
vn 0.4781 0.8391 -0.2596
vn 0.8486 -0.4663 -0.2499
vn -0.8371 0.4666 -0.2856
vn -0.4597 -0.8442 -0.2757
vn 0.4732 0.8418 -0.2597
vn -0.5182 0.8478 -0.1129
vn -0.0075 0.9481 -0.3180
vn -0.0153 0.9936 -0.1120
vn 0.4911 0.8669 -0.0856
vn 0.5092 0.8208 -0.2589
vn 0.8646 0.5011 -0.0354
vn 0.8760 0.4651 -0.1276
vn 0.9995 -0.0032 0.0325
vn 0.9992 -0.0113 0.0387
vn 0.8599 -0.5009 0.0983
vn 0.8566 -0.4780 0.1944
vn 0.4958 -0.8571 0.1400
vn 0.4942 -0.8165 0.2987
vn 0.0115 -0.9895 0.1440
vn -0.4800 -0.8347 0.2699
vn -0.4757 -0.8728 0.1096
vn -0.8479 -0.5100 0.1444
vn -0.8469 -0.5297 0.0468
vn -0.9986 -0.0487 -0.0189
vn -0.9989 -0.0387 -0.0254
vn -0.8840 0.4328 -0.1769
vn -0.8793 0.4689 -0.0837
vn -0.5239 0.8020 -0.2869
vn 0.0072 0.9412 -0.3379
vn -0.4815 0.8308 -0.2791
vn 0.0111 0.9854 -0.1696
vn 0.4943 0.8119 -0.3107
vn 0.4929 0.8541 -0.1663
vn 0.8570 0.4735 -0.2035
vn 0.9991 0.0075 -0.0419
vn 0.8562 0.5024 -0.1204
vn 0.8745 -0.4661 0.1340
vn 0.9991 0.0090 -0.0417
vn 0.5072 -0.8164 0.2761
vn 0.8684 -0.4936 0.0479
vn 0.0082 -0.9454 0.3260
vn -0.0080 -0.9396 0.3421
vn -0.0119 -0.9863 0.1648
vn -0.5212 -0.7956 0.3090
vn -0.5163 -0.8411 0.1611
vn -0.8798 -0.4618 0.1130
vn -0.8820 -0.4311 0.1900
vn -0.9985 0.0452 0.0321
vn -0.9986 0.0469 0.0223
vn -0.8442 0.5329 -0.0576
vn -0.8492 0.5067 -0.1486
vn -0.4730 0.8713 -0.1307
vn 0.8751 0.4836 -0.0182
vn 0.9997 -0.0180 -0.0150
vn -0.8529 0.5151 -0.0849
vn -0.9956 0.0184 -0.0920
vn 0.0201 0.9986 -0.0495
vn -0.4811 0.8739 -0.0693
vn -0.5124 -0.8554 -0.0762
vn -0.0160 -0.9982 -0.0575
vn 0.8570 -0.5148 -0.0222
vn 0.5165 0.8557 -0.0308
vn -0.8710 -0.4833 -0.0888
vn 0.4853 -0.8736 -0.0377
vn 0.4852 -0.8736 -0.0377
vn 0.8498 -0.4641 0.2498
vn 0.9685 0.0169 0.2483
vn 0.8486 -0.4663 0.2499
vn -0.9577 -0.0188 0.2872
vn -0.8195 -0.4981 0.2836
vn -0.9577 -0.0181 0.2872
vn -0.4548 -0.8469 0.2756
vn 0.0246 -0.9637 0.2657
vn -0.4597 -0.8442 0.2757
vn -0.4859 0.8282 0.2791
vn -0.0104 0.9629 0.2697
vn -0.0043 0.9630 0.2696
vn 0.8331 0.4924 0.2518
vn 0.9686 0.0162 0.2483
vn 0.0306 -0.9636 0.2656
vn 0.5034 -0.8252 0.2563
vn -0.8359 0.4688 0.2856
vn -0.4902 0.8257 0.2792
vn 0.4781 0.8391 0.2596
vn 0.8313 0.4954 0.2519
vn 0.5076 -0.8227 0.2562
vn -0.8371 0.4666 0.2856
vn -0.8176 -0.5011 0.2835
vn 0.4732 0.8418 0.2597
vn -0.5182 0.8478 0.1129
vn -0.0075 0.9481 0.3180
vn -0.5239 0.8020 0.2869
vn 0.4911 0.8669 0.0856
vn -0.0153 0.9936 0.1120
vn 0.8646 0.5011 0.0354
vn 0.5092 0.8208 0.2589
vn 0.9995 -0.0032 -0.0325
vn 0.8760 0.4651 0.1276
vn 0.8599 -0.5009 -0.0983
vn 0.9992 -0.0113 -0.0387
vn 0.4958 -0.8571 -0.1400
vn 0.8566 -0.4780 -0.1944
vn 0.0115 -0.9895 -0.1440
vn 0.4942 -0.8165 -0.2987
vn -0.4800 -0.8347 -0.2699
vn 0.0082 -0.9454 -0.3260
vn -0.4757 -0.8728 -0.1096
vn -0.8479 -0.5100 -0.1444
vn -0.8469 -0.5297 -0.0468
vn -0.9986 -0.0487 0.0189
vn -0.9989 -0.0387 0.0254
vn -0.8840 0.4328 0.1769
vn -0.8793 0.4689 0.0837
vn 0.0072 0.9412 0.3379
vn -0.4815 0.8308 0.2791
vn 0.0111 0.9854 0.1696
vn -0.4730 0.8713 0.1307
vn 0.4943 0.8119 0.3107
vn 0.4929 0.8541 0.1663
vn 0.8570 0.4735 0.2035
vn 0.9991 0.0075 0.0419
vn 0.8562 0.5024 0.1204
vn 0.8745 -0.4661 -0.1340
vn 0.9991 0.0090 0.0417
vn 0.5072 -0.8164 -0.2761
vn 0.8684 -0.4936 -0.0479
vn -0.0080 -0.9396 -0.3421
vn -0.0119 -0.9863 -0.1648
vn 0.4970 -0.8589 -0.1233
vn -0.5212 -0.7956 -0.3090
vn -0.5163 -0.8411 -0.1611
vn -0.8798 -0.4618 -0.1130
vn -0.8820 -0.4311 -0.1900
vn -0.9985 0.0452 -0.0321
vn -0.9986 0.0469 -0.0223
vn -0.8442 0.5329 0.0576
vn -0.8492 0.5067 0.1486
vn 0.0386 -0.0032 0.9992
vn 0.0386 -0.0032 -0.9992
vn -0.9577 0.0181 0.2872
vn 0.4970 0.8589 -0.1233
vn 0.0386 0.0032 0.9992
vn -0.9577 -0.0181 -0.2872
vn 0.4970 -0.8589 0.1233
vn 0.0386 0.0032 -0.9992
vt 0.346183 0.963921
vt 0.346912 0.966125
vt 0.345724 0.964047
vt 0.354132 0.961732
vt 0.354591 0.964011
vt 0.354132 0.963888
vt 0.349092 0.958807
vt 0.351345 0.958333
vt 0.351222 0.958799
vt 0.346183 0.961764
vt 0.345724 0.961642
vt 0.353067 0.965760
vt 0.353403 0.966099
vt 0.349092 0.966854
vt 0.351345 0.967310
vt 0.348969 0.967319
vt 0.353403 0.959528
vt 0.353067 0.959869
vt 0.346912 0.959554
vt 0.347248 0.959893
vt 0.351222 0.966845
vt 0.347248 0.965783
vt 0.354591 0.961606
vt 0.348969 0.958343
vt 0.963100 0.871295
vt 0.965270 0.868932
vt 0.965281 0.871242
vt 0.389641 0.961548
vt 0.397114 0.959502
vt 0.395112 0.967086
vt 0.960400 0.489292
vt 0.958430 0.487337
vt 0.960575 0.487243
vt 0.960575 0.493814
vt 0.958259 0.491679
vt 0.960400 0.491697
vt 0.629831 0.962924
vt 0.627663 0.960534
vt 0.629831 0.960531
vt 0.963100 0.866664
vt 0.963089 0.868926
vt 0.958726 0.494973
vt 0.958430 0.493743
vt 0.627743 0.964765
vt 0.627663 0.962866
vt 0.965310 0.865216
vt 0.965281 0.866727
vt 0.965310 0.873036
vt 0.963130 0.873135
vt 0.958726 0.486223
vt 0.960878 0.486100
vt 0.958259 0.489334
vt 0.629912 0.958333
vt 0.627743 0.958392
vt 0.362999 0.961732
vt 0.362271 0.959528
vt 0.363459 0.961606
vt 0.355050 0.963921
vt 0.354591 0.961642
vt 0.355050 0.961764
vt 0.360090 0.966846
vt 0.357837 0.967319
vt 0.357960 0.966854
vt 0.362999 0.963888
vt 0.363459 0.964011
vt 0.355779 0.959554
vt 0.356115 0.959893
vt 0.357960 0.958807
vt 0.360213 0.958333
vt 0.360090 0.958799
vt 0.355779 0.966125
vt 0.356115 0.965784
vt 0.362271 0.966099
vt 0.361934 0.965760
vt 0.357837 0.958343
vt 0.361934 0.959869
vt 0.354591 0.964047
vt 0.360213 0.967310
vt 0.614741 0.959949
vt 0.610237 0.962301
vt 0.610210 0.960623
vt 0.947929 0.164392
vt 0.942312 0.165929
vt 0.943817 0.160229
vt 0.596666 0.959414
vt 0.601336 0.959466
vt 0.601192 0.960258
vt 0.947775 0.871920
vt 0.952302 0.869868
vt 0.952302 0.871627
vt 0.596554 0.963827
vt 0.601192 0.965066
vt 0.596666 0.965976
vt 0.614741 0.964591
vt 0.614778 0.962239
vt 0.947775 0.869519
vt 0.952350 0.868288
vt 0.596554 0.961425
vt 0.601110 0.963491
vt 0.614640 0.966374
vt 0.610210 0.964024
vt 0.614640 0.958333
vt 0.610136 0.959439
vt 0.601110 0.961731
vt 0.947840 0.873923
vt 0.952350 0.873094
vt 0.601336 0.966034
vt 0.596862 0.967298
vt 0.972636 0.127754
vt 0.972573 0.130982
vt 0.970967 0.129912
vt 0.975112 0.129659
vt 0.974122 0.128986
vt 0.959251 0.925166
vt 0.960451 0.928157
vt 0.958333 0.926479
vt 0.960387 0.923390
vt 0.961747 0.927187
vt 0.961437 0.921626
vt 0.963409 0.925881
vt 0.962121 0.920346
vt 0.964993 0.924588
vt 0.440704 0.967193
vt 0.442635 0.962219
vt 0.442636 0.967280
vt 0.438553 0.962075
vt 0.440703 0.961934
vt 0.438552 0.967162
vt 0.436761 0.962604
vt 0.436756 0.967193
vt 0.435806 0.963379
vt 0.969796 0.125000
vt 0.969076 0.128882
vt 0.967406 0.128166
vt 0.971053 0.126296
vt 0.972023 0.132360
vt 0.970342 0.131465
vt 0.326088 0.959772
vt 0.323919 0.961121
vt 0.323996 0.959362
vt 0.326014 0.961406
vt 0.323856 0.963597
vt 0.325953 0.963786
vt 0.323814 0.966662
vt 0.325910 0.966789
vt 0.323795 0.970131
vt 0.325890 0.973912
vt 0.323797 0.973830
vt 0.325911 0.977704
vt 0.323819 0.977609
vt 0.323859 0.981344
vt 0.325950 0.981481
vt 0.323918 0.984924
vt 0.326009 0.985135
vt 0.323994 0.988172
vt 0.973400 0.155788
vt 0.973750 0.160478
vt 0.972088 0.159549
vt 0.971285 0.164317
vt 0.969717 0.163236
vt 0.326170 0.958785
vt 0.328158 0.959428
vt 0.328082 0.961168
vt 0.328021 0.963622
vt 0.327979 0.966666
vt 0.327960 0.970114
vt 0.325889 0.970223
vt 0.327962 0.973792
vt 0.327984 0.977550
vt 0.328025 0.981264
vt 0.328083 0.984821
vt 0.328158 0.988051
vt 0.326086 0.988489
vt 0.328247 0.990593
vt 0.326177 0.991147
vt 0.972333 0.164823
vt 0.962781 0.929134
vt 0.961252 0.929679
vt 0.963240 0.931544
vt 0.961633 0.931723
vt 0.963198 0.934427
vt 0.961592 0.934363
vt 0.962746 0.937677
vt 0.961160 0.937477
vt 0.962023 0.941168
vt 0.960452 0.940912
vt 0.961197 0.944793
vt 0.959628 0.944545
vt 0.960442 0.948461
vt 0.958863 0.948289
vt 0.959946 0.952106
vt 0.958353 0.952090
vt 0.959920 0.955676
vt 0.958333 0.955924
vt 0.960620 0.959107
vt 0.959126 0.959741
vt 0.962329 0.962225
vt 0.961088 0.963298
vt 0.964368 0.966170
vt 0.964771 0.928416
vt 0.965344 0.931337
vt 0.965305 0.934562
vt 0.964827 0.938008
vt 0.964087 0.941585
vt 0.963260 0.945206
vt 0.962522 0.948781
vt 0.962049 0.952223
vt 0.962016 0.955443
vt 0.962598 0.958356
vt 0.963970 0.960882
vt 0.965211 0.964751
vt 0.966689 0.927717
vt 0.967380 0.931156
vt 0.967347 0.934732
vt 0.966847 0.938380
vt 0.966091 0.942050
vt 0.965265 0.945674
vt 0.964545 0.949163
vt 0.964097 0.952408
vt 0.964062 0.955286
vt 0.964529 0.957690
vt 0.965572 0.959629
vt 0.966317 0.962939
vt 0.968021 0.927225
vt 0.968803 0.931050
vt 0.968777 0.934890
vt 0.954469 0.169741
vt 0.955998 0.172949
vt 0.954497 0.173305
vt 0.956005 0.176707
vt 0.954507 0.176990
vt 0.955992 0.180385
vt 0.954499 0.180660
vt 0.955958 0.183833
vt 0.954469 0.184166
vt 0.965542 0.952614
vt 0.965508 0.955248
vt 0.965896 0.957286
vt 0.966704 0.958801
vt 0.967390 0.961218
vt 0.440399 0.958333
vt 0.442342 0.958788
vt 0.955868 0.162447
vt 0.958005 0.165373
vt 0.955930 0.165677
vt 0.958049 0.169027
vt 0.955973 0.169235
vt 0.958073 0.172803
vt 0.958078 0.176596
vt 0.958063 0.180284
vt 0.958028 0.183719
vt 0.957973 0.186721
vt 0.955904 0.186877
vt 0.957901 0.189101
vt 0.955832 0.189331
vt 0.957821 0.190735
vt 0.955749 0.191070
vt 0.618342 0.958333
vt 0.616575 0.960355
vt 0.616915 0.958393
vt 0.614893 0.960297
vt 0.615061 0.958333
vt 0.438261 0.958613
vt 0.960033 0.162343
vt 0.957942 0.162018
vt 0.960095 0.165592
vt 0.960139 0.169172
vt 0.960170 0.176687
vt 0.960157 0.180385
vt 0.960123 0.183854
vt 0.960068 0.186919
vt 0.959996 0.189395
vt 0.617864 0.960304
vt 0.616668 0.962502
vt 0.614789 0.962440
vt 0.961580 0.163336
vt 0.961640 0.166277
vt 0.961684 0.169632
vt 0.960164 0.172908
vt 0.961712 0.173234
vt 0.961722 0.176955
vt 0.961713 0.180661
vt 0.961682 0.184203
vt 0.961630 0.187418
vt 0.961555 0.190135
vt 0.959911 0.191154
vt 0.619059 0.964177
vt 0.618126 0.962443
vt 0.614778 0.964187
vt 0.965103 0.131173
vt 0.966405 0.127957
vt 0.966347 0.130780
vt 0.964640 0.134289
vt 0.965954 0.133436
vt 0.964783 0.137258
vt 0.966084 0.136120
vt 0.965320 0.140118
vt 0.966590 0.138826
vt 0.966077 0.142908
vt 0.967326 0.141549
vt 0.966902 0.145641
vt 0.968146 0.144283
vt 0.967649 0.148312
vt 0.968907 0.147023
vt 0.968179 0.150895
vt 0.969463 0.149764
vt 0.968371 0.153339
vt 0.969668 0.152500
vt 0.968143 0.155586
vt 0.969376 0.155224
vt 0.967435 0.157663
vt 0.966727 0.160587
vt 0.966106 0.159727
vt 0.968265 0.130887
vt 0.967947 0.133074
vt 0.968065 0.135467
vt 0.968541 0.138012
vt 0.969256 0.140662
vt 0.970074 0.143390
vt 0.970850 0.146192
vt 0.971433 0.149084
vt 0.971653 0.152105
vt 0.971300 0.155298
vt 0.968442 0.157924
vt 0.968049 0.161871
vt 0.970082 0.133301
vt 0.970195 0.135472
vt 0.970650 0.137893
vt 0.971352 0.140483
vt 0.972168 0.143201
vt 0.972956 0.146043
vt 0.973560 0.149039
vt 0.973793 0.152261
vt 0.970146 0.158615
vt 0.398271 0.963876
vt 0.392800 0.958338
vt 0.390797 0.965922
vt 0.960878 0.495076
vt 0.629912 0.964871
vt 0.963130 0.865114
vt 0.941444 0.162642
vt 0.945555 0.166804
vt 0.947060 0.161105
vt 0.596862 0.958333
vt 0.947840 0.867363
vt 0.435797 0.967280
vt 0.975112 0.156563
vt 0.328247 0.958333
vt 0.974685 0.161151
vt 0.966073 0.923655
vt 0.965970 0.949504
vt 0.617171 0.964259
vt 0.392800 0.967091
vt 0.389641 0.963893
vt 0.390797 0.959514
vt 0.395112 0.958333
vt 0.398271 0.961531
vt 0.397114 0.965910
vt 0.945555 0.160226
vt 0.947929 0.162629
vt 0.947060 0.165920
vt 0.943817 0.166808
vt 0.941444 0.164404
vt 0.942312 0.161114
vt 0.610136 0.965330
vt 0.973463 0.131803
vt 0.968142 0.960049
vt 0.436500 0.959551
vt 0.961460 0.192216
s 1
f 1450/336/1121 1463/337/1121 1462/338/1121
f 1444/339/1121 1455/340/1121 1443/341/1121
f 1447/342/1121 1458/343/1121 1446/344/1121
f 1449/345/1121 1462/338/1121 1461/346/1121
f 1442/347/1121 1455/340/1121 1454/348/1121
f 1452/349/1121 1453/350/1121 1464/351/1121
f 1446/344/1121 1457/352/1121 1445/353/1121
f 1449/345/1121 1460/354/1121 1448/355/1121
f 1442/347/1121 1453/350/1121 1441/356/1121
f 1451/357/1121 1464/351/1121 1463/337/1121
f 1444/339/1121 1457/352/1121 1456/358/1121
f 1448/355/1121 1459/359/1121 1447/342/1121
f 1457/360/1122 1470/361/1123 1469/362/1122
f 1468/363/1124 1472/364/1124 1476/365/1124
f 1453/366/1125 1476/367/1126 1464/368/1126
f 1455/369/1127 1466/370/1128 1454/371/1128
f 1462/372/1129 1473/373/1130 1461/374/1130
f 1459/375/1131 1470/361/1123 1458/376/1123
f 1455/369/1127 1468/377/1132 1467/378/1127
f 1462/372/1129 1475/379/1133 1474/380/1129
f 1459/375/1131 1472/381/1134 1471/382/1131
f 1457/360/1122 1468/383/1132 1456/384/1132
f 1464/368/1126 1475/385/1133 1463/386/1133
f 1453/366/1125 1466/370/1128 1465/387/1125
f 1460/388/1135 1473/373/1130 1472/389/1134
f 1486/390/1136 1499/391/1136 1498/392/1136
f 1480/393/1136 1491/394/1136 1479/395/1136
f 1483/396/1136 1494/397/1136 1482/398/1136
f 1485/399/1136 1498/392/1136 1497/400/1136
f 1479/395/1136 1490/401/1136 1478/402/1136
f 1477/403/1136 1500/404/1136 1488/405/1136
f 1482/398/1136 1493/406/1136 1481/407/1136
f 1485/399/1136 1496/408/1136 1484/409/1136
f 1478/402/1136 1489/410/1136 1477/403/1136
f 1487/411/1136 1500/404/1136 1499/391/1136
f 1481/407/1136 1492/412/1136 1480/393/1136
f 1484/409/1136 1495/413/1136 1483/396/1136
f 1493/414/1137 1506/415/1138 1505/416/1139
f 1504/417/1140 1508/418/1140 1512/419/1140
f 1500/420/1141 1501/421/1142 1512/422/1143
f 1490/423/1144 1503/424/1145 1502/425/1146
f 1498/426/1147 1509/427/1148 1497/428/1149
f 1495/429/1150 1506/415/1138 1494/430/1151
f 1491/431/1152 1504/432/1153 1503/424/1145
f 1499/433/1154 1510/434/1155 1498/426/1147
f 1496/435/1156 1507/436/1157 1495/429/1150
f 1492/437/1158 1505/416/1139 1504/438/1153
f 1500/420/1141 1511/439/1159 1499/433/1154
f 1489/440/1160 1502/425/1146 1501/441/1142
f 1497/428/1149 1508/442/1161 1496/443/1156
f 1486/444/1162 1536/445/1163 1513/446/1164
f 1484/447/1165 1536/445/1163 1485/448/1166
f 1483/449/1167 1548/450/1168 1484/451/1165
f 1482/452/1169 1560/453/1170 1483/449/1167
f 1481/454/1171 1572/455/1172 1482/452/1169
f 1480/456/1173 1584/457/1174 1481/454/1171
f 1479/458/1175 1596/459/1176 1480/460/1173
f 1479/458/1175 1620/461/1177 1608/462/1178
f 1478/463/1179 1632/464/1180 1620/461/1177
f 1477/465/1181 1644/466/1182 1632/464/1180
f 1488/467/1183 1656/468/1184 1644/469/1182
f 1487/470/1185 1513/446/1164 1656/468/1184
f 1513/446/1164 1535/471/1186 1514/472/1187
f 1535/473/1186 1515/474/1188 1514/475/1187
f 1534/476/1189 1516/477/1190 1515/474/1188
f 1533/478/1191 1517/479/1192 1516/477/1190
f 1532/480/1193 1518/481/1194 1517/479/1192
f 1518/481/1194 1530/482/1195 1519/483/1196
f 1519/483/1196 1529/484/1197 1520/485/1198
f 1529/484/1197 1521/486/1199 1520/485/1198
f 1528/487/1200 1522/488/1201 1521/486/1199
f 1527/489/1202 1523/490/1203 1522/488/1201
f 1523/491/1203 1525/492/1204 1524/493/1205
f 1524/493/1205 1443/494/1206 1442/495/1207
f 1536/496/1163 1547/497/1208 1535/473/1186
f 1535/473/1186 1546/498/1209 1534/476/1189
f 1534/476/1189 1545/499/1210 1533/478/1191
f 1533/478/1191 1544/500/1211 1532/480/1193
f 1532/480/1193 1543/501/1212 1531/502/1213
f 1531/502/1213 1542/503/1214 1530/482/1195
f 1530/482/1195 1541/504/1215 1529/484/1197
f 1529/484/1197 1540/505/1216 1528/487/1200
f 1528/487/1200 1539/506/1217 1527/489/1202
f 1527/489/1202 1538/507/1218 1526/508/1219
f 1526/508/1219 1537/509/1220 1525/510/1204
f 1525/492/1204 1444/511/1221 1443/494/1206
f 1548/450/1168 1559/512/1222 1547/513/1208
f 1547/513/1208 1558/514/1223 1546/515/1209
f 1546/515/1209 1557/516/1224 1545/517/1210
f 1545/517/1210 1556/518/1225 1544/519/1211
f 1544/519/1211 1555/520/1226 1543/521/1212
f 1543/521/1212 1554/522/1227 1542/523/1214
f 1542/523/1214 1553/524/1228 1541/525/1215
f 1541/525/1215 1552/526/1229 1540/527/1216
f 1540/527/1216 1551/528/1230 1539/529/1217
f 1539/529/1217 1550/530/1231 1538/531/1218
f 1538/531/1218 1549/532/1232 1537/533/1220
f 1549/532/1232 1444/534/1221 1537/533/1220
f 1560/453/1170 1571/535/1233 1559/512/1222
f 1559/512/1222 1570/536/1234 1558/514/1223
f 1558/514/1223 1569/537/1235 1557/516/1224
f 1557/516/1224 1568/538/1236 1556/518/1225
f 1556/518/1225 1567/539/1237 1555/520/1226
f 1555/520/1226 1566/540/1238 1554/522/1227
f 1554/522/1227 1565/541/1239 1553/524/1228
f 1553/524/1228 1564/542/1240 1552/526/1229
f 1552/526/1229 1563/543/1241 1551/528/1230
f 1551/528/1230 1562/544/1242 1550/530/1231
f 1550/530/1231 1561/545/1243 1549/532/1232
f 1561/545/1243 1445/546/1244 1549/532/1232
f 1572/455/1172 1583/547/1245 1571/535/1233
f 1571/535/1233 1582/548/1246 1570/536/1234
f 1570/536/1234 1581/549/1247 1569/537/1235
f 1569/537/1235 1580/550/1248 1568/538/1236
f 1568/538/1236 1579/551/1249 1567/539/1237
f 1567/539/1237 1578/552/1250 1566/540/1238
f 1566/540/1238 1577/553/1251 1565/541/1239
f 1565/541/1239 1576/554/1252 1564/542/1240
f 1564/542/1240 1575/555/1253 1563/543/1241
f 1563/543/1241 1574/556/1254 1562/544/1242
f 1562/544/1242 1573/557/1255 1561/545/1243
f 1573/557/1255 1446/558/1256 1561/545/1243
f 1584/457/1174 1595/559/1257 1583/547/1245
f 1583/547/1245 1594/560/1258 1582/548/1246
f 1582/548/1246 1593/561/1259 1581/549/1247
f 1581/562/1247 1592/563/1260 1580/564/1248
f 1580/564/1248 1591/565/1261 1579/566/1249
f 1579/566/1249 1590/567/1262 1578/568/1250
f 1578/568/1250 1589/569/1263 1577/570/1251
f 1577/553/1251 1588/571/1264 1576/554/1252
f 1576/554/1252 1587/572/1265 1575/555/1253
f 1575/555/1253 1586/573/1266 1574/556/1254
f 1574/556/1254 1585/574/1267 1573/557/1255
f 1585/574/1267 1447/575/1268 1573/557/1255
f 1596/459/1176 1607/576/1269 1595/577/1257
f 1595/578/1257 1606/579/1270 1594/580/1258
f 1594/580/1258 1605/581/1271 1593/582/1259
f 1593/582/1259 1604/583/1272 1592/563/1260
f 1592/563/1260 1603/584/1273 1591/565/1261
f 1591/565/1261 1602/585/1274 1590/567/1262
f 1590/567/1262 1601/586/1275 1589/569/1263
f 1589/569/1263 1600/587/1276 1588/588/1264
f 1588/588/1264 1599/589/1277 1587/590/1265
f 1587/590/1265 1598/591/1278 1586/592/1266
f 1586/593/1266 1597/594/1279 1585/595/1267
f 1585/595/1267 1449/596/1280 1448/597/1281
f 1608/462/1178 1619/598/1282 1607/576/1269
f 1619/599/1282 1606/579/1270 1607/600/1269
f 1618/601/1283 1605/581/1271 1606/579/1270
f 1617/602/1284 1604/583/1272 1605/581/1271
f 1604/583/1272 1615/603/1285 1603/584/1273
f 1603/584/1273 1614/604/1286 1602/585/1274
f 1614/604/1286 1601/586/1275 1602/585/1274
f 1613/605/1287 1600/587/1276 1601/586/1275
f 1612/606/1288 1599/589/1277 1600/587/1276
f 1611/607/1289 1598/591/1278 1599/589/1277
f 1598/608/1278 1609/609/1290 1597/594/1279
f 1597/594/1279 1450/610/1291 1449/596/1280
f 1632/464/1180 1619/598/1282 1620/461/1177
f 1631/611/1292 1618/601/1283 1619/599/1282
f 1630/612/1293 1617/602/1284 1618/601/1283
f 1629/613/1294 1616/614/1295 1617/602/1284
f 1628/615/1296 1615/603/1285 1616/614/1295
f 1627/616/1297 1614/604/1286 1615/603/1285
f 1626/617/1298 1613/605/1287 1614/604/1286
f 1625/618/1299 1612/606/1288 1613/605/1287
f 1624/619/1300 1611/607/1289 1612/606/1288
f 1623/620/1301 1610/621/1302 1611/607/1289
f 1622/622/1303 1609/609/1290 1610/623/1302
f 1609/609/1290 1451/624/1304 1450/610/1291
f 1644/469/1182 1631/625/1292 1632/626/1180
f 1643/627/1305 1630/628/1293 1631/625/1292
f 1642/629/1306 1629/630/1294 1630/628/1293
f 1641/631/1307 1628/632/1296 1629/630/1294
f 1640/633/1308 1627/634/1297 1628/632/1296
f 1639/635/1309 1626/636/1298 1627/634/1297
f 1638/637/1310 1625/638/1299 1626/636/1298
f 1637/639/1311 1624/640/1300 1625/638/1299
f 1636/641/1312 1623/642/1301 1624/640/1300
f 1635/643/1313 1622/644/1303 1623/642/1301
f 1634/645/1314 1621/646/1315 1622/644/1303
f 1621/646/1315 1452/647/1316 1451/648/1304
f 1656/468/1184 1643/627/1305 1644/469/1182
f 1655/649/1317 1642/629/1306 1643/627/1305
f 1654/650/1318 1641/631/1307 1642/629/1306
f 1653/651/1319 1640/633/1308 1641/631/1307
f 1652/652/1320 1639/635/1309 1640/633/1308
f 1651/653/1321 1638/637/1310 1639/635/1309
f 1650/654/1322 1637/639/1311 1638/637/1310
f 1649/655/1323 1636/641/1312 1637/639/1311
f 1648/656/1324 1635/643/1313 1636/641/1312
f 1647/657/1325 1634/645/1314 1635/643/1313
f 1646/658/1326 1633/659/1327 1634/645/1314
f 1633/659/1327 1441/660/1328 1452/647/1316
f 1513/446/1164 1655/649/1317 1656/468/1184
f 1514/472/1187 1654/650/1318 1655/649/1317
f 1515/661/1188 1653/651/1319 1654/650/1318
f 1516/662/1190 1652/652/1320 1653/651/1319
f 1517/663/1192 1651/653/1321 1652/652/1320
f 1518/664/1194 1650/654/1322 1651/653/1321
f 1519/665/1196 1649/655/1323 1650/654/1322
f 1520/666/1198 1648/656/1324 1649/655/1323
f 1521/667/1199 1647/657/1325 1648/656/1324
f 1522/668/1201 1646/658/1326 1647/657/1325
f 1523/491/1203 1645/669/1329 1646/658/1326
f 1645/669/1329 1442/495/1207 1441/660/1328
f 1666/336/1330 1679/337/1330 1667/357/1330
f 1671/340/1330 1660/339/1330 1659/341/1330
f 1674/343/1330 1663/342/1330 1662/344/1330
f 1665/345/1330 1678/338/1330 1666/336/1330
f 1658/347/1330 1671/340/1330 1659/341/1330
f 1668/349/1330 1669/350/1330 1657/356/1330
f 1673/352/1330 1662/344/1330 1661/353/1330
f 1676/354/1330 1665/345/1330 1664/355/1330
f 1669/350/1330 1658/347/1330 1657/356/1330
f 1667/357/1330 1680/351/1330 1668/349/1330
f 1660/339/1330 1673/352/1330 1661/353/1330
f 1675/359/1330 1664/355/1330 1663/342/1330
f 1673/360/1331 1686/361/1332 1674/376/1332
f 1690/670/1333 1686/671/1333 1682/672/1333
f 1692/367/1334 1669/366/1335 1680/368/1334
f 1682/370/1336 1671/369/1337 1670/371/1336
f 1689/373/1338 1678/372/1339 1677/374/1338
f 1686/361/1332 1675/375/1340 1674/376/1332
f 1671/369/1337 1684/377/1341 1672/673/1341
f 1678/372/1339 1691/379/1342 1679/674/1342
f 1675/375/1340 1688/381/1343 1676/675/1344
f 1684/383/1341 1673/360/1331 1672/384/1341
f 1691/385/1342 1680/368/1334 1679/386/1342
f 1681/387/1335 1670/371/1336 1669/366/1335
f 1676/388/1344 1689/373/1338 1677/374/1338
f 1702/390/1345 1715/391/1345 1703/411/1345
f 1707/394/1345 1696/393/1345 1695/395/1345
f 1710/397/1345 1699/396/1345 1698/398/1345
f 1701/399/1345 1714/392/1345 1702/390/1345
f 1706/401/1345 1695/395/1345 1694/402/1345
f 1716/404/1345 1693/403/1345 1704/405/1345
f 1709/406/1345 1698/398/1345 1697/407/1345
f 1700/409/1345 1713/400/1345 1701/399/1345
f 1705/410/1345 1694/402/1345 1693/403/1345
f 1703/411/1345 1716/404/1345 1704/405/1345
f 1708/412/1345 1697/407/1345 1696/393/1345
f 1711/413/1345 1700/409/1345 1699/396/1345
f 1709/414/1346 1722/415/1347 1710/430/1348
f 1726/676/1349 1722/677/1349 1718/678/1349
f 1716/420/1350 1717/421/1351 1705/679/1352
f 1706/423/1353 1719/424/1354 1707/431/1355
f 1725/427/1356 1714/426/1357 1713/428/1358
f 1722/415/1347 1711/429/1359 1710/430/1348
f 1707/431/1355 1720/432/1360 1708/680/1361
f 1726/434/1362 1715/433/1363 1714/426/1357
f 1723/436/1364 1712/435/1365 1711/429/1359
f 1708/437/1361 1721/416/1366 1709/414/1346
f 1727/439/1367 1716/420/1350 1715/433/1363
f 1705/440/1352 1718/425/1368 1706/423/1353
f 1724/442/1369 1713/428/1358 1712/443/1365
f 1702/444/1370 1752/445/1371 1701/448/1372
f 1752/445/1371 1700/447/1373 1701/448/1372
f 1764/450/1374 1699/449/1375 1700/451/1373
f 1776/453/1376 1698/452/1377 1699/449/1375
f 1788/455/1378 1697/454/1379 1698/452/1377
f 1800/457/1380 1696/456/1381 1697/454/1379
f 1812/459/1382 1695/458/1383 1696/460/1381
f 1695/458/1383 1836/461/1384 1694/463/1385
f 1694/463/1385 1848/464/1386 1693/465/1387
f 1693/465/1387 1860/466/1388 1704/681/1389
f 1704/467/1389 1872/468/1390 1703/470/1391
f 1703/470/1391 1729/446/1392 1702/444/1370
f 1729/446/1392 1751/471/1393 1752/445/1371
f 1731/474/1394 1751/473/1393 1730/475/1395
f 1732/477/1396 1750/476/1397 1731/474/1394
f 1733/479/1398 1749/478/1399 1732/477/1396
f 1734/481/1400 1748/480/1401 1733/479/1398
f 1734/481/1400 1746/482/1402 1747/502/1403
f 1735/483/1404 1745/484/1405 1746/482/1402
f 1737/486/1406 1745/484/1405 1736/485/1407
f 1738/488/1408 1744/487/1409 1737/486/1406
f 1739/490/1410 1743/489/1411 1738/488/1408
f 1739/491/1410 1741/492/1412 1742/682/1413
f 1740/493/1414 1659/494/1415 1741/492/1412
f 1752/496/1371 1763/497/1416 1764/683/1374
f 1751/473/1393 1762/498/1417 1763/497/1416
f 1750/476/1397 1761/499/1418 1762/498/1417
f 1749/478/1399 1760/500/1419 1761/499/1418
f 1748/480/1401 1759/501/1420 1760/500/1419
f 1747/502/1403 1758/503/1421 1759/501/1420
f 1746/482/1402 1757/504/1422 1758/503/1421
f 1745/484/1405 1756/505/1423 1757/504/1422
f 1744/487/1409 1755/506/1424 1756/505/1423
f 1743/489/1411 1754/507/1425 1755/506/1424
f 1742/508/1413 1753/509/1426 1754/507/1425
f 1741/492/1412 1660/511/1427 1753/684/1426
f 1764/450/1374 1775/512/1428 1776/453/1376
f 1763/513/1416 1774/514/1429 1775/512/1428
f 1762/515/1417 1773/516/1430 1774/514/1429
f 1761/517/1418 1772/518/1431 1773/516/1430
f 1760/519/1419 1771/520/1432 1772/518/1431
f 1759/521/1420 1770/522/1433 1771/520/1432
f 1758/523/1421 1769/524/1434 1770/522/1433
f 1757/525/1422 1768/526/1435 1769/524/1434
f 1756/527/1423 1767/528/1436 1768/526/1435
f 1755/529/1424 1766/530/1437 1767/528/1436
f 1754/531/1425 1765/532/1438 1766/530/1437
f 1660/534/1427 1765/532/1438 1753/533/1426
f 1776/453/1376 1787/535/1439 1788/455/1378
f 1775/512/1428 1786/536/1440 1787/535/1439
f 1774/514/1429 1785/537/1441 1786/536/1440
f 1773/516/1430 1784/538/1442 1785/537/1441
f 1772/518/1431 1783/539/1443 1784/538/1442
f 1771/520/1432 1782/540/1444 1783/539/1443
f 1770/522/1433 1781/541/1445 1782/540/1444
f 1769/524/1434 1780/542/1446 1781/541/1445
f 1768/526/1435 1779/543/1447 1780/542/1446
f 1767/528/1436 1778/544/1448 1779/543/1447
f 1766/530/1437 1777/545/1449 1778/544/1448
f 1661/546/1450 1777/545/1449 1765/532/1438
f 1788/455/1378 1799/547/1451 1800/457/1380
f 1787/535/1439 1798/548/1452 1799/547/1451
f 1786/536/1440 1797/549/1453 1798/548/1452
f 1785/537/1441 1796/550/1454 1797/549/1453
f 1784/538/1442 1795/551/1455 1796/550/1454
f 1783/539/1443 1794/552/1456 1795/551/1455
f 1782/540/1444 1793/553/1457 1794/552/1456
f 1781/541/1445 1792/554/1458 1793/553/1457
f 1780/542/1446 1791/555/1459 1792/554/1458
f 1779/543/1447 1790/556/1460 1791/555/1459
f 1778/544/1448 1789/557/1461 1790/556/1460
f 1662/558/1462 1789/557/1461 1777/545/1449
f 1800/457/1380 1811/559/1463 1812/685/1382
f 1799/547/1451 1810/560/1464 1811/559/1463
f 1798/548/1452 1809/561/1465 1810/560/1464
f 1797/562/1453 1808/563/1466 1809/582/1465
f 1796/564/1454 1807/565/1467 1808/563/1466
f 1795/566/1455 1806/567/1468 1807/565/1467
f 1794/568/1456 1805/569/1469 1806/567/1468
f 1793/553/1457 1804/571/1470 1805/686/1469
f 1792/554/1458 1803/572/1471 1804/571/1470
f 1791/555/1459 1802/573/1472 1803/572/1471
f 1790/556/1460 1801/574/1473 1802/573/1472
f 1663/575/1474 1801/574/1473 1789/557/1461
f 1812/459/1382 1823/576/1475 1824/462/1476
f 1811/578/1463 1822/579/1477 1823/600/1475
f 1810/580/1464 1821/581/1478 1822/579/1477
f 1809/582/1465 1820/583/1479 1821/581/1478
f 1808/563/1466 1819/584/1480 1820/583/1479
f 1807/565/1467 1818/585/1481 1819/584/1480
f 1806/567/1468 1817/586/1482 1818/585/1481
f 1805/569/1469 1816/587/1483 1817/586/1482
f 1804/588/1470 1815/589/1484 1816/587/1483
f 1803/590/1471 1814/591/1485 1815/589/1484
f 1802/593/1472 1813/594/1486 1814/608/1485
f 1801/595/1473 1665/596/1487 1813/594/1486
f 1824/462/1476 1835/598/1488 1836/461/1384
f 1822/579/1477 1835/599/1488 1823/600/1475
f 1821/581/1478 1834/601/1489 1822/579/1477
f 1820/583/1479 1833/602/1490 1821/581/1478
f 1820/583/1479 1831/603/1491 1832/614/1492
f 1819/584/1480 1830/604/1493 1831/603/1491
f 1817/586/1482 1830/604/1493 1818/585/1481
f 1816/587/1483 1829/605/1494 1817/586/1482
f 1815/589/1484 1828/606/1495 1816/587/1483
f 1814/591/1485 1827/607/1496 1815/589/1484
f 1814/608/1485 1825/609/1497 1826/623/1498
f 1813/594/1486 1666/610/1499 1825/609/1497
f 1835/598/1488 1848/464/1386 1836/461/1384
f 1834/601/1489 1847/611/1500 1835/599/1488
f 1833/602/1490 1846/612/1501 1834/601/1489
f 1832/614/1492 1845/613/1502 1833/602/1490
f 1831/603/1491 1844/615/1503 1832/614/1492
f 1830/604/1493 1843/616/1504 1831/603/1491
f 1829/605/1494 1842/617/1505 1830/604/1493
f 1828/606/1495 1841/618/1506 1829/605/1494
f 1827/607/1496 1840/619/1507 1828/606/1495
f 1826/621/1498 1839/620/1508 1827/607/1496
f 1825/609/1497 1838/622/1509 1826/623/1498
f 1825/609/1497 1667/624/1510 1837/687/1511
f 1847/625/1500 1860/469/1388 1848/626/1386
f 1846/628/1501 1859/627/1512 1847/625/1500
f 1845/630/1502 1858/629/1513 1846/628/1501
f 1844/632/1503 1857/631/1514 1845/630/1502
f 1843/634/1504 1856/633/1515 1844/632/1503
f 1842/636/1505 1855/635/1516 1843/634/1504
f 1841/638/1506 1854/637/1517 1842/636/1505
f 1840/640/1507 1853/639/1518 1841/638/1506
f 1839/642/1508 1852/641/1519 1840/640/1507
f 1838/644/1509 1851/643/1520 1839/642/1508
f 1837/646/1511 1850/645/1521 1838/644/1509
f 1837/646/1511 1668/647/1522 1849/659/1523
f 1859/627/1512 1872/468/1390 1860/469/1388
f 1858/629/1513 1871/649/1524 1859/627/1512
f 1857/631/1514 1870/650/1525 1858/629/1513
f 1856/633/1515 1869/651/1526 1857/631/1514
f 1855/635/1516 1868/652/1527 1856/633/1515
f 1854/637/1517 1867/653/1528 1855/635/1516
f 1853/639/1518 1866/654/1529 1854/637/1517
f 1852/641/1519 1865/655/1530 1853/639/1518
f 1851/643/1520 1864/656/1531 1852/641/1519
f 1850/645/1521 1863/657/1532 1851/643/1520
f 1849/659/1523 1862/658/1533 1850/645/1521
f 1849/659/1523 1657/660/1534 1861/669/1535
f 1871/649/1524 1729/446/1392 1872/468/1390
f 1870/650/1525 1730/472/1395 1871/649/1524
f 1869/651/1526 1731/661/1394 1870/650/1525
f 1868/652/1527 1732/662/1396 1869/651/1526
f 1867/653/1528 1733/663/1398 1868/652/1527
f 1866/654/1529 1734/664/1400 1867/653/1528
f 1865/655/1530 1735/665/1404 1866/654/1529
f 1864/656/1531 1736/666/1407 1865/655/1530
f 1863/657/1532 1737/667/1406 1864/656/1531
f 1862/658/1533 1738/668/1408 1863/657/1532
f 1861/669/1535 1739/491/1410 1862/658/1533
f 1861/669/1535 1658/495/1536 1740/493/1414
f 1882/336/1345 1895/337/1345 1883/357/1345
f 1887/340/1345 1876/339/1345 1875/341/1345
f 1890/343/1345 1879/342/1345 1878/344/1345
f 1881/345/1345 1894/338/1345 1882/336/1345
f 1874/347/1345 1887/340/1345 1875/341/1345
f 1884/349/1345 1885/350/1345 1873/356/1345
f 1889/352/1345 1878/344/1345 1877/353/1345
f 1892/354/1345 1881/345/1345 1880/355/1345
f 1885/350/1345 1874/347/1345 1873/356/1345
f 1883/357/1345 1896/351/1345 1884/349/1345
f 1876/339/1345 1889/352/1345 1877/353/1345
f 1891/359/1345 1880/355/1345 1879/342/1345
f 1889/360/1537 1902/361/1538 1890/376/1538
f 1906/670/1349 1902/671/1349 1898/672/1349
f 1908/367/1539 1885/366/1540 1896/368/1539
f 1898/370/1541 1887/369/1542 1886/371/1541
f 1905/373/1543 1894/372/1544 1893/374/1543
f 1902/361/1538 1891/375/1545 1890/376/1538
f 1887/369/1542 1900/377/1546 1888/673/1546
f 1894/372/1544 1907/379/1547 1895/674/1547
f 1891/375/1545 1904/381/1548 1892/675/1549
f 1900/383/1546 1889/360/1537 1888/384/1546
f 1907/385/1547 1896/368/1539 1895/386/1547
f 1897/387/1540 1886/371/1541 1885/366/1540
f 1892/388/1549 1905/373/1543 1893/374/1543
f 1918/390/1330 1931/391/1330 1919/411/1330
f 1923/394/1330 1912/393/1330 1911/395/1330
f 1926/397/1330 1915/396/1330 1914/398/1330
f 1917/399/1330 1930/392/1330 1918/390/1330
f 1922/401/1330 1911/395/1330 1910/402/1330
f 1932/404/1330 1909/403/1330 1920/405/1330
f 1925/406/1330 1914/398/1330 1913/407/1330
f 1916/409/1330 1929/400/1330 1917/399/1330
f 1921/410/1330 1910/402/1330 1909/403/1330
f 1919/411/1330 1932/404/1330 1920/405/1330
f 1924/412/1330 1913/407/1330 1912/393/1330
f 1927/413/1330 1916/409/1330 1915/396/1330
f 1925/414/1550 1938/415/1551 1926/430/1552
f 1942/676/1333 1938/677/1333 1934/678/1333
f 1932/420/1553 1933/421/1554 1921/679/1555
f 1922/423/1556 1935/424/1557 1923/431/1558
f 1941/427/1559 1930/426/1560 1929/428/1561
f 1938/415/1551 1927/429/1562 1926/430/1552
f 1923/431/1558 1936/432/1563 1924/680/1564
f 1942/434/1565 1931/433/1566 1930/426/1560
f 1939/436/1567 1928/435/1568 1927/429/1562
f 1924/437/1564 1937/416/1569 1925/414/1550
f 1943/439/1570 1932/420/1553 1931/433/1566
f 1921/440/1555 1934/425/1571 1922/423/1556
f 1940/442/1572 1929/428/1561 1928/443/1568
f 1918/444/1573 1968/445/1574 1917/448/1575
f 1968/445/1574 1916/447/1576 1917/448/1575
f 1980/450/1577 1915/449/1578 1916/451/1576
f 1992/453/1579 1914/452/1580 1915/449/1578
f 2004/455/1581 1913/454/1582 1914/452/1580
f 2016/457/1583 1912/456/1584 1913/454/1582
f 2028/459/1585 1911/458/1586 1912/460/1584
f 1911/458/1586 2052/461/1587 1910/463/1588
f 1910/463/1588 2064/464/1589 1909/465/1590
f 1909/465/1590 2076/466/1591 1920/681/1592
f 1920/467/1592 2088/468/1593 1919/470/1594
f 1919/470/1594 1945/446/1595 1918/444/1573
f 1945/446/1595 1967/471/1485 1968/445/1574
f 1947/474/1496 1967/473/1485 1946/475/1498
f 1948/477/1495 1966/476/1484 1947/474/1496
f 1949/479/1494 1965/478/1483 1948/477/1495
f 1950/481/1493 1964/480/1482 1949/479/1494
f 1950/481/1493 1962/482/1480 1963/502/1481
f 1951/483/1491 1961/484/1479 1962/482/1480
f 1953/486/1490 1961/484/1479 1952/485/1492
f 1954/488/1489 1960/487/1478 1953/486/1490
f 1955/490/1488 1959/489/1477 1954/488/1489
f 1955/491/1488 1957/492/1596 1958/682/1475
f 1956/493/1597 1875/494/1598 1957/492/1596
f 1968/496/1574 1979/497/1472 1980/683/1577
f 1967/473/1485 1978/498/1471 1979/497/1472
f 1966/476/1484 1977/499/1470 1978/498/1471
f 1965/478/1483 1976/500/1469 1977/499/1470
f 1964/480/1482 1975/501/1468 1976/500/1469
f 1963/502/1481 1974/503/1467 1975/501/1468
f 1962/482/1480 1973/504/1466 1974/503/1467
f 1961/484/1479 1972/505/1465 1973/504/1466
f 1960/487/1478 1971/506/1464 1972/505/1465
f 1959/489/1477 1970/507/1463 1971/506/1464
f 1958/508/1475 1969/509/1599 1970/507/1463
f 1957/492/1596 1876/511/1600 1969/684/1599
f 1980/450/1577 1991/512/1460 1992/453/1579
f 1979/513/1472 1990/514/1459 1991/512/1460
f 1978/515/1471 1989/516/1458 1990/514/1459
f 1977/517/1470 1988/518/1457 1989/516/1458
f 1976/519/1469 1987/520/1456 1988/518/1457
f 1975/521/1468 1986/522/1455 1987/520/1456
f 1974/523/1467 1985/524/1454 1986/522/1455
f 1973/525/1466 1984/526/1453 1985/524/1454
f 1972/527/1465 1983/528/1452 1984/526/1453
f 1971/529/1464 1982/530/1451 1983/528/1452
f 1970/531/1463 1981/532/1601 1982/530/1451
f 1876/534/1600 1981/532/1601 1969/533/1599
f 1992/453/1579 2003/535/1448 2004/455/1581
f 1991/512/1460 2002/536/1447 2003/535/1448
f 1990/514/1459 2001/537/1446 2002/536/1447
f 1989/516/1458 2000/538/1445 2001/537/1446
f 1988/518/1457 1999/539/1444 2000/538/1445
f 1987/520/1456 1998/540/1443 1999/539/1444
f 1986/522/1455 1997/541/1442 1998/540/1443
f 1985/524/1454 1996/542/1441 1997/541/1442
f 1984/526/1453 1995/543/1440 1996/542/1441
f 1983/528/1452 1994/544/1439 1995/543/1440
f 1982/530/1451 1993/545/1602 1994/544/1439
f 1877/546/1603 1993/545/1602 1981/532/1601
f 2004/455/1581 2015/547/1437 2016/457/1583
f 2003/535/1448 2014/548/1436 2015/547/1437
f 2002/536/1447 2013/549/1435 2014/548/1436
f 2001/537/1446 2012/550/1434 2013/549/1435
f 2000/538/1445 2011/551/1433 2012/550/1434
f 1999/539/1444 2010/552/1432 2011/551/1433
f 1998/540/1443 2009/553/1431 2010/552/1432
f 1997/541/1442 2008/554/1430 2009/553/1431
f 1996/542/1441 2007/555/1429 2008/554/1430
f 1995/543/1440 2006/556/1428 2007/555/1429
f 1994/544/1439 2005/557/1604 2006/556/1428
f 1878/558/1605 2005/557/1604 1993/545/1602
f 2016/457/1583 2027/559/1425 2028/685/1585
f 2015/547/1437 2026/560/1424 2027/559/1425
f 2014/548/1436 2025/561/1423 2026/560/1424
f 2013/562/1435 2024/563/1422 2025/582/1423
f 2012/564/1434 2023/565/1421 2024/563/1422
f 2011/566/1433 2022/567/1420 2023/565/1421
f 2010/568/1432 2021/569/1419 2022/567/1420
f 2009/553/1431 2020/571/1418 2021/686/1419
f 2008/554/1430 2019/572/1417 2020/571/1418
f 2007/555/1429 2018/573/1416 2019/572/1417
f 2006/556/1428 2017/574/1606 2018/573/1416
f 1879/575/1607 2017/574/1606 2005/557/1604
f 2028/459/1585 2039/576/1413 2040/462/1608
f 2027/578/1425 2038/579/1411 2039/600/1413
f 2026/580/1424 2037/581/1409 2038/579/1411
f 2025/582/1423 2036/583/1405 2037/581/1409
f 2024/563/1422 2035/584/1402 2036/583/1405
f 2023/565/1421 2034/585/1403 2035/584/1402
f 2022/567/1420 2033/586/1401 2034/585/1403
f 2021/569/1419 2032/587/1399 2033/586/1401
f 2020/588/1418 2031/589/1397 2032/587/1399
f 2019/590/1417 2030/591/1393 2031/589/1397
f 2018/593/1416 2029/594/1609 2030/608/1393
f 2017/595/1606 1881/596/1610 2029/594/1609
f 2040/462/1608 2051/598/1410 2052/461/1587
f 2038/579/1411 2051/599/1410 2039/600/1413
f 2037/581/1409 2050/601/1408 2038/579/1411
f 2036/583/1405 2049/602/1406 2037/581/1409
f 2036/583/1405 2047/603/1404 2048/614/1407
f 2035/584/1402 2046/604/1400 2047/603/1404
f 2033/586/1401 2046/604/1400 2034/585/1403
f 2032/587/1399 2045/605/1398 2033/586/1401
f 2031/589/1397 2044/606/1396 2032/587/1399
f 2030/591/1393 2043/607/1394 2031/589/1397
f 2030/608/1393 2041/609/1611 2042/623/1395
f 2029/594/1609 1882/610/1612 2041/609/1611
f 2051/598/1410 2064/464/1589 2052/461/1587
f 2050/601/1408 2063/611/1533 2051/599/1410
f 2049/602/1406 2062/612/1532 2050/601/1408
f 2048/614/1407 2061/613/1531 2049/602/1406
f 2047/603/1404 2060/615/1530 2048/614/1407
f 2046/604/1400 2059/616/1529 2047/603/1404
f 2045/605/1398 2058/617/1528 2046/604/1400
f 2044/606/1396 2057/618/1527 2045/605/1398
f 2043/607/1394 2056/619/1526 2044/606/1396
f 2042/621/1395 2055/620/1525 2043/607/1394
f 2041/609/1611 2054/622/1524 2042/623/1395
f 2041/609/1611 1883/624/1613 2053/687/1614
f 2063/625/1533 2076/469/1591 2064/626/1589
f 2062/628/1532 2075/627/1521 2063/625/1533
f 2061/630/1531 2074/629/1520 2062/628/1532
f 2060/632/1530 2073/631/1519 2061/630/1531
f 2059/634/1529 2072/633/1518 2060/632/1530
f 2058/636/1528 2071/635/1517 2059/634/1529
f 2057/638/1527 2070/637/1516 2058/636/1528
f 2056/640/1526 2069/639/1515 2057/638/1527
f 2055/642/1525 2068/641/1514 2056/640/1526
f 2054/644/1524 2067/643/1513 2055/642/1525
f 2053/646/1614 2066/645/1512 2054/644/1524
f 2053/646/1614 1884/647/1615 2065/659/1616
f 2075/627/1521 2088/468/1593 2076/469/1591
f 2074/629/1520 2087/649/1509 2075/627/1521
f 2073/631/1519 2086/650/1508 2074/629/1520
f 2072/633/1518 2085/651/1507 2073/631/1519
f 2071/635/1517 2084/652/1506 2072/633/1518
f 2070/637/1516 2083/653/1505 2071/635/1517
f 2069/639/1515 2082/654/1504 2070/637/1516
f 2068/641/1514 2081/655/1503 2069/639/1515
f 2067/643/1513 2080/656/1502 2068/641/1514
f 2066/645/1512 2079/657/1501 2067/643/1513
f 2065/659/1616 2078/658/1500 2066/645/1512
f 2065/659/1616 1873/660/1617 2077/669/1618
f 2087/649/1509 1945/446/1595 2088/468/1593
f 2086/650/1508 1946/472/1498 2087/649/1509
f 2085/651/1507 1947/661/1496 2086/650/1508
f 2084/652/1506 1948/662/1495 2085/651/1507
f 2083/653/1505 1949/663/1494 2084/652/1506
f 2082/654/1504 1950/664/1493 2083/653/1505
f 2081/655/1503 1951/665/1491 2082/654/1504
f 2080/656/1502 1952/666/1492 2081/655/1503
f 2079/657/1501 1953/667/1490 2080/656/1502
f 2078/658/1500 1954/668/1489 2079/657/1501
f 2077/669/1618 1955/491/1488 2078/658/1500
f 2077/669/1618 1874/495/1619 1956/493/1597
f 2098/336/1136 2111/337/1136 2110/338/1136
f 2092/339/1136 2103/340/1136 2091/341/1136
f 2095/342/1136 2106/343/1136 2094/344/1136
f 2097/345/1136 2110/338/1136 2109/346/1136
f 2090/347/1136 2103/340/1136 2102/348/1136
f 2100/349/1136 2101/350/1136 2112/351/1136
f 2094/344/1136 2105/352/1136 2093/353/1136
f 2097/345/1136 2108/354/1136 2096/355/1136
f 2090/347/1136 2101/350/1136 2089/356/1136
f 2099/357/1136 2112/351/1136 2111/337/1136
f 2092/339/1136 2105/352/1136 2104/358/1136
f 2096/355/1136 2107/359/1136 2095/342/1136
f 2105/360/1620 2118/361/1621 2117/362/1620
f 2116/363/1140 2120/364/1140 2124/365/1140
f 2101/366/1622 2124/367/1623 2112/368/1623
f 2103/369/1624 2114/370/1625 2102/371/1625
f 2110/372/1626 2121/373/1627 2109/374/1627
f 2107/375/1628 2118/361/1621 2106/376/1621
f 2103/369/1624 2116/377/1629 2115/378/1624
f 2110/372/1626 2123/379/1630 2122/380/1626
f 2107/375/1628 2120/381/1631 2119/382/1628
f 2105/360/1620 2116/383/1629 2104/384/1629
f 2112/368/1623 2123/385/1630 2111/386/1630
f 2101/366/1622 2114/370/1625 2113/387/1622
f 2108/388/1632 2121/373/1627 2120/389/1631
f 2134/390/1121 2147/391/1121 2146/392/1121
f 2128/393/1121 2139/394/1121 2127/395/1121
f 2131/396/1121 2142/397/1121 2130/398/1121
f 2133/399/1121 2146/392/1121 2145/400/1121
f 2127/395/1121 2138/401/1121 2126/402/1121
f 2125/403/1121 2148/404/1121 2136/405/1121
f 2130/398/1121 2141/406/1121 2129/407/1121
f 2133/399/1121 2144/408/1121 2132/409/1121
f 2126/402/1121 2137/410/1121 2125/403/1121
f 2135/411/1121 2148/404/1121 2147/391/1121
f 2129/407/1121 2140/412/1121 2128/393/1121
f 2132/409/1121 2143/413/1121 2131/396/1121
f 2141/414/1633 2154/415/1634 2153/416/1635
f 2152/417/1124 2156/418/1124 2160/419/1124
f 2148/420/1636 2149/421/1637 2160/422/1638
f 2138/423/1639 2151/424/1640 2150/425/1641
f 2146/426/1642 2157/427/1643 2145/428/1644
f 2143/429/1645 2154/415/1634 2142/430/1646
f 2139/431/1647 2152/432/1648 2151/424/1640
f 2147/433/1649 2158/434/1650 2146/426/1642
f 2144/435/1651 2155/436/1652 2143/429/1645
f 2140/437/1653 2153/416/1635 2152/438/1648
f 2148/420/1636 2159/439/1654 2147/433/1649
f 2137/440/1655 2150/425/1641 2149/441/1637
f 2145/428/1644 2156/442/1656 2144/443/1651
f 2134/444/1657 2184/445/1658 2161/446/1659
f 2132/447/1660 2184/445/1658 2133/448/1661
f 2131/449/1662 2196/450/1663 2132/451/1660
f 2130/452/1664 2208/453/1665 2131/449/1662
f 2129/454/1666 2220/455/1667 2130/452/1664
f 2128/456/1668 2232/457/1669 2129/454/1666
f 2127/458/1670 2244/459/1671 2128/460/1668
f 2127/458/1670 2268/461/1672 2256/462/1673
f 2126/463/1674 2280/464/1675 2268/461/1672
f 2125/465/1676 2292/466/1677 2280/464/1675
f 2136/467/1678 2304/468/1679 2292/469/1677
f 2135/470/1680 2161/446/1659 2304/468/1679
f 2161/446/1659 2183/471/1278 2162/472/1302
f 2183/473/1278 2163/474/1289 2162/475/1302
f 2182/476/1277 2164/477/1288 2163/474/1289
f 2181/478/1276 2165/479/1287 2164/477/1288
f 2180/480/1275 2166/481/1286 2165/479/1287
f 2166/481/1286 2178/482/1273 2167/483/1285
f 2167/483/1285 2177/484/1272 2168/485/1295
f 2177/484/1272 2169/486/1284 2168/485/1295
f 2176/487/1271 2170/488/1283 2169/486/1284
f 2175/489/1270 2171/490/1282 2170/488/1283
f 2171/491/1282 2173/492/1681 2172/493/1682
f 2172/493/1682 2091/494/1683 2090/495/1684
f 2184/496/1658 2195/497/1266 2183/473/1278
f 2183/473/1278 2194/498/1265 2182/476/1277
f 2182/476/1277 2193/499/1264 2181/478/1276
f 2181/478/1276 2192/500/1263 2180/480/1275
f 2180/480/1275 2191/501/1262 2179/502/1274
f 2179/502/1274 2190/503/1261 2178/482/1273
f 2178/482/1273 2189/504/1260 2177/484/1272
f 2177/484/1272 2188/505/1259 2176/487/1271
f 2176/487/1271 2187/506/1258 2175/489/1270
f 2175/489/1270 2186/507/1257 2174/508/1269
f 2174/508/1269 2185/509/1685 2173/510/1681
f 2173/492/1681 2092/511/1686 2091/494/1683
f 2196/450/1663 2207/512/1254 2195/513/1266
f 2195/513/1266 2206/514/1253 2194/515/1265
f 2194/515/1265 2205/516/1252 2193/517/1264
f 2193/517/1264 2204/518/1251 2192/519/1263
f 2192/519/1263 2203/520/1250 2191/521/1262
f 2191/521/1262 2202/522/1249 2190/523/1261
f 2190/523/1261 2201/524/1248 2189/525/1260
f 2189/525/1260 2200/526/1247 2188/527/1259
f 2188/527/1259 2199/528/1246 2187/529/1258
f 2187/529/1258 2198/530/1245 2186/531/1257
f 2186/531/1257 2197/532/1687 2185/533/1685
f 2197/532/1687 2092/534/1686 2185/533/1685
f 2208/453/1665 2219/535/1242 2207/512/1254
f 2207/512/1254 2218/536/1241 2206/514/1253
f 2206/514/1253 2217/537/1240 2205/516/1252
f 2205/516/1252 2216/538/1239 2204/518/1251
f 2204/518/1251 2215/539/1238 2203/520/1250
f 2203/520/1250 2214/540/1237 2202/522/1249
f 2202/522/1249 2213/541/1236 2201/524/1248
f 2201/524/1248 2212/542/1235 2200/526/1247
f 2200/526/1247 2211/543/1234 2199/528/1246
f 2199/528/1246 2210/544/1233 2198/530/1245
f 2198/530/1245 2209/545/1688 2197/532/1687
f 2209/545/1688 2093/546/1689 2197/532/1687
f 2220/455/1667 2231/547/1231 2219/535/1242
f 2219/535/1242 2230/548/1230 2218/536/1241
f 2218/536/1241 2229/549/1229 2217/537/1240
f 2217/537/1240 2228/550/1228 2216/538/1239
f 2216/538/1239 2227/551/1227 2215/539/1238
f 2215/539/1238 2226/552/1226 2214/540/1237
f 2214/540/1237 2225/553/1225 2213/541/1236
f 2213/541/1236 2224/554/1224 2212/542/1235
f 2212/542/1235 2223/555/1223 2211/543/1234
f 2211/543/1234 2222/556/1222 2210/544/1233
f 2210/544/1233 2221/557/1690 2209/545/1688
f 2221/557/1690 2094/558/1691 2209/545/1688
f 2232/457/1669 2243/559/1218 2231/547/1231
f 2231/547/1231 2242/560/1217 2230/548/1230
f 2230/548/1230 2241/561/1216 2229/549/1229
f 2229/562/1229 2240/563/1215 2228/564/1228
f 2228/564/1228 2239/565/1214 2227/566/1227
f 2227/566/1227 2238/567/1212 2226/568/1226
f 2226/568/1226 2237/569/1211 2225/570/1225
f 2225/553/1225 2236/571/1210 2224/554/1224
f 2224/554/1224 2235/572/1209 2223/555/1223
f 2223/555/1223 2234/573/1208 2222/556/1222
f 2222/556/1222 2233/574/1692 2221/557/1690
f 2233/574/1692 2095/575/1693 2221/557/1690
f 2244/459/1671 2255/576/1219 2243/577/1218
f 2243/578/1218 2254/579/1202 2242/580/1217
f 2242/580/1217 2253/581/1200 2241/582/1216
f 2241/582/1216 2252/583/1197 2240/563/1215
f 2240/563/1215 2251/584/1195 2239/565/1214
f 2239/565/1214 2250/585/1213 2238/567/1212
f 2238/567/1212 2249/586/1193 2237/569/1211
f 2237/569/1211 2248/587/1191 2236/588/1210
f 2236/588/1210 2247/589/1189 2235/590/1209
f 2235/590/1209 2246/591/1186 2234/592/1208
f 2234/593/1208 2245/594/1694 2233/595/1692
f 2233/595/1692 2097/596/1695 2096/597/1696
f 2256/462/1673 2267/598/1203 2255/576/1219
f 2267/599/1203 2254/579/1202 2255/600/1219
f 2266/601/1201 2253/581/1200 2254/579/1202
f 2265/602/1199 2252/583/1197 2253/581/1200
f 2252/583/1197 2263/603/1196 2251/584/1195
f 2251/584/1195 2262/604/1194 2250/585/1213
f 2262/604/1194 2249/586/1193 2250/585/1213
f 2261/605/1192 2248/587/1191 2249/586/1193
f 2260/606/1190 2247/589/1189 2248/587/1191
f 2259/607/1188 2246/591/1186 2247/589/1189
f 2246/608/1186 2257/609/1697 2245/594/1694
f 2245/594/1694 2098/610/1698 2097/596/1695
f 2280/464/1675 2267/598/1203 2268/461/1672
f 2279/611/1326 2266/601/1201 2267/599/1203
f 2278/612/1325 2265/602/1199 2266/601/1201
f 2277/613/1324 2264/614/1198 2265/602/1199
f 2276/615/1323 2263/603/1196 2264/614/1198
f 2275/616/1322 2262/604/1194 2263/603/1196
f 2274/617/1321 2261/605/1192 2262/604/1194
f 2273/618/1320 2260/606/1190 2261/605/1192
f 2272/619/1319 2259/607/1188 2260/606/1190
f 2271/620/1318 2258/621/1187 2259/607/1188
f 2270/622/1317 2257/609/1697 2258/623/1187
f 2257/609/1697 2099/624/1699 2098/610/1698
f 2292/469/1677 2279/625/1326 2280/626/1675
f 2291/627/1314 2278/628/1325 2279/625/1326
f 2290/629/1313 2277/630/1324 2278/628/1325
f 2289/631/1312 2276/632/1323 2277/630/1324
f 2288/633/1311 2275/634/1322 2276/632/1323
f 2287/635/1310 2274/636/1321 2275/634/1322
f 2286/637/1309 2273/638/1320 2274/636/1321
f 2285/639/1308 2272/640/1319 2273/638/1320
f 2284/641/1307 2271/642/1318 2272/640/1319
f 2283/643/1306 2270/644/1317 2271/642/1318
f 2282/645/1305 2269/646/1700 2270/644/1317
f 2269/646/1700 2100/647/1701 2099/648/1699
f 2304/468/1679 2291/627/1314 2292/469/1677
f 2303/649/1303 2290/629/1313 2291/627/1314
f 2302/650/1301 2289/631/1312 2290/629/1313
f 2301/651/1300 2288/633/1311 2289/631/1312
f 2300/652/1299 2287/635/1310 2288/633/1311
f 2299/653/1298 2286/637/1309 2287/635/1310
f 2298/654/1297 2285/639/1308 2286/637/1309
f 2297/655/1296 2284/641/1307 2285/639/1308
f 2296/656/1294 2283/643/1306 2284/641/1307
f 2295/657/1293 2282/645/1305 2283/643/1306
f 2294/658/1292 2281/659/1702 2282/645/1305
f 2281/659/1702 2089/660/1703 2100/647/1701
f 2161/446/1659 2303/649/1303 2304/468/1679
f 2162/472/1302 2302/650/1301 2303/649/1303
f 2163/661/1289 2301/651/1300 2302/650/1301
f 2164/662/1288 2300/652/1299 2301/651/1300
f 2165/663/1287 2299/653/1298 2300/652/1299
f 2166/664/1286 2298/654/1297 2299/653/1298
f 2167/665/1285 2297/655/1296 2298/654/1297
f 2168/666/1295 2296/656/1294 2297/655/1296
f 2169/667/1284 2295/657/1293 2296/656/1294
f 2170/668/1283 2294/658/1292 2295/657/1293
f 2171/491/1282 2293/669/1704 2294/658/1292
f 2293/669/1704 2090/495/1684 2089/660/1703
f 1450/336/1121 1451/357/1121 1463/337/1121
f 1444/339/1121 1456/358/1121 1455/340/1121
f 1447/342/1121 1459/359/1121 1458/343/1121
f 1449/345/1121 1450/336/1121 1462/338/1121
f 1442/347/1121 1443/341/1121 1455/340/1121
f 1452/349/1121 1441/356/1121 1453/350/1121
f 1446/344/1121 1458/343/1121 1457/352/1121
f 1449/345/1121 1461/346/1121 1460/354/1121
f 1442/347/1121 1454/348/1121 1453/350/1121
f 1451/357/1121 1452/349/1121 1464/351/1121
f 1444/339/1121 1445/353/1121 1457/352/1121
f 1448/355/1121 1460/354/1121 1459/359/1121
f 1457/360/1122 1458/376/1123 1470/361/1123
f 1476/365/1124 1465/688/1124 1466/672/1124
f 1466/672/1124 1467/689/1124 1468/363/1124
f 1468/363/1124 1469/690/1705 1470/671/1124
f 1470/671/1124 1471/691/1124 1472/364/1124
f 1472/364/1124 1473/692/1124 1474/670/1124
f 1474/670/1124 1475/693/1124 1476/365/1124
f 1476/365/1124 1466/672/1124 1468/363/1124
f 1468/363/1124 1470/671/1124 1472/364/1124
f 1472/364/1124 1474/670/1124 1476/365/1124
f 1453/366/1125 1465/387/1125 1476/367/1126
f 1455/369/1127 1467/378/1127 1466/370/1128
f 1462/372/1129 1474/380/1129 1473/373/1130
f 1459/375/1131 1471/382/1131 1470/361/1123
f 1455/369/1127 1456/673/1132 1468/377/1132
f 1462/372/1129 1463/674/1133 1475/379/1133
f 1459/375/1131 1460/675/1135 1472/381/1134
f 1457/360/1122 1469/362/1122 1468/383/1132
f 1464/368/1126 1476/367/1126 1475/385/1133
f 1453/366/1125 1454/371/1128 1466/370/1128
f 1460/388/1135 1461/374/1130 1473/373/1130
f 1486/390/1136 1487/411/1136 1499/391/1136
f 1480/393/1136 1492/412/1136 1491/394/1136
f 1483/396/1136 1495/413/1136 1494/397/1136
f 1485/399/1136 1486/390/1136 1498/392/1136
f 1479/395/1136 1491/394/1136 1490/401/1136
f 1477/403/1136 1489/410/1136 1500/404/1136
f 1482/398/1136 1494/397/1136 1493/406/1136
f 1485/399/1136 1497/400/1136 1496/408/1136
f 1478/402/1136 1490/401/1136 1489/410/1136
f 1487/411/1136 1488/405/1136 1500/404/1136
f 1481/407/1136 1493/406/1136 1492/412/1136
f 1484/409/1136 1496/408/1136 1495/413/1136
f 1493/414/1137 1494/430/1151 1506/415/1138
f 1512/419/1140 1501/694/1140 1502/678/1140
f 1502/678/1140 1503/695/1140 1504/417/1140
f 1504/417/1140 1505/696/1140 1506/677/1140
f 1506/677/1140 1507/697/1140 1508/418/1140
f 1508/418/1140 1509/698/1140 1510/676/1140
f 1510/676/1140 1511/699/1140 1512/419/1140
f 1512/419/1140 1502/678/1140 1504/417/1140
f 1504/417/1140 1506/677/1140 1508/418/1140
f 1508/418/1140 1510/676/1140 1512/419/1140
f 1500/420/1141 1489/679/1160 1501/421/1142
f 1490/423/1144 1491/431/1152 1503/424/1145
f 1498/426/1147 1510/434/1155 1509/427/1148
f 1495/429/1150 1507/436/1157 1506/415/1138
f 1491/431/1152 1492/680/1158 1504/432/1153
f 1499/433/1154 1511/439/1159 1510/434/1155
f 1496/435/1156 1508/700/1161 1507/436/1157
f 1492/437/1158 1493/414/1137 1505/416/1139
f 1500/420/1141 1512/422/1143 1511/439/1159
f 1489/440/1160 1490/423/1144 1502/425/1146
f 1497/428/1149 1509/427/1148 1508/442/1161
f 1486/444/1162 1485/448/1166 1536/445/1163
f 1484/447/1165 1548/701/1168 1536/445/1163
f 1483/449/1167 1560/453/1170 1548/450/1168
f 1482/452/1169 1572/455/1172 1560/453/1170
f 1481/454/1171 1584/457/1174 1572/455/1172
f 1480/456/1173 1596/685/1176 1584/457/1174
f 1479/458/1175 1608/462/1178 1596/459/1176
f 1479/458/1175 1478/463/1179 1620/461/1177
f 1478/463/1179 1477/465/1181 1632/464/1180
f 1477/465/1181 1488/681/1183 1644/466/1182
f 1488/467/1183 1487/470/1185 1656/468/1184
f 1487/470/1185 1486/444/1162 1513/446/1164
f 1513/446/1164 1536/445/1163 1535/471/1186
f 1535/473/1186 1534/476/1189 1515/474/1188
f 1534/476/1189 1533/478/1191 1516/477/1190
f 1533/478/1191 1532/480/1193 1517/479/1192
f 1532/480/1193 1531/502/1213 1518/481/1194
f 1518/481/1194 1531/502/1213 1530/482/1195
f 1519/483/1196 1530/482/1195 1529/484/1197
f 1529/484/1197 1528/487/1200 1521/486/1199
f 1528/487/1200 1527/489/1202 1522/488/1201
f 1527/489/1202 1526/508/1219 1523/490/1203
f 1523/491/1203 1526/682/1219 1525/492/1204
f 1524/493/1205 1525/492/1204 1443/494/1206
f 1536/496/1163 1548/683/1168 1547/497/1208
f 1535/473/1186 1547/497/1208 1546/498/1209
f 1534/476/1189 1546/498/1209 1545/499/1210
f 1533/478/1191 1545/499/1210 1544/500/1211
f 1532/480/1193 1544/500/1211 1543/501/1212
f 1531/502/1213 1543/501/1212 1542/503/1214
f 1530/482/1195 1542/503/1214 1541/504/1215
f 1529/484/1197 1541/504/1215 1540/505/1216
f 1528/487/1200 1540/505/1216 1539/506/1217
f 1527/489/1202 1539/506/1217 1538/507/1218
f 1526/508/1219 1538/507/1218 1537/509/1220
f 1525/492/1204 1537/684/1220 1444/511/1221
f 1548/450/1168 1560/453/1170 1559/512/1222
f 1547/513/1208 1559/512/1222 1558/514/1223
f 1546/515/1209 1558/514/1223 1557/516/1224
f 1545/517/1210 1557/516/1224 1556/518/1225
f 1544/519/1211 1556/518/1225 1555/520/1226
f 1543/521/1212 1555/520/1226 1554/522/1227
f 1542/523/1214 1554/522/1227 1553/524/1228
f 1541/525/1215 1553/524/1228 1552/526/1229
f 1540/527/1216 1552/526/1229 1551/528/1230
f 1539/529/1217 1551/528/1230 1550/530/1231
f 1538/531/1218 1550/530/1231 1549/532/1232
f 1549/532/1232 1445/546/1244 1444/534/1221
f 1560/453/1170 1572/455/1172 1571/535/1233
f 1559/512/1222 1571/535/1233 1570/536/1234
f 1558/514/1223 1570/536/1234 1569/537/1235
f 1557/516/1224 1569/537/1235 1568/538/1236
f 1556/518/1225 1568/538/1236 1567/539/1237
f 1555/520/1226 1567/539/1237 1566/540/1238
f 1554/522/1227 1566/540/1238 1565/541/1239
f 1553/524/1228 1565/541/1239 1564/542/1240
f 1552/526/1229 1564/542/1240 1563/543/1241
f 1551/528/1230 1563/543/1241 1562/544/1242
f 1550/530/1231 1562/544/1242 1561/545/1243
f 1561/545/1243 1446/558/1256 1445/546/1244
f 1572/455/1172 1584/457/1174 1583/547/1245
f 1571/535/1233 1583/547/1245 1582/548/1246
f 1570/536/1234 1582/548/1246 1581/549/1247
f 1569/537/1235 1581/549/1247 1580/550/1248
f 1568/538/1236 1580/550/1248 1579/551/1249
f 1567/539/1237 1579/551/1249 1578/552/1250
f 1566/540/1238 1578/552/1250 1577/553/1251
f 1565/541/1239 1577/553/1251 1576/554/1252
f 1564/542/1240 1576/554/1252 1575/555/1253
f 1563/543/1241 1575/555/1253 1574/556/1254
f 1562/544/1242 1574/556/1254 1573/557/1255
f 1573/557/1255 1447/575/1268 1446/558/1256
f 1584/457/1174 1596/685/1176 1595/559/1257
f 1583/547/1245 1595/559/1257 1594/560/1258
f 1582/548/1246 1594/560/1258 1593/561/1259
f 1581/562/1247 1593/582/1259 1592/563/1260
f 1580/564/1248 1592/563/1260 1591/565/1261
f 1579/566/1249 1591/565/1261 1590/567/1262
f 1578/568/1250 1590/567/1262 1589/569/1263
f 1577/553/1251 1589/686/1263 1588/571/1264
f 1576/554/1252 1588/571/1264 1587/572/1265
f 1575/555/1253 1587/572/1265 1586/573/1266
f 1574/556/1254 1586/573/1266 1585/574/1267
f 1585/574/1267 1448/702/1281 1447/575/1268
f 1596/459/1176 1608/462/1178 1607/576/1269
f 1595/578/1257 1607/600/1269 1606/579/1270
f 1594/580/1258 1606/579/1270 1605/581/1271
f 1593/582/1259 1605/581/1271 1604/583/1272
f 1592/563/1260 1604/583/1272 1603/584/1273
f 1591/565/1261 1603/584/1273 1602/585/1274
f 1590/567/1262 1602/585/1274 1601/586/1275
f 1589/569/1263 1601/586/1275 1600/587/1276
f 1588/588/1264 1600/587/1276 1599/589/1277
f 1587/590/1265 1599/589/1277 1598/591/1278
f 1586/593/1266 1598/608/1278 1597/594/1279
f 1585/595/1267 1597/594/1279 1449/596/1280
f 1608/462/1178 1620/461/1177 1619/598/1282
f 1619/599/1282 1618/601/1283 1606/579/1270
f 1618/601/1283 1617/602/1284 1605/581/1271
f 1617/602/1284 1616/614/1295 1604/583/1272
f 1604/583/1272 1616/614/1295 1615/603/1285
f 1603/584/1273 1615/603/1285 1614/604/1286
f 1614/604/1286 1613/605/1287 1601/586/1275
f 1613/605/1287 1612/606/1288 1600/587/1276
f 1612/606/1288 1611/607/1289 1599/589/1277
f 1611/607/1289 1610/621/1302 1598/591/1278
f 1598/608/1278 1610/623/1302 1609/609/1290
f 1597/594/1279 1609/609/1290 1450/610/1291
f 1632/464/1180 1631/703/1292 1619/598/1282
f 1631/611/1292 1630/612/1293 1618/601/1283
f 1630/612/1293 1629/613/1294 1617/602/1284
f 1629/613/1294 1628/615/1296 1616/614/1295
f 1628/615/1296 1627/616/1297 1615/603/1285
f 1627/616/1297 1626/617/1298 1614/604/1286
f 1626/617/1298 1625/618/1299 1613/605/1287
f 1625/618/1299 1624/619/1300 1612/606/1288
f 1624/619/1300 1623/620/1301 1611/607/1289
f 1623/620/1301 1622/704/1303 1610/621/1302
f 1622/622/1303 1621/687/1315 1609/609/1290
f 1609/609/1290 1621/687/1315 1451/624/1304
f 1644/469/1182 1643/627/1305 1631/625/1292
f 1643/627/1305 1642/629/1306 1630/628/1293
f 1642/629/1306 1641/631/1307 1629/630/1294
f 1641/631/1307 1640/633/1308 1628/632/1296
f 1640/633/1308 1639/635/1309 1627/634/1297
f 1639/635/1309 1638/637/1310 1626/636/1298
f 1638/637/1310 1637/639/1311 1625/638/1299
f 1637/639/1311 1636/641/1312 1624/640/1300
f 1636/641/1312 1635/643/1313 1623/642/1301
f 1635/643/1313 1634/645/1314 1622/644/1303
f 1634/645/1314 1633/659/1327 1621/646/1315
f 1621/646/1315 1633/659/1327 1452/647/1316
f 1656/468/1184 1655/649/1317 1643/627/1305
f 1655/649/1317 1654/650/1318 1642/629/1306
f 1654/650/1318 1653/651/1319 1641/631/1307
f 1653/651/1319 1652/652/1320 1640/633/1308
f 1652/652/1320 1651/653/1321 1639/635/1309
f 1651/653/1321 1650/654/1322 1638/637/1310
f 1650/654/1322 1649/655/1323 1637/639/1311
f 1649/655/1323 1648/656/1324 1636/641/1312
f 1648/656/1324 1647/657/1325 1635/643/1313
f 1647/657/1325 1646/658/1326 1634/645/1314
f 1646/658/1326 1645/669/1329 1633/659/1327
f 1633/659/1327 1645/669/1329 1441/660/1328
f 1513/446/1164 1514/472/1187 1655/649/1317
f 1514/472/1187 1515/661/1188 1654/650/1318
f 1515/661/1188 1516/662/1190 1653/651/1319
f 1516/662/1190 1517/663/1192 1652/652/1320
f 1517/663/1192 1518/664/1194 1651/653/1321
f 1518/664/1194 1519/665/1196 1650/654/1322
f 1519/665/1196 1520/666/1198 1649/655/1323
f 1520/666/1198 1521/667/1199 1648/656/1324
f 1521/667/1199 1522/668/1201 1647/657/1325
f 1522/668/1201 1523/491/1203 1646/658/1326
f 1523/491/1203 1524/493/1205 1645/669/1329
f 1645/669/1329 1524/493/1205 1442/495/1207
f 1666/336/1330 1678/338/1330 1679/337/1330
f 1671/340/1330 1672/358/1330 1660/339/1330
f 1674/343/1330 1675/359/1330 1663/342/1330
f 1665/345/1330 1677/346/1330 1678/338/1330
f 1658/347/1330 1670/348/1330 1671/340/1330
f 1668/349/1330 1680/351/1330 1669/350/1330
f 1673/352/1330 1674/343/1330 1662/344/1330
f 1676/354/1330 1677/346/1330 1665/345/1330
f 1669/350/1330 1670/348/1330 1658/347/1330
f 1667/357/1330 1679/337/1330 1680/351/1330
f 1660/339/1330 1672/358/1330 1673/352/1330
f 1675/359/1330 1676/354/1330 1664/355/1330
f 1673/360/1331 1685/362/1331 1686/361/1332
f 1682/672/1333 1681/688/1333 1692/365/1333
f 1692/365/1333 1691/693/1333 1690/670/1333
f 1690/670/1333 1689/692/1333 1688/364/1333
f 1688/364/1333 1687/691/1333 1686/671/1333
f 1686/671/1333 1685/690/1706 1684/363/1333
f 1684/363/1333 1683/689/1333 1682/672/1333
f 1682/672/1333 1692/365/1333 1690/670/1333
f 1690/670/1333 1688/364/1333 1686/671/1333
f 1686/671/1333 1684/363/1333 1682/672/1333
f 1692/367/1334 1681/387/1335 1669/366/1335
f 1682/370/1336 1683/378/1337 1671/369/1337
f 1689/373/1338 1690/380/1339 1678/372/1339
f 1686/361/1332 1687/382/1340 1675/375/1340
f 1671/369/1337 1683/378/1337 1684/377/1341
f 1678/372/1339 1690/380/1339 1691/379/1342
f 1675/375/1340 1687/382/1340 1688/381/1343
f 1684/383/1341 1685/362/1331 1673/360/1331
f 1691/385/1342 1692/367/1334 1680/368/1334
f 1681/387/1335 1682/370/1336 1670/371/1336
f 1676/388/1344 1688/389/1343 1689/373/1338
f 1702/390/1345 1714/392/1345 1715/391/1345
f 1707/394/1345 1708/412/1345 1696/393/1345
f 1710/397/1345 1711/413/1345 1699/396/1345
f 1701/399/1345 1713/400/1345 1714/392/1345
f 1706/401/1345 1707/394/1345 1695/395/1345
f 1716/404/1345 1705/410/1345 1693/403/1345
f 1709/406/1345 1710/397/1345 1698/398/1345
f 1700/409/1345 1712/408/1345 1713/400/1345
f 1705/410/1345 1706/401/1345 1694/402/1345
f 1703/411/1345 1715/391/1345 1716/404/1345
f 1708/412/1345 1709/406/1345 1697/407/1345
f 1711/413/1345 1712/408/1345 1700/409/1345
f 1709/414/1346 1721/416/1366 1722/415/1347
f 1718/678/1349 1717/694/1349 1728/419/1349
f 1728/419/1349 1727/699/1349 1726/676/1349
f 1726/676/1349 1725/698/1349 1724/418/1349
f 1724/418/1349 1723/697/1349 1722/677/1349
f 1722/677/1349 1721/696/1349 1720/417/1349
f 1720/417/1349 1719/695/1349 1718/678/1349
f 1718/678/1349 1728/419/1349 1726/676/1349
f 1726/676/1349 1724/418/1349 1722/677/1349
f 1722/677/1349 1720/417/1349 1718/678/1349
f 1716/420/1350 1728/422/1707 1717/421/1351
f 1706/423/1353 1718/425/1368 1719/424/1354
f 1725/427/1356 1726/434/1362 1714/426/1357
f 1722/415/1347 1723/436/1364 1711/429/1359
f 1707/431/1355 1719/424/1354 1720/432/1360
f 1726/434/1362 1727/439/1367 1715/433/1363
f 1723/436/1364 1724/700/1369 1712/435/1365
f 1708/437/1361 1720/438/1360 1721/416/1366
f 1727/439/1367 1728/422/1707 1716/420/1350
f 1705/440/1352 1717/441/1351 1718/425/1368
f 1724/442/1369 1725/427/1356 1713/428/1358
f 1702/444/1370 1729/446/1392 1752/445/1371
f 1752/445/1371 1764/701/1374 1700/447/1373
f 1764/450/1374 1776/453/1376 1699/449/1375
f 1776/453/1376 1788/455/1378 1698/452/1377
f 1788/455/1378 1800/457/1380 1697/454/1379
f 1800/457/1380 1812/685/1382 1696/456/1381
f 1812/459/1382 1824/462/1476 1695/458/1383
f 1695/458/1383 1824/462/1476 1836/461/1384
f 1694/463/1385 1836/461/1384 1848/464/1386
f 1693/465/1387 1848/464/1386 1860/466/1388
f 1704/467/1389 1860/469/1388 1872/468/1390
f 1703/470/1391 1872/468/1390 1729/446/1392
f 1729/446/1392 1730/472/1395 1751/471/1393
f 1731/474/1394 1750/476/1397 1751/473/1393
f 1732/477/1396 1749/478/1399 1750/476/1397
f 1733/479/1398 1748/480/1401 1749/478/1399
f 1734/481/1400 1747/502/1403 1748/480/1401
f 1734/481/1400 1735/483/1404 1746/482/1402
f 1735/483/1404 1736/485/1407 1745/484/1405
f 1737/486/1406 1744/487/1409 1745/484/1405
f 1738/488/1408 1743/489/1411 1744/487/1409
f 1739/490/1410 1742/508/1413 1743/489/1411
f 1739/491/1410 1740/493/1414 1741/492/1412
f 1740/493/1414 1658/495/1536 1659/494/1415
f 1752/496/1371 1751/473/1393 1763/497/1416
f 1751/473/1393 1750/476/1397 1762/498/1417
f 1750/476/1397 1749/478/1399 1761/499/1418
f 1749/478/1399 1748/480/1401 1760/500/1419
f 1748/480/1401 1747/502/1403 1759/501/1420
f 1747/502/1403 1746/482/1402 1758/503/1421
f 1746/482/1402 1745/484/1405 1757/504/1422
f 1745/484/1405 1744/487/1409 1756/505/1423
f 1744/487/1409 1743/489/1411 1755/506/1424
f 1743/489/1411 1742/508/1413 1754/507/1425
f 1742/508/1413 1741/510/1412 1753/509/1426
f 1741/492/1412 1659/494/1415 1660/511/1427
f 1764/450/1374 1763/513/1416 1775/512/1428
f 1763/513/1416 1762/515/1417 1774/514/1429
f 1762/515/1417 1761/517/1418 1773/516/1430
f 1761/517/1418 1760/519/1419 1772/518/1431
f 1760/519/1419 1759/521/1420 1771/520/1432
f 1759/521/1420 1758/523/1421 1770/522/1433
f 1758/523/1421 1757/525/1422 1769/524/1434
f 1757/525/1422 1756/527/1423 1768/526/1435
f 1756/527/1423 1755/529/1424 1767/528/1436
f 1755/529/1424 1754/531/1425 1766/530/1437
f 1754/531/1425 1753/533/1426 1765/532/1438
f 1660/534/1427 1661/546/1450 1765/532/1438
f 1776/453/1376 1775/512/1428 1787/535/1439
f 1775/512/1428 1774/514/1429 1786/536/1440
f 1774/514/1429 1773/516/1430 1785/537/1441
f 1773/516/1430 1772/518/1431 1784/538/1442
f 1772/518/1431 1771/520/1432 1783/539/1443
f 1771/520/1432 1770/522/1433 1782/540/1444
f 1770/522/1433 1769/524/1434 1781/541/1445
f 1769/524/1434 1768/526/1435 1780/542/1446
f 1768/526/1435 1767/528/1436 1779/543/1447
f 1767/528/1436 1766/530/1437 1778/544/1448
f 1766/530/1437 1765/532/1438 1777/545/1449
f 1661/546/1450 1662/558/1462 1777/545/1449
f 1788/455/1378 1787/535/1439 1799/547/1451
f 1787/535/1439 1786/536/1440 1798/548/1452
f 1786/536/1440 1785/537/1441 1797/549/1453
f 1785/537/1441 1784/538/1442 1796/550/1454
f 1784/538/1442 1783/539/1443 1795/551/1455
f 1783/539/1443 1782/540/1444 1794/552/1456
f 1782/540/1444 1781/541/1445 1793/553/1457
f 1781/541/1445 1780/542/1446 1792/554/1458
f 1780/542/1446 1779/543/1447 1791/555/1459
f 1779/543/1447 1778/544/1448 1790/556/1460
f 1778/544/1448 1777/545/1449 1789/557/1461
f 1662/558/1462 1663/575/1474 1789/557/1461
f 1800/457/1380 1799/547/1451 1811/559/1463
f 1799/547/1451 1798/548/1452 1810/560/1464
f 1798/548/1452 1797/549/1453 1809/561/1465
f 1797/562/1453 1796/564/1454 1808/563/1466
f 1796/564/1454 1795/566/1455 1807/565/1467
f 1795/566/1455 1794/568/1456 1806/567/1468
f 1794/568/1456 1793/570/1457 1805/569/1469
f 1793/553/1457 1792/554/1458 1804/571/1470
f 1792/554/1458 1791/555/1459 1803/572/1471
f 1791/555/1459 1790/556/1460 1802/573/1472
f 1790/556/1460 1789/557/1461 1801/574/1473
f 1663/575/1474 1664/702/1708 1801/574/1473
f 1812/459/1382 1811/577/1463 1823/576/1475
f 1811/578/1463 1810/580/1464 1822/579/1477
f 1810/580/1464 1809/582/1465 1821/581/1478
f 1809/582/1465 1808/563/1466 1820/583/1479
f 1808/563/1466 1807/565/1467 1819/584/1480
f 1807/565/1467 1806/567/1468 1818/585/1481
f 1806/567/1468 1805/569/1469 1817/586/1482
f 1805/569/1469 1804/588/1470 1816/587/1483
f 1804/588/1470 1803/590/1471 1815/589/1484
f 1803/590/1471 1802/592/1472 1814/591/1485
f 1802/593/1472 1801/595/1473 1813/594/1486
f 1801/595/1473 1664/597/1708 1665/596/1487
f 1824/462/1476 1823/576/1475 1835/598/1488
f 1822/579/1477 1834/601/1489 1835/599/1488
f 1821/581/1478 1833/602/1490 1834/601/1489
f 1820/583/1479 1832/614/1492 1833/602/1490
f 1820/583/1479 1819/584/1480 1831/603/1491
f 1819/584/1480 1818/585/1481 1830/604/1493
f 1817/586/1482 1829/605/1494 1830/604/1493
f 1816/587/1483 1828/606/1495 1829/605/1494
f 1815/589/1484 1827/607/1496 1828/606/1495
f 1814/591/1485 1826/621/1498 1827/607/1496
f 1814/608/1485 1813/594/1486 1825/609/1497
f 1813/594/1486 1665/596/1487 1666/610/1499
f 1835/598/1488 1847/703/1500 1848/464/1386
f 1834/601/1489 1846/612/1501 1847/611/1500
f 1833/602/1490 1845/613/1502 1846/612/1501
f 1832/614/1492 1844/615/1503 1845/613/1502
f 1831/603/1491 1843/616/1504 1844/615/1503
f 1830/604/1493 1842/617/1505 1843/616/1504
f 1829/605/1494 1841/618/1506 1842/617/1505
f 1828/606/1495 1840/619/1507 1841/618/1506
f 1827/607/1496 1839/620/1508 1840/619/1507
f 1826/621/1498 1838/704/1509 1839/620/1508
f 1825/609/1497 1837/687/1511 1838/622/1509
f 1825/609/1497 1666/610/1499 1667/624/1510
f 1847/625/1500 1859/627/1512 1860/469/1388
f 1846/628/1501 1858/629/1513 1859/627/1512
f 1845/630/1502 1857/631/1514 1858/629/1513
f 1844/632/1503 1856/633/1515 1857/631/1514
f 1843/634/1504 1855/635/1516 1856/633/1515
f 1842/636/1505 1854/637/1517 1855/635/1516
f 1841/638/1506 1853/639/1518 1854/637/1517
f 1840/640/1507 1852/641/1519 1853/639/1518
f 1839/642/1508 1851/643/1520 1852/641/1519
f 1838/644/1509 1850/645/1521 1851/643/1520
f 1837/646/1511 1849/659/1523 1850/645/1521
f 1837/646/1511 1667/648/1510 1668/647/1522
f 1859/627/1512 1871/649/1524 1872/468/1390
f 1858/629/1513 1870/650/1525 1871/649/1524
f 1857/631/1514 1869/651/1526 1870/650/1525
f 1856/633/1515 1868/652/1527 1869/651/1526
f 1855/635/1516 1867/653/1528 1868/652/1527
f 1854/637/1517 1866/654/1529 1867/653/1528
f 1853/639/1518 1865/655/1530 1866/654/1529
f 1852/641/1519 1864/656/1531 1865/655/1530
f 1851/643/1520 1863/657/1532 1864/656/1531
f 1850/645/1521 1862/658/1533 1863/657/1532
f 1849/659/1523 1861/669/1535 1862/658/1533
f 1849/659/1523 1668/647/1522 1657/660/1534
f 1871/649/1524 1730/472/1395 1729/446/1392
f 1870/650/1525 1731/661/1394 1730/472/1395
f 1869/651/1526 1732/662/1396 1731/661/1394
f 1868/652/1527 1733/663/1398 1732/662/1396
f 1867/653/1528 1734/664/1400 1733/663/1398
f 1866/654/1529 1735/665/1404 1734/664/1400
f 1865/655/1530 1736/666/1407 1735/665/1404
f 1864/656/1531 1737/667/1406 1736/666/1407
f 1863/657/1532 1738/668/1408 1737/667/1406
f 1862/658/1533 1739/491/1410 1738/668/1408
f 1861/669/1535 1740/493/1414 1739/491/1410
f 1861/669/1535 1657/660/1534 1658/495/1536
f 1882/336/1345 1894/338/1345 1895/337/1345
f 1887/340/1345 1888/358/1345 1876/339/1345
f 1890/343/1345 1891/359/1345 1879/342/1345
f 1881/345/1345 1893/346/1345 1894/338/1345
f 1874/347/1345 1886/348/1345 1887/340/1345
f 1884/349/1345 1896/351/1345 1885/350/1345
f 1889/352/1345 1890/343/1345 1878/344/1345
f 1892/354/1345 1893/346/1345 1881/345/1345
f 1885/350/1345 1886/348/1345 1874/347/1345
f 1883/357/1345 1895/337/1345 1896/351/1345
f 1876/339/1345 1888/358/1345 1889/352/1345
f 1891/359/1345 1892/354/1345 1880/355/1345
f 1889/360/1537 1901/362/1537 1902/361/1538
f 1898/672/1349 1897/688/1349 1908/365/1349
f 1908/365/1349 1907/693/1349 1906/670/1349
f 1906/670/1349 1905/692/1349 1904/364/1349
f 1904/364/1349 1903/691/1349 1902/671/1349
f 1902/671/1349 1901/690/1709 1900/363/1349
f 1900/363/1349 1899/689/1349 1898/672/1349
f 1898/672/1349 1908/365/1349 1906/670/1349
f 1906/670/1349 1904/364/1349 1902/671/1349
f 1902/671/1349 1900/363/1349 1898/672/1349
f 1908/367/1539 1897/387/1540 1885/366/1540
f 1898/370/1541 1899/378/1542 1887/369/1542
f 1905/373/1543 1906/380/1544 1894/372/1544
f 1902/361/1538 1903/382/1545 1891/375/1545
f 1887/369/1542 1899/378/1542 1900/377/1546
f 1894/372/1544 1906/380/1544 1907/379/1547
f 1891/375/1545 1903/382/1545 1904/381/1548
f 1900/383/1546 1901/362/1537 1889/360/1537
f 1907/385/1547 1908/367/1539 1896/368/1539
f 1897/387/1540 1898/370/1541 1886/371/1541
f 1892/388/1549 1904/389/1548 1905/373/1543
f 1918/390/1330 1930/392/1330 1931/391/1330
f 1923/394/1330 1924/412/1330 1912/393/1330
f 1926/397/1330 1927/413/1330 1915/396/1330
f 1917/399/1330 1929/400/1330 1930/392/1330
f 1922/401/1330 1923/394/1330 1911/395/1330
f 1932/404/1330 1921/410/1330 1909/403/1330
f 1925/406/1330 1926/397/1330 1914/398/1330
f 1916/409/1330 1928/408/1330 1929/400/1330
f 1921/410/1330 1922/401/1330 1910/402/1330
f 1919/411/1330 1931/391/1330 1932/404/1330
f 1924/412/1330 1925/406/1330 1913/407/1330
f 1927/413/1330 1928/408/1330 1916/409/1330
f 1925/414/1550 1937/416/1569 1938/415/1551
f 1934/678/1333 1933/694/1333 1944/419/1333
f 1944/419/1333 1943/699/1333 1942/676/1333
f 1942/676/1333 1941/698/1333 1940/418/1333
f 1940/418/1333 1939/697/1333 1938/677/1333
f 1938/677/1333 1937/696/1333 1936/417/1333
f 1936/417/1333 1935/695/1333 1934/678/1333
f 1934/678/1333 1944/419/1333 1942/676/1333
f 1942/676/1333 1940/418/1333 1938/677/1333
f 1938/677/1333 1936/417/1333 1934/678/1333
f 1932/420/1553 1944/422/1710 1933/421/1554
f 1922/423/1556 1934/425/1571 1935/424/1557
f 1941/427/1559 1942/434/1565 1930/426/1560
f 1938/415/1551 1939/436/1567 1927/429/1562
f 1923/431/1558 1935/424/1557 1936/432/1563
f 1942/434/1565 1943/439/1570 1931/433/1566
f 1939/436/1567 1940/700/1572 1928/435/1568
f 1924/437/1564 1936/438/1563 1937/416/1569
f 1943/439/1570 1944/422/1710 1932/420/1553
f 1921/440/1555 1933/441/1554 1934/425/1571
f 1940/442/1572 1941/427/1559 1929/428/1561
f 1918/444/1573 1945/446/1595 1968/445/1574
f 1968/445/1574 1980/701/1577 1916/447/1576
f 1980/450/1577 1992/453/1579 1915/449/1578
f 1992/453/1579 2004/455/1581 1914/452/1580
f 2004/455/1581 2016/457/1583 1913/454/1582
f 2016/457/1583 2028/685/1585 1912/456/1584
f 2028/459/1585 2040/462/1608 1911/458/1586
f 1911/458/1586 2040/462/1608 2052/461/1587
f 1910/463/1588 2052/461/1587 2064/464/1589
f 1909/465/1590 2064/464/1589 2076/466/1591
f 1920/467/1592 2076/469/1591 2088/468/1593
f 1919/470/1594 2088/468/1593 1945/446/1595
f 1945/446/1595 1946/472/1498 1967/471/1485
f 1947/474/1496 1966/476/1484 1967/473/1485
f 1948/477/1495 1965/478/1483 1966/476/1484
f 1949/479/1494 1964/480/1482 1965/478/1483
f 1950/481/1493 1963/502/1481 1964/480/1482
f 1950/481/1493 1951/483/1491 1962/482/1480
f 1951/483/1491 1952/485/1492 1961/484/1479
f 1953/486/1490 1960/487/1478 1961/484/1479
f 1954/488/1489 1959/489/1477 1960/487/1478
f 1955/490/1488 1958/508/1475 1959/489/1477
f 1955/491/1488 1956/493/1597 1957/492/1596
f 1956/493/1597 1874/495/1619 1875/494/1598
f 1968/496/1574 1967/473/1485 1979/497/1472
f 1967/473/1485 1966/476/1484 1978/498/1471
f 1966/476/1484 1965/478/1483 1977/499/1470
f 1965/478/1483 1964/480/1482 1976/500/1469
f 1964/480/1482 1963/502/1481 1975/501/1468
f 1963/502/1481 1962/482/1480 1974/503/1467
f 1962/482/1480 1961/484/1479 1973/504/1466
f 1961/484/1479 1960/487/1478 1972/505/1465
f 1960/487/1478 1959/489/1477 1971/506/1464
f 1959/489/1477 1958/508/1475 1970/507/1463
f 1958/508/1475 1957/510/1596 1969/509/1599
f 1957/492/1596 1875/494/1598 1876/511/1600
f 1980/450/1577 1979/513/1472 1991/512/1460
f 1979/513/1472 1978/515/1471 1990/514/1459
f 1978/515/1471 1977/517/1470 1989/516/1458
f 1977/517/1470 1976/519/1469 1988/518/1457
f 1976/519/1469 1975/521/1468 1987/520/1456
f 1975/521/1468 1974/523/1467 1986/522/1455
f 1974/523/1467 1973/525/1466 1985/524/1454
f 1973/525/1466 1972/527/1465 1984/526/1453
f 1972/527/1465 1971/529/1464 1983/528/1452
f 1971/529/1464 1970/531/1463 1982/530/1451
f 1970/531/1463 1969/533/1599 1981/532/1601
f 1876/534/1600 1877/546/1603 1981/532/1601
f 1992/453/1579 1991/512/1460 2003/535/1448
f 1991/512/1460 1990/514/1459 2002/536/1447
f 1990/514/1459 1989/516/1458 2001/537/1446
f 1989/516/1458 1988/518/1457 2000/538/1445
f 1988/518/1457 1987/520/1456 1999/539/1444
f 1987/520/1456 1986/522/1455 1998/540/1443
f 1986/522/1455 1985/524/1454 1997/541/1442
f 1985/524/1454 1984/526/1453 1996/542/1441
f 1984/526/1453 1983/528/1452 1995/543/1440
f 1983/528/1452 1982/530/1451 1994/544/1439
f 1982/530/1451 1981/532/1601 1993/545/1602
f 1877/546/1603 1878/558/1605 1993/545/1602
f 2004/455/1581 2003/535/1448 2015/547/1437
f 2003/535/1448 2002/536/1447 2014/548/1436
f 2002/536/1447 2001/537/1446 2013/549/1435
f 2001/537/1446 2000/538/1445 2012/550/1434
f 2000/538/1445 1999/539/1444 2011/551/1433
f 1999/539/1444 1998/540/1443 2010/552/1432
f 1998/540/1443 1997/541/1442 2009/553/1431
f 1997/541/1442 1996/542/1441 2008/554/1430
f 1996/542/1441 1995/543/1440 2007/555/1429
f 1995/543/1440 1994/544/1439 2006/556/1428
f 1994/544/1439 1993/545/1602 2005/557/1604
f 1878/558/1605 1879/575/1607 2005/557/1604
f 2016/457/1583 2015/547/1437 2027/559/1425
f 2015/547/1437 2014/548/1436 2026/560/1424
f 2014/548/1436 2013/549/1435 2025/561/1423
f 2013/562/1435 2012/564/1434 2024/563/1422
f 2012/564/1434 2011/566/1433 2023/565/1421
f 2011/566/1433 2010/568/1432 2022/567/1420
f 2010/568/1432 2009/570/1431 2021/569/1419
f 2009/553/1431 2008/554/1430 2020/571/1418
f 2008/554/1430 2007/555/1429 2019/572/1417
f 2007/555/1429 2006/556/1428 2018/573/1416
f 2006/556/1428 2005/557/1604 2017/574/1606
f 1879/575/1607 1880/702/1711 2017/574/1606
f 2028/459/1585 2027/577/1425 2039/576/1413
f 2027/578/1425 2026/580/1424 2038/579/1411
f 2026/580/1424 2025/582/1423 2037/581/1409
f 2025/582/1423 2024/563/1422 2036/583/1405
f 2024/563/1422 2023/565/1421 2035/584/1402
f 2023/565/1421 2022/567/1420 2034/585/1403
f 2022/567/1420 2021/569/1419 2033/586/1401
f 2021/569/1419 2020/588/1418 2032/587/1399
f 2020/588/1418 2019/590/1417 2031/589/1397
f 2019/590/1417 2018/592/1416 2030/591/1393
f 2018/593/1416 2017/595/1606 2029/594/1609
f 2017/595/1606 1880/597/1711 1881/596/1610
f 2040/462/1608 2039/576/1413 2051/598/1410
f 2038/579/1411 2050/601/1408 2051/599/1410
f 2037/581/1409 2049/602/1406 2050/601/1408
f 2036/583/1405 2048/614/1407 2049/602/1406
f 2036/583/1405 2035/584/1402 2047/603/1404
f 2035/584/1402 2034/585/1403 2046/604/1400
f 2033/586/1401 2045/605/1398 2046/604/1400
f 2032/587/1399 2044/606/1396 2045/605/1398
f 2031/589/1397 2043/607/1394 2044/606/1396
f 2030/591/1393 2042/621/1395 2043/607/1394
f 2030/608/1393 2029/594/1609 2041/609/1611
f 2029/594/1609 1881/596/1610 1882/610/1612
f 2051/598/1410 2063/703/1533 2064/464/1589
f 2050/601/1408 2062/612/1532 2063/611/1533
f 2049/602/1406 2061/613/1531 2062/612/1532
f 2048/614/1407 2060/615/1530 2061/613/1531
f 2047/603/1404 2059/616/1529 2060/615/1530
f 2046/604/1400 2058/617/1528 2059/616/1529
f 2045/605/1398 2057/618/1527 2058/617/1528
f 2044/606/1396 2056/619/1526 2057/618/1527
f 2043/607/1394 2055/620/1525 2056/619/1526
f 2042/621/1395 2054/704/1524 2055/620/1525
f 2041/609/1611 2053/687/1614 2054/622/1524
f 2041/609/1611 1882/610/1612 1883/624/1613
f 2063/625/1533 2075/627/1521 2076/469/1591
f 2062/628/1532 2074/629/1520 2075/627/1521
f 2061/630/1531 2073/631/1519 2074/629/1520
f 2060/632/1530 2072/633/1518 2073/631/1519
f 2059/634/1529 2071/635/1517 2072/633/1518
f 2058/636/1528 2070/637/1516 2071/635/1517
f 2057/638/1527 2069/639/1515 2070/637/1516
f 2056/640/1526 2068/641/1514 2069/639/1515
f 2055/642/1525 2067/643/1513 2068/641/1514
f 2054/644/1524 2066/645/1512 2067/643/1513
f 2053/646/1614 2065/659/1616 2066/645/1512
f 2053/646/1614 1883/648/1613 1884/647/1615
f 2075/627/1521 2087/649/1509 2088/468/1593
f 2074/629/1520 2086/650/1508 2087/649/1509
f 2073/631/1519 2085/651/1507 2086/650/1508
f 2072/633/1518 2084/652/1506 2085/651/1507
f 2071/635/1517 2083/653/1505 2084/652/1506
f 2070/637/1516 2082/654/1504 2083/653/1505
f 2069/639/1515 2081/655/1503 2082/654/1504
f 2068/641/1514 2080/656/1502 2081/655/1503
f 2067/643/1513 2079/657/1501 2080/656/1502
f 2066/645/1512 2078/658/1500 2079/657/1501
f 2065/659/1616 2077/669/1618 2078/658/1500
f 2065/659/1616 1884/647/1615 1873/660/1617
f 2087/649/1509 1946/472/1498 1945/446/1595
f 2086/650/1508 1947/661/1496 1946/472/1498
f 2085/651/1507 1948/662/1495 1947/661/1496
f 2084/652/1506 1949/663/1494 1948/662/1495
f 2083/653/1505 1950/664/1493 1949/663/1494
f 2082/654/1504 1951/665/1491 1950/664/1493
f 2081/655/1503 1952/666/1492 1951/665/1491
f 2080/656/1502 1953/667/1490 1952/666/1492
f 2079/657/1501 1954/668/1489 1953/667/1490
f 2078/658/1500 1955/491/1488 1954/668/1489
f 2077/669/1618 1956/493/1597 1955/491/1488
f 2077/669/1618 1873/660/1617 1874/495/1619
f 2098/336/1136 2099/357/1136 2111/337/1136
f 2092/339/1136 2104/358/1136 2103/340/1136
f 2095/342/1136 2107/359/1136 2106/343/1136
f 2097/345/1136 2098/336/1136 2110/338/1136
f 2090/347/1136 2091/341/1136 2103/340/1136
f 2100/349/1136 2089/356/1136 2101/350/1136
f 2094/344/1136 2106/343/1136 2105/352/1136
f 2097/345/1136 2109/346/1136 2108/354/1136
f 2090/347/1136 2102/348/1136 2101/350/1136
f 2099/357/1136 2100/349/1136 2112/351/1136
f 2092/339/1136 2093/353/1136 2105/352/1136
f 2096/355/1136 2108/354/1136 2107/359/1136
f 2105/360/1620 2106/376/1621 2118/361/1621
f 2124/365/1140 2113/688/1140 2114/672/1140
f 2114/672/1140 2115/689/1140 2116/363/1140
f 2116/363/1140 2117/690/1712 2118/671/1140
f 2118/671/1140 2119/691/1140 2120/364/1140
f 2120/364/1140 2121/692/1140 2122/670/1140
f 2122/670/1140 2123/693/1140 2124/365/1140
f 2124/365/1140 2114/672/1140 2116/363/1140
f 2116/363/1140 2118/671/1140 2120/364/1140
f 2120/364/1140 2122/670/1140 2124/365/1140
f 2101/366/1622 2113/387/1622 2124/367/1623
f 2103/369/1624 2115/378/1624 2114/370/1625
f 2110/372/1626 2122/380/1626 2121/373/1627
f 2107/375/1628 2119/382/1628 2118/361/1621
f 2103/369/1624 2104/673/1629 2116/377/1629
f 2110/372/1626 2111/674/1630 2123/379/1630
f 2107/375/1628 2108/675/1632 2120/381/1631
f 2105/360/1620 2117/362/1620 2116/383/1629
f 2112/368/1623 2124/367/1623 2123/385/1630
f 2101/366/1622 2102/371/1625 2114/370/1625
f 2108/388/1632 2109/374/1627 2121/373/1627
f 2134/390/1121 2135/411/1121 2147/391/1121
f 2128/393/1121 2140/412/1121 2139/394/1121
f 2131/396/1121 2143/413/1121 2142/397/1121
f 2133/399/1121 2134/390/1121 2146/392/1121
f 2127/395/1121 2139/394/1121 2138/401/1121
f 2125/403/1121 2137/410/1121 2148/404/1121
f 2130/398/1121 2142/397/1121 2141/406/1121
f 2133/399/1121 2145/400/1121 2144/408/1121
f 2126/402/1121 2138/401/1121 2137/410/1121
f 2135/411/1121 2136/405/1121 2148/404/1121
f 2129/407/1121 2141/406/1121 2140/412/1121
f 2132/409/1121 2144/408/1121 2143/413/1121
f 2141/414/1633 2142/430/1646 2154/415/1634
f 2160/419/1124 2149/694/1124 2150/678/1124
f 2150/678/1124 2151/695/1124 2152/417/1124
f 2152/417/1124 2153/696/1124 2154/677/1124
f 2154/677/1124 2155/697/1124 2156/418/1124
f 2156/418/1124 2157/698/1124 2158/676/1124
f 2158/676/1124 2159/699/1124 2160/419/1124
f 2160/419/1124 2150/678/1124 2152/417/1124
f 2152/417/1124 2154/677/1124 2156/418/1124
f 2156/418/1124 2158/676/1124 2160/419/1124
f 2148/420/1636 2137/679/1655 2149/421/1637
f 2138/423/1639 2139/431/1647 2151/424/1640
f 2146/426/1642 2158/434/1650 2157/427/1643
f 2143/429/1645 2155/436/1652 2154/415/1634
f 2139/431/1647 2140/680/1653 2152/432/1648
f 2147/433/1649 2159/439/1654 2158/434/1650
f 2144/435/1651 2156/700/1656 2155/436/1652
f 2140/437/1653 2141/414/1633 2153/416/1635
f 2148/420/1636 2160/422/1638 2159/439/1654
f 2137/440/1655 2138/423/1639 2150/425/1641
f 2145/428/1644 2157/427/1643 2156/442/1656
f 2134/444/1657 2133/448/1661 2184/445/1658
f 2132/447/1660 2196/701/1663 2184/445/1658
f 2131/449/1662 2208/453/1665 2196/450/1663
f 2130/452/1664 2220/455/1667 2208/453/1665
f 2129/454/1666 2232/457/1669 2220/455/1667
f 2128/456/1668 2244/685/1671 2232/457/1669
f 2127/458/1670 2256/462/1673 2244/459/1671
f 2127/458/1670 2126/463/1674 2268/461/1672
f 2126/463/1674 2125/465/1676 2280/464/1675
f 2125/465/1676 2136/681/1678 2292/466/1677
f 2136/467/1678 2135/470/1680 2304/468/1679
f 2135/470/1680 2134/444/1657 2161/446/1659
f 2161/446/1659 2184/445/1658 2183/471/1278
f 2183/473/1278 2182/476/1277 2163/474/1289
f 2182/476/1277 2181/478/1276 2164/477/1288
f 2181/478/1276 2180/480/1275 2165/479/1287
f 2180/480/1275 2179/502/1274 2166/481/1286
f 2166/481/1286 2179/502/1274 2178/482/1273
f 2167/483/1285 2178/482/1273 2177/484/1272
f 2177/484/1272 2176/487/1271 2169/486/1284
f 2176/487/1271 2175/489/1270 2170/488/1283
f 2175/489/1270 2174/508/1269 2171/490/1282
f 2171/491/1282 2174/682/1269 2173/492/1681
f 2172/493/1682 2173/492/1681 2091/494/1683
f 2184/496/1658 2196/683/1663 2195/497/1266
f 2183/473/1278 2195/497/1266 2194/498/1265
f 2182/476/1277 2194/498/1265 2193/499/1264
f 2181/478/1276 2193/499/1264 2192/500/1263
f 2180/480/1275 2192/500/1263 2191/501/1262
f 2179/502/1274 2191/501/1262 2190/503/1261
f 2178/482/1273 2190/503/1261 2189/504/1260
f 2177/484/1272 2189/504/1260 2188/505/1259
f 2176/487/1271 2188/505/1259 2187/506/1258
f 2175/489/1270 2187/506/1258 2186/507/1257
f 2174/508/1269 2186/507/1257 2185/509/1685
f 2173/492/1681 2185/684/1685 2092/511/1686
f 2196/450/1663 2208/453/1665 2207/512/1254
f 2195/513/1266 2207/512/1254 2206/514/1253
f 2194/515/1265 2206/514/1253 2205/516/1252
f 2193/517/1264 2205/516/1252 2204/518/1251
f 2192/519/1263 2204/518/1251 2203/520/1250
f 2191/521/1262 2203/520/1250 2202/522/1249
f 2190/523/1261 2202/522/1249 2201/524/1248
f 2189/525/1260 2201/524/1248 2200/526/1247
f 2188/527/1259 2200/526/1247 2199/528/1246
f 2187/529/1258 2199/528/1246 2198/530/1245
f 2186/531/1257 2198/530/1245 2197/532/1687
f 2197/532/1687 2093/546/1689 2092/534/1686
f 2208/453/1665 2220/455/1667 2219/535/1242
f 2207/512/1254 2219/535/1242 2218/536/1241
f 2206/514/1253 2218/536/1241 2217/537/1240
f 2205/516/1252 2217/537/1240 2216/538/1239
f 2204/518/1251 2216/538/1239 2215/539/1238
f 2203/520/1250 2215/539/1238 2214/540/1237
f 2202/522/1249 2214/540/1237 2213/541/1236
f 2201/524/1248 2213/541/1236 2212/542/1235
f 2200/526/1247 2212/542/1235 2211/543/1234
f 2199/528/1246 2211/543/1234 2210/544/1233
f 2198/530/1245 2210/544/1233 2209/545/1688
f 2209/545/1688 2094/558/1691 2093/546/1689
f 2220/455/1667 2232/457/1669 2231/547/1231
f 2219/535/1242 2231/547/1231 2230/548/1230
f 2218/536/1241 2230/548/1230 2229/549/1229
f 2217/537/1240 2229/549/1229 2228/550/1228
f 2216/538/1239 2228/550/1228 2227/551/1227
f 2215/539/1238 2227/551/1227 2226/552/1226
f 2214/540/1237 2226/552/1226 2225/553/1225
f 2213/541/1236 2225/553/1225 2224/554/1224
f 2212/542/1235 2224/554/1224 2223/555/1223
f 2211/543/1234 2223/555/1223 2222/556/1222
f 2210/544/1233 2222/556/1222 2221/557/1690
f 2221/557/1690 2095/575/1693 2094/558/1691
f 2232/457/1669 2244/685/1671 2243/559/1218
f 2231/547/1231 2243/559/1218 2242/560/1217
f 2230/548/1230 2242/560/1217 2241/561/1216
f 2229/562/1229 2241/582/1216 2240/563/1215
f 2228/564/1228 2240/563/1215 2239/565/1214
f 2227/566/1227 2239/565/1214 2238/567/1212
f 2226/568/1226 2238/567/1212 2237/569/1211
f 2225/553/1225 2237/686/1211 2236/571/1210
f 2224/554/1224 2236/571/1210 2235/572/1209
f 2223/555/1223 2235/572/1209 2234/573/1208
f 2222/556/1222 2234/573/1208 2233/574/1692
f 2233/574/1692 2096/702/1696 2095/575/1693
f 2244/459/1671 2256/462/1673 2255/576/1219
f 2243/578/1218 2255/600/1219 2254/579/1202
f 2242/580/1217 2254/579/1202 2253/581/1200
f 2241/582/1216 2253/581/1200 2252/583/1197
f 2240/563/1215 2252/583/1197 2251/584/1195
f 2239/565/1214 2251/584/1195 2250/585/1213
f 2238/567/1212 2250/585/1213 2249/586/1193
f 2237/569/1211 2249/586/1193 2248/587/1191
f 2236/588/1210 2248/587/1191 2247/589/1189
f 2235/590/1209 2247/589/1189 2246/591/1186
f 2234/593/1208 2246/608/1186 2245/594/1694
f 2233/595/1692 2245/594/1694 2097/596/1695
f 2256/462/1673 2268/461/1672 2267/598/1203
f 2267/599/1203 2266/601/1201 2254/579/1202
f 2266/601/1201 2265/602/1199 2253/581/1200
f 2265/602/1199 2264/614/1198 2252/583/1197
f 2252/583/1197 2264/614/1198 2263/603/1196
f 2251/584/1195 2263/603/1196 2262/604/1194
f 2262/604/1194 2261/605/1192 2249/586/1193
f 2261/605/1192 2260/606/1190 2248/587/1191
f 2260/606/1190 2259/607/1188 2247/589/1189
f 2259/607/1188 2258/621/1187 2246/591/1186
f 2246/608/1186 2258/623/1187 2257/609/1697
f 2245/594/1694 2257/609/1697 2098/610/1698
f 2280/464/1675 2279/703/1326 2267/598/1203
f 2279/611/1326 2278/612/1325 2266/601/1201
f 2278/612/1325 2277/613/1324 2265/602/1199
f 2277/613/1324 2276/615/1323 2264/614/1198
f 2276/615/1323 2275/616/1322 2263/603/1196
f 2275/616/1322 2274/617/1321 2262/604/1194
f 2274/617/1321 2273/618/1320 2261/605/1192
f 2273/618/1320 2272/619/1319 2260/606/1190
f 2272/619/1319 2271/620/1318 2259/607/1188
f 2271/620/1318 2270/704/1317 2258/621/1187
f 2270/622/1317 2269/687/1700 2257/609/1697
f 2257/609/1697 2269/687/1700 2099/624/1699
f 2292/469/1677 2291/627/1314 2279/625/1326
f 2291/627/1314 2290/629/1313 2278/628/1325
f 2290/629/1313 2289/631/1312 2277/630/1324
f 2289/631/1312 2288/633/1311 2276/632/1323
f 2288/633/1311 2287/635/1310 2275/634/1322
f 2287/635/1310 2286/637/1309 2274/636/1321
f 2286/637/1309 2285/639/1308 2273/638/1320
f 2285/639/1308 2284/641/1307 2272/640/1319
f 2284/641/1307 2283/643/1306 2271/642/1318
f 2283/643/1306 2282/645/1305 2270/644/1317
f 2282/645/1305 2281/659/1702 2269/646/1700
f 2269/646/1700 2281/659/1702 2100/647/1701
f 2304/468/1679 2303/649/1303 2291/627/1314
f 2303/649/1303 2302/650/1301 2290/629/1313
f 2302/650/1301 2301/651/1300 2289/631/1312
f 2301/651/1300 2300/652/1299 2288/633/1311
f 2300/652/1299 2299/653/1298 2287/635/1310
f 2299/653/1298 2298/654/1297 2286/637/1309
f 2298/654/1297 2297/655/1296 2285/639/1308
f 2297/655/1296 2296/656/1294 2284/641/1307
f 2296/656/1294 2295/657/1293 2283/643/1306
f 2295/657/1293 2294/658/1292 2282/645/1305
f 2294/658/1292 2293/669/1704 2281/659/1702
f 2281/659/1702 2293/669/1704 2089/660/1703
f 2161/446/1659 2162/472/1302 2303/649/1303
f 2162/472/1302 2163/661/1289 2302/650/1301
f 2163/661/1289 2164/662/1288 2301/651/1300
f 2164/662/1288 2165/663/1287 2300/652/1299
f 2165/663/1287 2166/664/1286 2299/653/1298
f 2166/664/1286 2167/665/1285 2298/654/1297
f 2167/665/1285 2168/666/1295 2297/655/1296
f 2168/666/1295 2169/667/1284 2296/656/1294
f 2169/667/1284 2170/668/1283 2295/657/1293
f 2170/668/1283 2171/491/1282 2294/658/1292
f 2171/491/1282 2172/493/1682 2293/669/1704
f 2293/669/1704 2172/493/1682 2090/495/1684
o Vert.003
v 0.534652 -0.407387 -0.349629
v 0.523621 -0.374070 -0.387575
v 0.526948 -0.326590 -0.408368
v 0.543560 -0.277599 -0.406680
v 0.569000 -0.240221 -0.382971
v 0.596465 -0.224477 -0.343575
v 0.618586 -0.234581 -0.299063
v 0.629545 -0.267870 -0.261213
v 0.626443 -0.315438 -0.240118
v 0.609967 -0.364483 -0.241623
v 0.584477 -0.401841 -0.265399
v 0.556892 -0.417538 -0.304956
v 1.336215 -1.055010 -0.891503
v 1.335020 -1.093641 -0.915857
v 1.333333 -1.111435 -0.957827
v 1.331634 -1.103451 -1.005643
v 1.330402 -1.071653 -1.045967
v 1.329983 -1.024467 -1.067712
v 1.330453 -0.974776 -1.065769
v 1.331659 -0.936078 -1.041212
v 1.333273 -0.918757 -1.000669
v 1.334889 -0.927297 -0.954525
v 1.336096 -0.959255 -0.914683
v 1.336597 -1.005896 -0.891298
v 1.336545 -1.059599 -0.881320
v 1.335211 -1.102692 -0.908486
v 1.333324 -1.122584 -0.955433
v 1.331421 -1.113730 -1.008928
v 1.330048 -1.078259 -1.053913
v 1.329586 -1.025584 -1.078058
v 1.330115 -0.970116 -1.075785
v 1.331461 -0.926926 -1.048329
v 1.333259 -0.907632 -1.003183
v 1.335062 -0.917166 -0.951728
v 1.336407 -0.952828 -0.907315
v 1.336971 -1.004825 -0.881133
v 1.388788 -1.057264 -0.881196
v 1.387454 -1.099521 -0.908417
v 1.385581 -1.119147 -0.954880
v 1.383700 -1.110696 -1.007570
v 1.382354 -1.076178 -1.051606
v 1.381916 -1.024747 -1.074898
v 1.382458 -0.970497 -1.072149
v 1.383807 -0.928145 -1.044643
v 1.385593 -0.909090 -0.999899
v 1.387375 -0.918199 -0.949189
v 1.388690 -0.952925 -0.905781
v 1.389221 -1.003736 -0.880620
v 0.448889 -0.379740 -0.302698
v 0.437855 -0.346422 -0.340648
v 0.441189 -0.298945 -0.361431
v 0.457833 -0.249966 -0.359701
v 0.483316 -0.212605 -0.335934
v 0.510823 -0.196877 -0.296483
v 0.532974 -0.206994 -0.251930
v 0.543942 -0.240286 -0.214067
v 0.540777 -0.287829 -0.193057
v 0.524262 -0.336859 -0.194614
v 0.498732 -0.374201 -0.218445
v 0.471154 -0.389901 -0.257991
v 0.527371 -0.422008 -0.354127
v 0.514466 -0.383030 -0.398520
v 0.518373 -0.327489 -0.422826
v 0.537806 -0.270174 -0.420853
v 0.567603 -0.226459 -0.393069
v 0.599750 -0.208046 -0.346960
v 0.625603 -0.219857 -0.294919
v 0.638414 -0.258797 -0.250652
v 0.634823 -0.314462 -0.225922
v 0.615538 -0.371836 -0.227696
v 0.585713 -0.415540 -0.255517
v 0.553388 -0.433883 -0.301867
v 0.441597 -0.394403 -0.307326
v 0.428689 -0.355424 -0.351724
v 0.432604 -0.299887 -0.376018
v 0.452074 -0.242586 -0.373996
v 0.481890 -0.198878 -0.346186
v 0.514080 -0.180482 -0.300019
v 0.540006 -0.192322 -0.247881
v 0.552827 -0.231266 -0.203600
v 0.549168 -0.286904 -0.178961
v 0.529838 -0.344260 -0.180796
v 0.499965 -0.387946 -0.208682
v 0.467644 -0.406290 -0.255025
v 1.210843 -1.018549 -0.884763
v 1.138730 -0.982393 -0.865720
v 1.110629 -1.015312 -0.884582
v 1.183022 -1.052117 -0.903216
v 1.081502 -1.026837 -0.919234
v 1.153092 -1.064673 -0.938502
v 1.059066 -1.013761 -0.960690
v 1.129138 -1.052504 -0.980490
v 1.049485 -0.979254 -0.997409
v 1.117756 -1.018736 -1.017901
v 1.055528 -0.932474 -1.019462
v 1.122051 -0.972264 -1.040454
v 1.075696 -0.886174 -1.021169
v 1.140714 -0.926122 -1.043794
v 1.104552 -0.853098 -1.002177
v 1.168720 -0.892535 -1.026241
v 1.134129 -0.842240 -0.967481
v 1.198620 -0.880508 -0.991986
v 1.156230 -0.856276 -0.926536
v 1.222454 -0.893241 -0.950009
v 1.165031 -0.890979 -0.890119
v 1.233694 -0.927149 -0.911897
v 1.158552 -0.937055 -0.867990
v 1.229360 -0.972883 -0.887859
v 0.993412 -0.863835 -0.781011
v 0.934811 -0.789304 -0.726069
v 0.889380 -0.791594 -0.746762
v 0.945262 -0.872353 -0.796419
v 0.856611 -0.775948 -0.780704
v 0.906308 -0.861478 -0.827764
v 0.845080 -0.746487 -0.818964
v 0.887139 -0.834294 -0.866281
v 0.857896 -0.710872 -0.851157
v 0.892709 -0.798400 -0.901843
v 0.891813 -0.678550 -0.868674
v 0.921192 -0.763417 -0.924892
v 0.937899 -0.658292 -0.866917
v 0.964745 -0.738459 -0.929122
v 0.983845 -0.655491 -0.845703
v 1.011808 -0.730000 -0.913602
v 1.017165 -0.671176 -0.811178
v 1.050184 -0.740264 -0.882704
v 1.028727 -0.701197 -0.772896
v 1.069886 -0.766786 -0.844831
v 1.015407 -0.737275 -0.741051
v 1.065422 -0.802662 -0.809506
v 0.980949 -0.769500 -0.723930
v 1.037484 -0.838279 -0.786008
v 0.880437 -0.666304 -0.627696
v 0.804942 -0.563987 -0.536797
v 0.775852 -0.540028 -0.570406
v 0.841529 -0.653070 -0.656329
v 0.769591 -0.503925 -0.604014
v 0.821656 -0.622798 -0.691139
v 0.787133 -0.465273 -0.629083
v 0.826321 -0.583715 -0.722695
v 0.823790 -0.433865 -0.639424
v 0.854247 -0.546415 -0.742261
v 0.870314 -0.417722 -0.632317
v 0.897718 -0.521010 -0.744587
v 0.914728 -0.421250 -0.609283
v 0.944908 -0.514207 -0.729132
v 0.945151 -0.443905 -0.576069
v 0.983185 -0.527645 -0.700201
v 0.953031 -0.480009 -0.541483
v 1.002483 -0.557658 -0.665692
v 0.935767 -0.519941 -0.515065
v 0.997832 -0.596341 -0.634868
v 0.897799 -0.552628 -0.504333
v 0.970546 -0.633409 -0.615571
v 0.849666 -0.568792 -0.512392
v 0.927669 -0.659060 -0.612906
v 0.735241 -0.502293 -0.481456
v 0.622507 -0.437093 -0.403625
v 0.609354 -0.402699 -0.440040
v 0.716986 -0.473652 -0.517806
v 0.616091 -0.356453 -0.462780
v 0.717249 -0.430444 -0.544027
v 0.640734 -0.310699 -0.466087
v 0.736548 -0.384022 -0.552671
v 0.676775 -0.277788 -0.448952
v 0.769850 -0.347368 -0.540904
v 0.714338 -0.266474 -0.416199
v 0.807782 -0.330872 -0.511885
v 0.743345 -0.279762 -0.376601
v 0.839718 -0.339003 -0.473806
v 0.756338 -0.314173 -0.340363
v 0.857078 -0.369204 -0.437195
v 0.749991 -0.360526 -0.316988
v 0.855570 -0.412956 -0.411853
v 0.725476 -0.406206 -0.313446
v 0.835892 -0.458336 -0.404403
v 0.689546 -0.439082 -0.330467
v 0.803479 -0.493451 -0.416430
v 0.651788 -0.450364 -0.363583
v 0.766809 -0.509422 -0.444530
v -0.534652 -0.407387 -0.349629
v -0.523621 -0.374070 -0.387575
v -0.526948 -0.326590 -0.408368
v -0.543560 -0.277599 -0.406680
v -0.569000 -0.240221 -0.382971
v -0.596465 -0.224477 -0.343575
v -0.618586 -0.234581 -0.299063
v -0.629545 -0.267870 -0.261213
v -0.626443 -0.315438 -0.240118
v -0.609967 -0.364483 -0.241623
v -0.584477 -0.401841 -0.265399
v -0.556892 -0.417538 -0.304956
v -1.336215 -1.055010 -0.891503
v -1.335020 -1.093641 -0.915857
v -1.333333 -1.111435 -0.957827
v -1.331634 -1.103451 -1.005643
v -1.330402 -1.071653 -1.045967
v -1.329983 -1.024467 -1.067712
v -1.330453 -0.974776 -1.065769
v -1.331659 -0.936078 -1.041212
v -1.333273 -0.918757 -1.000669
v -1.334889 -0.927297 -0.954525
v -1.336096 -0.959255 -0.914683
v -1.336597 -1.005896 -0.891298
v -1.336545 -1.059599 -0.881320
v -1.335211 -1.102692 -0.908486
v -1.333324 -1.122584 -0.955433
v -1.331421 -1.113730 -1.008928
v -1.330048 -1.078259 -1.053913
v -1.329586 -1.025584 -1.078058
v -1.330115 -0.970116 -1.075785
v -1.331461 -0.926926 -1.048329
v -1.333259 -0.907632 -1.003183
v -1.335062 -0.917166 -0.951728
v -1.336407 -0.952828 -0.907315
v -1.336971 -1.004825 -0.881133
v -1.388788 -1.057264 -0.881196
v -1.387454 -1.099521 -0.908417
v -1.385581 -1.119147 -0.954880
v -1.383700 -1.110696 -1.007570
v -1.382354 -1.076178 -1.051606
v -1.381916 -1.024747 -1.074898
v -1.382458 -0.970497 -1.072149
v -1.383807 -0.928145 -1.044643
v -1.385593 -0.909090 -0.999899
v -1.387375 -0.918199 -0.949189
v -1.388690 -0.952925 -0.905781
v -1.389221 -1.003736 -0.880620
v -0.448889 -0.379740 -0.302698
v -0.437855 -0.346422 -0.340648
v -0.441189 -0.298945 -0.361431
v -0.457833 -0.249966 -0.359701
v -0.483316 -0.212605 -0.335934
v -0.510823 -0.196877 -0.296483
v -0.532974 -0.206994 -0.251930
v -0.543942 -0.240286 -0.214067
v -0.540777 -0.287829 -0.193057
v -0.524262 -0.336859 -0.194614
v -0.498732 -0.374201 -0.218445
v -0.471154 -0.389901 -0.257991
v -0.527371 -0.422008 -0.354127
v -0.514466 -0.383030 -0.398520
v -0.518373 -0.327489 -0.422826
v -0.537806 -0.270174 -0.420853
v -0.567603 -0.226459 -0.393069
v -0.599750 -0.208046 -0.346960
v -0.625603 -0.219857 -0.294919
v -0.638414 -0.258797 -0.250652
v -0.634823 -0.314462 -0.225922
v -0.615538 -0.371836 -0.227696
v -0.585713 -0.415540 -0.255517
v -0.553388 -0.433883 -0.301867
v -0.441597 -0.394403 -0.307326
v -0.428689 -0.355424 -0.351724
v -0.432604 -0.299887 -0.376018
v -0.452074 -0.242586 -0.373996
v -0.481890 -0.198878 -0.346186
v -0.514080 -0.180482 -0.300019
v -0.540006 -0.192322 -0.247881
v -0.552827 -0.231266 -0.203600
v -0.549168 -0.286904 -0.178961
v -0.529838 -0.344260 -0.180796
v -0.499965 -0.387946 -0.208682
v -0.467644 -0.406290 -0.255025
v -1.210843 -1.018549 -0.884763
v -1.138730 -0.982393 -0.865720
v -1.110629 -1.015312 -0.884582
v -1.183022 -1.052117 -0.903216
v -1.081502 -1.026837 -0.919234
v -1.153092 -1.064673 -0.938502
v -1.059066 -1.013761 -0.960690
v -1.129138 -1.052504 -0.980490
v -1.049485 -0.979254 -0.997409
v -1.117756 -1.018736 -1.017901
v -1.055528 -0.932474 -1.019462
v -1.122051 -0.972264 -1.040454
v -1.075696 -0.886174 -1.021169
v -1.140714 -0.926122 -1.043794
v -1.104552 -0.853098 -1.002177
v -1.168720 -0.892535 -1.026241
v -1.134129 -0.842240 -0.967481
v -1.198620 -0.880508 -0.991986
v -1.156230 -0.856276 -0.926536
v -1.222454 -0.893241 -0.950009
v -1.165031 -0.890979 -0.890119
v -1.233694 -0.927149 -0.911897
v -1.158552 -0.937055 -0.867990
v -1.229360 -0.972883 -0.887859
v -0.993412 -0.863835 -0.781011
v -0.934811 -0.789304 -0.726069
v -0.889380 -0.791594 -0.746762
v -0.945262 -0.872353 -0.796419
v -0.856611 -0.775948 -0.780704
v -0.906308 -0.861478 -0.827764
v -0.845080 -0.746487 -0.818964
v -0.887139 -0.834294 -0.866281
v -0.857896 -0.710872 -0.851157
v -0.892709 -0.798400 -0.901843
v -0.891813 -0.678550 -0.868674
v -0.921192 -0.763417 -0.924892
v -0.937899 -0.658292 -0.866917
v -0.964745 -0.738459 -0.929122
v -0.983845 -0.655491 -0.845703
v -1.011808 -0.730000 -0.913602
v -1.017165 -0.671176 -0.811178
v -1.050184 -0.740264 -0.882704
v -1.028727 -0.701197 -0.772896
v -1.069886 -0.766786 -0.844831
v -1.015407 -0.737275 -0.741051
v -1.065422 -0.802662 -0.809506
v -0.980949 -0.769500 -0.723930
v -1.037484 -0.838279 -0.786008
v -0.880437 -0.666304 -0.627696
v -0.804942 -0.563987 -0.536797
v -0.775852 -0.540028 -0.570406
v -0.841529 -0.653070 -0.656329
v -0.769591 -0.503925 -0.604014
v -0.821656 -0.622798 -0.691139
v -0.787133 -0.465273 -0.629083
v -0.826321 -0.583715 -0.722695
v -0.823790 -0.433865 -0.639424
v -0.854247 -0.546415 -0.742261
v -0.870314 -0.417722 -0.632317
v -0.897718 -0.521010 -0.744587
v -0.914728 -0.421250 -0.609283
v -0.944908 -0.514207 -0.729132
v -0.945151 -0.443905 -0.576069
v -0.983185 -0.527645 -0.700201
v -0.953031 -0.480009 -0.541483
v -1.002483 -0.557658 -0.665692
v -0.935767 -0.519941 -0.515065
v -0.997832 -0.596341 -0.634868
v -0.897799 -0.552628 -0.504333
v -0.970546 -0.633409 -0.615571
v -0.849666 -0.568792 -0.512392
v -0.927669 -0.659060 -0.612906
v -0.735241 -0.502293 -0.481456
v -0.622507 -0.437093 -0.403625
v -0.609354 -0.402699 -0.440040
v -0.716986 -0.473652 -0.517806
v -0.616091 -0.356453 -0.462780
v -0.717249 -0.430444 -0.544027
v -0.640734 -0.310699 -0.466087
v -0.736548 -0.384022 -0.552671
v -0.676775 -0.277788 -0.448952
v -0.769850 -0.347368 -0.540904
v -0.714338 -0.266474 -0.416199
v -0.807782 -0.330872 -0.511885
v -0.743345 -0.279762 -0.376601
v -0.839718 -0.339003 -0.473806
v -0.756338 -0.314173 -0.340363
v -0.857078 -0.369204 -0.437195
v -0.749991 -0.360526 -0.316988
v -0.855570 -0.412956 -0.411853
v -0.725476 -0.406206 -0.313446
v -0.835892 -0.458336 -0.404403
v -0.689546 -0.439082 -0.330467
v -0.803479 -0.493451 -0.416430
v -0.651788 -0.450364 -0.363583
v -0.766809 -0.509422 -0.444530
v 0.534652 -0.407387 0.349629
v 0.523621 -0.374070 0.387575
v 0.526948 -0.326590 0.408368
v 0.543560 -0.277599 0.406680
v 0.569000 -0.240221 0.382971
v 0.596465 -0.224477 0.343575
v 0.618586 -0.234581 0.299063
v 0.629545 -0.267870 0.261213
v 0.626443 -0.315438 0.240118
v 0.609967 -0.364483 0.241623
v 0.584477 -0.401841 0.265399
v 0.556892 -0.417538 0.304956
v 1.336215 -1.055010 0.891503
v 1.335020 -1.093641 0.915857
v 1.333333 -1.111435 0.957827
v 1.331634 -1.103451 1.005643
v 1.330402 -1.071653 1.045967
v 1.329983 -1.024467 1.067712
v 1.330453 -0.974776 1.065769
v 1.331659 -0.936078 1.041212
v 1.333273 -0.918757 1.000669
v 1.334889 -0.927297 0.954525
v 1.336096 -0.959255 0.914683
v 1.336597 -1.005896 0.891298
v 1.336545 -1.059599 0.881320
v 1.335211 -1.102692 0.908486
v 1.333324 -1.122584 0.955433
v 1.331421 -1.113730 1.008928
v 1.330048 -1.078259 1.053913
v 1.329586 -1.025584 1.078058
v 1.330115 -0.970116 1.075785
v 1.331461 -0.926926 1.048329
v 1.333259 -0.907632 1.003183
v 1.335062 -0.917166 0.951728
v 1.336407 -0.952828 0.907315
v 1.336971 -1.004825 0.881133
v 1.388788 -1.057264 0.881196
v 1.387454 -1.099521 0.908417
v 1.385581 -1.119147 0.954880
v 1.383700 -1.110696 1.007570
v 1.382354 -1.076178 1.051606
v 1.381916 -1.024747 1.074898
v 1.382458 -0.970497 1.072149
v 1.383807 -0.928145 1.044643
v 1.385593 -0.909090 0.999899
v 1.387375 -0.918199 0.949189
v 1.388690 -0.952925 0.905781
v 1.389221 -1.003736 0.880620
v 0.448889 -0.379740 0.302698
v 0.437855 -0.346422 0.340648
v 0.441189 -0.298945 0.361431
v 0.457833 -0.249966 0.359701
v 0.483316 -0.212605 0.335934
v 0.510823 -0.196877 0.296483
v 0.532974 -0.206994 0.251930
v 0.543942 -0.240286 0.214067
v 0.540777 -0.287829 0.193057
v 0.524262 -0.336859 0.194614
v 0.498732 -0.374201 0.218445
v 0.471154 -0.389901 0.257991
v 0.527371 -0.422008 0.354127
v 0.514466 -0.383030 0.398520
v 0.518373 -0.327489 0.422826
v 0.537806 -0.270174 0.420853
v 0.567603 -0.226459 0.393069
v 0.599750 -0.208046 0.346960
v 0.625603 -0.219857 0.294919
v 0.638414 -0.258797 0.250652
v 0.634823 -0.314462 0.225922
v 0.615538 -0.371836 0.227696
v 0.585713 -0.415540 0.255517
v 0.553388 -0.433883 0.301867
v 0.441597 -0.394403 0.307326
v 0.428689 -0.355424 0.351724
v 0.432604 -0.299887 0.376018
v 0.452074 -0.242586 0.373996
v 0.481890 -0.198878 0.346186
v 0.514080 -0.180482 0.300019
v 0.540006 -0.192322 0.247881
v 0.552827 -0.231266 0.203600
v 0.549168 -0.286904 0.178961
v 0.529838 -0.344260 0.180796
v 0.499965 -0.387946 0.208682
v 0.467644 -0.406290 0.255025
v 1.210843 -1.018549 0.884763
v 1.138730 -0.982393 0.865720
v 1.110629 -1.015312 0.884582
v 1.183022 -1.052117 0.903216
v 1.081502 -1.026837 0.919234
v 1.153092 -1.064673 0.938502
v 1.059066 -1.013761 0.960690
v 1.129138 -1.052504 0.980490
v 1.049485 -0.979254 0.997409
v 1.117756 -1.018736 1.017901
v 1.055528 -0.932474 1.019462
v 1.122051 -0.972264 1.040454
v 1.075696 -0.886174 1.021169
v 1.140714 -0.926122 1.043794
v 1.104552 -0.853098 1.002177
v 1.168720 -0.892535 1.026241
v 1.134129 -0.842240 0.967481
v 1.198620 -0.880508 0.991986
v 1.156230 -0.856276 0.926536
v 1.222454 -0.893241 0.950009
v 1.165031 -0.890979 0.890119
v 1.233694 -0.927149 0.911897
v 1.158552 -0.937055 0.867990
v 1.229360 -0.972883 0.887859
v 0.993412 -0.863835 0.781011
v 0.934811 -0.789304 0.726069
v 0.889380 -0.791594 0.746762
v 0.945262 -0.872353 0.796419
v 0.856611 -0.775948 0.780704
v 0.906308 -0.861478 0.827764
v 0.845080 -0.746487 0.818964
v 0.887139 -0.834294 0.866281
v 0.857896 -0.710872 0.851157
v 0.892709 -0.798400 0.901843
v 0.891813 -0.678550 0.868674
v 0.921192 -0.763417 0.924892
v 0.937899 -0.658292 0.866917
v 0.964745 -0.738459 0.929122
v 0.983845 -0.655491 0.845703
v 1.011808 -0.730000 0.913602
v 1.017165 -0.671176 0.811178
v 1.050184 -0.740264 0.882704
v 1.028727 -0.701197 0.772896
v 1.069886 -0.766786 0.844831
v 1.015407 -0.737275 0.741051
v 1.065422 -0.802662 0.809506
v 0.980949 -0.769500 0.723930
v 1.037484 -0.838279 0.786008
v 0.880437 -0.666304 0.627696
v 0.804942 -0.563987 0.536797
v 0.775852 -0.540028 0.570406
v 0.841529 -0.653070 0.656329
v 0.769591 -0.503925 0.604014
v 0.821656 -0.622798 0.691139
v 0.787133 -0.465273 0.629083
v 0.826321 -0.583715 0.722695
v 0.823790 -0.433865 0.639424
v 0.854247 -0.546415 0.742261
v 0.870314 -0.417722 0.632317
v 0.897718 -0.521010 0.744587
v 0.914728 -0.421250 0.609283
v 0.944908 -0.514207 0.729132
v 0.945151 -0.443905 0.576069
v 0.983185 -0.527645 0.700201
v 0.953031 -0.480009 0.541483
v 1.002483 -0.557658 0.665692
v 0.935767 -0.519941 0.515065
v 0.997832 -0.596341 0.634868
v 0.897799 -0.552628 0.504333
v 0.970546 -0.633409 0.615571
v 0.849666 -0.568792 0.512392
v 0.927669 -0.659060 0.612906
v 0.735241 -0.502293 0.481456
v 0.622507 -0.437093 0.403625
v 0.609354 -0.402699 0.440040
v 0.716986 -0.473652 0.517806
v 0.616091 -0.356453 0.462780
v 0.717249 -0.430444 0.544027
v 0.640734 -0.310699 0.466087
v 0.736548 -0.384022 0.552671
v 0.676775 -0.277788 0.448952
v 0.769850 -0.347368 0.540904
v 0.714338 -0.266474 0.416199
v 0.807782 -0.330872 0.511885
v 0.743345 -0.279762 0.376601
v 0.839718 -0.339003 0.473806
v 0.756338 -0.314173 0.340363
v 0.857078 -0.369204 0.437195
v 0.749991 -0.360526 0.316988
v 0.855570 -0.412956 0.411853
v 0.725476 -0.406206 0.313446
v 0.835892 -0.458336 0.404403
v 0.689546 -0.439082 0.330467
v 0.803479 -0.493451 0.416430
v 0.651788 -0.450364 0.363583
v 0.766809 -0.509422 0.444530
v -0.534652 -0.407387 0.349629
v -0.523621 -0.374070 0.387575
v -0.526948 -0.326590 0.408368
v -0.543560 -0.277599 0.406680
v -0.569000 -0.240221 0.382971
v -0.596465 -0.224477 0.343575
v -0.618586 -0.234581 0.299063
v -0.629545 -0.267870 0.261213
v -0.626443 -0.315438 0.240118
v -0.609967 -0.364483 0.241623
v -0.584477 -0.401841 0.265399
v -0.556892 -0.417538 0.304956
v -1.336215 -1.055010 0.891503
v -1.335020 -1.093641 0.915857
v -1.333333 -1.111435 0.957827
v -1.331634 -1.103451 1.005643
v -1.330402 -1.071653 1.045967
v -1.329983 -1.024467 1.067712
v -1.330453 -0.974776 1.065769
v -1.331659 -0.936078 1.041212
v -1.333273 -0.918757 1.000669
v -1.334889 -0.927297 0.954525
v -1.336096 -0.959255 0.914683
v -1.336597 -1.005896 0.891298
v -1.336545 -1.059599 0.881320
v -1.335211 -1.102692 0.908486
v -1.333324 -1.122584 0.955433
v -1.331421 -1.113730 1.008928
v -1.330048 -1.078259 1.053913
v -1.329586 -1.025584 1.078058
v -1.330115 -0.970116 1.075785
v -1.331461 -0.926926 1.048329
v -1.333259 -0.907632 1.003183
v -1.335062 -0.917166 0.951728
v -1.336407 -0.952828 0.907315
v -1.336971 -1.004825 0.881133
v -1.388788 -1.057264 0.881196
v -1.387454 -1.099521 0.908417
v -1.385581 -1.119147 0.954880
v -1.383700 -1.110696 1.007570
v -1.382354 -1.076178 1.051606
v -1.381916 -1.024747 1.074898
v -1.382458 -0.970497 1.072149
v -1.383807 -0.928145 1.044643
v -1.385593 -0.909090 0.999899
v -1.387375 -0.918199 0.949189
v -1.388690 -0.952925 0.905781
v -1.389221 -1.003736 0.880620
v -0.448889 -0.379740 0.302698
v -0.437855 -0.346422 0.340648
v -0.441189 -0.298945 0.361431
v -0.457833 -0.249966 0.359701
v -0.483316 -0.212605 0.335934
v -0.510823 -0.196877 0.296483
v -0.532974 -0.206994 0.251930
v -0.543942 -0.240286 0.214067
v -0.540777 -0.287829 0.193057
v -0.524262 -0.336859 0.194614
v -0.498732 -0.374201 0.218445
v -0.471154 -0.389901 0.257991
v -0.527371 -0.422008 0.354127
v -0.514466 -0.383030 0.398520
v -0.518373 -0.327489 0.422826
v -0.537806 -0.270174 0.420853
v -0.567603 -0.226459 0.393069
v -0.599750 -0.208046 0.346960
v -0.625603 -0.219857 0.294919
v -0.638414 -0.258797 0.250652
v -0.634823 -0.314462 0.225922
v -0.615538 -0.371836 0.227696
v -0.585713 -0.415540 0.255517
v -0.553388 -0.433883 0.301867
v -0.441597 -0.394403 0.307326
v -0.428689 -0.355424 0.351724
v -0.432604 -0.299887 0.376018
v -0.452074 -0.242586 0.373996
v -0.481890 -0.198878 0.346186
v -0.514080 -0.180482 0.300019
v -0.540006 -0.192322 0.247881
v -0.552827 -0.231266 0.203600
v -0.549168 -0.286904 0.178961
v -0.529838 -0.344260 0.180796
v -0.499965 -0.387946 0.208682
v -0.467644 -0.406290 0.255025
v -1.210843 -1.018549 0.884763
v -1.138730 -0.982393 0.865720
v -1.110629 -1.015312 0.884582
v -1.183022 -1.052117 0.903216
v -1.081502 -1.026837 0.919234
v -1.153092 -1.064673 0.938502
v -1.059066 -1.013761 0.960690
v -1.129138 -1.052504 0.980490
v -1.049485 -0.979254 0.997409
v -1.117756 -1.018736 1.017901
v -1.055528 -0.932474 1.019462
v -1.122051 -0.972264 1.040454
v -1.075696 -0.886174 1.021169
v -1.140714 -0.926122 1.043794
v -1.104552 -0.853098 1.002177
v -1.168720 -0.892535 1.026241
v -1.134129 -0.842240 0.967481
v -1.198620 -0.880508 0.991986
v -1.156230 -0.856276 0.926536
v -1.222454 -0.893241 0.950009
v -1.165031 -0.890979 0.890119
v -1.233694 -0.927149 0.911897
v -1.158552 -0.937055 0.867990
v -1.229360 -0.972883 0.887859
v -0.993412 -0.863835 0.781011
v -0.934811 -0.789304 0.726069
v -0.889380 -0.791594 0.746762
v -0.945262 -0.872353 0.796419
v -0.856611 -0.775948 0.780704
v -0.906308 -0.861478 0.827764
v -0.845080 -0.746487 0.818964
v -0.887139 -0.834294 0.866281
v -0.857896 -0.710872 0.851157
v -0.892709 -0.798400 0.901843
v -0.891813 -0.678550 0.868674
v -0.921192 -0.763417 0.924892
v -0.937899 -0.658292 0.866917
v -0.964745 -0.738459 0.929122
v -0.983845 -0.655491 0.845703
v -1.011808 -0.730000 0.913602
v -1.017165 -0.671176 0.811178
v -1.050184 -0.740264 0.882704
v -1.028727 -0.701197 0.772896
v -1.069886 -0.766786 0.844831
v -1.015407 -0.737275 0.741051
v -1.065422 -0.802662 0.809506
v -0.980949 -0.769500 0.723930
v -1.037484 -0.838279 0.786008
v -0.880437 -0.666304 0.627696
v -0.804942 -0.563987 0.536797
v -0.775852 -0.540028 0.570406
v -0.841529 -0.653070 0.656329
v -0.769591 -0.503925 0.604014
v -0.821656 -0.622798 0.691139
v -0.787133 -0.465273 0.629083
v -0.826321 -0.583715 0.722695
v -0.823790 -0.433865 0.639424
v -0.854247 -0.546415 0.742261
v -0.870314 -0.417722 0.632317
v -0.897718 -0.521010 0.744587
v -0.914728 -0.421250 0.609283
v -0.944908 -0.514207 0.729132
v -0.945151 -0.443905 0.576069
v -0.983185 -0.527645 0.700201
v -0.953031 -0.480009 0.541483
v -1.002483 -0.557658 0.665692
v -0.935767 -0.519941 0.515065
v -0.997832 -0.596341 0.634868
v -0.897799 -0.552628 0.504333
v -0.970546 -0.633409 0.615571
v -0.849666 -0.568792 0.512392
v -0.927669 -0.659060 0.612906
v -0.735241 -0.502293 0.481456
v -0.622507 -0.437093 0.403625
v -0.609354 -0.402699 0.440040
v -0.716986 -0.473652 0.517806
v -0.616091 -0.356453 0.462780
v -0.717249 -0.430444 0.544027
v -0.640734 -0.310699 0.466087
v -0.736548 -0.384022 0.552671
v -0.676775 -0.277788 0.448952
v -0.769850 -0.347368 0.540904
v -0.714338 -0.266474 0.416199
v -0.807782 -0.330872 0.511885
v -0.743345 -0.279762 0.376601
v -0.839718 -0.339003 0.473806
v -0.756338 -0.314173 0.340363
v -0.857078 -0.369204 0.437195
v -0.749991 -0.360526 0.316988
v -0.855570 -0.412956 0.411853
v -0.725476 -0.406206 0.313446
v -0.835892 -0.458336 0.404403
v -0.689546 -0.439082 0.330467
v -0.803479 -0.493451 0.416430
v -0.651788 -0.450364 0.363583
v -0.766809 -0.509422 0.444530
v 0.534652 0.407387 -0.349629
v 0.523621 0.374070 -0.387575
v 0.526948 0.326590 -0.408368
v 0.543560 0.277599 -0.406680
v 0.569000 0.240221 -0.382971
v 0.596465 0.224477 -0.343575
v 0.618586 0.234581 -0.299063
v 0.629545 0.267870 -0.261213
v 0.626443 0.315438 -0.240118
v 0.609967 0.364483 -0.241623
v 0.584477 0.401841 -0.265399
v 0.556892 0.417538 -0.304956
v 1.336215 1.055010 -0.891503
v 1.335020 1.093641 -0.915857
v 1.333333 1.111435 -0.957827
v 1.331634 1.103451 -1.005643
v 1.330402 1.071653 -1.045967
v 1.329983 1.024467 -1.067712
v 1.330453 0.974776 -1.065769
v 1.331659 0.936078 -1.041212
v 1.333273 0.918757 -1.000669
v 1.334889 0.927297 -0.954525
v 1.336096 0.959255 -0.914683
v 1.336597 1.005896 -0.891298
v 1.336545 1.059599 -0.881320
v 1.335211 1.102692 -0.908486
v 1.333324 1.122584 -0.955433
v 1.331421 1.113730 -1.008928
v 1.330048 1.078259 -1.053913
v 1.329586 1.025584 -1.078058
v 1.330115 0.970116 -1.075785
v 1.331461 0.926926 -1.048329
v 1.333259 0.907632 -1.003183
v 1.335062 0.917166 -0.951728
v 1.336407 0.952828 -0.907315
v 1.336971 1.004825 -0.881133
v 1.388788 1.057264 -0.881196
v 1.387454 1.099521 -0.908417
v 1.385581 1.119147 -0.954880
v 1.383700 1.110696 -1.007570
v 1.382354 1.076178 -1.051606
v 1.381916 1.024747 -1.074898
v 1.382458 0.970497 -1.072149
v 1.383807 0.928145 -1.044643
v 1.385593 0.909090 -0.999899
v 1.387375 0.918199 -0.949189
v 1.388690 0.952925 -0.905781
v 1.389221 1.003736 -0.880620
v 0.448889 0.379740 -0.302698
v 0.437855 0.346422 -0.340648
v 0.441189 0.298945 -0.361431
v 0.457833 0.249966 -0.359701
v 0.483316 0.212605 -0.335934
v 0.510823 0.196877 -0.296483
v 0.532974 0.206994 -0.251930
v 0.543942 0.240286 -0.214067
v 0.540777 0.287829 -0.193057
v 0.524262 0.336859 -0.194614
v 0.498732 0.374201 -0.218445
v 0.471154 0.389901 -0.257991
v 0.527371 0.422008 -0.354127
v 0.514466 0.383030 -0.398520
v 0.518373 0.327489 -0.422826
v 0.537806 0.270174 -0.420853
v 0.567603 0.226459 -0.393069
v 0.599750 0.208046 -0.346960
v 0.625603 0.219857 -0.294919
v 0.638414 0.258797 -0.250652
v 0.634823 0.314462 -0.225922
v 0.615538 0.371836 -0.227696
v 0.585713 0.415540 -0.255517
v 0.553388 0.433883 -0.301867
v 0.441597 0.394403 -0.307326
v 0.428689 0.355424 -0.351724
v 0.432604 0.299887 -0.376018
v 0.452074 0.242586 -0.373996
v 0.481890 0.198878 -0.346186
v 0.514080 0.180482 -0.300019
v 0.540006 0.192322 -0.247881
v 0.552827 0.231266 -0.203600
v 0.549168 0.286904 -0.178961
v 0.529838 0.344260 -0.180796
v 0.499965 0.387946 -0.208682
v 0.467644 0.406290 -0.255025
v 1.210843 1.018549 -0.884763
v 1.138730 0.982393 -0.865720
v 1.110629 1.015312 -0.884582
v 1.183022 1.052117 -0.903216
v 1.081502 1.026837 -0.919234
v 1.153092 1.064673 -0.938502
v 1.059066 1.013761 -0.960690
v 1.129138 1.052504 -0.980490
v 1.049485 0.979254 -0.997409
v 1.117756 1.018736 -1.017901
v 1.055528 0.932474 -1.019462
v 1.122051 0.972264 -1.040454
v 1.075696 0.886174 -1.021169
v 1.140714 0.926122 -1.043794
v 1.104552 0.853098 -1.002177
v 1.168720 0.892535 -1.026241
v 1.134129 0.842240 -0.967481
v 1.198620 0.880508 -0.991986
v 1.156230 0.856276 -0.926536
v 1.222454 0.893241 -0.950009
v 1.165031 0.890979 -0.890119
v 1.233694 0.927149 -0.911897
v 1.158552 0.937055 -0.867990
v 1.229360 0.972883 -0.887859
v 0.993412 0.863835 -0.781011
v 0.934811 0.789304 -0.726069
v 0.889380 0.791594 -0.746762
v 0.945262 0.872353 -0.796419
v 0.856611 0.775948 -0.780704
v 0.906308 0.861478 -0.827764
v 0.845080 0.746487 -0.818964
v 0.887139 0.834294 -0.866281
v 0.857896 0.710872 -0.851157
v 0.892709 0.798400 -0.901843
v 0.891813 0.678550 -0.868674
v 0.921192 0.763417 -0.924892
v 0.937899 0.658292 -0.866917
v 0.964745 0.738459 -0.929122
v 0.983845 0.655491 -0.845703
v 1.011808 0.730000 -0.913602
v 1.017165 0.671176 -0.811178
v 1.050184 0.740264 -0.882704
v 1.028727 0.701197 -0.772896
v 1.069886 0.766786 -0.844831
v 1.015407 0.737275 -0.741051
v 1.065422 0.802662 -0.809506
v 0.980949 0.769500 -0.723930
v 1.037484 0.838279 -0.786008
v 0.880437 0.666304 -0.627696
v 0.804942 0.563987 -0.536797
v 0.775852 0.540028 -0.570406
v 0.841529 0.653070 -0.656329
v 0.769591 0.503925 -0.604014
v 0.821656 0.622798 -0.691139
v 0.787133 0.465273 -0.629083
v 0.826321 0.583715 -0.722695
v 0.823790 0.433865 -0.639424
v 0.854247 0.546415 -0.742261
v 0.870314 0.417722 -0.632317
v 0.897718 0.521010 -0.744587
v 0.914728 0.421250 -0.609283
v 0.944908 0.514207 -0.729132
v 0.945151 0.443905 -0.576069
v 0.983185 0.527645 -0.700201
v 0.953031 0.480009 -0.541483
v 1.002483 0.557658 -0.665692
v 0.935767 0.519941 -0.515065
v 0.997832 0.596341 -0.634868
v 0.897799 0.552628 -0.504333
v 0.970546 0.633409 -0.615571
v 0.849666 0.568792 -0.512392
v 0.927669 0.659060 -0.612906
v 0.735241 0.502293 -0.481456
v 0.622507 0.437093 -0.403625
v 0.609354 0.402699 -0.440040
v 0.716986 0.473652 -0.517806
v 0.616091 0.356453 -0.462780
v 0.717249 0.430444 -0.544027
v 0.640734 0.310699 -0.466087
v 0.736548 0.384022 -0.552671
v 0.676775 0.277788 -0.448952
v 0.769850 0.347368 -0.540904
v 0.714338 0.266474 -0.416199
v 0.807782 0.330872 -0.511885
v 0.743345 0.279762 -0.376601
v 0.839718 0.339003 -0.473806
v 0.756338 0.314173 -0.340363
v 0.857078 0.369204 -0.437195
v 0.749991 0.360526 -0.316988
v 0.855570 0.412956 -0.411853
v 0.725476 0.406206 -0.313446
v 0.835892 0.458336 -0.404403
v 0.689546 0.439082 -0.330467
v 0.803479 0.493451 -0.416430
v 0.651788 0.450364 -0.363583
v 0.766809 0.509422 -0.444530
v -0.534652 0.407387 -0.349629
v -0.523621 0.374070 -0.387575
v -0.526948 0.326590 -0.408368
v -0.543560 0.277599 -0.406680
v -0.569000 0.240221 -0.382971
v -0.596465 0.224477 -0.343575
v -0.618586 0.234581 -0.299063
v -0.629545 0.267870 -0.261213
v -0.626443 0.315438 -0.240118
v -0.609967 0.364483 -0.241623
v -0.584477 0.401841 -0.265399
v -0.556892 0.417538 -0.304956
v -1.336215 1.055010 -0.891503
v -1.335020 1.093641 -0.915857
v -1.333333 1.111435 -0.957827
v -1.331634 1.103451 -1.005643
v -1.330402 1.071653 -1.045967
v -1.329983 1.024467 -1.067712
v -1.330453 0.974776 -1.065769
v -1.331659 0.936078 -1.041212
v -1.333273 0.918757 -1.000669
v -1.334889 0.927297 -0.954525
v -1.336096 0.959255 -0.914683
v -1.336597 1.005896 -0.891298
v -1.336545 1.059599 -0.881320
v -1.335211 1.102692 -0.908486
v -1.333324 1.122584 -0.955433
v -1.331421 1.113730 -1.008928
v -1.330048 1.078259 -1.053913
v -1.329586 1.025584 -1.078058
v -1.330115 0.970116 -1.075785
v -1.331461 0.926926 -1.048329
v -1.333259 0.907632 -1.003183
v -1.335062 0.917166 -0.951728
v -1.336407 0.952828 -0.907315
v -1.336971 1.004825 -0.881133
v -1.388788 1.057264 -0.881196
v -1.387454 1.099521 -0.908417
v -1.385581 1.119147 -0.954880
v -1.383700 1.110696 -1.007570
v -1.382354 1.076178 -1.051606
v -1.381916 1.024747 -1.074898
v -1.382458 0.970497 -1.072149
v -1.383807 0.928145 -1.044643
v -1.385593 0.909090 -0.999899
v -1.387375 0.918199 -0.949189
v -1.388690 0.952925 -0.905781
v -1.389221 1.003736 -0.880620
v -0.448889 0.379740 -0.302698
v -0.437855 0.346422 -0.340648
v -0.441189 0.298945 -0.361431
v -0.457833 0.249966 -0.359701
v -0.483316 0.212605 -0.335934
v -0.510823 0.196877 -0.296483
v -0.532974 0.206994 -0.251930
v -0.543942 0.240286 -0.214067
v -0.540777 0.287829 -0.193057
v -0.524262 0.336859 -0.194614
v -0.498732 0.374201 -0.218445
v -0.471154 0.389901 -0.257991
v -0.527371 0.422008 -0.354127
v -0.514466 0.383030 -0.398520
v -0.518373 0.327489 -0.422826
v -0.537806 0.270174 -0.420853
v -0.567603 0.226459 -0.393069
v -0.599750 0.208046 -0.346960
v -0.625603 0.219857 -0.294919
v -0.638414 0.258797 -0.250652
v -0.634823 0.314462 -0.225922
v -0.615538 0.371836 -0.227696
v -0.585713 0.415540 -0.255517
v -0.553388 0.433883 -0.301867
v -0.441597 0.394403 -0.307326
v -0.428689 0.355424 -0.351724
v -0.432604 0.299887 -0.376018
v -0.452074 0.242586 -0.373996
v -0.481890 0.198878 -0.346186
v -0.514080 0.180482 -0.300019
v -0.540006 0.192322 -0.247881
v -0.552827 0.231266 -0.203600
v -0.549168 0.286904 -0.178961
v -0.529838 0.344260 -0.180796
v -0.499965 0.387946 -0.208682
v -0.467644 0.406290 -0.255025
v -1.210843 1.018549 -0.884763
v -1.138730 0.982393 -0.865720
v -1.110629 1.015312 -0.884582
v -1.183022 1.052117 -0.903216
v -1.081502 1.026837 -0.919234
v -1.153092 1.064673 -0.938502
v -1.059066 1.013761 -0.960690
v -1.129138 1.052504 -0.980490
v -1.049485 0.979254 -0.997409
v -1.117756 1.018736 -1.017901
v -1.055528 0.932474 -1.019462
v -1.122051 0.972264 -1.040454
v -1.075696 0.886174 -1.021169
v -1.140714 0.926122 -1.043794
v -1.104552 0.853098 -1.002177
v -1.168720 0.892535 -1.026241
v -1.134129 0.842240 -0.967481
v -1.198620 0.880508 -0.991986
v -1.156230 0.856276 -0.926536
v -1.222454 0.893241 -0.950009
v -1.165031 0.890979 -0.890119
v -1.233694 0.927149 -0.911897
v -1.158552 0.937055 -0.867990
v -1.229360 0.972883 -0.887859
v -0.993412 0.863835 -0.781011
v -0.934811 0.789304 -0.726069
v -0.889380 0.791594 -0.746762
v -0.945262 0.872353 -0.796419
v -0.856611 0.775948 -0.780704
v -0.906308 0.861478 -0.827764
v -0.845080 0.746487 -0.818964
v -0.887139 0.834294 -0.866281
v -0.857896 0.710872 -0.851157
v -0.892709 0.798400 -0.901843
v -0.891813 0.678550 -0.868674
v -0.921192 0.763417 -0.924892
v -0.937899 0.658292 -0.866917
v -0.964745 0.738459 -0.929122
v -0.983845 0.655491 -0.845703
v -1.011808 0.730000 -0.913602
v -1.017165 0.671176 -0.811178
v -1.050184 0.740264 -0.882704
v -1.028727 0.701197 -0.772896
v -1.069886 0.766786 -0.844831
v -1.015407 0.737275 -0.741051
v -1.065422 0.802662 -0.809506
v -0.980949 0.769500 -0.723930
v -1.037484 0.838279 -0.786008
v -0.880437 0.666304 -0.627696
v -0.804942 0.563987 -0.536797
v -0.775852 0.540028 -0.570406
v -0.841529 0.653070 -0.656329
v -0.769591 0.503925 -0.604014
v -0.821656 0.622798 -0.691139
v -0.787133 0.465273 -0.629083
v -0.826321 0.583715 -0.722695
v -0.823790 0.433865 -0.639424
v -0.854247 0.546415 -0.742261
v -0.870314 0.417722 -0.632317
v -0.897718 0.521010 -0.744587
v -0.914728 0.421250 -0.609283
v -0.944908 0.514207 -0.729132
v -0.945151 0.443905 -0.576069
v -0.983185 0.527645 -0.700201
v -0.953031 0.480009 -0.541483
v -1.002483 0.557658 -0.665692
v -0.935767 0.519941 -0.515065
v -0.997832 0.596341 -0.634868
v -0.897799 0.552628 -0.504333
v -0.970546 0.633409 -0.615571
v -0.849666 0.568792 -0.512392
v -0.927669 0.659060 -0.612906
v -0.735241 0.502293 -0.481456
v -0.622507 0.437093 -0.403625
v -0.609354 0.402699 -0.440040
v -0.716986 0.473652 -0.517806
v -0.616091 0.356453 -0.462780
v -0.717249 0.430444 -0.544027
v -0.640734 0.310699 -0.466087
v -0.736548 0.384022 -0.552671
v -0.676775 0.277788 -0.448952
v -0.769850 0.347368 -0.540904
v -0.714338 0.266474 -0.416199
v -0.807782 0.330872 -0.511885
v -0.743345 0.279762 -0.376601
v -0.839718 0.339003 -0.473806
v -0.756338 0.314173 -0.340363
v -0.857078 0.369204 -0.437195
v -0.749991 0.360526 -0.316988
v -0.855570 0.412956 -0.411853
v -0.725476 0.406206 -0.313446
v -0.835892 0.458336 -0.404403
v -0.689546 0.439082 -0.330467
v -0.803479 0.493451 -0.416430
v -0.651788 0.450364 -0.363583
v -0.766809 0.509422 -0.444530
v 0.534652 0.407387 0.349629
v 0.523621 0.374070 0.387575
v 0.526948 0.326590 0.408368
v 0.543560 0.277599 0.406680
v 0.569000 0.240221 0.382971
v 0.596465 0.224477 0.343575
v 0.618586 0.234581 0.299063
v 0.629545 0.267870 0.261213
v 0.626443 0.315438 0.240118
v 0.609967 0.364483 0.241623
v 0.584477 0.401841 0.265399
v 0.556892 0.417538 0.304956
v 1.336215 1.055010 0.891503
v 1.335020 1.093641 0.915857
v 1.333333 1.111435 0.957827
v 1.331634 1.103451 1.005643
v 1.330402 1.071653 1.045967
v 1.329983 1.024467 1.067712
v 1.330453 0.974776 1.065769
v 1.331659 0.936078 1.041212
v 1.333273 0.918757 1.000669
v 1.334889 0.927297 0.954525
v 1.336096 0.959255 0.914683
v 1.336597 1.005896 0.891298
v 1.336545 1.059599 0.881320
v 1.335211 1.102692 0.908486
v 1.333324 1.122584 0.955433
v 1.331421 1.113730 1.008928
v 1.330048 1.078259 1.053913
v 1.329586 1.025584 1.078058
v 1.330115 0.970116 1.075785
v 1.331461 0.926926 1.048329
v 1.333259 0.907632 1.003183
v 1.335062 0.917166 0.951728
v 1.336407 0.952828 0.907315
v 1.336971 1.004825 0.881133
v 1.388788 1.057264 0.881196
v 1.387454 1.099521 0.908417
v 1.385581 1.119147 0.954880
v 1.383700 1.110696 1.007570
v 1.382354 1.076178 1.051606
v 1.381916 1.024747 1.074898
v 1.382458 0.970497 1.072149
v 1.383807 0.928145 1.044643
v 1.385593 0.909090 0.999899
v 1.387375 0.918199 0.949189
v 1.388690 0.952925 0.905781
v 1.389221 1.003736 0.880620
v 0.448889 0.379740 0.302698
v 0.437855 0.346422 0.340648
v 0.441189 0.298945 0.361431
v 0.457833 0.249966 0.359701
v 0.483316 0.212605 0.335934
v 0.510823 0.196877 0.296483
v 0.532974 0.206994 0.251930
v 0.543942 0.240286 0.214067
v 0.540777 0.287829 0.193057
v 0.524262 0.336859 0.194614
v 0.498732 0.374201 0.218445
v 0.471154 0.389901 0.257991
v 0.527371 0.422008 0.354127
v 0.514466 0.383030 0.398520
v 0.518373 0.327489 0.422826
v 0.537806 0.270174 0.420853
v 0.567603 0.226459 0.393069
v 0.599750 0.208046 0.346960
v 0.625603 0.219857 0.294919
v 0.638414 0.258797 0.250652
v 0.634823 0.314462 0.225922
v 0.615538 0.371836 0.227696
v 0.585713 0.415540 0.255517
v 0.553388 0.433883 0.301867
v 0.441597 0.394403 0.307326
v 0.428689 0.355424 0.351724
v 0.432604 0.299887 0.376018
v 0.452074 0.242586 0.373996
v 0.481890 0.198878 0.346186
v 0.514080 0.180482 0.300019
v 0.540006 0.192322 0.247881
v 0.552827 0.231266 0.203600
v 0.549168 0.286904 0.178961
v 0.529838 0.344260 0.180796
v 0.499965 0.387946 0.208682
v 0.467644 0.406290 0.255025
v 1.210843 1.018549 0.884763
v 1.138730 0.982393 0.865720
v 1.110629 1.015312 0.884582
v 1.183022 1.052117 0.903216
v 1.081502 1.026837 0.919234
v 1.153092 1.064673 0.938502
v 1.059066 1.013761 0.960690
v 1.129138 1.052504 0.980490
v 1.049485 0.979254 0.997409
v 1.117756 1.018736 1.017901
v 1.055528 0.932474 1.019462
v 1.122051 0.972264 1.040454
v 1.075696 0.886174 1.021169
v 1.140714 0.926122 1.043794
v 1.104552 0.853098 1.002177
v 1.168720 0.892535 1.026241
v 1.134129 0.842240 0.967481
v 1.198620 0.880508 0.991986
v 1.156230 0.856276 0.926536
v 1.222454 0.893241 0.950009
v 1.165031 0.890979 0.890119
v 1.233694 0.927149 0.911897
v 1.158552 0.937055 0.867990
v 1.229360 0.972883 0.887859
v 0.993412 0.863835 0.781011
v 0.934811 0.789304 0.726069
v 0.889380 0.791594 0.746762
v 0.945262 0.872353 0.796419
v 0.856611 0.775948 0.780704
v 0.906308 0.861478 0.827764
v 0.845080 0.746487 0.818964
v 0.887139 0.834294 0.866281
v 0.857896 0.710872 0.851157
v 0.892709 0.798400 0.901843
v 0.891813 0.678550 0.868674
v 0.921192 0.763417 0.924892
v 0.937899 0.658292 0.866917
v 0.964745 0.738459 0.929122
v 0.983845 0.655491 0.845703
v 1.011808 0.730000 0.913602
v 1.017165 0.671176 0.811178
v 1.050184 0.740264 0.882704
v 1.028727 0.701197 0.772896
v 1.069886 0.766786 0.844831
v 1.015407 0.737275 0.741051
v 1.065422 0.802662 0.809506
v 0.980949 0.769500 0.723930
v 1.037484 0.838279 0.786008
v 0.880437 0.666304 0.627696
v 0.804942 0.563987 0.536797
v 0.775852 0.540028 0.570406
v 0.841529 0.653070 0.656329
v 0.769591 0.503925 0.604014
v 0.821656 0.622798 0.691139
v 0.787133 0.465273 0.629083
v 0.826321 0.583715 0.722695
v 0.823790 0.433865 0.639424
v 0.854247 0.546415 0.742261
v 0.870314 0.417722 0.632317
v 0.897718 0.521010 0.744587
v 0.914728 0.421250 0.609283
v 0.944908 0.514207 0.729132
v 0.945151 0.443905 0.576069
v 0.983185 0.527645 0.700201
v 0.953031 0.480009 0.541483
v 1.002483 0.557658 0.665692
v 0.935767 0.519941 0.515065
v 0.997832 0.596341 0.634868
v 0.897799 0.552628 0.504333
v 0.970546 0.633409 0.615571
v 0.849666 0.568792 0.512392
v 0.927669 0.659060 0.612906
v 0.735241 0.502293 0.481456
v 0.622507 0.437093 0.403625
v 0.609354 0.402699 0.440040
v 0.716986 0.473652 0.517806
v 0.616091 0.356453 0.462780
v 0.717249 0.430444 0.544027
v 0.640734 0.310699 0.466087
v 0.736548 0.384022 0.552671
v 0.676775 0.277788 0.448952
v 0.769850 0.347368 0.540904
v 0.714338 0.266474 0.416199
v 0.807782 0.330872 0.511885
v 0.743345 0.279762 0.376601
v 0.839718 0.339003 0.473806
v 0.756338 0.314173 0.340363
v 0.857078 0.369204 0.437195
v 0.749991 0.360526 0.316988
v 0.855570 0.412956 0.411853
v 0.725476 0.406206 0.313446
v 0.835892 0.458336 0.404403
v 0.689546 0.439082 0.330467
v 0.803479 0.493451 0.416430
v 0.651788 0.450364 0.363583
v 0.766809 0.509422 0.444530
v -0.534652 0.407387 0.349629
v -0.523621 0.374070 0.387575
v -0.526948 0.326590 0.408368
v -0.543560 0.277599 0.406680
v -0.569000 0.240221 0.382971
v -0.596465 0.224477 0.343575
v -0.618586 0.234581 0.299063
v -0.629545 0.267870 0.261213
v -0.626443 0.315438 0.240118
v -0.609967 0.364483 0.241623
v -0.584477 0.401841 0.265399
v -0.556892 0.417538 0.304956
v -1.336215 1.055010 0.891503
v -1.335020 1.093641 0.915857
v -1.333333 1.111435 0.957827
v -1.331634 1.103451 1.005643
v -1.330402 1.071653 1.045967
v -1.329983 1.024467 1.067712
v -1.330453 0.974776 1.065769
v -1.331659 0.936078 1.041212
v -1.333273 0.918757 1.000669
v -1.334889 0.927297 0.954525
v -1.336096 0.959255 0.914683
v -1.336597 1.005896 0.891298
v -1.336545 1.059599 0.881320
v -1.335211 1.102692 0.908486
v -1.333324 1.122584 0.955433
v -1.331421 1.113730 1.008928
v -1.330048 1.078259 1.053913
v -1.329586 1.025584 1.078058
v -1.330115 0.970116 1.075785
v -1.331461 0.926926 1.048329
v -1.333259 0.907632 1.003183
v -1.335062 0.917166 0.951728
v -1.336407 0.952828 0.907315
v -1.336971 1.004825 0.881133
v -1.388788 1.057264 0.881196
v -1.387454 1.099521 0.908417
v -1.385581 1.119147 0.954880
v -1.383700 1.110696 1.007570
v -1.382354 1.076178 1.051606
v -1.381916 1.024747 1.074898
v -1.382458 0.970497 1.072149
v -1.383807 0.928145 1.044643
v -1.385593 0.909090 0.999899
v -1.387375 0.918199 0.949189
v -1.388690 0.952925 0.905781
v -1.389221 1.003736 0.880620
v -0.448889 0.379740 0.302698
v -0.437855 0.346422 0.340648
v -0.441189 0.298945 0.361431
v -0.457833 0.249966 0.359701
v -0.483316 0.212605 0.335934
v -0.510823 0.196877 0.296483
v -0.532974 0.206994 0.251930
v -0.543942 0.240286 0.214067
v -0.540777 0.287829 0.193057
v -0.524262 0.336859 0.194614
v -0.498732 0.374201 0.218445
v -0.471154 0.389901 0.257991
v -0.527371 0.422008 0.354127
v -0.514466 0.383030 0.398520
v -0.518373 0.327489 0.422826
v -0.537806 0.270174 0.420853
v -0.567603 0.226459 0.393069
v -0.599750 0.208046 0.346960
v -0.625603 0.219857 0.294919
v -0.638414 0.258797 0.250652
v -0.634823 0.314462 0.225922
v -0.615538 0.371836 0.227696
v -0.585713 0.415540 0.255517
v -0.553388 0.433883 0.301867
v -0.441597 0.394403 0.307326
v -0.428689 0.355424 0.351724
v -0.432604 0.299887 0.376018
v -0.452074 0.242586 0.373996
v -0.481890 0.198878 0.346186
v -0.514080 0.180482 0.300019
v -0.540006 0.192322 0.247881
v -0.552827 0.231266 0.203600
v -0.549168 0.286904 0.178961
v -0.529838 0.344260 0.180796
v -0.499965 0.387946 0.208682
v -0.467644 0.406290 0.255025
v -1.210843 1.018549 0.884763
v -1.138730 0.982393 0.865720
v -1.110629 1.015312 0.884582
v -1.183022 1.052117 0.903216
v -1.081502 1.026837 0.919234
v -1.153092 1.064673 0.938502
v -1.059066 1.013761 0.960690
v -1.129138 1.052504 0.980490
v -1.049485 0.979254 0.997409
v -1.117756 1.018736 1.017901
v -1.055528 0.932474 1.019462
v -1.122051 0.972264 1.040454
v -1.075696 0.886174 1.021169
v -1.140714 0.926122 1.043794
v -1.104552 0.853098 1.002177
v -1.168720 0.892535 1.026241
v -1.134129 0.842240 0.967481
v -1.198620 0.880508 0.991986
v -1.156230 0.856276 0.926536
v -1.222454 0.893241 0.950009
v -1.165031 0.890979 0.890119
v -1.233694 0.927149 0.911897
v -1.158552 0.937055 0.867990
v -1.229360 0.972883 0.887859
v -0.993412 0.863835 0.781011
v -0.934811 0.789304 0.726069
v -0.889380 0.791594 0.746762
v -0.945262 0.872353 0.796419
v -0.856611 0.775948 0.780704
v -0.906308 0.861478 0.827764
v -0.845080 0.746487 0.818964
v -0.887139 0.834294 0.866281
v -0.857896 0.710872 0.851157
v -0.892709 0.798400 0.901843
v -0.891813 0.678550 0.868674
v -0.921192 0.763417 0.924892
v -0.937899 0.658292 0.866917
v -0.964745 0.738459 0.929122
v -0.983845 0.655491 0.845703
v -1.011808 0.730000 0.913602
v -1.017165 0.671176 0.811178
v -1.050184 0.740264 0.882704
v -1.028727 0.701197 0.772896
v -1.069886 0.766786 0.844831
v -1.015407 0.737275 0.741051
v -1.065422 0.802662 0.809506
v -0.980949 0.769500 0.723930
v -1.037484 0.838279 0.786008
v -0.880437 0.666304 0.627696
v -0.804942 0.563987 0.536797
v -0.775852 0.540028 0.570406
v -0.841529 0.653070 0.656329
v -0.769591 0.503925 0.604014
v -0.821656 0.622798 0.691139
v -0.787133 0.465273 0.629083
v -0.826321 0.583715 0.722695
v -0.823790 0.433865 0.639424
v -0.854247 0.546415 0.742261
v -0.870314 0.417722 0.632317
v -0.897718 0.521010 0.744587
v -0.914728 0.421250 0.609283
v -0.944908 0.514207 0.729132
v -0.945151 0.443905 0.576069
v -0.983185 0.527645 0.700201
v -0.953031 0.480009 0.541483
v -1.002483 0.557658 0.665692
v -0.935767 0.519941 0.515065
v -0.997832 0.596341 0.634868
v -0.897799 0.552628 0.504333
v -0.970546 0.633409 0.615571
v -0.849666 0.568792 0.512392
v -0.927669 0.659060 0.612906
v -0.735241 0.502293 0.481456
v -0.622507 0.437093 0.403625
v -0.609354 0.402699 0.440040
v -0.716986 0.473652 0.517806
v -0.616091 0.356453 0.462780
v -0.717249 0.430444 0.544027
v -0.640734 0.310699 0.466087
v -0.736548 0.384022 0.552671
v -0.676775 0.277788 0.448952
v -0.769850 0.347368 0.540904
v -0.714338 0.266474 0.416199
v -0.807782 0.330872 0.511885
v -0.743345 0.279762 0.376601
v -0.839718 0.339003 0.473806
v -0.756338 0.314173 0.340363
v -0.857078 0.369204 0.437195
v -0.749991 0.360526 0.316988
v -0.855570 0.412956 0.411853
v -0.725476 0.406206 0.313446
v -0.835892 0.458336 0.404403
v -0.689546 0.439082 0.330467
v -0.803479 0.493451 0.416430
v -0.651788 0.450364 0.363583
v -0.766809 0.509422 0.444530
vn 0.8365 -0.2694 -0.4772
vn 0.8360 -0.2692 -0.4782
vn 0.8360 -0.2692 -0.4783
vn -0.9993 0.0070 0.0361
vn -0.9993 0.0072 0.0359
vn -0.9993 0.0070 0.0362
vn -0.9993 0.0088 0.0368
vn -0.9993 0.0088 0.0372
vn -0.9993 0.0087 0.0367
vn -0.9993 0.0078 0.0374
vn -0.9993 0.0082 0.0375
vn -0.9993 0.0070 0.0365
vn -0.9993 0.0070 0.0366
vn -0.9993 0.0084 0.0363
vn -0.9993 0.0079 0.0359
vn -0.9993 0.0075 0.0359
vn -0.9993 0.0074 0.0359
vn -0.9993 0.0086 0.0375
vn -0.9993 0.0073 0.0370
vn -0.9993 0.0072 0.0370
vn -0.9993 0.0077 0.0374
vn 0.0603 -0.6139 -0.7871
vn 0.0635 -0.1888 -0.9800
vn 0.0599 -0.6165 -0.7851
vn 0.9993 -0.0080 -0.0368
vn 0.9993 -0.0080 -0.0366
vn 0.9993 -0.0078 -0.0367
vn -0.0140 0.2234 0.9746
vn 0.0080 -0.2753 0.9613
vn -0.0143 0.2251 0.9742
vn 0.0463 -0.7711 0.6350
vn 0.0635 -0.9898 0.1276
vn 0.0423 -0.7550 0.6544
vn -0.0000 0.9149 0.4038
vn 0.0321 0.9950 -0.0943
vn 0.0353 0.9911 -0.1285
vn 0.0658 0.2945 -0.9534
vn 0.0622 -0.1936 -0.9791
vn 0.0628 -0.9923 0.1072
vn 0.0648 -0.9151 -0.3980
vn -0.0210 0.6329 0.7739
vn -0.0033 0.9049 0.4257
vn 0.0611 0.7524 -0.6559
vn 0.0707 0.3091 -0.9484
vn 0.0627 -0.9105 -0.4086
vn -0.0199 0.6243 0.7810
vn 0.0134 -0.2921 0.9563
vn 0.0629 0.7713 -0.6334
vn -0.8371 0.2670 0.4775
vn -0.8371 0.2673 0.4773
vn -0.8369 0.2674 0.4776
vn -0.8376 0.2681 0.4759
vn -0.8378 0.2676 0.4758
vn -0.8378 0.2676 0.4759
vn -0.8367 0.2653 0.4791
vn -0.8361 0.2660 0.4798
vn 0.8371 -0.2659 -0.4782
vn 0.8364 -0.2664 -0.4790
vn 0.8371 -0.2659 -0.4781
vn 0.8371 -0.2685 -0.4767
vn 0.8364 -0.2695 -0.4772
vn -0.8377 0.2666 0.4766
vn -0.8357 0.2669 0.4799
vn -0.8357 0.2670 0.4799
vn 0.8364 -0.2663 -0.4791
vn 0.8359 -0.2677 -0.4791
vn -0.8376 0.2659 0.4773
vn 0.8371 -0.2684 -0.4767
vn 0.8376 -0.2675 -0.4763
vn -0.8360 0.2679 0.4789
vn -0.8360 0.2679 0.4788
vn 0.8359 -0.2677 -0.4792
vn 0.8357 -0.2686 -0.4791
vn -0.4273 -0.8613 -0.2750
vn -0.2088 -0.9606 0.1836
vn -0.4292 -0.8586 -0.2802
vn -0.4950 -0.0695 -0.8661
vn -0.5313 -0.5293 -0.6615
vn -0.4948 -0.0673 -0.8664
vn 0.4971 0.0726 0.8646
vn 0.3314 -0.4129 0.8483
vn 0.3322 -0.4114 0.8488
vn 0.2078 0.9606 -0.1848
vn 0.4283 0.8606 0.2756
vn 0.4300 0.8584 0.2799
vn -0.3304 0.4138 -0.8483
vn -0.3307 0.4133 -0.8484
vn 0.0744 -0.7939 0.6034
vn 0.0718 -0.7963 0.6006
vn 0.5327 0.5340 0.6565
vn 0.5327 0.5314 0.6587
vn -0.0751 0.7933 -0.6042
vn -0.0734 0.7953 -0.6018
vn -0.2059 -0.9602 0.1887
vn -0.5310 -0.5330 -0.6588
vn 0.4978 0.0735 0.8642
vn 0.2054 0.9602 -0.1892
vn 0.8377 -0.2657 -0.4771
vn -0.8372 0.2657 0.4780
vn -0.8367 0.2654 0.4791
vn -0.8373 0.2687 0.4762
vn -0.8376 0.2682 0.4759
vn 0.8382 -0.2654 -0.4764
vn -0.8372 0.2658 0.4780
vn -0.8368 0.2691 0.4768
vn 0.8384 -0.2655 -0.4761
vn -0.8368 0.2691 0.4767
vn -0.8363 0.2690 0.4777
vn 0.8380 -0.2664 -0.4763
vn 0.8379 -0.2664 -0.4763
vn 0.1694 -0.3358 0.9266
vn -0.1360 -0.7039 0.6972
vn 0.0508 -0.2583 0.9647
vn -0.1776 -0.6860 0.7056
vn -0.3070 -0.9299 0.2027
vn -0.4702 -0.8369 0.2800
vn -0.3989 -0.8608 -0.3160
vn -0.6341 -0.7467 -0.2012
vn -0.3895 -0.5810 -0.7146
vn -0.6394 -0.4719 -0.6070
vn -0.2881 -0.2003 -0.9364
vn -0.4942 -0.0959 -0.8641
vn -0.1161 0.2307 -0.9661
vn 0.1573 0.6564 -0.7378
vn -0.2114 0.3118 -0.9264
vn 0.4772 0.8171 -0.3234
vn 0.1142 0.6592 -0.7432
vn 0.6542 0.7340 0.1827
vn 0.3274 0.9100 -0.2544
vn 0.6314 0.4663 0.6196
vn 0.4061 0.8613 0.3055
vn 0.4648 0.0938 0.8804
vn 0.3502 0.5951 0.7234
vn 0.2169 0.2137 0.9525
vn 0.1008 0.1923 0.9762
vn -0.1692 -0.7644 0.6221
vn -0.0430 -0.3226 0.9456
vn -0.2463 -0.9625 0.1135
vn -0.2718 -0.8849 -0.3782
vn -0.2506 -0.6154 -0.7473
vn -0.1812 -0.2215 -0.9582
vn -0.0476 0.2464 -0.9680
vn 0.1394 0.7199 -0.6799
vn 0.2680 0.9545 -0.1308
vn 0.2797 0.8687 0.4087
vn 0.2077 0.5925 0.7783
vn -0.0634 -0.6351 0.7698
vn -0.3671 -0.7127 0.5977
vn 0.0777 -0.5400 0.8381
vn -0.5293 -0.6353 0.5623
vn -0.7064 -0.6798 0.1972
vn -0.8566 -0.4710 0.2107
vn -0.8524 -0.4640 -0.2411
vn -0.9640 -0.1828 -0.1930
vn -0.7803 -0.1380 -0.6100
vn -0.8242 0.1580 -0.5438
vn -0.5129 0.2188 -0.8301
vn -0.4719 0.4617 -0.7511
vn -0.1075 0.5240 -0.8449
vn 0.0051 0.6468 -0.7627
vn 0.3468 0.6885 -0.6369
vn 0.4850 0.6617 -0.5718
vn 0.7047 0.6577 -0.2662
vn 0.8383 0.4977 -0.2227
vn 0.8716 0.4515 0.1908
vn 0.9609 0.1927 0.1987
vn 0.7976 0.1225 0.5905
vn 0.7915 -0.1620 0.5893
vn 0.5103 -0.2214 0.8310
vn 0.4315 -0.4418 0.7865
vn -0.5386 -0.7820 0.3136
vn -0.7586 -0.5679 0.3193
vn -0.3429 -0.7138 0.6107
vn -0.8285 -0.5565 -0.0630
vn -0.9619 -0.2652 -0.0660
vn -0.8898 -0.1819 -0.4186
vn -0.8944 0.1106 -0.4333
vn -0.7128 0.2386 -0.6596
vn -0.5801 0.4536 -0.6766
vn -0.3483 0.5939 -0.7252
vn -0.1139 0.6716 -0.7321
vn 0.1058 0.7914 -0.6020
vn 0.3769 0.7106 -0.5941
vn 0.5314 0.7821 -0.3254
vn 0.7674 0.5637 -0.3055
vn 0.8206 0.5705 0.0344
vn 0.9614 0.2688 0.0582
vn 0.8977 0.2094 0.3877
vn 0.9089 -0.0974 0.4054
vn 0.7371 -0.2105 0.6422
vn 0.6153 -0.4615 0.6391
vn 0.3742 -0.5787 0.7246
vn 0.1866 -0.6739 0.7149
vn -0.0956 -0.7907 0.6046
vn -0.5245 -0.8243 -0.2133
vn -0.7694 -0.5196 -0.3716
vn -0.5873 -0.8092 0.0186
vn -0.6421 -0.4838 -0.5946
vn -0.7423 -0.0878 -0.6643
vn -0.5870 -0.0164 -0.8095
vn -0.5080 0.3699 -0.7779
vn -0.3749 0.4530 -0.8088
vn -0.1284 0.7255 -0.6762
vn -0.0564 0.8030 -0.5933
vn 0.2868 0.8766 -0.3864
vn 0.2825 0.9342 -0.2179
vn 0.6183 0.7859 0.0048
vn 0.5437 0.8120 0.2121
vn 0.7816 0.4907 0.3851
vn 0.6573 0.4852 0.5767
vn 0.7471 0.0733 0.6607
vn 0.6044 0.0390 0.7957
vn 0.5236 -0.3675 0.7686
vn 0.3949 -0.4267 0.8136
vn 0.1609 -0.7187 0.6765
vn 0.0782 -0.7881 0.6105
vn -0.2467 -0.8817 0.4021
vn -0.2609 -0.9372 0.2314
vn -0.2099 -0.9586 0.1926
vn -0.4488 -0.8541 -0.2628
vn -0.5338 -0.0551 -0.8438
vn -0.5653 -0.5215 -0.6392
vn -0.3616 0.4265 -0.8290
vn -0.0842 0.8019 -0.5914
vn 0.2227 0.9565 -0.1882
vn 0.4661 0.8454 0.2610
vn 0.5798 0.5173 0.6295
vn 0.5438 0.0631 0.8368
vn 0.3674 -0.4167 0.8315
vn 0.0906 -0.7965 0.5978
vn -0.8360 -0.2692 -0.4782
vn -0.8365 -0.2694 -0.4772
vn -0.8360 -0.2692 -0.4783
vn 0.9993 0.0070 0.0361
vn 0.9993 0.0072 0.0359
vn 0.9993 0.0088 0.0368
vn 0.9993 0.0088 0.0372
vn 0.9993 0.0082 0.0375
vn 0.9993 0.0078 0.0374
vn 0.9993 0.0070 0.0365
vn 0.9993 0.0070 0.0362
vn 0.9993 0.0084 0.0363
vn 0.9993 0.0087 0.0367
vn 0.9993 0.0075 0.0359
vn 0.9993 0.0079 0.0359
vn 0.9993 0.0074 0.0359
vn 0.9993 0.0086 0.0375
vn 0.9993 0.0073 0.0370
vn 0.9993 0.0070 0.0366
vn 0.9993 0.0079 0.0360
vn 0.9993 0.0077 0.0374
vn -0.0603 -0.6139 -0.7871
vn -0.0635 -0.1888 -0.9800
vn -0.0622 -0.1936 -0.9791
vn -0.9993 -0.0079 -0.0366
vn -0.9993 -0.0080 -0.0367
vn -0.9993 -0.0079 -0.0368
vn 0.0140 0.2234 0.9746
vn -0.0080 -0.2753 0.9613
vn -0.0134 -0.2921 0.9563
vn -0.0463 -0.7711 0.6350
vn -0.0635 -0.9898 0.1276
vn -0.0628 -0.9923 0.1072
vn -0.0321 0.9950 -0.0943
vn -0.0353 0.9911 -0.1285
vn -0.0658 0.2945 -0.9534
vn -0.0648 -0.9151 -0.3980
vn -0.0627 -0.9105 -0.4086
vn 0.0033 0.9049 0.4257
vn 0.0210 0.6329 0.7739
vn -0.0707 0.3091 -0.9484
vn -0.0611 0.7524 -0.6559
vn -0.0599 -0.6165 -0.7851
vn 0.0199 0.6243 0.7810
vn -0.0423 -0.7550 0.6544
vn -0.0629 0.7713 -0.6334
vn 0.8370 0.2674 0.4774
vn 0.8371 0.2672 0.4773
vn 0.8370 0.2671 0.4776
vn 0.8378 0.2676 0.4759
vn 0.8376 0.2681 0.4759
vn 0.8361 0.2660 0.4798
vn 0.8367 0.2653 0.4791
vn -0.8371 -0.2659 -0.4782
vn -0.8364 -0.2664 -0.4790
vn -0.8364 -0.2663 -0.4791
vn -0.8371 -0.2685 -0.4767
vn -0.8371 -0.2684 -0.4767
vn 0.8377 0.2666 0.4766
vn 0.8357 0.2669 0.4799
vn 0.8357 0.2670 0.4799
vn -0.8359 -0.2677 -0.4791
vn -0.8359 -0.2677 -0.4792
vn 0.8376 0.2659 0.4773
vn -0.8376 -0.2675 -0.4763
vn 0.8360 0.2679 0.4789
vn -0.8357 -0.2686 -0.4791
vn 0.4273 -0.8613 -0.2750
vn 0.2088 -0.9606 0.1836
vn 0.2059 -0.9602 0.1887
vn 0.4950 -0.0695 -0.8661
vn 0.5313 -0.5293 -0.6615
vn 0.5310 -0.5330 -0.6588
vn -0.3314 -0.4129 0.8483
vn -0.4971 0.0726 0.8646
vn -0.3322 -0.4114 0.8488
vn -0.4283 0.8606 0.2756
vn -0.2078 0.9606 -0.1848
vn -0.4300 0.8584 0.2799
vn 0.3304 0.4138 -0.8483
vn 0.4948 -0.0673 -0.8664
vn -0.0744 -0.7939 0.6034
vn -0.5327 0.5340 0.6565
vn -0.5327 0.5314 0.6587
vn 0.0751 0.7933 -0.6042
vn 0.0734 0.7953 -0.6018
vn -0.0718 -0.7963 0.6006
vn 0.4292 -0.8586 -0.2802
vn -0.4978 0.0735 0.8642
vn -0.2054 0.9602 -0.1892
vn -0.8377 -0.2657 -0.4771
vn 0.8367 0.2654 0.4791
vn 0.8372 0.2657 0.4780
vn 0.8376 0.2682 0.4759
vn 0.8373 0.2687 0.4762
vn -0.8382 -0.2654 -0.4764
vn 0.8368 0.2691 0.4768
vn 0.8368 0.2691 0.4767
vn -0.8384 -0.2655 -0.4761
vn 0.8363 0.2690 0.4777
vn -0.8380 -0.2664 -0.4763
vn -0.8379 -0.2664 -0.4763
vn 0.8360 0.2679 0.4788
vn -0.1694 -0.3358 0.9266
vn 0.1360 -0.7039 0.6972
vn 0.1776 -0.6860 0.7056
vn 0.3070 -0.9299 0.2027
vn 0.4702 -0.8369 0.2800
vn 0.3989 -0.8608 -0.3160
vn 0.6341 -0.7467 -0.2012
vn 0.3895 -0.5810 -0.7146
vn 0.6394 -0.4719 -0.6070
vn 0.2881 -0.2003 -0.9364
vn 0.4942 -0.0959 -0.8641
vn 0.1161 0.2307 -0.9661
vn 0.2114 0.3118 -0.9264
vn -0.1573 0.6564 -0.7378
vn -0.1142 0.6592 -0.7432
vn -0.4772 0.8171 -0.3234
vn -0.3274 0.9100 -0.2544
vn -0.6542 0.7340 0.1827
vn -0.4060 0.8613 0.3055
vn -0.6314 0.4663 0.6196
vn -0.3502 0.5951 0.7234
vn -0.4648 0.0938 0.8804
vn -0.2169 0.2137 0.9525
vn -0.1008 0.1923 0.9762
vn -0.0508 -0.2583 0.9647
vn 0.1692 -0.7644 0.6221
vn 0.2463 -0.9625 0.1135
vn 0.2718 -0.8849 -0.3782
vn 0.2506 -0.6154 -0.7473
vn 0.1812 -0.2215 -0.9582
vn 0.0476 0.2464 -0.9680
vn -0.1394 0.7199 -0.6799
vn -0.2680 0.9545 -0.1308
vn -0.2797 0.8687 0.4087
vn -0.2077 0.5925 0.7783
vn 0.0634 -0.6351 0.7698
vn 0.3671 -0.7127 0.5977
vn 0.5293 -0.6353 0.5623
vn 0.7064 -0.6798 0.1972
vn 0.8566 -0.4710 0.2107
vn 0.8524 -0.4640 -0.2411
vn 0.9640 -0.1828 -0.1930
vn 0.7803 -0.1380 -0.6100
vn 0.8242 0.1580 -0.5438
vn 0.5129 0.2188 -0.8301
vn 0.4719 0.4617 -0.7511
vn 0.1075 0.5240 -0.8449
vn -0.0051 0.6468 -0.7627
vn -0.3468 0.6885 -0.6369
vn -0.4850 0.6617 -0.5718
vn -0.7047 0.6577 -0.2662
vn -0.8383 0.4977 -0.2227
vn -0.8716 0.4515 0.1908
vn -0.9609 0.1927 0.1987
vn -0.7976 0.1225 0.5905
vn -0.7915 -0.1620 0.5893
vn -0.5103 -0.2214 0.8310
vn -0.4315 -0.4418 0.7865
vn -0.0777 -0.5400 0.8381
vn 0.5386 -0.7820 0.3136
vn 0.7586 -0.5679 0.3193
vn 0.8285 -0.5565 -0.0630
vn 0.9619 -0.2652 -0.0660
vn 0.8898 -0.1819 -0.4186
vn 0.8944 0.1106 -0.4333
vn 0.7128 0.2386 -0.6596
vn 0.5801 0.4536 -0.6766
vn 0.3483 0.5939 -0.7252
vn 0.1139 0.6716 -0.7321
vn -0.1058 0.7914 -0.6020
vn -0.3769 0.7106 -0.5941
vn -0.5314 0.7821 -0.3254
vn -0.7674 0.5637 -0.3055
vn -0.8206 0.5705 0.0344
vn -0.9614 0.2688 0.0582
vn -0.8977 0.2094 0.3877
vn -0.9089 -0.0974 0.4054
vn -0.7371 -0.2105 0.6422
vn -0.6153 -0.4615 0.6391
vn -0.3742 -0.5787 0.7246
vn -0.1866 -0.6739 0.7149
vn 0.0956 -0.7907 0.6046
vn 0.3429 -0.7138 0.6107
vn 0.5245 -0.8243 -0.2133
vn 0.7694 -0.5196 -0.3716
vn 0.6421 -0.4838 -0.5946
vn 0.7423 -0.0878 -0.6643
vn 0.5870 -0.0164 -0.8095
vn 0.5080 0.3699 -0.7779
vn 0.3749 0.4530 -0.8088
vn 0.1284 0.7255 -0.6762
vn 0.0564 0.8030 -0.5933
vn -0.2868 0.8766 -0.3864
vn -0.2825 0.9342 -0.2179
vn -0.6183 0.7859 0.0048
vn -0.5437 0.8120 0.2121
vn -0.7816 0.4907 0.3851
vn -0.6573 0.4852 0.5767
vn -0.7471 0.0733 0.6607
vn -0.6044 0.0390 0.7957
vn -0.5236 -0.3675 0.7686
vn -0.3949 -0.4267 0.8136
vn -0.1609 -0.7187 0.6765
vn -0.0782 -0.7881 0.6105
vn 0.2467 -0.8817 0.4021
vn 0.2609 -0.9372 0.2314
vn 0.5873 -0.8092 0.0186
vn 0.2099 -0.9586 0.1926
vn 0.4488 -0.8541 -0.2628
vn 0.5653 -0.5215 -0.6392
vn 0.5338 -0.0551 -0.8438
vn 0.3616 0.4265 -0.8290
vn 0.0842 0.8019 -0.5914
vn -0.2227 0.9565 -0.1882
vn -0.4661 0.8454 0.2610
vn -0.5798 0.5173 0.6295
vn -0.5438 0.0631 0.8368
vn -0.3674 -0.4167 0.8315
vn -0.0906 -0.7965 0.5978
vn 0.8360 -0.2692 0.4782
vn 0.8365 -0.2694 0.4772
vn 0.8360 -0.2692 0.4783
vn -0.9993 0.0070 -0.0361
vn -0.9993 0.0072 -0.0359
vn -0.9993 0.0088 -0.0368
vn -0.9993 0.0088 -0.0372
vn -0.9993 0.0082 -0.0375
vn -0.9993 0.0078 -0.0374
vn -0.9993 0.0070 -0.0365
vn -0.9993 0.0070 -0.0362
vn -0.9993 0.0084 -0.0363
vn -0.9993 0.0087 -0.0367
vn -0.9993 0.0075 -0.0359
vn -0.9993 0.0079 -0.0359
vn -0.9993 0.0074 -0.0359
vn -0.9993 0.0086 -0.0375
vn -0.9993 0.0073 -0.0370
vn -0.9993 0.0070 -0.0366
vn -0.9993 0.0079 -0.0360
vn -0.9993 0.0077 -0.0374
vn 0.0603 -0.6139 0.7871
vn 0.0635 -0.1888 0.9800
vn 0.0622 -0.1936 0.9791
vn 0.9993 -0.0079 0.0366
vn 0.9993 -0.0080 0.0367
vn 0.9993 -0.0079 0.0368
vn -0.0140 0.2234 -0.9746
vn 0.0080 -0.2753 -0.9613
vn 0.0134 -0.2921 -0.9563
vn 0.0463 -0.7711 -0.6350
vn 0.0635 -0.9898 -0.1276
vn 0.0628 -0.9923 -0.1072
vn 0.0321 0.9950 0.0943
vn -0.0000 0.9149 -0.4038
vn 0.0353 0.9911 0.1285
vn 0.0658 0.2945 0.9534
vn 0.0648 -0.9151 0.3980
vn 0.0627 -0.9105 0.4086
vn -0.0033 0.9049 -0.4257
vn -0.0210 0.6329 -0.7739
vn 0.0707 0.3091 0.9484
vn 0.0611 0.7524 0.6559
vn 0.0599 -0.6165 0.7851
vn -0.0199 0.6243 -0.7810
vn 0.0423 -0.7550 -0.6544
vn 0.0629 0.7713 0.6334
vn -0.8370 0.2674 -0.4774
vn -0.8371 0.2672 -0.4773
vn -0.8370 0.2671 -0.4776
vn -0.8378 0.2676 -0.4759
vn -0.8376 0.2681 -0.4759
vn -0.8361 0.2660 -0.4798
vn -0.8367 0.2653 -0.4791
vn 0.8371 -0.2659 0.4782
vn 0.8364 -0.2664 0.4790
vn 0.8364 -0.2663 0.4791
vn 0.8371 -0.2685 0.4767
vn 0.8371 -0.2684 0.4767
vn -0.8377 0.2666 -0.4766
vn -0.8357 0.2669 -0.4799
vn -0.8357 0.2670 -0.4799
vn 0.8359 -0.2677 0.4791
vn 0.8359 -0.2677 0.4792
vn -0.8376 0.2659 -0.4773
vn 0.8376 -0.2675 0.4763
vn -0.8360 0.2679 -0.4789
vn 0.8357 -0.2686 0.4791
vn -0.4273 -0.8613 0.2750
vn -0.2088 -0.9606 -0.1836
vn -0.2059 -0.9602 -0.1887
vn -0.4950 -0.0695 0.8661
vn -0.5313 -0.5293 0.6615
vn -0.5310 -0.5330 0.6588
vn 0.3314 -0.4129 -0.8483
vn 0.4971 0.0726 -0.8646
vn 0.3322 -0.4114 -0.8488
vn 0.4283 0.8606 -0.2756
vn 0.2078 0.9606 0.1848
vn 0.4300 0.8584 -0.2799
vn -0.3304 0.4138 0.8483
vn -0.4948 -0.0673 0.8664
vn 0.0744 -0.7939 -0.6034
vn 0.5327 0.5340 -0.6565
vn 0.5327 0.5314 -0.6587
vn -0.0751 0.7933 0.6042
vn -0.0734 0.7953 0.6018
vn 0.0718 -0.7963 -0.6006
vn -0.4292 -0.8586 0.2802
vn 0.4978 0.0735 -0.8642
vn 0.2054 0.9602 0.1892
vn 0.8377 -0.2657 0.4771
vn -0.8367 0.2654 -0.4791
vn -0.8372 0.2657 -0.4780
vn -0.8376 0.2682 -0.4759
vn -0.8373 0.2687 -0.4762
vn 0.8382 -0.2654 0.4764
vn -0.8368 0.2691 -0.4768
vn -0.8368 0.2691 -0.4767
vn 0.8384 -0.2655 0.4761
vn -0.8363 0.2690 -0.4777
vn 0.8380 -0.2664 0.4763
vn 0.8379 -0.2664 0.4763
vn -0.8360 0.2679 -0.4788
vn 0.1694 -0.3358 -0.9266
vn -0.1360 -0.7039 -0.6972
vn -0.1776 -0.6860 -0.7056
vn -0.3070 -0.9299 -0.2027
vn -0.4702 -0.8369 -0.2800
vn -0.3989 -0.8608 0.3160
vn -0.6341 -0.7467 0.2012
vn -0.3895 -0.5810 0.7146
vn -0.6394 -0.4719 0.6070
vn -0.2881 -0.2003 0.9364
vn -0.4942 -0.0959 0.8641
vn -0.1161 0.2307 0.9661
vn -0.2114 0.3118 0.9264
vn 0.1573 0.6564 0.7378
vn 0.1142 0.6592 0.7432
vn 0.4772 0.8171 0.3234
vn 0.3274 0.9100 0.2544
vn 0.6542 0.7340 -0.1827
vn 0.4060 0.8613 -0.3055
vn 0.6314 0.4663 -0.6196
vn 0.3502 0.5951 -0.7234
vn 0.4648 0.0938 -0.8804
vn 0.2169 0.2137 -0.9525
vn 0.1008 0.1923 -0.9762
vn 0.0508 -0.2583 -0.9647
vn -0.1692 -0.7644 -0.6221
vn -0.2463 -0.9625 -0.1135
vn -0.2718 -0.8849 0.3782
vn -0.2506 -0.6154 0.7473
vn -0.1812 -0.2215 0.9582
vn -0.0476 0.2464 0.9680
vn 0.1394 0.7199 0.6799
vn 0.2680 0.9545 0.1308
vn 0.2797 0.8687 -0.4087
vn 0.2077 0.5925 -0.7783
vn -0.0634 -0.6351 -0.7698
vn -0.3671 -0.7127 -0.5977
vn -0.5293 -0.6353 -0.5623
vn -0.7064 -0.6798 -0.1972
vn -0.8566 -0.4710 -0.2107
vn -0.8524 -0.4640 0.2411
vn -0.9640 -0.1828 0.1930
vn -0.7803 -0.1380 0.6100
vn -0.8242 0.1580 0.5438
vn -0.5129 0.2188 0.8301
vn -0.4719 0.4617 0.7511
vn -0.1075 0.5240 0.8449
vn 0.0051 0.6468 0.7627
vn 0.3468 0.6885 0.6369
vn 0.4850 0.6617 0.5718
vn 0.7047 0.6577 0.2662
vn 0.8383 0.4977 0.2227
vn 0.8716 0.4515 -0.1908
vn 0.9609 0.1927 -0.1987
vn 0.7976 0.1225 -0.5905
vn 0.7915 -0.1620 -0.5893
vn 0.5103 -0.2214 -0.8310
vn 0.4315 -0.4418 -0.7865
vn 0.0777 -0.5400 -0.8381
vn -0.5386 -0.7820 -0.3136
vn -0.7586 -0.5679 -0.3193
vn -0.8285 -0.5565 0.0630
vn -0.9619 -0.2652 0.0660
vn -0.8898 -0.1819 0.4186
vn -0.8944 0.1106 0.4333
vn -0.7128 0.2386 0.6596
vn -0.5801 0.4536 0.6766
vn -0.3483 0.5939 0.7252
vn -0.1139 0.6716 0.7321
vn 0.1058 0.7914 0.6020
vn 0.3769 0.7106 0.5941
vn 0.5314 0.7821 0.3254
vn 0.7674 0.5637 0.3055
vn 0.8206 0.5705 -0.0344
vn 0.9614 0.2688 -0.0582
vn 0.8977 0.2094 -0.3877
vn 0.9089 -0.0974 -0.4054
vn 0.7371 -0.2105 -0.6422
vn 0.6153 -0.4615 -0.6391
vn 0.3742 -0.5787 -0.7246
vn 0.1866 -0.6739 -0.7149
vn -0.0956 -0.7907 -0.6046
vn -0.3429 -0.7138 -0.6107
vn -0.5245 -0.8243 0.2133
vn -0.7694 -0.5196 0.3716
vn -0.6421 -0.4838 0.5946
vn -0.7423 -0.0878 0.6643
vn -0.5870 -0.0164 0.8095
vn -0.5080 0.3699 0.7779
vn -0.3749 0.4530 0.8088
vn -0.1284 0.7255 0.6762
vn -0.0564 0.8030 0.5933
vn 0.2868 0.8766 0.3864
vn 0.2825 0.9342 0.2179
vn 0.6183 0.7859 -0.0048
vn 0.5437 0.8120 -0.2121
vn 0.7816 0.4907 -0.3851
vn 0.6573 0.4852 -0.5767
vn 0.7471 0.0733 -0.6607
vn 0.6044 0.0390 -0.7957
vn 0.5236 -0.3675 -0.7686
vn 0.3949 -0.4267 -0.8136
vn 0.1609 -0.7187 -0.6765
vn 0.0782 -0.7881 -0.6105
vn -0.2467 -0.8817 -0.4021
vn -0.2609 -0.9372 -0.2314
vn -0.5873 -0.8092 -0.0186
vn -0.2099 -0.9586 -0.1926
vn -0.4488 -0.8541 0.2628
vn -0.5653 -0.5215 0.6392
vn -0.5338 -0.0551 0.8438
vn -0.3616 0.4265 0.8290
vn -0.0842 0.8019 0.5914
vn 0.2227 0.9565 0.1882
vn 0.4661 0.8454 -0.2610
vn 0.5798 0.5173 -0.6295
vn 0.5438 0.0631 -0.8368
vn 0.3674 -0.4167 -0.8315
vn 0.0906 -0.7965 -0.5978
vn -0.8365 -0.2694 0.4772
vn -0.8360 -0.2692 0.4782
vn -0.8360 -0.2692 0.4783
vn 0.9993 0.0070 -0.0361
vn 0.9993 0.0072 -0.0359
vn 0.9993 0.0070 -0.0362
vn 0.9993 0.0088 -0.0368
vn 0.9993 0.0088 -0.0372
vn 0.9993 0.0087 -0.0367
vn 0.9993 0.0078 -0.0374
vn 0.9993 0.0082 -0.0375
vn 0.9993 0.0070 -0.0365
vn 0.9993 0.0070 -0.0366
vn 0.9993 0.0084 -0.0363
vn 0.9993 0.0079 -0.0359
vn 0.9993 0.0075 -0.0359
vn 0.9993 0.0074 -0.0359
vn 0.9993 0.0086 -0.0375
vn 0.9993 0.0073 -0.0370
vn 0.9993 0.0072 -0.0370
vn 0.9993 0.0077 -0.0374
vn -0.0603 -0.6139 0.7871
vn -0.0635 -0.1888 0.9800
vn -0.0599 -0.6165 0.7851
vn -0.9993 -0.0080 0.0368
vn -0.9993 -0.0080 0.0366
vn -0.9993 -0.0078 0.0367
vn 0.0140 0.2234 -0.9746
vn -0.0080 -0.2753 -0.9613
vn 0.0143 0.2251 -0.9742
vn -0.0463 -0.7711 -0.6350
vn -0.0635 -0.9898 -0.1276
vn -0.0423 -0.7550 -0.6544
vn -0.0321 0.9950 0.0943
vn -0.0353 0.9911 0.1285
vn -0.0658 0.2945 0.9534
vn -0.0622 -0.1936 0.9791
vn -0.0628 -0.9923 -0.1072
vn -0.0648 -0.9151 0.3980
vn 0.0210 0.6329 -0.7739
vn 0.0033 0.9049 -0.4257
vn -0.0611 0.7524 0.6559
vn -0.0707 0.3091 0.9484
vn -0.0627 -0.9105 0.4086
vn 0.0199 0.6243 -0.7810
vn -0.0134 -0.2921 -0.9563
vn -0.0629 0.7713 0.6334
vn 0.8371 0.2670 -0.4775
vn 0.8371 0.2673 -0.4773
vn 0.8369 0.2674 -0.4776
vn 0.8376 0.2681 -0.4759
vn 0.8378 0.2676 -0.4758
vn 0.8378 0.2676 -0.4759
vn 0.8367 0.2653 -0.4791
vn 0.8361 0.2660 -0.4798
vn -0.8371 -0.2659 0.4782
vn -0.8364 -0.2664 0.4790
vn -0.8371 -0.2659 0.4781
vn -0.8371 -0.2685 0.4767
vn -0.8364 -0.2695 0.4772
vn 0.8377 0.2666 -0.4766
vn 0.8357 0.2669 -0.4799
vn 0.8357 0.2670 -0.4799
vn -0.8364 -0.2663 0.4791
vn -0.8359 -0.2677 0.4791
vn 0.8376 0.2659 -0.4773
vn -0.8371 -0.2684 0.4767
vn -0.8376 -0.2675 0.4763
vn 0.8360 0.2679 -0.4789
vn 0.8360 0.2679 -0.4788
vn -0.8359 -0.2677 0.4792
vn -0.8357 -0.2686 0.4791
vn 0.4273 -0.8613 0.2750
vn 0.2088 -0.9606 -0.1836
vn 0.4292 -0.8586 0.2802
vn 0.4950 -0.0695 0.8661
vn 0.5313 -0.5293 0.6615
vn 0.4948 -0.0673 0.8664
vn -0.4971 0.0726 -0.8646
vn -0.3314 -0.4129 -0.8483
vn -0.3322 -0.4114 -0.8488
vn -0.2078 0.9606 0.1848
vn -0.4283 0.8606 -0.2756
vn -0.4300 0.8584 -0.2799
vn 0.3304 0.4138 0.8483
vn 0.3307 0.4133 0.8484
vn -0.0744 -0.7939 -0.6034
vn -0.0718 -0.7963 -0.6006
vn -0.5327 0.5340 -0.6565
vn -0.5327 0.5314 -0.6587
vn 0.0751 0.7933 0.6042
vn 0.0734 0.7953 0.6018
vn 0.2059 -0.9602 -0.1887
vn 0.5310 -0.5330 0.6588
vn -0.4978 0.0735 -0.8642
vn -0.2054 0.9602 0.1892
vn -0.8377 -0.2657 0.4771
vn 0.8372 0.2657 -0.4780
vn 0.8367 0.2654 -0.4791
vn 0.8373 0.2687 -0.4762
vn 0.8376 0.2682 -0.4759
vn -0.8382 -0.2654 0.4764
vn 0.8372 0.2658 -0.4780
vn 0.8368 0.2691 -0.4768
vn -0.8384 -0.2655 0.4761
vn 0.8368 0.2691 -0.4767
vn 0.8363 0.2690 -0.4777
vn -0.8380 -0.2664 0.4763
vn -0.8379 -0.2664 0.4763
vn -0.1694 -0.3358 -0.9266
vn 0.1360 -0.7039 -0.6972
vn -0.0508 -0.2583 -0.9647
vn 0.1776 -0.6860 -0.7056
vn 0.3070 -0.9299 -0.2027
vn 0.4702 -0.8369 -0.2800
vn 0.3989 -0.8608 0.3160
vn 0.6341 -0.7467 0.2012
vn 0.3895 -0.5810 0.7146
vn 0.6394 -0.4719 0.6070
vn 0.2881 -0.2003 0.9364
vn 0.4942 -0.0959 0.8641
vn 0.1161 0.2307 0.9661
vn -0.1573 0.6564 0.7378
vn 0.2114 0.3118 0.9264
vn -0.4772 0.8171 0.3234
vn -0.1142 0.6592 0.7432
vn -0.6542 0.7340 -0.1827
vn -0.3274 0.9100 0.2544
vn -0.6314 0.4663 -0.6196
vn -0.4061 0.8613 -0.3055
vn -0.4648 0.0938 -0.8804
vn -0.3502 0.5951 -0.7234
vn -0.2169 0.2137 -0.9525
vn -0.1008 0.1923 -0.9762
vn 0.1692 -0.7644 -0.6221
vn 0.0430 -0.3226 -0.9456
vn 0.2463 -0.9625 -0.1135
vn 0.2718 -0.8849 0.3782
vn 0.2506 -0.6154 0.7473
vn 0.1812 -0.2215 0.9582
vn 0.0476 0.2464 0.9680
vn -0.1394 0.7199 0.6799
vn -0.2680 0.9545 0.1308
vn -0.2797 0.8687 -0.4087
vn -0.2077 0.5925 -0.7783
vn 0.0634 -0.6351 -0.7698
vn 0.3671 -0.7127 -0.5977
vn -0.0777 -0.5400 -0.8381
vn 0.5293 -0.6353 -0.5623
vn 0.7064 -0.6798 -0.1972
vn 0.8566 -0.4710 -0.2107
vn 0.8524 -0.4640 0.2411
vn 0.9640 -0.1828 0.1930
vn 0.7803 -0.1380 0.6100
vn 0.8242 0.1580 0.5438
vn 0.5129 0.2188 0.8301
vn 0.4719 0.4617 0.7511
vn 0.1075 0.5240 0.8449
vn -0.0051 0.6468 0.7627
vn -0.3468 0.6885 0.6369
vn -0.4850 0.6617 0.5718
vn -0.7047 0.6577 0.2662
vn -0.8383 0.4977 0.2227
vn -0.8716 0.4515 -0.1908
vn -0.9609 0.1927 -0.1987
vn -0.7976 0.1225 -0.5905
vn -0.7915 -0.1620 -0.5893
vn -0.5103 -0.2214 -0.8310
vn -0.4315 -0.4418 -0.7865
vn 0.5386 -0.7820 -0.3136
vn 0.7586 -0.5679 -0.3193
vn 0.3429 -0.7138 -0.6107
vn 0.8285 -0.5565 0.0630
vn 0.9619 -0.2652 0.0660
vn 0.8898 -0.1819 0.4186
vn 0.8944 0.1106 0.4333
vn 0.7128 0.2386 0.6596
vn 0.5801 0.4536 0.6766
vn 0.3483 0.5939 0.7252
vn 0.1139 0.6716 0.7321
vn -0.1058 0.7914 0.6020
vn -0.3769 0.7106 0.5941
vn -0.5314 0.7821 0.3254
vn -0.7674 0.5637 0.3055
vn -0.8206 0.5705 -0.0344
vn -0.9614 0.2688 -0.0582
vn -0.8977 0.2094 -0.3877
vn -0.9089 -0.0974 -0.4054
vn -0.7371 -0.2105 -0.6422
vn -0.6153 -0.4615 -0.6391
vn -0.3742 -0.5787 -0.7246
vn -0.1866 -0.6739 -0.7149
vn 0.0956 -0.7907 -0.6046
vn 0.5245 -0.8243 0.2133
vn 0.7694 -0.5196 0.3716
vn 0.5873 -0.8092 -0.0186
vn 0.6421 -0.4838 0.5946
vn 0.7423 -0.0878 0.6643
vn 0.5870 -0.0164 0.8095
vn 0.5080 0.3699 0.7779
vn 0.3749 0.4530 0.8088
vn 0.1284 0.7255 0.6762
vn 0.0564 0.8030 0.5933
vn -0.2868 0.8766 0.3864
vn -0.2825 0.9342 0.2179
vn -0.6183 0.7859 -0.0048
vn -0.5437 0.8120 -0.2121
vn -0.7816 0.4907 -0.3851
vn -0.6573 0.4852 -0.5767
vn -0.7471 0.0733 -0.6607
vn -0.6044 0.0390 -0.7957
vn -0.5236 -0.3675 -0.7686
vn -0.3949 -0.4267 -0.8136
vn -0.1609 -0.7187 -0.6765
vn -0.0782 -0.7881 -0.6105
vn 0.2467 -0.8817 -0.4021
vn 0.2609 -0.9372 -0.2314
vn 0.2099 -0.9586 -0.1926
vn 0.4488 -0.8541 0.2628
vn 0.5338 -0.0551 0.8438
vn 0.5653 -0.5215 0.6392
vn 0.3616 0.4265 0.8290
vn 0.0842 0.8019 0.5914
vn -0.2227 0.9565 0.1882
vn -0.4661 0.8454 -0.2610
vn -0.5798 0.5173 -0.6295
vn -0.5438 0.0631 -0.8368
vn -0.3674 -0.4167 -0.8315
vn -0.0906 -0.7965 -0.5978
vn 0.8360 0.2692 -0.4782
vn 0.8365 0.2694 -0.4772
vn 0.8360 0.2692 -0.4783
vn -0.9993 -0.0070 0.0361
vn -0.9993 -0.0072 0.0359
vn -0.9993 -0.0088 0.0368
vn -0.9993 -0.0088 0.0372
vn -0.9993 -0.0082 0.0375
vn -0.9993 -0.0078 0.0374
vn -0.9993 -0.0070 0.0365
vn -0.9993 -0.0070 0.0362
vn -0.9993 -0.0084 0.0363
vn -0.9993 -0.0087 0.0367
vn -0.9993 -0.0075 0.0359
vn -0.9993 -0.0079 0.0359
vn -0.9993 -0.0074 0.0359
vn -0.9993 -0.0086 0.0375
vn -0.9993 -0.0073 0.0370
vn -0.9993 -0.0070 0.0366
vn -0.9993 -0.0079 0.0360
vn -0.9993 -0.0077 0.0374
vn 0.0603 0.6139 -0.7871
vn 0.0635 0.1888 -0.9800
vn 0.0622 0.1936 -0.9791
vn 0.9993 0.0079 -0.0366
vn 0.9993 0.0080 -0.0367
vn 0.9993 0.0079 -0.0368
vn -0.0140 -0.2234 0.9746
vn 0.0080 0.2753 0.9613
vn 0.0134 0.2921 0.9563
vn 0.0463 0.7711 0.6350
vn 0.0635 0.9898 0.1276
vn 0.0628 0.9923 0.1072
vn 0.0321 -0.9950 -0.0943
vn -0.0000 -0.9149 0.4038
vn 0.0353 -0.9911 -0.1285
vn 0.0658 -0.2945 -0.9534
vn 0.0648 0.9151 -0.3980
vn 0.0627 0.9105 -0.4086
vn -0.0033 -0.9049 0.4257
vn -0.0210 -0.6329 0.7739
vn 0.0707 -0.3091 -0.9484
vn 0.0611 -0.7524 -0.6559
vn 0.0599 0.6165 -0.7851
vn -0.0199 -0.6243 0.7810
vn 0.0423 0.7550 0.6544
vn 0.0629 -0.7713 -0.6334
vn -0.8370 -0.2674 0.4774
vn -0.8371 -0.2672 0.4773
vn -0.8370 -0.2671 0.4776
vn -0.8378 -0.2676 0.4759
vn -0.8376 -0.2681 0.4759
vn -0.8361 -0.2660 0.4798
vn -0.8367 -0.2653 0.4791
vn 0.8371 0.2659 -0.4782
vn 0.8364 0.2664 -0.4790
vn 0.8364 0.2663 -0.4791
vn 0.8371 0.2685 -0.4767
vn 0.8371 0.2684 -0.4767
vn -0.8377 -0.2666 0.4766
vn -0.8357 -0.2669 0.4799
vn -0.8357 -0.2670 0.4799
vn 0.8359 0.2677 -0.4791
vn 0.8359 0.2677 -0.4792
vn -0.8376 -0.2659 0.4773
vn 0.8376 0.2675 -0.4763
vn -0.8360 -0.2679 0.4789
vn 0.8357 0.2686 -0.4791
vn -0.4273 0.8613 -0.2750
vn -0.2088 0.9606 0.1836
vn -0.2059 0.9602 0.1887
vn -0.4950 0.0695 -0.8661
vn -0.5313 0.5293 -0.6615
vn -0.5310 0.5330 -0.6588
vn 0.3314 0.4129 0.8483
vn 0.4971 -0.0726 0.8646
vn 0.3322 0.4114 0.8488
vn 0.4283 -0.8606 0.2756
vn 0.2078 -0.9606 -0.1848
vn 0.4300 -0.8584 0.2799
vn -0.3304 -0.4138 -0.8483
vn -0.4948 0.0673 -0.8664
vn 0.0744 0.7939 0.6034
vn 0.5327 -0.5340 0.6565
vn 0.5327 -0.5314 0.6587
vn -0.0751 -0.7933 -0.6042
vn -0.0734 -0.7953 -0.6018
vn 0.0718 0.7963 0.6006
vn -0.4292 0.8586 -0.2802
vn 0.4978 -0.0735 0.8642
vn 0.2054 -0.9602 -0.1892
vn 0.8377 0.2657 -0.4771
vn -0.8367 -0.2654 0.4791
vn -0.8372 -0.2657 0.4780
vn -0.8376 -0.2682 0.4759
vn -0.8373 -0.2687 0.4762
vn 0.8382 0.2654 -0.4764
vn -0.8368 -0.2691 0.4768
vn -0.8368 -0.2691 0.4767
vn 0.8384 0.2655 -0.4761
vn -0.8363 -0.2690 0.4777
vn 0.8380 0.2664 -0.4763
vn 0.8379 0.2664 -0.4763
vn -0.8360 -0.2679 0.4788
vn 0.1694 0.3358 0.9266
vn -0.1360 0.7039 0.6972
vn -0.1776 0.6860 0.7056
vn -0.3070 0.9299 0.2027
vn -0.4702 0.8369 0.2800
vn -0.3989 0.8608 -0.3160
vn -0.6341 0.7467 -0.2012
vn -0.3895 0.5810 -0.7146
vn -0.6394 0.4719 -0.6070
vn -0.2881 0.2003 -0.9364
vn -0.4942 0.0959 -0.8641
vn -0.1161 -0.2307 -0.9661
vn -0.2114 -0.3118 -0.9264
vn 0.1573 -0.6564 -0.7378
vn 0.1142 -0.6592 -0.7432
vn 0.4772 -0.8171 -0.3234
vn 0.3274 -0.9100 -0.2544
vn 0.6542 -0.7340 0.1827
vn 0.4060 -0.8613 0.3055
vn 0.6314 -0.4663 0.6196
vn 0.3502 -0.5951 0.7234
vn 0.4648 -0.0938 0.8804
vn 0.2169 -0.2137 0.9525
vn 0.1008 -0.1923 0.9762
vn 0.0508 0.2583 0.9647
vn -0.1692 0.7644 0.6221
vn -0.2463 0.9625 0.1135
vn -0.2718 0.8849 -0.3782
vn -0.2506 0.6154 -0.7473
vn -0.1812 0.2215 -0.9582
vn -0.0476 -0.2464 -0.9680
vn 0.1394 -0.7199 -0.6799
vn 0.2680 -0.9545 -0.1308
vn 0.2797 -0.8687 0.4087
vn 0.2077 -0.5925 0.7783
vn -0.0634 0.6351 0.7698
vn -0.3671 0.7127 0.5977
vn -0.5293 0.6353 0.5623
vn -0.7064 0.6798 0.1972
vn -0.8566 0.4710 0.2107
vn -0.8524 0.4640 -0.2411
vn -0.9640 0.1828 -0.1930
vn -0.7803 0.1380 -0.6100
vn -0.8242 -0.1580 -0.5438
vn -0.5129 -0.2188 -0.8301
vn -0.4719 -0.4617 -0.7511
vn -0.1075 -0.5240 -0.8449
vn 0.0051 -0.6468 -0.7627
vn 0.3468 -0.6885 -0.6369
vn 0.4850 -0.6617 -0.5718
vn 0.7047 -0.6577 -0.2662
vn 0.8383 -0.4977 -0.2227
vn 0.8716 -0.4515 0.1908
vn 0.9609 -0.1927 0.1987
vn 0.7976 -0.1225 0.5905
vn 0.7915 0.1620 0.5893
vn 0.5103 0.2214 0.8310
vn 0.4315 0.4418 0.7865
vn 0.0777 0.5400 0.8381
vn -0.5386 0.7820 0.3136
vn -0.7586 0.5679 0.3193
vn -0.8285 0.5565 -0.0630
vn -0.9619 0.2652 -0.0660
vn -0.8898 0.1819 -0.4186
vn -0.8944 -0.1106 -0.4333
vn -0.7128 -0.2386 -0.6596
vn -0.5801 -0.4536 -0.6766
vn -0.3483 -0.5939 -0.7252
vn -0.1139 -0.6716 -0.7321
vn 0.1058 -0.7914 -0.6020
vn 0.3769 -0.7106 -0.5941
vn 0.5314 -0.7821 -0.3254
vn 0.7674 -0.5637 -0.3055
vn 0.8206 -0.5705 0.0344
vn 0.9614 -0.2688 0.0582
vn 0.8977 -0.2094 0.3877
vn 0.9089 0.0974 0.4054
vn 0.7371 0.2105 0.6422
vn 0.6153 0.4615 0.6391
vn 0.3742 0.5787 0.7246
vn 0.1866 0.6739 0.7149
vn -0.0956 0.7907 0.6046
vn -0.3429 0.7138 0.6107
vn -0.5245 0.8243 -0.2133
vn -0.7694 0.5196 -0.3716
vn -0.6421 0.4838 -0.5946
vn -0.7423 0.0878 -0.6643
vn -0.5870 0.0164 -0.8095
vn -0.5080 -0.3699 -0.7779
vn -0.3749 -0.4530 -0.8088
vn -0.1284 -0.7255 -0.6762
vn -0.0564 -0.8030 -0.5933
vn 0.2868 -0.8766 -0.3864
vn 0.2825 -0.9342 -0.2179
vn 0.6183 -0.7859 0.0048
vn 0.5437 -0.8120 0.2121
vn 0.7816 -0.4907 0.3851
vn 0.6573 -0.4852 0.5767
vn 0.7471 -0.0733 0.6607
vn 0.6044 -0.0390 0.7957
vn 0.5236 0.3675 0.7686
vn 0.3949 0.4267 0.8136
vn 0.1609 0.7187 0.6765
vn 0.0782 0.7881 0.6105
vn -0.2467 0.8817 0.4021
vn -0.2609 0.9372 0.2314
vn -0.5873 0.8092 0.0186
vn -0.2099 0.9586 0.1926
vn -0.4488 0.8541 -0.2628
vn -0.5653 0.5215 -0.6392
vn -0.5338 0.0551 -0.8438
vn -0.3616 -0.4265 -0.8290
vn -0.0842 -0.8019 -0.5914
vn 0.2227 -0.9565 -0.1882
vn 0.4661 -0.8454 0.2610
vn 0.5798 -0.5173 0.6295
vn 0.5438 -0.0631 0.8368
vn 0.3674 0.4167 0.8315
vn 0.0906 0.7965 0.5978
vn -0.8365 0.2694 -0.4772
vn -0.8360 0.2692 -0.4782
vn -0.8360 0.2692 -0.4783
vn 0.9993 -0.0070 0.0361
vn 0.9993 -0.0072 0.0359
vn 0.9993 -0.0070 0.0362
vn 0.9993 -0.0088 0.0368
vn 0.9993 -0.0088 0.0372
vn 0.9993 -0.0087 0.0367
vn 0.9993 -0.0078 0.0374
vn 0.9993 -0.0082 0.0375
vn 0.9993 -0.0070 0.0365
vn 0.9993 -0.0070 0.0366
vn 0.9993 -0.0084 0.0363
vn 0.9993 -0.0079 0.0359
vn 0.9993 -0.0075 0.0359
vn 0.9993 -0.0074 0.0359
vn 0.9993 -0.0086 0.0375
vn 0.9993 -0.0073 0.0370
vn 0.9993 -0.0072 0.0370
vn 0.9993 -0.0077 0.0374
vn -0.0603 0.6139 -0.7871
vn -0.0635 0.1888 -0.9800
vn -0.0599 0.6165 -0.7851
vn -0.9993 0.0080 -0.0368
vn -0.9993 0.0080 -0.0366
vn -0.9993 0.0078 -0.0367
vn 0.0140 -0.2234 0.9746
vn -0.0080 0.2753 0.9613
vn 0.0143 -0.2251 0.9742
vn -0.0463 0.7711 0.6350
vn -0.0635 0.9898 0.1276
vn -0.0423 0.7550 0.6544
vn -0.0321 -0.9950 -0.0943
vn -0.0353 -0.9911 -0.1285
vn -0.0658 -0.2945 -0.9534
vn -0.0622 0.1936 -0.9791
vn -0.0628 0.9923 0.1072
vn -0.0648 0.9151 -0.3980
vn 0.0210 -0.6329 0.7739
vn 0.0033 -0.9049 0.4257
vn -0.0611 -0.7524 -0.6559
vn -0.0707 -0.3091 -0.9484
vn -0.0627 0.9105 -0.4086
vn 0.0199 -0.6243 0.7810
vn -0.0134 0.2921 0.9563
vn -0.0629 -0.7713 -0.6334
vn 0.8371 -0.2670 0.4775
vn 0.8371 -0.2673 0.4773
vn 0.8369 -0.2674 0.4776
vn 0.8376 -0.2681 0.4759
vn 0.8378 -0.2676 0.4758
vn 0.8378 -0.2676 0.4759
vn 0.8367 -0.2653 0.4791
vn 0.8361 -0.2660 0.4798
vn -0.8371 0.2659 -0.4782
vn -0.8364 0.2664 -0.4790
vn -0.8371 0.2659 -0.4781
vn -0.8371 0.2685 -0.4767
vn -0.8364 0.2695 -0.4772
vn 0.8377 -0.2666 0.4766
vn 0.8357 -0.2669 0.4799
vn 0.8357 -0.2670 0.4799
vn -0.8364 0.2663 -0.4791
vn -0.8359 0.2677 -0.4791
vn 0.8376 -0.2659 0.4773
vn -0.8371 0.2684 -0.4767
vn -0.8376 0.2675 -0.4763
vn 0.8360 -0.2679 0.4789
vn 0.8360 -0.2679 0.4788
vn -0.8359 0.2677 -0.4792
vn -0.8357 0.2686 -0.4791
vn 0.4273 0.8613 -0.2750
vn 0.2088 0.9606 0.1836
vn 0.4292 0.8586 -0.2802
vn 0.4950 0.0695 -0.8661
vn 0.5313 0.5293 -0.6615
vn 0.4948 0.0673 -0.8664
vn -0.4971 -0.0726 0.8646
vn -0.3314 0.4129 0.8483
vn -0.3322 0.4114 0.8488
vn -0.2078 -0.9606 -0.1848
vn -0.4283 -0.8606 0.2756
vn -0.4300 -0.8584 0.2799
vn 0.3304 -0.4138 -0.8483
vn 0.3307 -0.4133 -0.8484
vn -0.0744 0.7939 0.6034
vn -0.0718 0.7963 0.6006
vn -0.5327 -0.5340 0.6565
vn -0.5327 -0.5314 0.6587
vn 0.0751 -0.7933 -0.6042
vn 0.0734 -0.7953 -0.6018
vn 0.2059 0.9602 0.1887
vn 0.5310 0.5330 -0.6588
vn -0.4978 -0.0735 0.8642
vn -0.2054 -0.9602 -0.1892
vn -0.8377 0.2657 -0.4771
vn 0.8372 -0.2657 0.4780
vn 0.8367 -0.2654 0.4791
vn 0.8373 -0.2687 0.4762
vn 0.8376 -0.2682 0.4759
vn -0.8382 0.2654 -0.4764
vn 0.8372 -0.2658 0.4780
vn 0.8368 -0.2691 0.4768
vn -0.8384 0.2655 -0.4761
vn 0.8368 -0.2691 0.4767
vn 0.8363 -0.2690 0.4777
vn -0.8380 0.2664 -0.4763
vn -0.8379 0.2664 -0.4763
vn -0.1694 0.3358 0.9266
vn 0.1360 0.7039 0.6972
vn -0.0508 0.2583 0.9647
vn 0.1776 0.6860 0.7056
vn 0.3070 0.9299 0.2027
vn 0.4702 0.8369 0.2800
vn 0.3989 0.8608 -0.3160
vn 0.6341 0.7467 -0.2012
vn 0.3895 0.5810 -0.7146
vn 0.6394 0.4719 -0.6070
vn 0.2881 0.2003 -0.9364
vn 0.4942 0.0959 -0.8641
vn 0.1161 -0.2307 -0.9661
vn -0.1573 -0.6564 -0.7378
vn 0.2114 -0.3118 -0.9264
vn -0.4772 -0.8171 -0.3234
vn -0.1142 -0.6592 -0.7432
vn -0.6542 -0.7340 0.1827
vn -0.3274 -0.9100 -0.2544
vn -0.6314 -0.4663 0.6196
vn -0.4061 -0.8613 0.3055
vn -0.4648 -0.0938 0.8804
vn -0.3502 -0.5951 0.7234
vn -0.2169 -0.2137 0.9525
vn -0.1008 -0.1923 0.9762
vn 0.1692 0.7644 0.6221
vn 0.0430 0.3226 0.9456
vn 0.2463 0.9625 0.1135
vn 0.2718 0.8849 -0.3782
vn 0.2506 0.6154 -0.7473
vn 0.1812 0.2215 -0.9582
vn 0.0476 -0.2464 -0.9680
vn -0.1394 -0.7199 -0.6799
vn -0.2680 -0.9545 -0.1308
vn -0.2797 -0.8687 0.4087
vn -0.2077 -0.5925 0.7783
vn 0.0634 0.6351 0.7698
vn 0.3671 0.7127 0.5977
vn -0.0777 0.5400 0.8381
vn 0.5293 0.6353 0.5623
vn 0.7064 0.6798 0.1972
vn 0.8566 0.4710 0.2107
vn 0.8524 0.4640 -0.2411
vn 0.9640 0.1828 -0.1930
vn 0.7803 0.1380 -0.6100
vn 0.8242 -0.1580 -0.5438
vn 0.5129 -0.2188 -0.8301
vn 0.4719 -0.4617 -0.7511
vn 0.1075 -0.5240 -0.8449
vn -0.0051 -0.6468 -0.7627
vn -0.3468 -0.6885 -0.6369
vn -0.4850 -0.6617 -0.5718
vn -0.7047 -0.6577 -0.2662
vn -0.8383 -0.4977 -0.2227
vn -0.8716 -0.4515 0.1908
vn -0.9609 -0.1927 0.1987
vn -0.7976 -0.1225 0.5905
vn -0.7915 0.1620 0.5893
vn -0.5103 0.2214 0.8310
vn -0.4315 0.4418 0.7865
vn 0.5386 0.7820 0.3136
vn 0.7586 0.5679 0.3193
vn 0.3429 0.7138 0.6107
vn 0.8285 0.5565 -0.0630
vn 0.9619 0.2652 -0.0660
vn 0.8898 0.1819 -0.4186
vn 0.8944 -0.1106 -0.4333
vn 0.7128 -0.2386 -0.6596
vn 0.5801 -0.4536 -0.6766
vn 0.3483 -0.5939 -0.7252
vn 0.1139 -0.6716 -0.7321
vn -0.1058 -0.7914 -0.6020
vn -0.3769 -0.7106 -0.5941
vn -0.5314 -0.7821 -0.3254
vn -0.7674 -0.5637 -0.3055
vn -0.8206 -0.5705 0.0344
vn -0.9614 -0.2688 0.0582
vn -0.8977 -0.2094 0.3877
vn -0.9089 0.0974 0.4054
vn -0.7371 0.2105 0.6422
vn -0.6153 0.4615 0.6391
vn -0.3742 0.5787 0.7246
vn -0.1866 0.6739 0.7149
vn 0.0956 0.7907 0.6046
vn 0.5245 0.8243 -0.2133
vn 0.7694 0.5196 -0.3716
vn 0.5873 0.8092 0.0186
vn 0.6421 0.4838 -0.5946
vn 0.7423 0.0878 -0.6643
vn 0.5870 0.0164 -0.8095
vn 0.5080 -0.3699 -0.7779
vn 0.3749 -0.4530 -0.8088
vn 0.1284 -0.7255 -0.6762
vn 0.0564 -0.8030 -0.5933
vn -0.2868 -0.8766 -0.3864
vn -0.2825 -0.9342 -0.2179
vn -0.6183 -0.7859 0.0048
vn -0.5437 -0.8120 0.2121
vn -0.7816 -0.4907 0.3851
vn -0.6573 -0.4852 0.5767
vn -0.7471 -0.0733 0.6607
vn -0.6044 -0.0390 0.7957
vn -0.5236 0.3675 0.7686
vn -0.3949 0.4267 0.8136
vn -0.1609 0.7187 0.6765
vn -0.0782 0.7881 0.6105
vn 0.2467 0.8817 0.4021
vn 0.2609 0.9372 0.2314
vn 0.2099 0.9586 0.1926
vn 0.4488 0.8541 -0.2628
vn 0.5338 0.0551 -0.8438
vn 0.5653 0.5215 -0.6392
vn 0.3616 -0.4265 -0.8290
vn 0.0842 -0.8019 -0.5914
vn -0.2227 -0.9565 -0.1882
vn -0.4661 -0.8454 0.2610
vn -0.5798 -0.5173 0.6295
vn -0.5438 -0.0631 0.8368
vn -0.3674 0.4167 0.8315
vn -0.0906 0.7965 0.5978
vn 0.8365 0.2694 0.4772
vn 0.8360 0.2692 0.4782
vn 0.8360 0.2692 0.4783
vn -0.9993 -0.0070 -0.0361
vn -0.9993 -0.0072 -0.0359
vn -0.9993 -0.0070 -0.0362
vn -0.9993 -0.0088 -0.0368
vn -0.9993 -0.0088 -0.0372
vn -0.9993 -0.0087 -0.0367
vn -0.9993 -0.0078 -0.0374
vn -0.9993 -0.0082 -0.0375
vn -0.9993 -0.0070 -0.0365
vn -0.9993 -0.0070 -0.0366
vn -0.9993 -0.0084 -0.0363
vn -0.9993 -0.0079 -0.0359
vn -0.9993 -0.0075 -0.0359
vn -0.9993 -0.0074 -0.0359
vn -0.9993 -0.0086 -0.0375
vn -0.9993 -0.0073 -0.0370
vn -0.9993 -0.0072 -0.0370
vn -0.9993 -0.0077 -0.0374
vn 0.0603 0.6139 0.7871
vn 0.0635 0.1888 0.9800
vn 0.0599 0.6165 0.7851
vn 0.9993 0.0080 0.0368
vn 0.9993 0.0080 0.0366
vn 0.9993 0.0078 0.0367
vn -0.0140 -0.2234 -0.9746
vn 0.0080 0.2753 -0.9613
vn -0.0143 -0.2251 -0.9742
vn 0.0463 0.7711 -0.6350
vn 0.0635 0.9898 -0.1276
vn 0.0423 0.7550 -0.6544
vn -0.0000 -0.9149 -0.4038
vn 0.0321 -0.9950 0.0943
vn 0.0353 -0.9911 0.1285
vn 0.0658 -0.2945 0.9534
vn 0.0622 0.1936 0.9791
vn 0.0628 0.9923 -0.1072
vn 0.0648 0.9151 0.3980
vn -0.0210 -0.6329 -0.7739
vn -0.0033 -0.9049 -0.4257
vn 0.0611 -0.7524 0.6559
vn 0.0707 -0.3091 0.9484
vn 0.0627 0.9105 0.4086
vn -0.0199 -0.6243 -0.7810
vn 0.0134 0.2921 -0.9563
vn 0.0629 -0.7713 0.6334
vn -0.8371 -0.2670 -0.4775
vn -0.8371 -0.2673 -0.4773
vn -0.8369 -0.2674 -0.4776
vn -0.8376 -0.2681 -0.4759
vn -0.8378 -0.2676 -0.4758
vn -0.8378 -0.2676 -0.4759
vn -0.8367 -0.2653 -0.4791
vn -0.8361 -0.2660 -0.4798
vn 0.8371 0.2659 0.4782
vn 0.8364 0.2664 0.4790
vn 0.8371 0.2659 0.4781
vn 0.8371 0.2685 0.4767
vn 0.8364 0.2695 0.4772
vn -0.8377 -0.2666 -0.4766
vn -0.8357 -0.2669 -0.4799
vn -0.8357 -0.2670 -0.4799
vn 0.8364 0.2663 0.4791
vn 0.8359 0.2677 0.4791
vn -0.8376 -0.2659 -0.4773
vn 0.8371 0.2684 0.4767
vn 0.8376 0.2675 0.4763
vn -0.8360 -0.2679 -0.4789
vn -0.8360 -0.2679 -0.4788
vn 0.8359 0.2677 0.4792
vn 0.8357 0.2686 0.4791
vn -0.4273 0.8613 0.2750
vn -0.2088 0.9606 -0.1836
vn -0.4292 0.8586 0.2802
vn -0.4950 0.0695 0.8661
vn -0.5313 0.5293 0.6615
vn -0.4948 0.0673 0.8664
vn 0.4971 -0.0726 -0.8646
vn 0.3314 0.4129 -0.8483
vn 0.3322 0.4114 -0.8488
vn 0.2078 -0.9606 0.1848
vn 0.4283 -0.8606 -0.2756
vn 0.4300 -0.8584 -0.2799
vn -0.3304 -0.4138 0.8483
vn -0.3307 -0.4133 0.8484
vn 0.0744 0.7939 -0.6034
vn 0.0718 0.7963 -0.6006
vn 0.5327 -0.5340 -0.6565
vn 0.5327 -0.5314 -0.6587
vn -0.0751 -0.7933 0.6042
vn -0.0734 -0.7953 0.6018
vn -0.2059 0.9602 -0.1887
vn -0.5310 0.5330 0.6588
vn 0.4978 -0.0735 -0.8642
vn 0.2054 -0.9602 0.1892
vn 0.8377 0.2657 0.4771
vn -0.8372 -0.2657 -0.4780
vn -0.8367 -0.2654 -0.4791
vn -0.8373 -0.2687 -0.4762
vn -0.8376 -0.2682 -0.4759
vn 0.8382 0.2654 0.4764
vn -0.8372 -0.2658 -0.4780
vn -0.8368 -0.2691 -0.4768
vn 0.8384 0.2655 0.4761
vn -0.8368 -0.2691 -0.4767
vn -0.8363 -0.2690 -0.4777
vn 0.8380 0.2664 0.4763
vn 0.8379 0.2664 0.4763
vn 0.1694 0.3358 -0.9266
vn -0.1360 0.7039 -0.6972
vn 0.0508 0.2583 -0.9647
vn -0.1776 0.6860 -0.7056
vn -0.3070 0.9299 -0.2027
vn -0.4702 0.8369 -0.2800
vn -0.3989 0.8608 0.3160
vn -0.6341 0.7467 0.2012
vn -0.3895 0.5810 0.7146
vn -0.6394 0.4719 0.6070
vn -0.2881 0.2003 0.9364
vn -0.4942 0.0959 0.8641
vn -0.1161 -0.2307 0.9661
vn 0.1573 -0.6564 0.7378
vn -0.2114 -0.3118 0.9264
vn 0.4772 -0.8171 0.3234
vn 0.1142 -0.6592 0.7432
vn 0.6542 -0.7340 -0.1827
vn 0.3274 -0.9100 0.2544
vn 0.6314 -0.4663 -0.6196
vn 0.4061 -0.8613 -0.3055
vn 0.4648 -0.0938 -0.8804
vn 0.3502 -0.5951 -0.7234
vn 0.2169 -0.2137 -0.9525
vn 0.1008 -0.1923 -0.9762
vn -0.1692 0.7644 -0.6221
vn -0.0430 0.3226 -0.9456
vn -0.2463 0.9625 -0.1135
vn -0.2718 0.8849 0.3782
vn -0.2506 0.6154 0.7473
vn -0.1812 0.2215 0.9582
vn -0.0476 -0.2464 0.9680
vn 0.1394 -0.7199 0.6799
vn 0.2680 -0.9545 0.1308
vn 0.2797 -0.8687 -0.4087
vn 0.2077 -0.5925 -0.7783
vn -0.0634 0.6351 -0.7698
vn -0.3671 0.7127 -0.5977
vn 0.0777 0.5400 -0.8381
vn -0.5293 0.6353 -0.5623
vn -0.7064 0.6798 -0.1972
vn -0.8566 0.4710 -0.2107
vn -0.8524 0.4640 0.2411
vn -0.9640 0.1828 0.1930
vn -0.7803 0.1380 0.6100
vn -0.8242 -0.1580 0.5438
vn -0.5129 -0.2188 0.8301
vn -0.4719 -0.4617 0.7511
vn -0.1075 -0.5240 0.8449
vn 0.0051 -0.6468 0.7627
vn 0.3468 -0.6885 0.6369
vn 0.4850 -0.6617 0.5718
vn 0.7047 -0.6577 0.2662
vn 0.8383 -0.4977 0.2227
vn 0.8716 -0.4515 -0.1908
vn 0.9609 -0.1927 -0.1987
vn 0.7976 -0.1225 -0.5905
vn 0.7915 0.1620 -0.5893
vn 0.5103 0.2214 -0.8310
vn 0.4315 0.4418 -0.7865
vn -0.5386 0.7820 -0.3136
vn -0.7586 0.5679 -0.3193
vn -0.3429 0.7138 -0.6107
vn -0.8285 0.5565 0.0630
vn -0.9619 0.2652 0.0660
vn -0.8898 0.1819 0.4186
vn -0.8944 -0.1106 0.4333
vn -0.7128 -0.2386 0.6596
vn -0.5801 -0.4536 0.6766
vn -0.3483 -0.5939 0.7252
vn -0.1139 -0.6716 0.7321
vn 0.1058 -0.7914 0.6020
vn 0.3769 -0.7106 0.5941
vn 0.5314 -0.7821 0.3254
vn 0.7674 -0.5637 0.3055
vn 0.8206 -0.5705 -0.0344
vn 0.9614 -0.2688 -0.0582
vn 0.8977 -0.2094 -0.3877
vn 0.9089 0.0974 -0.4054
vn 0.7371 0.2105 -0.6422
vn 0.6153 0.4615 -0.6391
vn 0.3742 0.5787 -0.7246
vn 0.1866 0.6739 -0.7149
vn -0.0956 0.7907 -0.6046
vn -0.5245 0.8243 0.2133
vn -0.7694 0.5196 0.3716
vn -0.5873 0.8092 -0.0186
vn -0.6421 0.4838 0.5946
vn -0.7423 0.0878 0.6643
vn -0.5870 0.0164 0.8095
vn -0.5080 -0.3699 0.7779
vn -0.3749 -0.4530 0.8088
vn -0.1284 -0.7255 0.6762
vn -0.0564 -0.8030 0.5933
vn 0.2868 -0.8766 0.3864
vn 0.2825 -0.9342 0.2179
vn 0.6183 -0.7859 -0.0048
vn 0.5437 -0.8120 -0.2121
vn 0.7816 -0.4907 -0.3851
vn 0.6573 -0.4852 -0.5767
vn 0.7471 -0.0733 -0.6607
vn 0.6044 -0.0390 -0.7957
vn 0.5236 0.3675 -0.7686
vn 0.3949 0.4267 -0.8136
vn 0.1609 0.7187 -0.6765
vn 0.0782 0.7881 -0.6105
vn -0.2467 0.8817 -0.4021
vn -0.2609 0.9372 -0.2314
vn -0.2099 0.9586 -0.1926
vn -0.4488 0.8541 0.2628
vn -0.5338 0.0551 0.8438
vn -0.5653 0.5215 0.6392
vn -0.3616 -0.4265 0.8290
vn -0.0842 -0.8019 0.5914
vn 0.2227 -0.9565 0.1882
vn 0.4661 -0.8454 -0.2610
vn 0.5798 -0.5173 -0.6295
vn 0.5438 -0.0631 -0.8368
vn 0.3674 0.4167 -0.8315
vn 0.0906 0.7965 -0.5978
vn -0.8360 0.2692 0.4782
vn -0.8365 0.2694 0.4772
vn -0.8360 0.2692 0.4783
vn 0.9993 -0.0070 -0.0361
vn 0.9993 -0.0072 -0.0359
vn 0.9993 -0.0088 -0.0368
vn 0.9993 -0.0088 -0.0372
vn 0.9993 -0.0082 -0.0375
vn 0.9993 -0.0078 -0.0374
vn 0.9993 -0.0070 -0.0365
vn 0.9993 -0.0070 -0.0362
vn 0.9993 -0.0084 -0.0363
vn 0.9993 -0.0087 -0.0367
vn 0.9993 -0.0075 -0.0359
vn 0.9993 -0.0079 -0.0359
vn 0.9993 -0.0074 -0.0359
vn 0.9993 -0.0086 -0.0375
vn 0.9993 -0.0073 -0.0370
vn 0.9993 -0.0070 -0.0366
vn 0.9993 -0.0079 -0.0360
vn 0.9993 -0.0077 -0.0374
vn -0.0603 0.6139 0.7871
vn -0.0635 0.1888 0.9800
vn -0.0622 0.1936 0.9791
vn -0.9993 0.0079 0.0366
vn -0.9993 0.0080 0.0367
vn -0.9993 0.0079 0.0368
vn 0.0140 -0.2234 -0.9746
vn -0.0080 0.2753 -0.9613
vn -0.0134 0.2921 -0.9563
vn -0.0463 0.7711 -0.6350
vn -0.0635 0.9898 -0.1276
vn -0.0628 0.9923 -0.1072
vn -0.0321 -0.9950 0.0943
vn -0.0353 -0.9911 0.1285
vn -0.0658 -0.2945 0.9534
vn -0.0648 0.9151 0.3980
vn -0.0627 0.9105 0.4086
vn 0.0033 -0.9049 -0.4257
vn 0.0210 -0.6329 -0.7739
vn -0.0707 -0.3091 0.9484
vn -0.0611 -0.7524 0.6559
vn -0.0599 0.6165 0.7851
vn 0.0199 -0.6243 -0.7810
vn -0.0423 0.7550 -0.6544
vn -0.0629 -0.7713 0.6334
vn 0.8370 -0.2674 -0.4774
vn 0.8371 -0.2672 -0.4773
vn 0.8370 -0.2671 -0.4776
vn 0.8378 -0.2676 -0.4759
vn 0.8376 -0.2681 -0.4759
vn 0.8361 -0.2660 -0.4798
vn 0.8367 -0.2653 -0.4791
vn -0.8371 0.2659 0.4782
vn -0.8364 0.2664 0.4790
vn -0.8364 0.2663 0.4791
vn -0.8371 0.2685 0.4767
vn -0.8371 0.2684 0.4767
vn 0.8377 -0.2666 -0.4766
vn 0.8357 -0.2669 -0.4799
vn 0.8357 -0.2670 -0.4799
vn -0.8359 0.2677 0.4791
vn -0.8359 0.2677 0.4792
vn 0.8376 -0.2659 -0.4773
vn -0.8376 0.2675 0.4763
vn 0.8360 -0.2679 -0.4789
vn -0.8357 0.2686 0.4791
vn 0.4273 0.8613 0.2750
vn 0.2088 0.9606 -0.1836
vn 0.2059 0.9602 -0.1887
vn 0.4950 0.0695 0.8661
vn 0.5313 0.5293 0.6615
vn 0.5310 0.5330 0.6588
vn -0.3314 0.4129 -0.8483
vn -0.4971 -0.0726 -0.8646
vn -0.3322 0.4114 -0.8488
vn -0.4283 -0.8606 -0.2756
vn -0.2078 -0.9606 0.1848
vn -0.4300 -0.8584 -0.2799
vn 0.3304 -0.4138 0.8483
vn 0.4948 0.0673 0.8664
vn -0.0744 0.7939 -0.6034
vn -0.5327 -0.5340 -0.6565
vn -0.5327 -0.5314 -0.6587
vn 0.0751 -0.7933 0.6042
vn 0.0734 -0.7953 0.6018
vn -0.0718 0.7963 -0.6006
vn 0.4292 0.8586 0.2802
vn -0.4978 -0.0735 -0.8642
vn -0.2054 -0.9602 0.1892
vn -0.8377 0.2657 0.4771
vn 0.8367 -0.2654 -0.4791
vn 0.8372 -0.2657 -0.4780
vn 0.8376 -0.2682 -0.4759
vn 0.8373 -0.2687 -0.4762
vn -0.8382 0.2654 0.4764
vn 0.8368 -0.2691 -0.4768
vn 0.8368 -0.2691 -0.4767
vn -0.8384 0.2655 0.4761
vn 0.8363 -0.2690 -0.4777
vn -0.8380 0.2664 0.4763
vn -0.8379 0.2664 0.4763
vn 0.8360 -0.2679 -0.4788
vn -0.1694 0.3358 -0.9266
vn 0.1360 0.7039 -0.6972
vn 0.1776 0.6860 -0.7056
vn 0.3070 0.9299 -0.2027
vn 0.4702 0.8369 -0.2800
vn 0.3989 0.8608 0.3160
vn 0.6341 0.7467 0.2012
vn 0.3895 0.5810 0.7146
vn 0.6394 0.4719 0.6070
vn 0.2881 0.2003 0.9364
vn 0.4942 0.0959 0.8641
vn 0.1161 -0.2307 0.9661
vn 0.2114 -0.3118 0.9264
vn -0.1573 -0.6564 0.7378
vn -0.1142 -0.6592 0.7432
vn -0.4772 -0.8171 0.3234
vn -0.3274 -0.9100 0.2544
vn -0.6542 -0.7340 -0.1827
vn -0.4060 -0.8613 -0.3055
vn -0.6314 -0.4663 -0.6196
vn -0.3502 -0.5951 -0.7234
vn -0.4648 -0.0938 -0.8804
vn -0.2169 -0.2137 -0.9525
vn -0.1008 -0.1923 -0.9762
vn -0.0508 0.2583 -0.9647
vn 0.1692 0.7644 -0.6221
vn 0.2463 0.9625 -0.1135
vn 0.2718 0.8849 0.3782
vn 0.2506 0.6154 0.7473
vn 0.1812 0.2215 0.9582
vn 0.0476 -0.2464 0.9680
vn -0.1394 -0.7199 0.6799
vn -0.2680 -0.9545 0.1308
vn -0.2797 -0.8687 -0.4087
vn -0.2077 -0.5925 -0.7783
vn 0.0634 0.6351 -0.7698
vn 0.3671 0.7127 -0.5977
vn 0.5293 0.6353 -0.5623
vn 0.7064 0.6798 -0.1972
vn 0.8566 0.4710 -0.2107
vn 0.8524 0.4640 0.2411
vn 0.9640 0.1828 0.1930
vn 0.7803 0.1380 0.6100
vn 0.8242 -0.1580 0.5438
vn 0.5129 -0.2188 0.8301
vn 0.4719 -0.4617 0.7511
vn 0.1075 -0.5240 0.8449
vn -0.0051 -0.6468 0.7627
vn -0.3468 -0.6885 0.6369
vn -0.4850 -0.6617 0.5718
vn -0.7047 -0.6577 0.2662
vn -0.8383 -0.4977 0.2227
vn -0.8716 -0.4515 -0.1908
vn -0.9609 -0.1927 -0.1987
vn -0.7976 -0.1225 -0.5905
vn -0.7915 0.1620 -0.5893
vn -0.5103 0.2214 -0.8310
vn -0.4315 0.4418 -0.7865
vn -0.0777 0.5400 -0.8381
vn 0.5386 0.7820 -0.3136
vn 0.7586 0.5679 -0.3193
vn 0.8285 0.5565 0.0630
vn 0.9619 0.2652 0.0660
vn 0.8898 0.1819 0.4186
vn 0.8944 -0.1106 0.4333
vn 0.7128 -0.2386 0.6596
vn 0.5801 -0.4536 0.6766
vn 0.3483 -0.5939 0.7252
vn 0.1139 -0.6716 0.7321
vn -0.1058 -0.7914 0.6020
vn -0.3769 -0.7106 0.5941
vn -0.5314 -0.7821 0.3254
vn -0.7674 -0.5637 0.3055
vn -0.8206 -0.5705 -0.0344
vn -0.9614 -0.2688 -0.0582
vn -0.8977 -0.2094 -0.3877
vn -0.9089 0.0974 -0.4054
vn -0.7371 0.2105 -0.6422
vn -0.6153 0.4615 -0.6391
vn -0.3742 0.5787 -0.7246
vn -0.1866 0.6739 -0.7149
vn 0.0956 0.7907 -0.6046
vn 0.3429 0.7138 -0.6107
vn 0.5245 0.8243 0.2133
vn 0.7694 0.5196 0.3716
vn 0.6421 0.4838 0.5946
vn 0.7423 0.0878 0.6643
vn 0.5870 0.0164 0.8095
vn 0.5080 -0.3699 0.7779
vn 0.3749 -0.4530 0.8088
vn 0.1284 -0.7255 0.6762
vn 0.0564 -0.8030 0.5933
vn -0.2868 -0.8766 0.3864
vn -0.2825 -0.9342 0.2179
vn -0.6183 -0.7859 -0.0048
vn -0.5437 -0.8120 -0.2121
vn -0.7816 -0.4907 -0.3851
vn -0.6573 -0.4852 -0.5767
vn -0.7471 -0.0733 -0.6607
vn -0.6044 -0.0390 -0.7957
vn -0.5236 0.3675 -0.7686
vn -0.3949 0.4267 -0.8136
vn -0.1609 0.7187 -0.6765
vn -0.0782 0.7881 -0.6105
vn 0.2467 0.8817 -0.4021
vn 0.2609 0.9372 -0.2314
vn 0.5873 0.8092 -0.0186
vn 0.2099 0.9586 -0.1926
vn 0.4488 0.8541 0.2628
vn 0.5653 0.5215 0.6392
vn 0.5338 0.0551 0.8438
vn 0.3616 -0.4265 0.8290
vn 0.0842 -0.8019 0.5914
vn -0.2227 -0.9565 0.1882
vn -0.4661 -0.8454 -0.2610
vn -0.5798 -0.5173 -0.6295
vn -0.5438 -0.0631 -0.8368
vn -0.3674 0.4167 -0.8315
vn -0.0906 0.7965 -0.5978
vn 0.9993 -0.0077 -0.0371
vn 0.9993 -0.0077 -0.0370
vn 0.9993 -0.0079 -0.0369
vn 0.9993 -0.0083 -0.0371
vn 0.9993 -0.0081 -0.0368
vn 0.9993 -0.0081 -0.0365
vn 0.9993 -0.0079 -0.0365
vn 0.9993 -0.0077 -0.0365
vn 0.9993 -0.0075 -0.0363
vn -0.8370 0.2672 0.4776
vn -0.8370 0.2670 0.4777
vn -0.8366 0.2666 0.4785
vn -0.8375 0.2666 0.4770
vn -0.8374 0.2668 0.4771
vn -0.8372 0.2676 0.4770
vn -0.8372 0.2676 0.4769
vn -0.8369 0.2675 0.4775
vn -0.8361 0.2682 0.4786
vn -0.8364 -0.2695 -0.4772
vn 0.9993 0.0072 0.0370
vn -0.9993 -0.0077 -0.0371
vn -0.9993 -0.0078 -0.0367
vn -0.9993 -0.0075 -0.0363
vn -0.9993 -0.0079 -0.0365
vn -0.9993 -0.0081 -0.0365
vn -0.9993 -0.0083 -0.0371
vn -0.9993 -0.0081 -0.0369
vn -0.9993 -0.0079 -0.0369
vn 0.0143 0.2251 0.9742
vn 0.8370 0.2672 0.4776
vn 0.8369 0.2675 0.4776
vn 0.8361 0.2682 0.4786
vn 0.8372 0.2676 0.4769
vn 0.8372 0.2676 0.4770
vn 0.8375 0.2666 0.4770
vn 0.8370 0.2670 0.4777
vn 0.8366 0.2666 0.4785
vn -0.8371 -0.2659 -0.4781
vn 0.3307 0.4133 -0.8484
vn 0.8372 0.2658 0.4780
vn 0.0430 -0.3226 0.9456
vn 0.8364 -0.2695 0.4772
vn -0.9993 0.0072 -0.0370
vn 0.9993 -0.0077 0.0371
vn 0.9993 -0.0078 0.0367
vn 0.9993 -0.0075 0.0363
vn 0.9993 -0.0079 0.0365
vn 0.9993 -0.0081 0.0365
vn 0.9993 -0.0083 0.0371
vn 0.9993 -0.0081 0.0369
vn 0.9993 -0.0079 0.0369
vn -0.0143 0.2251 -0.9742
vn -0.8370 0.2672 -0.4776
vn -0.8369 0.2675 -0.4776
vn -0.8361 0.2682 -0.4786
vn -0.8372 0.2676 -0.4769
vn -0.8372 0.2676 -0.4770
vn -0.8375 0.2666 -0.4770
vn -0.8370 0.2670 -0.4777
vn -0.8366 0.2666 -0.4785
vn 0.8371 -0.2659 0.4781
vn -0.3307 0.4133 0.8484
vn -0.8372 0.2658 -0.4780
vn -0.0430 -0.3226 -0.9456
vn -0.9993 -0.0077 0.0371
vn -0.9993 -0.0077 0.0370
vn -0.9993 -0.0079 0.0369
vn -0.9993 -0.0083 0.0371
vn -0.9993 -0.0081 0.0368
vn -0.9993 -0.0081 0.0365
vn -0.9993 -0.0079 0.0365
vn -0.9993 -0.0077 0.0365
vn -0.9993 -0.0075 0.0363
vn 0.8370 0.2672 -0.4776
vn 0.8370 0.2670 -0.4777
vn 0.8366 0.2666 -0.4785
vn 0.8375 0.2666 -0.4770
vn 0.8374 0.2668 -0.4771
vn 0.8372 0.2676 -0.4770
vn 0.8372 0.2676 -0.4769
vn 0.8369 0.2675 -0.4775
vn 0.8361 0.2682 -0.4786
vn 0.8364 0.2695 -0.4772
vn -0.9993 -0.0072 0.0370
vn 0.9993 0.0077 -0.0371
vn 0.9993 0.0078 -0.0367
vn 0.9993 0.0075 -0.0363
vn 0.9993 0.0079 -0.0365
vn 0.9993 0.0081 -0.0365
vn 0.9993 0.0083 -0.0371
vn 0.9993 0.0081 -0.0369
vn 0.9993 0.0079 -0.0369
vn -0.0143 -0.2251 0.9742
vn -0.8370 -0.2672 0.4776
vn -0.8369 -0.2675 0.4776
vn -0.8361 -0.2682 0.4786
vn -0.8372 -0.2676 0.4769
vn -0.8372 -0.2676 0.4770
vn -0.8375 -0.2666 0.4770
vn -0.8370 -0.2670 0.4777
vn -0.8366 -0.2666 0.4785
vn 0.8371 0.2659 -0.4781
vn -0.3307 -0.4133 -0.8484
vn -0.8372 -0.2658 0.4780
vn -0.0430 0.3226 0.9456
vn -0.9993 0.0077 -0.0371
vn -0.9993 0.0077 -0.0370
vn -0.9993 0.0079 -0.0369
vn -0.9993 0.0083 -0.0371
vn -0.9993 0.0081 -0.0368
vn -0.9993 0.0081 -0.0365
vn -0.9993 0.0079 -0.0365
vn -0.9993 0.0077 -0.0365
vn -0.9993 0.0075 -0.0363
vn 0.8370 -0.2672 0.4776
vn 0.8370 -0.2670 0.4777
vn 0.8366 -0.2666 0.4785
vn 0.8375 -0.2666 0.4770
vn 0.8374 -0.2668 0.4771
vn 0.8372 -0.2676 0.4770
vn 0.8372 -0.2676 0.4769
vn 0.8369 -0.2675 0.4775
vn 0.8361 -0.2682 0.4786
vn 0.9993 0.0077 0.0371
vn 0.9993 0.0077 0.0370
vn 0.9993 0.0079 0.0369
vn 0.9993 0.0083 0.0371
vn 0.9993 0.0081 0.0368
vn 0.9993 0.0081 0.0365
vn 0.9993 0.0079 0.0365
vn 0.9993 0.0077 0.0365
vn 0.9993 0.0075 0.0363
vn -0.8370 -0.2672 -0.4776
vn -0.8370 -0.2670 -0.4777
vn -0.8366 -0.2666 -0.4785
vn -0.8375 -0.2666 -0.4770
vn -0.8374 -0.2668 -0.4771
vn -0.8372 -0.2676 -0.4770
vn -0.8372 -0.2676 -0.4769
vn -0.8369 -0.2675 -0.4775
vn -0.8361 -0.2682 -0.4786
vn -0.8364 0.2695 0.4772
vn 0.9993 -0.0072 -0.0370
vn -0.9993 0.0077 0.0371
vn -0.9993 0.0078 0.0367
vn -0.9993 0.0075 0.0363
vn -0.9993 0.0079 0.0365
vn -0.9993 0.0081 0.0365
vn -0.9993 0.0083 0.0371
vn -0.9993 0.0081 0.0369
vn -0.9993 0.0079 0.0369
vn 0.0143 -0.2251 -0.9742
vn 0.8370 -0.2672 -0.4776
vn 0.8369 -0.2675 -0.4776
vn 0.8361 -0.2682 -0.4786
vn 0.8372 -0.2676 -0.4769
vn 0.8372 -0.2676 -0.4770
vn 0.8375 -0.2666 -0.4770
vn 0.8370 -0.2670 -0.4777
vn 0.8366 -0.2666 -0.4785
vn -0.8371 0.2659 0.4781
vn 0.3307 -0.4133 0.8484
vn 0.8372 -0.2658 -0.4780
vn 0.0430 0.3226 -0.9456
vt 0.936023 0.168995
vt 0.933789 0.168392
vt 0.934265 0.167898
vt 0.408284 0.959984
vt 0.406957 0.961773
vt 0.408006 0.959649
vt 0.411561 0.966894
vt 0.413510 0.966089
vt 0.411662 0.967357
vt 0.413254 0.959840
vt 0.414583 0.961548
vt 0.414177 0.961686
vt 0.409862 0.958856
vt 0.409765 0.958391
vt 0.409688 0.966952
vt 0.409567 0.967423
vt 0.408116 0.965915
vt 0.406869 0.964197
vt 0.407267 0.964061
vt 0.414583 0.963962
vt 0.414173 0.963851
vt 0.411673 0.958804
vt 0.411783 0.958333
vt 0.407814 0.966267
vt 0.407342 0.961888
vt 0.413211 0.965757
vt 0.413548 0.959489
vt 0.962434 0.853155
vt 0.964202 0.851092
vt 0.964400 0.853296
vt 0.421666 0.965892
vt 0.423342 0.958333
vt 0.428114 0.964042
vt 0.961198 0.480960
vt 0.959168 0.483078
vt 0.959156 0.480853
vt 0.960887 0.485116
vt 0.958259 0.485896
vt 0.958839 0.484924
vt 0.634570 0.958535
vt 0.636526 0.959933
vt 0.634363 0.960151
vt 0.961708 0.849316
vt 0.962235 0.850890
vt 0.961708 0.857353
vt 0.964208 0.855607
vt 0.963682 0.857402
vt 0.960849 0.478888
vt 0.958259 0.477532
vt 0.960275 0.477557
vt 0.634364 0.962175
vt 0.636728 0.963839
vt 0.634572 0.964094
vt 0.962240 0.855522
vt 0.958820 0.478828
vt 0.961215 0.483235
vt 0.636527 0.961937
vt 0.328862 0.964213
vt 0.333528 0.959026
vt 0.335219 0.965991
vt 0.335229 0.960083
vt 0.336848 0.961742
vt 0.336212 0.961940
vt 0.331542 0.967129
vt 0.329388 0.966581
vt 0.329838 0.966074
vt 0.936003 0.160917
vt 0.933776 0.161476
vt 0.935825 0.160226
vt 0.938220 0.169697
vt 0.935845 0.169675
vt 0.336848 0.964269
vt 0.336211 0.964100
vt 0.328247 0.964403
vt 0.934253 0.161987
vt 0.932594 0.163659
vt 0.335687 0.966481
vt 0.938051 0.169012
vt 0.940270 0.168447
vt 0.328872 0.962046
vt 0.328260 0.961867
vt 0.933244 0.163852
vt 0.932594 0.166187
vt 0.609834 0.964743
vt 0.605960 0.966749
vt 0.605658 0.964774
vt 0.609834 0.959903
vt 0.605546 0.962276
vt 0.605658 0.959935
vt 0.961724 0.168608
vt 0.965918 0.171152
vt 0.961722 0.171128
vt 0.952110 0.162262
vt 0.948133 0.160321
vt 0.952312 0.160226
vt 0.610136 0.958333
vt 0.605961 0.958367
vt 0.961901 0.173212
vt 0.966098 0.173236
vt 0.962215 0.164902
vt 0.966100 0.166354
vt 0.961907 0.166329
vt 0.952312 0.166943
vt 0.947929 0.164823
vt 0.952110 0.164722
vt 0.962211 0.174303
vt 0.966408 0.174327
vt 0.609722 0.962245
vt 0.965919 0.168633
vt 0.947930 0.162362
vt 0.938190 0.160242
vt 0.938024 0.160930
vt 0.333511 0.967099
vt 0.331382 0.967815
vt 0.335699 0.959569
vt 0.940237 0.161518
vt 0.939775 0.162022
vt 0.333689 0.967778
vt 0.331408 0.958366
vt 0.333708 0.958333
vt 0.941426 0.163720
vt 0.940792 0.163904
vt 0.331563 0.959054
vt 0.329416 0.959658
vt 0.941444 0.166260
vt 0.940805 0.166074
vt 0.933244 0.166013
vt 0.329861 0.960157
vt 0.939803 0.167944
vt 0.962539 0.234956
vt 0.963201 0.238628
vt 0.961542 0.238238
vt 0.964183 0.235325
vt 0.964155 0.238583
vt 0.933447 0.862996
vt 0.934864 0.865643
vt 0.933333 0.866434
vt 0.934992 0.862247
vt 0.936900 0.864986
vt 0.937035 0.861643
vt 0.938892 0.864637
vt 0.939028 0.861353
vt 0.940343 0.864704
vt 0.949941 0.489127
vt 0.949640 0.492665
vt 0.948265 0.489683
vt 0.951823 0.488640
vt 0.951259 0.492117
vt 0.953394 0.488345
vt 0.953150 0.491624
vt 0.958847 0.233444
vt 0.956924 0.235879
vt 0.957767 0.232684
vt 0.960592 0.234272
vt 0.957925 0.236664
vt 0.959615 0.237520
vt 0.957671 0.241506
vt 0.960230 0.244229
vt 0.959186 0.242873
vt 0.960525 0.245210
vt 0.935165 0.874334
vt 0.933468 0.874168
vt 0.937284 0.874116
vt 0.939250 0.873570
vt 0.940551 0.872849
vt 0.955197 0.498712
vt 0.956105 0.497242
vt 0.954814 0.491313
vt 0.957222 0.495808
vt 0.954863 0.240055
vt 0.956091 0.240481
vt 0.963181 0.222045
vt 0.964944 0.225553
vt 0.963476 0.226475
vt 0.942034 0.863516
vt 0.943093 0.867615
vt 0.941599 0.866996
vt 0.943702 0.863985
vt 0.945130 0.867692
vt 0.945750 0.863923
vt 0.947162 0.867223
vt 0.938969 0.849316
vt 0.940109 0.853047
vt 0.938306 0.852297
vt 0.947147 0.476816
vt 0.947770 0.481436
vt 0.946188 0.480847
vt 0.948914 0.477403
vt 0.949789 0.481926
vt 0.950980 0.477834
vt 0.951715 0.482200
vt 0.940541 0.459629
vt 0.942685 0.462674
vt 0.940736 0.463239
vt 0.942578 0.459242
vt 0.944758 0.462718
vt 0.959278 0.223045
vt 0.961452 0.227063
vt 0.959432 0.227148
vt 0.961328 0.222761
vt 0.941592 0.874065
vt 0.940551 0.872676
vt 0.934338 0.853200
vt 0.936193 0.852349
vt 0.947249 0.490164
vt 0.953035 0.482201
vt 0.957961 0.226715
vt 0.940551 0.851598
vt 0.942393 0.857079
vt 0.940937 0.856603
vt 0.942387 0.851747
vt 0.944378 0.856972
vt 0.944409 0.851314
vt 0.946353 0.856311
vt 0.946096 0.850427
vt 0.947775 0.855270
vt 0.952008 0.463762
vt 0.951429 0.470202
vt 0.949803 0.469676
vt 0.953879 0.464302
vt 0.953439 0.470733
vt 0.955884 0.464785
vt 0.955290 0.471126
vt 0.940026 0.447342
vt 0.941155 0.452446
vt 0.939197 0.452812
vt 0.942130 0.447274
vt 0.943185 0.452700
vt 0.956388 0.211863
vt 0.958206 0.217289
vt 0.956188 0.217262
vt 0.958504 0.211574
vt 0.960183 0.216767
vt 0.960258 0.210774
vt 0.961591 0.215827
vt 0.941184 0.862640
vt 0.947630 0.863335
vt 0.946136 0.476249
vt 0.938967 0.460557
vt 0.944526 0.459493
vt 0.956217 0.853824
vt 0.957931 0.859373
vt 0.955949 0.859770
vt 0.958349 0.853579
vt 0.959975 0.859427
vt 0.960355 0.853808
vt 0.961526 0.859933
vt 0.950719 0.452165
vt 0.953109 0.457979
vt 0.951417 0.458313
vt 0.952596 0.451830
vt 0.955190 0.457719
vt 0.954708 0.451571
vt 0.957077 0.457603
vt 0.956489 0.451456
vt 0.958259 0.457663
vt 0.956219 0.198843
vt 0.956030 0.205306
vt 0.954469 0.204443
vt 0.957978 0.199668
vt 0.958011 0.205929
vt 0.960073 0.200213
vt 0.959888 0.206152
vt 0.961943 0.200337
vt 0.961182 0.205922
vt 0.954541 0.854471
vt 0.954536 0.860502
vt 0.954299 0.849736
vt 0.955348 0.863715
vt 0.954299 0.865114
vt 0.955981 0.849449
vt 0.957161 0.862899
vt 0.960118 0.849377
vt 0.958114 0.849317
vt 0.959232 0.862865
vt 0.961464 0.849612
vt 0.961026 0.863600
vt 0.950737 0.446731
vt 0.949034 0.447587
vt 0.950747 0.463306
vt 0.952692 0.445962
vt 0.954377 0.445487
vt 0.958824 0.192978
vt 0.955264 0.197971
vt 0.957836 0.192216
vt 0.957493 0.465078
vt 0.941366 0.442271
vt 0.960516 0.193957
vt 0.954506 0.211564
vt 0.962458 0.194886
vt 0.964132 0.195515
vt 0.963087 0.200008
vt 0.427017 0.959612
vt 0.420622 0.961468
vt 0.425498 0.967188
vt 0.960301 0.486100
vt 0.610136 0.966716
vt 0.965088 0.235265
vt 0.940440 0.861463
vt 0.964347 0.221091
vt 0.940551 0.850273
vt 0.952773 0.478009
vt 0.947027 0.849316
vt 0.944028 0.447833
vt 0.961161 0.209689
vt 0.944758 0.453497
vt 0.961708 0.854447
vt 0.957481 0.451516
vt 0.943406 0.442789
vt 0.965088 0.195678
vt 0.427202 0.966060
vt 0.423463 0.967126
vt 0.420622 0.963820
vt 0.421626 0.959461
vt 0.425304 0.958388
vt 0.428035 0.961681
vt 0.636728 0.958333
vt 0.963682 0.849569
vt 0.966408 0.164927
vt 0.948131 0.167046
vt 0.958259 0.494779
s 1
f 2316/705/1713 2365/706/1714 2305/707/1715
f 2326/708/1716 2339/709/1717 2338/710/1718
f 2319/711/1719 2332/712/1720 2331/713/1721
f 2323/714/1722 2334/715/1723 2322/716/1723
f 2325/717/1724 2338/710/1718 2337/718/1725
f 2318/719/1726 2331/713/1721 2330/720/1726
f 2317/721/1727 2340/722/1728 2328/723/1729
f 2322/716/1723 2333/724/1730 2321/725/1730
f 2324/726/1731 2337/718/1725 2336/727/1732
f 2318/719/1726 2329/728/1727 2317/721/1727
f 2328/723/1729 2339/709/1717 2327/729/1717
f 2320/730/1720 2333/724/1730 2332/712/1720
f 2324/726/1731 2335/731/1733 2323/714/1722
f 2333/732/1734 2346/733/1735 2345/734/1736
f 2344/735/1737 2348/736/1738 2352/737/1739
f 2340/738/1740 2341/739/1741 2352/740/1742
f 2330/741/1743 2343/742/1744 2342/743/1745
f 2338/744/1746 2349/745/1747 2337/746/1748
f 2335/747/1749 2346/733/1735 2334/748/1750
f 2331/749/1751 2344/750/1752 2343/751/1744
f 2339/752/1753 2350/753/1754 2338/754/1746
f 2336/755/1755 2347/756/1756 2335/757/1749
f 2332/758/1757 2345/734/1736 2344/750/1752
f 2340/738/1740 2351/759/1758 2339/752/1753
f 2329/760/1759 2342/743/1745 2341/739/1741
f 2337/746/1748 2348/761/1760 2336/755/1755
f 2361/762/1761 2357/763/1762 2353/764/1763
f 2356/765/1764 2379/766/1765 2355/767/1766
f 2363/768/1767 2386/769/1768 2362/770/1768
f 2309/771/1769 2368/772/1770 2369/773/1771
f 2316/705/1713 2375/774/1772 2376/775/1773
f 2355/767/1766 2378/776/1774 2354/777/1774
f 2362/770/1768 2385/778/1775 2361/762/1776
f 2308/779/1777 2367/780/1778 2368/772/1770
f 2353/764/1779 2378/776/1774 2377/781/1779
f 2315/782/1780 2374/783/1781 2375/774/1772
f 2360/784/1782 2385/778/1775 2384/785/1783
f 2307/786/1784 2366/787/1785 2367/780/1778
f 2365/788/1786 2388/789/1787 2377/790/1788
f 2367/791/1789 2378/792/1790 2379/793/1791
f 2373/794/1792 2386/795/1793 2374/796/1794
f 2370/797/1795 2383/798/1796 2371/799/1797
f 2368/800/1798 2379/793/1791 2380/801/1799
f 2375/802/1800 2386/795/1793 2387/803/1801
f 2371/804/1797 2384/805/1802 2372/806/1803
f 2368/807/1798 2381/808/1804 2369/809/1805
f 2376/810/1806 2387/803/1801 2388/811/1787
f 2366/812/1807 2377/790/1788 2378/792/1790
f 2372/806/1803 2385/813/1808 2373/794/1792
f 2369/809/1805 2382/814/1809 2370/797/1795
f 2309/771/1769 2370/815/1810 2310/816/1810
f 2364/817/1811 2387/818/1812 2363/768/1767
f 2357/763/1813 2380/819/1814 2356/765/1764
f 2310/816/1810 2371/820/1815 2311/821/1815
f 2364/817/1811 2377/781/1779 2388/822/1816
f 2357/763/1813 2382/823/1817 2381/824/1813
f 2311/821/1815 2372/825/1818 2312/826/1818
f 2358/827/1819 2383/828/1820 2382/823/1817
f 2312/826/1818 2373/829/1821 2313/830/1822
f 2305/707/1715 2366/787/1785 2306/831/1785
f 2359/832/1820 2384/785/1783 2383/828/1820
f 2314/833/1781 2373/829/1821 2374/783/1781
f 2390/834/1823 2392/835/1824 2389/836/1825
f 2391/837/1826 2394/838/1827 2392/835/1824
f 2393/839/1828 2396/840/1829 2394/841/1827
f 2395/842/1830 2398/843/1831 2396/840/1829
f 2397/844/1832 2400/845/1833 2398/843/1831
f 2399/846/1834 2402/847/1835 2400/845/1833
f 2403/848/1836 2402/849/1835 2401/850/1837
f 2405/851/1838 2404/852/1839 2403/848/1836
f 2407/853/1840 2406/854/1841 2405/851/1838
f 2409/855/1842 2408/856/1843 2407/857/1840
f 2411/858/1844 2410/859/1845 2409/855/1842
f 2390/834/1823 2412/860/1846 2411/858/1844
f 2389/836/1825 2328/861/1847 2412/860/1846
f 2389/836/1825 2318/862/1848 2317/863/1849
f 2392/835/1824 2319/864/1850 2318/862/1848
f 2394/841/1827 2320/865/1851 2319/866/1850
f 2396/840/1829 2321/867/1852 2320/865/1851
f 2398/843/1831 2322/868/1853 2321/867/1852
f 2400/845/1833 2323/869/1854 2322/868/1853
f 2404/852/1839 2323/870/1854 2402/849/1835
f 2406/854/1841 2324/871/1855 2404/852/1839
f 2408/872/1843 2325/873/1856 2406/854/1841
f 2410/859/1845 2326/874/1857 2408/856/1843
f 2412/860/1846 2327/875/1858 2410/859/1845
f 2414/876/1859 2416/877/1860 2413/878/1861
f 2415/879/1862 2418/880/1863 2416/881/1860
f 2417/882/1864 2420/883/1865 2418/880/1863
f 2419/884/1866 2422/885/1867 2420/883/1865
f 2421/886/1868 2424/887/1869 2422/888/1867
f 2423/889/1870 2426/890/1871 2424/891/1869
f 2425/892/1872 2428/893/1873 2426/890/1871
f 2427/894/1874 2430/895/1875 2428/893/1873
f 2429/896/1876 2432/897/1877 2430/898/1875
f 2431/899/1878 2434/900/1879 2432/897/1877
f 2433/901/1880 2436/902/1881 2434/903/1879
f 2435/904/1882 2413/878/1861 2436/902/1881
f 2436/902/1881 2390/834/1823 2411/858/1844
f 2413/878/1861 2391/837/1826 2390/834/1823
f 2416/881/1860 2393/905/1828 2391/906/1826
f 2418/907/1863 2395/842/1830 2393/839/1828
f 2420/908/1865 2397/844/1832 2395/842/1830
f 2422/888/1867 2399/846/1834 2397/844/1832
f 2424/891/1869 2401/850/1837 2399/909/1834
f 2426/890/1871 2403/848/1836 2401/850/1837
f 2430/895/1875 2403/848/1836 2428/893/1873
f 2432/910/1877 2405/851/1838 2430/895/1875
f 2434/903/1879 2407/857/1840 2432/911/1877
f 2436/902/1881 2409/855/1842 2434/903/1879
f 2438/912/1883 2440/913/1884 2437/914/1885
f 2439/915/1886 2442/916/1887 2440/913/1884
f 2441/917/1888 2444/918/1889 2442/916/1887
f 2443/919/1890 2446/920/1891 2444/918/1889
f 2445/921/1892 2448/922/1893 2446/923/1891
f 2447/924/1894 2450/925/1895 2448/922/1893
f 2449/926/1896 2452/927/1897 2450/925/1895
f 2451/928/1898 2454/929/1899 2452/930/1897
f 2453/931/1900 2456/932/1901 2454/929/1899
f 2455/933/1902 2458/934/1903 2456/935/1901
f 2457/936/1904 2460/937/1905 2458/934/1903
f 2459/938/1906 2437/939/1885 2460/937/1905
f 2460/937/1905 2414/876/1859 2435/904/1882
f 2437/914/1885 2415/879/1862 2414/940/1859
f 2440/913/1884 2417/882/1864 2415/879/1862
f 2442/916/1887 2419/884/1866 2417/882/1864
f 2444/918/1889 2421/941/1868 2419/884/1866
f 2446/923/1891 2423/889/1870 2421/942/1868
f 2448/922/1893 2425/892/1872 2423/889/1870
f 2450/925/1895 2427/894/1874 2425/892/1872
f 2452/930/1897 2429/896/1876 2427/943/1874
f 2454/929/1899 2431/899/1878 2429/896/1876
f 2456/932/1901 2433/944/1880 2431/899/1878
f 2460/937/1905 2433/901/1880 2458/934/1903
f 2462/945/1907 2464/946/1908 2461/947/1909
f 2463/948/1910 2466/949/1911 2464/946/1908
f 2465/950/1912 2468/951/1913 2466/949/1911
f 2467/952/1914 2470/953/1915 2468/954/1913
f 2469/955/1916 2472/956/1917 2470/953/1915
f 2471/957/1918 2474/958/1919 2472/956/1917
f 2473/959/1920 2476/960/1921 2474/958/1919
f 2475/961/1922 2478/962/1923 2476/963/1921
f 2477/964/1924 2480/965/1925 2478/962/1923
f 2479/966/1926 2482/967/1927 2480/965/1925
f 2481/968/1928 2484/969/1929 2482/967/1927
f 2483/970/1930 2461/947/1909 2484/971/1929
f 2316/972/1931 2462/945/1907 2483/970/1930
f 2484/971/1929 2438/973/1883 2459/974/1906
f 2305/975/1932 2463/948/1910 2462/945/1907
f 2461/947/1909 2439/976/1886 2438/973/1883
f 2307/977/1933 2463/948/1910 2306/978/1934
f 2464/946/1908 2441/979/1888 2439/976/1886
f 2308/980/1935 2465/950/1912 2307/977/1933
f 2466/949/1911 2443/981/1890 2441/979/1888
f 2309/982/1936 2467/952/1914 2308/983/1935
f 2468/954/1913 2445/921/1892 2443/984/1890
f 2310/985/1937 2469/955/1916 2309/982/1936
f 2470/953/1915 2447/924/1894 2445/921/1892
f 2311/986/1938 2471/957/1918 2310/985/1937
f 2472/956/1917 2449/926/1896 2447/924/1894
f 2312/987/1939 2473/988/1920 2311/989/1938
f 2474/958/1919 2451/990/1898 2449/926/1896
f 2312/987/1939 2477/964/1924 2475/961/1922
f 2476/991/1921 2453/931/1900 2451/928/1898
f 2313/992/1940 2479/966/1926 2477/964/1924
f 2478/962/1923 2455/933/1902 2453/993/1900
f 2314/994/1941 2481/968/1928 2479/966/1926
f 2480/965/1925 2457/936/1904 2455/933/1902
f 2315/995/1942 2483/996/1930 2481/968/1928
f 2482/967/1927 2459/938/1906 2457/936/1904
f 2545/706/1943 2496/705/1944 2485/707/1945
f 2506/708/1946 2519/709/1947 2507/729/1947
f 2499/711/1948 2512/712/1949 2500/730/1949
f 2514/715/1950 2503/714/1951 2502/716/1950
f 2505/717/1952 2518/710/1953 2506/708/1946
f 2498/719/1954 2511/713/1955 2499/711/1948
f 2520/722/1956 2497/721/1957 2508/723/1958
f 2513/724/1959 2502/716/1950 2501/725/1959
f 2504/726/1960 2517/718/1961 2505/717/1952
f 2509/728/1962 2498/719/1954 2497/721/1957
f 2519/709/1947 2508/723/1958 2507/729/1947
f 2500/730/1949 2513/724/1959 2501/725/1959
f 2515/731/1963 2504/726/1960 2503/714/1951
f 2513/732/1964 2526/733/1965 2514/748/1966
f 2530/997/1967 2526/998/1968 2522/999/1969
f 2520/738/1970 2521/739/1971 2509/760/1972
f 2510/741/1973 2523/742/1974 2511/1000/1975
f 2529/745/1976 2518/744/1746 2517/746/1977
f 2526/733/1965 2515/747/1978 2514/748/1966
f 2511/749/1975 2524/750/1979 2512/758/1980
f 2530/753/1981 2519/752/1982 2518/754/1746
f 2527/756/1983 2516/755/1984 2515/757/1978
f 2512/758/1980 2525/734/1985 2513/732/1964
f 2531/759/1986 2520/738/1970 2519/752/1982
f 2509/760/1972 2522/743/1987 2510/741/1973
f 2528/761/1988 2517/746/1977 2516/755/1984
f 2535/767/1989 2539/832/1990 2543/768/1991
f 2559/766/1992 2536/765/1993 2535/767/1992
f 2566/769/1994 2543/768/1995 2542/770/1994
f 2489/771/1996 2548/772/1997 2488/779/1998
f 2496/705/1944 2555/774/1999 2495/782/2000
f 2558/776/2001 2535/767/1992 2534/777/2001
f 2565/778/2002 2542/770/1994 2541/762/2003
f 2488/779/1998 2547/780/2004 2487/786/2005
f 2533/764/2006 2558/776/2001 2534/777/2001
f 2495/782/2000 2554/783/2007 2494/833/2007
f 2540/784/2008 2565/778/2002 2541/762/2003
f 2487/786/2005 2546/787/2009 2486/831/2009
f 2545/788/2010 2568/789/2011 2556/1001/2012
f 2547/791/2013 2558/792/2014 2546/812/2015
f 2566/795/2016 2553/794/2017 2554/796/2018
f 2563/798/2019 2550/797/2020 2551/799/2021
f 2548/800/2022 2559/793/2023 2547/791/2013
f 2555/802/2024 2566/795/2016 2554/796/2018
f 2564/805/2025 2551/804/2021 2552/806/2026
f 2561/808/2027 2548/807/2022 2549/809/2028
f 2556/810/2012 2567/803/2029 2555/802/2024
f 2546/812/2015 2557/790/2030 2545/788/2010
f 2565/813/2031 2552/806/2026 2553/794/2017
f 2562/814/2032 2549/809/2028 2550/797/2020
f 2550/815/2033 2489/771/1996 2490/816/2033
f 2567/818/2034 2544/817/2035 2543/768/1995
f 2560/819/2036 2537/763/2037 2536/765/1993
f 2551/820/2038 2490/816/2033 2491/821/2038
f 2544/817/2035 2557/781/2006 2533/764/2006
f 2537/763/2037 2562/823/2039 2538/827/2040
f 2552/825/2041 2491/821/2038 2492/826/2041
f 2538/827/2040 2563/828/2042 2539/832/2042
f 2553/829/2043 2492/826/2041 2493/830/2044
f 2546/787/2009 2485/707/1945 2486/831/2009
f 2539/832/2042 2564/785/2045 2540/784/2008
f 2494/833/2007 2553/829/2043 2493/830/2044
f 2570/834/2046 2572/835/2047 2571/837/2048
f 2571/837/2048 2574/838/2049 2573/1002/2050
f 2573/839/2050 2576/840/2051 2575/842/2052
f 2575/842/2052 2578/843/2053 2577/844/2054
f 2577/844/2054 2580/845/2055 2579/846/2056
f 2579/846/2056 2582/847/2057 2581/1003/2058
f 2582/849/2057 2583/848/2059 2581/850/2058
f 2584/852/2060 2585/851/2061 2583/848/2059
f 2586/854/2062 2587/853/2063 2585/851/2061
f 2588/856/2064 2589/855/2065 2587/857/2063
f 2590/859/2066 2591/858/2067 2589/855/2065
f 2592/860/2068 2570/834/2046 2591/858/2067
f 2508/861/2069 2569/836/2070 2592/860/2068
f 2569/836/2070 2498/862/2071 2572/835/2047
f 2572/835/2047 2499/864/2072 2574/838/2049
f 2574/841/2049 2500/865/2073 2576/840/2051
f 2576/840/2051 2501/867/2074 2578/843/2053
f 2578/843/2053 2502/868/2075 2580/845/2055
f 2580/845/2055 2503/869/2076 2582/847/2057
f 2503/870/2076 2584/852/2060 2582/849/2057
f 2504/871/2077 2586/854/2062 2584/852/2060
f 2505/873/2078 2588/872/2064 2586/854/2062
f 2506/874/2079 2590/859/2066 2588/856/2064
f 2507/875/2080 2592/860/2068 2590/859/2066
f 2594/876/2081 2596/877/2082 2595/1004/2083
f 2595/879/2083 2598/880/2084 2597/882/2085
f 2597/882/2085 2600/883/2086 2599/884/2087
f 2599/884/2087 2602/885/2088 2601/941/2089
f 2601/886/2089 2604/887/2090 2603/1005/2091
f 2603/889/2091 2606/890/2092 2605/892/2093
f 2605/892/2093 2608/893/2094 2607/894/2095
f 2607/894/2095 2610/895/2096 2609/1006/2097
f 2609/896/2097 2612/897/2098 2611/899/2099
f 2611/899/2099 2614/900/2100 2613/944/2101
f 2613/901/2101 2616/902/2102 2615/904/2103
f 2615/904/2103 2593/878/2104 2594/876/2081
f 2616/902/2102 2570/834/2046 2593/878/2104
f 2593/878/2104 2571/837/2048 2596/877/2082
f 2596/881/2082 2573/905/2050 2598/880/2084
f 2598/907/2084 2575/842/2052 2600/908/2086
f 2600/908/2086 2577/844/2054 2602/888/2088
f 2602/888/2088 2579/846/2056 2604/887/2090
f 2604/891/2090 2581/850/2058 2606/890/2092
f 2606/890/2092 2583/848/2059 2608/893/2094
f 2583/848/2059 2610/895/2096 2608/893/2094
f 2585/851/2061 2612/910/2098 2610/895/2096
f 2587/857/2063 2614/903/2100 2612/911/2098
f 2589/855/2065 2616/902/2102 2614/903/2100
f 2618/912/2105 2620/913/2106 2619/915/2107
f 2619/915/2107 2622/916/2108 2621/917/2109
f 2621/917/2109 2624/918/2110 2623/919/2111
f 2623/919/2111 2626/920/2112 2625/1007/2113
f 2625/921/2113 2628/922/2114 2627/924/2115
f 2627/924/2115 2630/925/2116 2629/926/2117
f 2629/926/2117 2632/927/2118 2631/990/2119
f 2631/928/2119 2634/929/2120 2633/931/2121
f 2633/931/2121 2636/932/2122 2635/1008/2123
f 2635/933/2123 2638/934/2124 2637/936/2125
f 2637/936/2125 2640/937/2126 2639/938/2127
f 2639/938/2127 2617/939/2128 2618/1009/2105
f 2640/937/2126 2594/876/2081 2617/939/2128
f 2617/914/2128 2595/879/2083 2620/913/2106
f 2620/913/2106 2597/882/2085 2622/916/2108
f 2622/916/2108 2599/884/2087 2624/918/2110
f 2624/918/2110 2601/941/2089 2626/920/2112
f 2626/923/2112 2603/889/2091 2628/922/2114
f 2628/922/2114 2605/892/2093 2630/925/2116
f 2630/925/2116 2607/894/2095 2632/927/2118
f 2632/930/2118 2609/896/2097 2634/929/2120
f 2634/929/2120 2611/899/2099 2636/932/2122
f 2636/932/2122 2613/944/2101 2638/1010/2124
f 2613/901/2101 2640/937/2126 2638/934/2124
f 2642/945/2129 2644/946/2130 2643/948/2131
f 2643/948/2131 2646/949/2132 2645/950/2133
f 2645/950/2133 2648/951/2134 2647/1011/2135
f 2647/952/2135 2650/953/2136 2649/955/2137
f 2649/955/2137 2652/956/2138 2651/957/2139
f 2651/957/2139 2654/958/2140 2653/959/2141
f 2653/959/2141 2656/960/2142 2655/1012/2143
f 2655/961/2143 2658/962/2144 2657/964/2145
f 2657/964/2145 2660/965/2146 2659/966/2147
f 2659/966/2147 2662/967/2148 2661/968/2149
f 2661/968/2149 2664/969/2150 2663/996/2151
f 2663/970/2151 2641/947/2152 2642/945/2129
f 2496/972/2153 2642/945/2129 2485/975/2154
f 2664/971/2150 2618/973/2105 2641/947/2152
f 2485/975/2154 2643/948/2131 2486/978/2155
f 2641/947/2152 2619/976/2107 2644/946/2130
f 2643/948/2131 2487/977/2156 2486/978/2155
f 2644/946/2130 2621/979/2109 2646/949/2132
f 2645/950/2133 2488/980/2157 2487/977/2156
f 2646/949/2132 2623/981/2111 2648/951/2134
f 2647/952/2135 2489/982/2158 2488/983/2157
f 2648/954/2134 2625/921/2113 2650/953/2136
f 2649/955/2137 2490/985/2159 2489/982/2158
f 2650/953/2136 2627/924/2115 2652/956/2138
f 2651/957/2139 2491/986/2160 2490/985/2159
f 2652/956/2138 2629/926/2117 2654/958/2140
f 2653/988/2141 2492/987/2161 2491/989/2160
f 2654/958/2140 2631/990/2119 2656/960/2142
f 2492/987/2161 2657/964/2145 2493/992/2162
f 2656/991/2142 2633/931/2121 2658/1013/2144
f 2493/992/2162 2659/966/2147 2494/994/2163
f 2658/962/2144 2635/933/2123 2660/965/2146
f 2494/994/2163 2661/968/2149 2495/995/2164
f 2660/965/2146 2637/936/2125 2662/967/2148
f 2495/995/2164 2663/996/2151 2496/1014/2153
f 2662/967/2148 2639/938/2127 2664/969/2150
f 2725/706/2165 2676/705/2166 2665/707/2167
f 2686/708/2168 2699/709/2169 2687/729/2169
f 2679/711/2170 2692/712/2171 2680/730/2171
f 2694/715/2172 2683/714/2173 2682/716/2172
f 2685/717/2174 2698/710/2175 2686/708/2168
f 2678/719/2176 2691/713/2177 2679/711/2170
f 2700/722/2178 2677/721/2179 2688/723/2180
f 2693/724/2181 2682/716/2172 2681/725/2181
f 2684/726/2182 2697/718/2183 2685/717/2174
f 2689/728/2184 2678/719/2176 2677/721/2179
f 2699/709/2169 2688/723/2180 2687/729/2169
f 2680/730/2171 2693/724/2181 2681/725/2181
f 2695/731/2185 2684/726/2182 2683/714/2173
f 2693/732/2186 2706/733/2187 2694/748/2188
f 2710/997/2189 2706/998/2190 2702/999/2191
f 2700/738/2192 2701/739/2193 2689/760/2194
f 2690/741/2195 2703/742/2196 2691/1000/2197
f 2709/745/2198 2698/744/2199 2697/746/2200
f 2706/733/2187 2695/747/2201 2694/748/2188
f 2691/749/2197 2704/750/2202 2692/758/2203
f 2710/753/2204 2699/752/2205 2698/754/2199
f 2707/756/2206 2696/755/2207 2695/757/2201
f 2692/758/2203 2705/734/2208 2693/732/2186
f 2711/759/2209 2700/738/2192 2699/752/2205
f 2689/760/2194 2702/743/2210 2690/741/2195
f 2708/761/2211 2697/746/2200 2696/755/2207
f 2715/767/2212 2719/832/2213 2723/768/2214
f 2739/766/2215 2716/765/2216 2715/767/2215
f 2746/769/2217 2723/768/2218 2722/770/2217
f 2669/771/2219 2728/772/2220 2668/779/2221
f 2676/705/2166 2735/774/2222 2675/782/2223
f 2738/776/2224 2715/767/2215 2714/777/2224
f 2745/778/2225 2722/770/2217 2721/762/2226
f 2668/779/2221 2727/780/2227 2667/786/2228
f 2713/764/2229 2738/776/2224 2714/777/2224
f 2675/782/2223 2734/783/2230 2674/833/2230
f 2720/784/2231 2745/778/2225 2721/762/2226
f 2667/786/2228 2726/787/2232 2666/831/2232
f 2725/788/2233 2748/789/2234 2736/1001/2235
f 2727/791/2236 2738/792/2237 2726/812/2238
f 2746/795/2239 2733/794/2240 2734/796/2241
f 2743/798/2242 2730/797/2243 2731/799/2244
f 2728/800/2245 2739/793/2246 2727/791/2236
f 2735/802/2247 2746/795/2239 2734/796/2241
f 2744/805/2248 2731/804/2244 2732/806/2249
f 2741/808/2250 2728/807/2245 2729/809/2251
f 2736/810/2235 2747/803/2252 2735/802/2247
f 2726/812/2238 2737/790/2253 2725/788/2233
f 2745/813/2254 2732/806/2249 2733/794/2240
f 2742/814/2255 2729/809/2251 2730/797/2243
f 2730/815/2256 2669/771/2219 2670/816/2256
f 2747/818/2257 2724/817/2258 2723/768/2218
f 2740/819/2259 2717/763/2260 2716/765/2216
f 2731/820/2261 2670/816/2256 2671/821/2261
f 2724/817/2258 2737/781/2229 2713/764/2229
f 2717/763/2260 2742/823/2262 2718/827/2263
f 2732/825/2264 2671/821/2261 2672/826/2264
f 2718/827/2263 2743/828/2265 2719/832/2265
f 2733/829/2266 2672/826/2264 2673/830/2267
f 2726/787/2232 2665/707/2167 2666/831/2232
f 2719/832/2265 2744/785/2268 2720/784/2231
f 2674/833/2230 2733/829/2266 2673/830/2267
f 2750/834/2269 2752/835/2270 2751/837/2271
f 2751/837/2271 2754/838/2272 2753/1002/2273
f 2753/839/2273 2756/840/2274 2755/842/2275
f 2755/842/2275 2758/843/2276 2757/844/2277
f 2757/844/2277 2760/845/2278 2759/846/2279
f 2759/846/2279 2762/847/2280 2761/1003/2281
f 2762/849/2280 2763/848/2282 2761/850/2281
f 2764/852/2283 2765/851/2284 2763/848/2282
f 2766/854/2285 2767/853/2286 2765/851/2284
f 2768/856/2287 2769/855/2288 2767/857/2286
f 2770/859/2289 2771/858/2290 2769/855/2288
f 2772/860/2291 2750/834/2269 2771/858/2290
f 2688/861/2292 2749/836/2293 2772/860/2291
f 2749/836/2293 2678/862/2294 2752/835/2270
f 2752/835/2270 2679/864/2295 2754/838/2272
f 2754/841/2272 2680/865/2296 2756/840/2274
f 2756/840/2274 2681/867/2297 2758/843/2276
f 2758/843/2276 2682/868/2298 2760/845/2278
f 2760/845/2278 2683/869/2299 2762/847/2280
f 2683/870/2299 2764/852/2283 2762/849/2280
f 2684/871/2300 2766/854/2285 2764/852/2283
f 2685/873/2301 2768/872/2287 2766/854/2285
f 2686/874/2302 2770/859/2289 2768/856/2287
f 2687/875/2303 2772/860/2291 2770/859/2289
f 2774/876/2304 2776/877/2305 2775/1004/2306
f 2775/879/2306 2778/880/2307 2777/882/2308
f 2777/882/2308 2780/883/2309 2779/884/2310
f 2779/884/2310 2782/885/2311 2781/941/2312
f 2781/886/2312 2784/887/2313 2783/1005/2314
f 2783/889/2314 2786/890/2315 2785/892/2316
f 2785/892/2316 2788/893/2317 2787/894/2318
f 2787/894/2318 2790/895/2319 2789/1006/2320
f 2789/896/2320 2792/897/2321 2791/899/2322
f 2791/899/2322 2794/900/2323 2793/944/2324
f 2793/901/2324 2796/902/2325 2795/904/2326
f 2795/904/2326 2773/878/2327 2774/876/2304
f 2796/902/2325 2750/834/2269 2773/878/2327
f 2773/878/2327 2751/837/2271 2776/877/2305
f 2776/881/2305 2753/905/2273 2778/880/2307
f 2778/907/2307 2755/842/2275 2780/908/2309
f 2780/908/2309 2757/844/2277 2782/888/2311
f 2782/888/2311 2759/846/2279 2784/887/2313
f 2784/891/2313 2761/850/2281 2786/890/2315
f 2786/890/2315 2763/848/2282 2788/893/2317
f 2763/848/2282 2790/895/2319 2788/893/2317
f 2765/851/2284 2792/910/2321 2790/895/2319
f 2767/857/2286 2794/903/2323 2792/911/2321
f 2769/855/2288 2796/902/2325 2794/903/2323
f 2798/912/2328 2800/913/2329 2799/915/2330
f 2799/915/2330 2802/916/2331 2801/917/2332
f 2801/917/2332 2804/918/2333 2803/919/2334
f 2803/919/2334 2806/920/2335 2805/1007/2336
f 2805/921/2336 2808/922/2337 2807/924/2338
f 2807/924/2338 2810/925/2339 2809/926/2340
f 2809/926/2340 2812/927/2341 2811/990/2342
f 2811/928/2342 2814/929/2343 2813/931/2344
f 2813/931/2344 2816/932/2345 2815/1008/2346
f 2815/933/2346 2818/934/2347 2817/936/2348
f 2817/936/2348 2820/937/2349 2819/938/2350
f 2819/938/2350 2797/939/2351 2798/1009/2328
f 2820/937/2349 2774/876/2304 2797/939/2351
f 2797/914/2351 2775/879/2306 2800/913/2329
f 2800/913/2329 2777/882/2308 2802/916/2331
f 2802/916/2331 2779/884/2310 2804/918/2333
f 2804/918/2333 2781/941/2312 2806/920/2335
f 2806/923/2335 2783/889/2314 2808/922/2337
f 2808/922/2337 2785/892/2316 2810/925/2339
f 2810/925/2339 2787/894/2318 2812/927/2341
f 2812/930/2341 2789/896/2320 2814/929/2343
f 2814/929/2343 2791/899/2322 2816/932/2345
f 2816/932/2345 2793/944/2324 2818/1010/2347
f 2793/901/2324 2820/937/2349 2818/934/2347
f 2822/945/2352 2824/946/2353 2823/948/2354
f 2823/948/2354 2826/949/2355 2825/950/2356
f 2825/950/2356 2828/951/2357 2827/1011/2358
f 2827/952/2358 2830/953/2359 2829/955/2360
f 2829/955/2360 2832/956/2361 2831/957/2362
f 2831/957/2362 2834/958/2363 2833/959/2364
f 2833/959/2364 2836/960/2365 2835/1012/2366
f 2835/961/2366 2838/962/2367 2837/964/2368
f 2837/964/2368 2840/965/2369 2839/966/2370
f 2839/966/2370 2842/967/2371 2841/968/2372
f 2841/968/2372 2844/969/2373 2843/996/2374
f 2843/970/2374 2821/947/2375 2822/945/2352
f 2676/972/2376 2822/945/2352 2665/975/2377
f 2844/971/2373 2798/973/2328 2821/947/2375
f 2665/975/2377 2823/948/2354 2666/978/2378
f 2821/947/2375 2799/976/2330 2824/946/2353
f 2823/948/2354 2667/977/2379 2666/978/2378
f 2824/946/2353 2801/979/2332 2826/949/2355
f 2825/950/2356 2668/980/2380 2667/977/2379
f 2826/949/2355 2803/981/2334 2828/951/2357
f 2827/952/2358 2669/982/2381 2668/983/2380
f 2828/954/2357 2805/921/2336 2830/953/2359
f 2829/955/2360 2670/985/2382 2669/982/2381
f 2830/953/2359 2807/924/2338 2832/956/2361
f 2831/957/2362 2671/986/2383 2670/985/2382
f 2832/956/2361 2809/926/2340 2834/958/2363
f 2833/988/2364 2672/987/2384 2671/989/2383
f 2834/958/2363 2811/990/2342 2836/960/2365
f 2672/987/2384 2837/964/2368 2673/992/2385
f 2836/991/2365 2813/931/2344 2838/1013/2367
f 2673/992/2385 2839/966/2370 2674/994/2386
f 2838/962/2367 2815/933/2346 2840/965/2369
f 2674/994/2386 2841/968/2372 2675/995/2387
f 2840/965/2369 2817/936/2348 2842/967/2371
f 2675/995/2387 2843/996/2374 2676/1014/2376
f 2842/967/2371 2819/938/2350 2844/969/2373
f 2856/705/2388 2905/706/2389 2845/707/2390
f 2866/708/2391 2879/709/2392 2878/710/2393
f 2859/711/2394 2872/712/2395 2871/713/2396
f 2863/714/2397 2874/715/2398 2862/716/2398
f 2865/717/2399 2878/710/2393 2877/718/2400
f 2858/719/2401 2871/713/2396 2870/720/2401
f 2857/721/2402 2880/722/2403 2868/723/2404
f 2862/716/2398 2873/724/2405 2861/725/2405
f 2864/726/2406 2877/718/2400 2876/727/2407
f 2858/719/2401 2869/728/2402 2857/721/2402
f 2868/723/2404 2879/709/2392 2867/729/2392
f 2860/730/2395 2873/724/2405 2872/712/2395
f 2864/726/2406 2875/731/2408 2863/714/2397
f 2873/732/2409 2886/733/2410 2885/734/2411
f 2884/735/2412 2888/736/2413 2892/737/2414
f 2880/738/2415 2881/739/2416 2892/740/2417
f 2870/741/2418 2883/742/2419 2882/743/2420
f 2878/744/2199 2889/745/2421 2877/746/2422
f 2875/747/2423 2886/733/2410 2874/748/2424
f 2871/749/2425 2884/750/2426 2883/751/2419
f 2879/752/2427 2890/753/2428 2878/754/2199
f 2876/755/2429 2887/756/2430 2875/757/2423
f 2872/758/2431 2885/734/2411 2884/750/2426
f 2880/738/2415 2891/759/2432 2879/752/2427
f 2869/760/2433 2882/743/2420 2881/739/2416
f 2877/746/2422 2888/761/2434 2876/755/2429
f 2901/762/2435 2897/763/2436 2893/764/2437
f 2896/765/2438 2919/766/2439 2895/767/2440
f 2903/768/2441 2926/769/2442 2902/770/2442
f 2849/771/2443 2908/772/2444 2909/773/2445
f 2856/705/2388 2915/774/2446 2916/775/2447
f 2895/767/2440 2918/776/2448 2894/777/2448
f 2902/770/2442 2925/778/2449 2901/762/2450
f 2848/779/2451 2907/780/2452 2908/772/2444
f 2893/764/2453 2918/776/2448 2917/781/2453
f 2855/782/2454 2914/783/2455 2915/774/2446
f 2900/784/2456 2925/778/2449 2924/785/2457
f 2847/786/2458 2906/787/2459 2907/780/2452
f 2905/788/2460 2928/789/2461 2917/790/2462
f 2907/791/2463 2918/792/2464 2919/793/2465
f 2913/794/2466 2926/795/2467 2914/796/2468
f 2910/797/2469 2923/798/2470 2911/799/2471
f 2908/800/2472 2919/793/2465 2920/801/2473
f 2915/802/2474 2926/795/2467 2927/803/2475
f 2911/804/2471 2924/805/2476 2912/806/2477
f 2908/807/2472 2921/808/2478 2909/809/2479
f 2916/810/2480 2927/803/2475 2928/811/2461
f 2906/812/2481 2917/790/2462 2918/792/2464
f 2912/806/2477 2925/813/2482 2913/794/2466
f 2909/809/2479 2922/814/2483 2910/797/2469
f 2849/771/2443 2910/815/2484 2850/816/2484
f 2904/817/2485 2927/818/2486 2903/768/2441
f 2897/763/2487 2920/819/2488 2896/765/2438
f 2850/816/2484 2911/820/2489 2851/821/2489
f 2904/817/2485 2917/781/2453 2928/822/2490
f 2897/763/2487 2922/823/2491 2921/824/2487
f 2851/821/2489 2912/825/2492 2852/826/2492
f 2898/827/2493 2923/828/2494 2922/823/2491
f 2852/826/2492 2913/829/2495 2853/830/2496
f 2845/707/2390 2906/787/2459 2846/831/2459
f 2899/832/2494 2924/785/2457 2923/828/2494
f 2854/833/2455 2913/829/2495 2914/783/2455
f 2930/834/2497 2932/835/2498 2929/836/2499
f 2931/837/2500 2934/838/2501 2932/835/2498
f 2933/839/2502 2936/840/2503 2934/841/2501
f 2935/842/2504 2938/843/2505 2936/840/2503
f 2937/844/2506 2940/845/2507 2938/843/2505
f 2939/846/2508 2942/847/2509 2940/845/2507
f 2943/848/2510 2942/849/2509 2941/850/2511
f 2945/851/2512 2944/852/2513 2943/848/2510
f 2947/853/2514 2946/854/2515 2945/851/2512
f 2949/855/2516 2948/856/2517 2947/857/2514
f 2951/858/2518 2950/859/2519 2949/855/2516
f 2930/834/2497 2952/860/2520 2951/858/2518
f 2929/836/2499 2868/861/2521 2952/860/2520
f 2929/836/2499 2858/862/2522 2857/863/2523
f 2932/835/2498 2859/864/2524 2858/862/2522
f 2934/841/2501 2860/865/2525 2859/866/2524
f 2936/840/2503 2861/867/2526 2860/865/2525
f 2938/843/2505 2862/868/2527 2861/867/2526
f 2940/845/2507 2863/869/2528 2862/868/2527
f 2944/852/2513 2863/870/2528 2942/849/2509
f 2946/854/2515 2864/871/2529 2944/852/2513
f 2948/872/2517 2865/873/2530 2946/854/2515
f 2950/859/2519 2866/874/2531 2948/856/2517
f 2952/860/2520 2867/875/2532 2950/859/2519
f 2954/876/2533 2956/877/2534 2953/878/2535
f 2955/879/2536 2958/880/2537 2956/881/2534
f 2957/882/2538 2960/883/2539 2958/880/2537
f 2959/884/2540 2962/885/2541 2960/883/2539
f 2961/886/2542 2964/887/2543 2962/888/2541
f 2963/889/2544 2966/890/2545 2964/891/2543
f 2965/892/2546 2968/893/2547 2966/890/2545
f 2967/894/2548 2970/895/2549 2968/893/2547
f 2969/896/2550 2972/897/2551 2970/898/2549
f 2971/899/2552 2974/900/2553 2972/897/2551
f 2973/901/2554 2976/902/2555 2974/903/2553
f 2975/904/2556 2953/878/2535 2976/902/2555
f 2976/902/2555 2930/834/2497 2951/858/2518
f 2953/878/2535 2931/837/2500 2930/834/2497
f 2956/881/2534 2933/905/2502 2931/906/2500
f 2958/907/2537 2935/842/2504 2933/839/2502
f 2960/908/2539 2937/844/2506 2935/842/2504
f 2962/888/2541 2939/846/2508 2937/844/2506
f 2964/891/2543 2941/850/2511 2939/909/2508
f 2966/890/2545 2943/848/2510 2941/850/2511
f 2970/895/2549 2943/848/2510 2968/893/2547
f 2972/910/2551 2945/851/2512 2970/895/2549
f 2974/903/2553 2947/857/2514 2972/911/2551
f 2976/902/2555 2949/855/2516 2974/903/2553
f 2978/912/2557 2980/913/2558 2977/914/2559
f 2979/915/2560 2982/916/2561 2980/913/2558
f 2981/917/2562 2984/918/2563 2982/916/2561
f 2983/919/2564 2986/920/2565 2984/918/2563
f 2985/921/2566 2988/922/2567 2986/923/2565
f 2987/924/2568 2990/925/2569 2988/922/2567
f 2989/926/2570 2992/927/2571 2990/925/2569
f 2991/928/2572 2994/929/2573 2992/930/2571
f 2993/931/2574 2996/932/2575 2994/929/2573
f 2995/933/2576 2998/934/2577 2996/935/2575
f 2997/936/2578 3000/937/2579 2998/934/2577
f 2999/938/2580 2977/939/2559 3000/937/2579
f 3000/937/2579 2954/876/2533 2975/904/2556
f 2977/914/2559 2955/879/2536 2954/940/2533
f 2980/913/2558 2957/882/2538 2955/879/2536
f 2982/916/2561 2959/884/2540 2957/882/2538
f 2984/918/2563 2961/941/2542 2959/884/2540
f 2986/923/2565 2963/889/2544 2961/942/2542
f 2988/922/2567 2965/892/2546 2963/889/2544
f 2990/925/2569 2967/894/2548 2965/892/2546
f 2992/930/2571 2969/896/2550 2967/943/2548
f 2994/929/2573 2971/899/2552 2969/896/2550
f 2996/932/2575 2973/944/2554 2971/899/2552
f 3000/937/2579 2973/901/2554 2998/934/2577
f 3002/945/2581 3004/946/2582 3001/947/2583
f 3003/948/2584 3006/949/2585 3004/946/2582
f 3005/950/2586 3008/951/2587 3006/949/2585
f 3007/952/2588 3010/953/2589 3008/954/2587
f 3009/955/2590 3012/956/2591 3010/953/2589
f 3011/957/2592 3014/958/2593 3012/956/2591
f 3013/959/2594 3016/960/2595 3014/958/2593
f 3015/961/2596 3018/962/2597 3016/963/2595
f 3017/964/2598 3020/965/2599 3018/962/2597
f 3019/966/2600 3022/967/2601 3020/965/2599
f 3021/968/2602 3024/969/2603 3022/967/2601
f 3023/970/2604 3001/947/2583 3024/971/2603
f 2856/972/2605 3002/945/2581 3023/970/2604
f 3024/971/2603 2978/973/2557 2999/974/2580
f 2845/975/2606 3003/948/2584 3002/945/2581
f 3001/947/2583 2979/976/2560 2978/973/2557
f 2847/977/2607 3003/948/2584 2846/978/2608
f 3004/946/2582 2981/979/2562 2979/976/2560
f 2848/980/2609 3005/950/2586 2847/977/2607
f 3006/949/2585 2983/981/2564 2981/979/2562
f 2849/982/2610 3007/952/2588 2848/983/2609
f 3008/954/2587 2985/921/2566 2983/984/2564
f 2850/985/2611 3009/955/2590 2849/982/2610
f 3010/953/2589 2987/924/2568 2985/921/2566
f 2851/986/2612 3011/957/2592 2850/985/2611
f 3012/956/2591 2989/926/2570 2987/924/2568
f 2852/987/2613 3013/988/2594 2851/989/2612
f 3014/958/2593 2991/990/2572 2989/926/2570
f 2852/987/2613 3017/964/2598 3015/961/2596
f 3016/991/2595 2993/931/2574 2991/928/2572
f 2853/992/2614 3019/966/2600 3017/964/2598
f 3018/962/2597 2995/933/2576 2993/993/2574
f 2854/994/2615 3021/968/2602 3019/966/2600
f 3020/965/2599 2997/936/2578 2995/933/2576
f 2855/995/2616 3023/996/2604 3021/968/2602
f 3022/967/2601 2999/938/2580 2997/936/2578
f 3085/706/2617 3036/705/2618 3025/707/2619
f 3046/708/2620 3059/709/2621 3047/729/2621
f 3039/711/2622 3052/712/2623 3040/730/2623
f 3054/715/2624 3043/714/2625 3042/716/2624
f 3045/717/2626 3058/710/2627 3046/708/2620
f 3038/719/2628 3051/713/2629 3039/711/2622
f 3060/722/2630 3037/721/2631 3048/723/2632
f 3053/724/2633 3042/716/2624 3041/725/2633
f 3044/726/2634 3057/718/2635 3045/717/2626
f 3049/728/2636 3038/719/2628 3037/721/2631
f 3059/709/2621 3048/723/2632 3047/729/2621
f 3040/730/2623 3053/724/2633 3041/725/2633
f 3055/731/2637 3044/726/2634 3043/714/2625
f 3053/732/2638 3066/733/2639 3054/748/2640
f 3070/997/2641 3066/998/2642 3062/999/2643
f 3060/738/2644 3061/739/2645 3049/760/2646
f 3050/741/2647 3063/742/2648 3051/1000/2649
f 3069/745/2650 3058/744/2651 3057/746/2652
f 3066/733/2639 3055/747/2653 3054/748/2640
f 3051/749/2649 3064/750/2654 3052/758/2655
f 3070/753/2656 3059/752/2657 3058/754/2651
f 3067/756/2658 3056/755/2659 3055/757/2653
f 3052/758/2655 3065/734/2660 3053/732/2638
f 3071/759/2661 3060/738/2644 3059/752/2657
f 3049/760/2646 3062/743/2662 3050/741/2647
f 3068/761/2663 3057/746/2652 3056/755/2659
f 3075/767/2664 3079/832/2665 3083/768/2666
f 3099/766/2667 3076/765/2668 3075/767/2667
f 3106/769/2669 3083/768/2670 3082/770/2669
f 3029/771/2671 3088/772/2672 3028/779/2673
f 3036/705/2618 3095/774/2674 3035/782/2675
f 3098/776/2676 3075/767/2667 3074/777/2676
f 3105/778/2677 3082/770/2669 3081/762/2678
f 3028/779/2673 3087/780/2679 3027/786/2680
f 3073/764/2681 3098/776/2676 3074/777/2676
f 3035/782/2675 3094/783/2682 3034/833/2682
f 3080/784/2683 3105/778/2677 3081/762/2678
f 3027/786/2680 3086/787/2684 3026/831/2684
f 3085/788/2685 3108/789/2686 3096/1001/2687
f 3087/791/2688 3098/792/2689 3086/812/2690
f 3106/795/2691 3093/794/2692 3094/796/2693
f 3103/798/2694 3090/797/2695 3091/799/2696
f 3088/800/2697 3099/793/2698 3087/791/2688
f 3095/802/2699 3106/795/2691 3094/796/2693
f 3104/805/2700 3091/804/2696 3092/806/2701
f 3101/808/2702 3088/807/2697 3089/809/2703
f 3096/810/2687 3107/803/2704 3095/802/2699
f 3086/812/2690 3097/790/2705 3085/788/2685
f 3105/813/2706 3092/806/2701 3093/794/2692
f 3102/814/2707 3089/809/2703 3090/797/2695
f 3090/815/2708 3029/771/2671 3030/816/2708
f 3107/818/2709 3084/817/2710 3083/768/2670
f 3100/819/2711 3077/763/2712 3076/765/2668
f 3091/820/2713 3030/816/2708 3031/821/2713
f 3084/817/2710 3097/781/2681 3073/764/2681
f 3077/763/2712 3102/823/2714 3078/827/2715
f 3092/825/2716 3031/821/2713 3032/826/2716
f 3078/827/2715 3103/828/2717 3079/832/2717
f 3093/829/2718 3032/826/2716 3033/830/2719
f 3086/787/2684 3025/707/2619 3026/831/2684
f 3079/832/2717 3104/785/2720 3080/784/2683
f 3034/833/2682 3093/829/2718 3033/830/2719
f 3110/834/2721 3112/835/2722 3111/837/2723
f 3111/837/2723 3114/838/2724 3113/1002/2725
f 3113/839/2725 3116/840/2726 3115/842/2727
f 3115/842/2727 3118/843/2728 3117/844/2729
f 3117/844/2729 3120/845/2730 3119/846/2731
f 3119/846/2731 3122/847/2732 3121/1003/2733
f 3122/849/2732 3123/848/2734 3121/850/2733
f 3124/852/2735 3125/851/2736 3123/848/2734
f 3126/854/2737 3127/853/2738 3125/851/2736
f 3128/856/2739 3129/855/2740 3127/857/2738
f 3130/859/2741 3131/858/2742 3129/855/2740
f 3132/860/2743 3110/834/2721 3131/858/2742
f 3048/861/2744 3109/836/2745 3132/860/2743
f 3109/836/2745 3038/862/2746 3112/835/2722
f 3112/835/2722 3039/864/2747 3114/838/2724
f 3114/841/2724 3040/865/2748 3116/840/2726
f 3116/840/2726 3041/867/2749 3118/843/2728
f 3118/843/2728 3042/868/2750 3120/845/2730
f 3120/845/2730 3043/869/2751 3122/847/2732
f 3043/870/2751 3124/852/2735 3122/849/2732
f 3044/871/2752 3126/854/2737 3124/852/2735
f 3045/873/2753 3128/872/2739 3126/854/2737
f 3046/874/2754 3130/859/2741 3128/856/2739
f 3047/875/2755 3132/860/2743 3130/859/2741
f 3134/876/2756 3136/877/2757 3135/1004/2758
f 3135/879/2758 3138/880/2759 3137/882/2760
f 3137/882/2760 3140/883/2761 3139/884/2762
f 3139/884/2762 3142/885/2763 3141/941/2764
f 3141/886/2764 3144/887/2765 3143/1005/2766
f 3143/889/2766 3146/890/2767 3145/892/2768
f 3145/892/2768 3148/893/2769 3147/894/2770
f 3147/894/2770 3150/895/2771 3149/1006/2772
f 3149/896/2772 3152/897/2773 3151/899/2774
f 3151/899/2774 3154/900/2775 3153/944/2776
f 3153/901/2776 3156/902/2777 3155/904/2778
f 3155/904/2778 3133/878/2779 3134/876/2756
f 3156/902/2777 3110/834/2721 3133/878/2779
f 3133/878/2779 3111/837/2723 3136/877/2757
f 3136/881/2757 3113/905/2725 3138/880/2759
f 3138/907/2759 3115/842/2727 3140/908/2761
f 3140/908/2761 3117/844/2729 3142/888/2763
f 3142/888/2763 3119/846/2731 3144/887/2765
f 3144/891/2765 3121/850/2733 3146/890/2767
f 3146/890/2767 3123/848/2734 3148/893/2769
f 3123/848/2734 3150/895/2771 3148/893/2769
f 3125/851/2736 3152/910/2773 3150/895/2771
f 3127/857/2738 3154/903/2775 3152/911/2773
f 3129/855/2740 3156/902/2777 3154/903/2775
f 3158/912/2780 3160/913/2781 3159/915/2782
f 3159/915/2782 3162/916/2783 3161/917/2784
f 3161/917/2784 3164/918/2785 3163/919/2786
f 3163/919/2786 3166/920/2787 3165/1007/2788
f 3165/921/2788 3168/922/2789 3167/924/2790
f 3167/924/2790 3170/925/2791 3169/926/2792
f 3169/926/2792 3172/927/2793 3171/990/2794
f 3171/928/2794 3174/929/2795 3173/931/2796
f 3173/931/2796 3176/932/2797 3175/1008/2798
f 3175/933/2798 3178/934/2799 3177/936/2800
f 3177/936/2800 3180/937/2801 3179/938/2802
f 3179/938/2802 3157/939/2803 3158/1009/2780
f 3180/937/2801 3134/876/2756 3157/939/2803
f 3157/914/2803 3135/879/2758 3160/913/2781
f 3160/913/2781 3137/882/2760 3162/916/2783
f 3162/916/2783 3139/884/2762 3164/918/2785
f 3164/918/2785 3141/941/2764 3166/920/2787
f 3166/923/2787 3143/889/2766 3168/922/2789
f 3168/922/2789 3145/892/2768 3170/925/2791
f 3170/925/2791 3147/894/2770 3172/927/2793
f 3172/930/2793 3149/896/2772 3174/929/2795
f 3174/929/2795 3151/899/2774 3176/932/2797
f 3176/932/2797 3153/944/2776 3178/1010/2799
f 3153/901/2776 3180/937/2801 3178/934/2799
f 3182/945/2804 3184/946/2805 3183/948/2806
f 3183/948/2806 3186/949/2807 3185/950/2808
f 3185/950/2808 3188/951/2809 3187/1011/2810
f 3187/952/2810 3190/953/2811 3189/955/2812
f 3189/955/2812 3192/956/2813 3191/957/2814
f 3191/957/2814 3194/958/2815 3193/959/2816
f 3193/959/2816 3196/960/2817 3195/1012/2818
f 3195/961/2818 3198/962/2819 3197/964/2820
f 3197/964/2820 3200/965/2821 3199/966/2822
f 3199/966/2822 3202/967/2823 3201/968/2824
f 3201/968/2824 3204/969/2825 3203/996/2826
f 3203/970/2826 3181/947/2827 3182/945/2804
f 3036/972/2828 3182/945/2804 3025/975/2829
f 3204/971/2825 3158/973/2780 3181/947/2827
f 3025/975/2829 3183/948/2806 3026/978/2830
f 3181/947/2827 3159/976/2782 3184/946/2805
f 3183/948/2806 3027/977/2831 3026/978/2830
f 3184/946/2805 3161/979/2784 3186/949/2807
f 3185/950/2808 3028/980/2832 3027/977/2831
f 3186/949/2807 3163/981/2786 3188/951/2809
f 3187/952/2810 3029/982/2833 3028/983/2832
f 3188/954/2809 3165/921/2788 3190/953/2811
f 3189/955/2812 3030/985/2834 3029/982/2833
f 3190/953/2811 3167/924/2790 3192/956/2813
f 3191/957/2814 3031/986/2835 3030/985/2834
f 3192/956/2813 3169/926/2792 3194/958/2815
f 3193/988/2816 3032/987/2836 3031/989/2835
f 3194/958/2815 3171/990/2794 3196/960/2817
f 3032/987/2836 3197/964/2820 3033/992/2837
f 3196/991/2817 3173/931/2796 3198/1013/2819
f 3033/992/2837 3199/966/2822 3034/994/2838
f 3198/962/2819 3175/933/2798 3200/965/2821
f 3034/994/2838 3201/968/2824 3035/995/2839
f 3200/965/2821 3177/936/2800 3202/967/2823
f 3035/995/2839 3203/996/2826 3036/1014/2828
f 3202/967/2823 3179/938/2802 3204/969/2825
f 3216/705/2840 3265/706/2841 3205/707/2842
f 3226/708/2843 3239/709/2844 3238/710/2845
f 3219/711/2846 3232/712/2847 3231/713/2848
f 3223/714/2849 3234/715/2850 3222/716/2850
f 3225/717/2851 3238/710/2845 3237/718/2852
f 3218/719/2853 3231/713/2848 3230/720/2853
f 3217/721/2854 3240/722/2855 3228/723/2856
f 3222/716/2850 3233/724/2857 3221/725/2857
f 3224/726/2858 3237/718/2852 3236/727/2859
f 3218/719/2853 3229/728/2854 3217/721/2854
f 3228/723/2856 3239/709/2844 3227/729/2844
f 3220/730/2847 3233/724/2857 3232/712/2847
f 3224/726/2858 3235/731/2860 3223/714/2849
f 3233/732/2861 3246/733/2862 3245/734/2863
f 3244/735/2864 3248/736/2865 3252/737/2866
f 3240/738/2867 3241/739/2868 3252/740/2869
f 3230/741/2870 3243/742/2871 3242/743/2872
f 3238/744/2651 3249/745/2873 3237/746/2874
f 3235/747/2875 3246/733/2862 3234/748/2876
f 3231/749/2877 3244/750/2878 3243/751/2871
f 3239/752/2879 3250/753/2880 3238/754/2651
f 3236/755/2881 3247/756/2882 3235/757/2875
f 3232/758/2883 3245/734/2863 3244/750/2878
f 3240/738/2867 3251/759/2884 3239/752/2879
f 3229/760/2885 3242/743/2872 3241/739/2868
f 3237/746/2874 3248/761/2886 3236/755/2881
f 3261/762/2887 3257/763/2888 3253/764/2889
f 3256/765/2890 3279/766/2891 3255/767/2892
f 3263/768/2893 3286/769/2894 3262/770/2894
f 3209/771/2895 3268/772/2896 3269/773/2897
f 3216/705/2840 3275/774/2898 3276/775/2899
f 3255/767/2892 3278/776/2900 3254/777/2900
f 3262/770/2894 3285/778/2901 3261/762/2902
f 3208/779/2903 3267/780/2904 3268/772/2896
f 3253/764/2905 3278/776/2900 3277/781/2905
f 3215/782/2906 3274/783/2907 3275/774/2898
f 3260/784/2908 3285/778/2901 3284/785/2909
f 3207/786/2910 3266/787/2911 3267/780/2904
f 3265/788/2912 3288/789/2913 3277/790/2914
f 3267/791/2915 3278/792/2916 3279/793/2917
f 3273/794/2918 3286/795/2919 3274/796/2920
f 3270/797/2921 3283/798/2922 3271/799/2923
f 3268/800/2924 3279/793/2917 3280/801/2925
f 3275/802/2926 3286/795/2919 3287/803/2927
f 3271/804/2923 3284/805/2928 3272/806/2929
f 3268/807/2924 3281/808/2930 3269/809/2931
f 3276/810/2932 3287/803/2927 3288/811/2913
f 3266/812/2933 3277/790/2914 3278/792/2916
f 3272/806/2929 3285/813/2934 3273/794/2918
f 3269/809/2931 3282/814/2935 3270/797/2921
f 3209/771/2895 3270/815/2936 3210/816/2936
f 3264/817/2937 3287/818/2938 3263/768/2893
f 3257/763/2939 3280/819/2940 3256/765/2890
f 3210/816/2936 3271/820/2941 3211/821/2941
f 3264/817/2937 3277/781/2905 3288/822/2942
f 3257/763/2939 3282/823/2943 3281/824/2939
f 3211/821/2941 3272/825/2944 3212/826/2944
f 3258/827/2945 3283/828/2946 3282/823/2943
f 3212/826/2944 3273/829/2947 3213/830/2948
f 3205/707/2842 3266/787/2911 3206/831/2911
f 3259/832/2946 3284/785/2909 3283/828/2946
f 3214/833/2907 3273/829/2947 3274/783/2907
f 3290/834/2949 3292/835/2950 3289/836/2951
f 3291/837/2952 3294/838/2953 3292/835/2950
f 3293/839/2954 3296/840/2955 3294/841/2953
f 3295/842/2956 3298/843/2957 3296/840/2955
f 3297/844/2958 3300/845/2959 3298/843/2957
f 3299/846/2960 3302/847/2961 3300/845/2959
f 3303/848/2962 3302/849/2961 3301/850/2963
f 3305/851/2964 3304/852/2965 3303/848/2962
f 3307/853/2966 3306/854/2967 3305/851/2964
f 3309/855/2968 3308/856/2969 3307/857/2966
f 3311/858/2970 3310/859/2971 3309/855/2968
f 3290/834/2949 3312/860/2972 3311/858/2970
f 3289/836/2951 3228/861/2973 3312/860/2972
f 3289/836/2951 3218/862/2974 3217/863/2975
f 3292/835/2950 3219/864/2976 3218/862/2974
f 3294/841/2953 3220/865/2977 3219/866/2976
f 3296/840/2955 3221/867/2978 3220/865/2977
f 3298/843/2957 3222/868/2979 3221/867/2978
f 3300/845/2959 3223/869/2980 3222/868/2979
f 3304/852/2965 3223/870/2980 3302/849/2961
f 3306/854/2967 3224/871/2981 3304/852/2965
f 3308/872/2969 3225/873/2982 3306/854/2967
f 3310/859/2971 3226/874/2983 3308/856/2969
f 3312/860/2972 3227/875/2984 3310/859/2971
f 3314/876/2985 3316/877/2986 3313/878/2987
f 3315/879/2988 3318/880/2989 3316/881/2986
f 3317/882/2990 3320/883/2991 3318/880/2989
f 3319/884/2992 3322/885/2993 3320/883/2991
f 3321/886/2994 3324/887/2995 3322/888/2993
f 3323/889/2996 3326/890/2997 3324/891/2995
f 3325/892/2998 3328/893/2999 3326/890/2997
f 3327/894/3000 3330/895/3001 3328/893/2999
f 3329/896/3002 3332/897/3003 3330/898/3001
f 3331/899/3004 3334/900/3005 3332/897/3003
f 3333/901/3006 3336/902/3007 3334/903/3005
f 3335/904/3008 3313/878/2987 3336/902/3007
f 3336/902/3007 3290/834/2949 3311/858/2970
f 3313/878/2987 3291/837/2952 3290/834/2949
f 3316/881/2986 3293/905/2954 3291/906/2952
f 3318/907/2989 3295/842/2956 3293/839/2954
f 3320/908/2991 3297/844/2958 3295/842/2956
f 3322/888/2993 3299/846/2960 3297/844/2958
f 3324/891/2995 3301/850/2963 3299/909/2960
f 3326/890/2997 3303/848/2962 3301/850/2963
f 3330/895/3001 3303/848/2962 3328/893/2999
f 3332/910/3003 3305/851/2964 3330/895/3001
f 3334/903/3005 3307/857/2966 3332/911/3003
f 3336/902/3007 3309/855/2968 3334/903/3005
f 3338/912/3009 3340/913/3010 3337/914/3011
f 3339/915/3012 3342/916/3013 3340/913/3010
f 3341/917/3014 3344/918/3015 3342/916/3013
f 3343/919/3016 3346/920/3017 3344/918/3015
f 3345/921/3018 3348/922/3019 3346/923/3017
f 3347/924/3020 3350/925/3021 3348/922/3019
f 3349/926/3022 3352/927/3023 3350/925/3021
f 3351/928/3024 3354/929/3025 3352/930/3023
f 3353/931/3026 3356/932/3027 3354/929/3025
f 3355/933/3028 3358/934/3029 3356/935/3027
f 3357/936/3030 3360/937/3031 3358/934/3029
f 3359/938/3032 3337/939/3011 3360/937/3031
f 3360/937/3031 3314/876/2985 3335/904/3008
f 3337/914/3011 3315/879/2988 3314/940/2985
f 3340/913/3010 3317/882/2990 3315/879/2988
f 3342/916/3013 3319/884/2992 3317/882/2990
f 3344/918/3015 3321/941/2994 3319/884/2992
f 3346/923/3017 3323/889/2996 3321/942/2994
f 3348/922/3019 3325/892/2998 3323/889/2996
f 3350/925/3021 3327/894/3000 3325/892/2998
f 3352/930/3023 3329/896/3002 3327/943/3000
f 3354/929/3025 3331/899/3004 3329/896/3002
f 3356/932/3027 3333/944/3006 3331/899/3004
f 3360/937/3031 3333/901/3006 3358/934/3029
f 3362/945/3033 3364/946/3034 3361/947/3035
f 3363/948/3036 3366/949/3037 3364/946/3034
f 3365/950/3038 3368/951/3039 3366/949/3037
f 3367/952/3040 3370/953/3041 3368/954/3039
f 3369/955/3042 3372/956/3043 3370/953/3041
f 3371/957/3044 3374/958/3045 3372/956/3043
f 3373/959/3046 3376/960/3047 3374/958/3045
f 3375/961/3048 3378/962/3049 3376/963/3047
f 3377/964/3050 3380/965/3051 3378/962/3049
f 3379/966/3052 3382/967/3053 3380/965/3051
f 3381/968/3054 3384/969/3055 3382/967/3053
f 3383/970/3056 3361/947/3035 3384/971/3055
f 3216/972/3057 3362/945/3033 3383/970/3056
f 3384/971/3055 3338/973/3009 3359/974/3032
f 3205/975/3058 3363/948/3036 3362/945/3033
f 3361/947/3035 3339/976/3012 3338/973/3009
f 3207/977/3059 3363/948/3036 3206/978/3060
f 3364/946/3034 3341/979/3014 3339/976/3012
f 3208/980/3061 3365/950/3038 3207/977/3059
f 3366/949/3037 3343/981/3016 3341/979/3014
f 3209/982/3062 3367/952/3040 3208/983/3061
f 3368/954/3039 3345/921/3018 3343/984/3016
f 3210/985/3063 3369/955/3042 3209/982/3062
f 3370/953/3041 3347/924/3020 3345/921/3018
f 3211/986/3064 3371/957/3044 3210/985/3063
f 3372/956/3043 3349/926/3022 3347/924/3020
f 3212/987/3065 3373/988/3046 3211/989/3064
f 3374/958/3045 3351/990/3024 3349/926/3022
f 3212/987/3065 3377/964/3050 3375/961/3048
f 3376/991/3047 3353/931/3026 3351/928/3024
f 3213/992/3066 3379/966/3052 3377/964/3050
f 3378/962/3049 3355/933/3028 3353/993/3026
f 3214/994/3067 3381/968/3054 3379/966/3052
f 3380/965/3051 3357/936/3030 3355/933/3028
f 3215/995/3068 3383/996/3056 3381/968/3054
f 3382/967/3053 3359/938/3032 3357/936/3030
f 3396/705/3069 3445/706/3070 3385/707/3071
f 3406/708/3072 3419/709/3073 3418/710/3074
f 3399/711/3075 3412/712/3076 3411/713/3077
f 3403/714/3078 3414/715/3079 3402/716/3079
f 3405/717/3080 3418/710/3074 3417/718/3081
f 3398/719/3082 3411/713/3077 3410/720/3082
f 3397/721/3083 3420/722/3084 3408/723/3085
f 3402/716/3079 3413/724/3086 3401/725/3086
f 3404/726/3087 3417/718/3081 3416/727/3088
f 3398/719/3082 3409/728/3083 3397/721/3083
f 3408/723/3085 3419/709/3073 3407/729/3073
f 3400/730/3076 3413/724/3086 3412/712/3076
f 3404/726/3087 3415/731/3089 3403/714/3078
f 3413/732/3090 3426/733/3091 3425/734/3092
f 3424/735/3093 3428/736/3094 3432/737/3095
f 3420/738/3096 3421/739/3097 3432/740/3098
f 3410/741/3099 3423/742/3100 3422/743/3101
f 3418/744/3102 3429/745/3103 3417/746/3104
f 3415/747/3105 3426/733/3091 3414/748/3106
f 3411/749/3107 3424/750/3108 3423/751/3100
f 3419/752/3109 3430/753/3110 3418/754/3102
f 3416/755/3111 3427/756/3112 3415/757/3105
f 3412/758/3113 3425/734/3092 3424/750/3108
f 3420/738/3096 3431/759/3114 3419/752/3109
f 3409/760/3115 3422/743/3101 3421/739/3097
f 3417/746/3104 3428/761/3116 3416/755/3111
f 3441/762/3117 3437/763/3118 3433/764/3119
f 3436/765/3120 3459/766/3121 3435/767/3122
f 3443/768/3123 3466/769/3124 3442/770/3124
f 3389/771/3125 3448/772/3126 3449/773/3127
f 3396/705/3069 3455/774/3128 3456/775/3129
f 3435/767/3122 3458/776/3130 3434/777/3130
f 3442/770/3124 3465/778/3131 3441/762/3132
f 3388/779/3133 3447/780/3134 3448/772/3126
f 3433/764/3135 3458/776/3130 3457/781/3135
f 3395/782/3136 3454/783/3137 3455/774/3128
f 3440/784/3138 3465/778/3131 3464/785/3139
f 3387/786/3140 3446/787/3141 3447/780/3134
f 3445/788/3142 3468/789/3143 3457/790/3144
f 3447/791/3145 3458/792/3146 3459/793/3147
f 3453/794/3148 3466/795/3149 3454/796/3150
f 3450/797/3151 3463/798/3152 3451/799/3153
f 3448/800/3154 3459/793/3147 3460/801/3155
f 3455/802/3156 3466/795/3149 3467/803/3157
f 3451/804/3153 3464/805/3158 3452/806/3159
f 3448/807/3154 3461/808/3160 3449/809/3161
f 3456/810/3162 3467/803/3157 3468/811/3143
f 3446/812/3163 3457/790/3144 3458/792/3146
f 3452/806/3159 3465/813/3164 3453/794/3148
f 3449/809/3161 3462/814/3165 3450/797/3151
f 3389/771/3125 3450/815/3166 3390/816/3166
f 3444/817/3167 3467/818/3168 3443/768/3123
f 3437/763/3169 3460/819/3170 3436/765/3120
f 3390/816/3166 3451/820/3171 3391/821/3171
f 3444/817/3167 3457/781/3135 3468/822/3172
f 3437/763/3169 3462/823/3173 3461/824/3169
f 3391/821/3171 3452/825/3174 3392/826/3174
f 3438/827/3175 3463/828/3176 3462/823/3173
f 3392/826/3174 3453/829/3177 3393/830/3178
f 3385/707/3071 3446/787/3141 3386/831/3141
f 3439/832/3176 3464/785/3139 3463/828/3176
f 3394/833/3137 3453/829/3177 3454/783/3137
f 3470/834/3179 3472/835/3180 3469/836/3181
f 3471/837/3182 3474/838/3183 3472/835/3180
f 3473/839/3184 3476/840/3185 3474/841/3183
f 3475/842/3186 3478/843/3187 3476/840/3185
f 3477/844/3188 3480/845/3189 3478/843/3187
f 3479/846/3190 3482/847/3191 3480/845/3189
f 3483/848/3192 3482/849/3191 3481/850/3193
f 3485/851/3194 3484/852/3195 3483/848/3192
f 3487/853/3196 3486/854/3197 3485/851/3194
f 3489/855/3198 3488/856/3199 3487/857/3196
f 3491/858/3200 3490/859/3201 3489/855/3198
f 3470/834/3179 3492/860/3202 3491/858/3200
f 3469/836/3181 3408/861/3203 3492/860/3202
f 3469/836/3181 3398/862/3204 3397/863/3205
f 3472/835/3180 3399/864/3206 3398/862/3204
f 3474/841/3183 3400/865/3207 3399/866/3206
f 3476/840/3185 3401/867/3208 3400/865/3207
f 3478/843/3187 3402/868/3209 3401/867/3208
f 3480/845/3189 3403/869/3210 3402/868/3209
f 3484/852/3195 3403/870/3210 3482/849/3191
f 3486/854/3197 3404/871/3211 3484/852/3195
f 3488/872/3199 3405/873/3212 3486/854/3197
f 3490/859/3201 3406/874/3213 3488/856/3199
f 3492/860/3202 3407/875/3214 3490/859/3201
f 3494/876/3215 3496/877/3216 3493/878/3217
f 3495/879/3218 3498/880/3219 3496/881/3216
f 3497/882/3220 3500/883/3221 3498/880/3219
f 3499/884/3222 3502/885/3223 3500/883/3221
f 3501/886/3224 3504/887/3225 3502/888/3223
f 3503/889/3226 3506/890/3227 3504/891/3225
f 3505/892/3228 3508/893/3229 3506/890/3227
f 3507/894/3230 3510/895/3231 3508/893/3229
f 3509/896/3232 3512/897/3233 3510/898/3231
f 3511/899/3234 3514/900/3235 3512/897/3233
f 3513/901/3236 3516/902/3237 3514/903/3235
f 3515/904/3238 3493/878/3217 3516/902/3237
f 3516/902/3237 3470/834/3179 3491/858/3200
f 3493/878/3217 3471/837/3182 3470/834/3179
f 3496/881/3216 3473/905/3184 3471/906/3182
f 3498/907/3219 3475/842/3186 3473/839/3184
f 3500/908/3221 3477/844/3188 3475/842/3186
f 3502/888/3223 3479/846/3190 3477/844/3188
f 3504/891/3225 3481/850/3193 3479/909/3190
f 3506/890/3227 3483/848/3192 3481/850/3193
f 3510/895/3231 3483/848/3192 3508/893/3229
f 3512/910/3233 3485/851/3194 3510/895/3231
f 3514/903/3235 3487/857/3196 3512/911/3233
f 3516/902/3237 3489/855/3198 3514/903/3235
f 3518/912/3239 3520/913/3240 3517/914/3241
f 3519/915/3242 3522/916/3243 3520/913/3240
f 3521/917/3244 3524/918/3245 3522/916/3243
f 3523/919/3246 3526/920/3247 3524/918/3245
f 3525/921/3248 3528/922/3249 3526/923/3247
f 3527/924/3250 3530/925/3251 3528/922/3249
f 3529/926/3252 3532/927/3253 3530/925/3251
f 3531/928/3254 3534/929/3255 3532/930/3253
f 3533/931/3256 3536/932/3257 3534/929/3255
f 3535/933/3258 3538/934/3259 3536/935/3257
f 3537/936/3260 3540/937/3261 3538/934/3259
f 3539/938/3262 3517/939/3241 3540/937/3261
f 3540/937/3261 3494/876/3215 3515/904/3238
f 3517/914/3241 3495/879/3218 3494/940/3215
f 3520/913/3240 3497/882/3220 3495/879/3218
f 3522/916/3243 3499/884/3222 3497/882/3220
f 3524/918/3245 3501/941/3224 3499/884/3222
f 3526/923/3247 3503/889/3226 3501/942/3224
f 3528/922/3249 3505/892/3228 3503/889/3226
f 3530/925/3251 3507/894/3230 3505/892/3228
f 3532/930/3253 3509/896/3232 3507/943/3230
f 3534/929/3255 3511/899/3234 3509/896/3232
f 3536/932/3257 3513/944/3236 3511/899/3234
f 3540/937/3261 3513/901/3236 3538/934/3259
f 3542/945/3263 3544/946/3264 3541/947/3265
f 3543/948/3266 3546/949/3267 3544/946/3264
f 3545/950/3268 3548/951/3269 3546/949/3267
f 3547/952/3270 3550/953/3271 3548/954/3269
f 3549/955/3272 3552/956/3273 3550/953/3271
f 3551/957/3274 3554/958/3275 3552/956/3273
f 3553/959/3276 3556/960/3277 3554/958/3275
f 3555/961/3278 3558/962/3279 3556/963/3277
f 3557/964/3280 3560/965/3281 3558/962/3279
f 3559/966/3282 3562/967/3283 3560/965/3281
f 3561/968/3284 3564/969/3285 3562/967/3283
f 3563/970/3286 3541/947/3265 3564/971/3285
f 3396/972/3287 3542/945/3263 3563/970/3286
f 3564/971/3285 3518/973/3239 3539/974/3262
f 3385/975/3288 3543/948/3266 3542/945/3263
f 3541/947/3265 3519/976/3242 3518/973/3239
f 3387/977/3289 3543/948/3266 3386/978/3290
f 3544/946/3264 3521/979/3244 3519/976/3242
f 3388/980/3291 3545/950/3268 3387/977/3289
f 3546/949/3267 3523/981/3246 3521/979/3244
f 3389/982/3292 3547/952/3270 3388/983/3291
f 3548/954/3269 3525/921/3248 3523/984/3246
f 3390/985/3293 3549/955/3272 3389/982/3292
f 3550/953/3271 3527/924/3250 3525/921/3248
f 3391/986/3294 3551/957/3274 3390/985/3293
f 3552/956/3273 3529/926/3252 3527/924/3250
f 3392/987/3295 3553/988/3276 3391/989/3294
f 3554/958/3275 3531/990/3254 3529/926/3252
f 3392/987/3295 3557/964/3280 3555/961/3278
f 3556/991/3277 3533/931/3256 3531/928/3254
f 3393/992/3296 3559/966/3282 3557/964/3280
f 3558/962/3279 3535/933/3258 3533/993/3256
f 3394/994/3297 3561/968/3284 3559/966/3282
f 3560/965/3281 3537/936/3260 3535/933/3258
f 3395/995/3298 3563/996/3286 3561/968/3284
f 3562/967/3283 3539/938/3262 3537/936/3260
f 3625/706/3299 3576/705/3300 3565/707/3301
f 3586/708/3302 3599/709/3303 3587/729/3303
f 3579/711/3304 3592/712/3305 3580/730/3305
f 3594/715/3306 3583/714/3307 3582/716/3306
f 3585/717/3308 3598/710/3309 3586/708/3302
f 3578/719/3310 3591/713/3311 3579/711/3304
f 3600/722/3312 3577/721/3313 3588/723/3314
f 3593/724/3315 3582/716/3306 3581/725/3315
f 3584/726/3316 3597/718/3317 3585/717/3308
f 3589/728/3318 3578/719/3310 3577/721/3313
f 3599/709/3303 3588/723/3314 3587/729/3303
f 3580/730/3305 3593/724/3315 3581/725/3315
f 3595/731/3319 3584/726/3316 3583/714/3307
f 3593/732/3320 3606/733/3321 3594/748/3322
f 3610/997/3323 3606/998/3324 3602/999/3325
f 3600/738/3326 3601/739/3327 3589/760/3328
f 3590/741/3329 3603/742/3330 3591/1000/3331
f 3609/745/3332 3598/744/3102 3597/746/3333
f 3606/733/3321 3595/747/3334 3594/748/3322
f 3591/749/3331 3604/750/3335 3592/758/3336
f 3610/753/3337 3599/752/3338 3598/754/3102
f 3607/756/3339 3596/755/3340 3595/757/3334
f 3592/758/3336 3605/734/3341 3593/732/3320
f 3611/759/3342 3600/738/3326 3599/752/3338
f 3589/760/3328 3602/743/3343 3590/741/3329
f 3608/761/3344 3597/746/3333 3596/755/3340
f 3615/767/3345 3619/832/3346 3623/768/3347
f 3639/766/3348 3616/765/3349 3615/767/3348
f 3646/769/3350 3623/768/3351 3622/770/3350
f 3569/771/3352 3628/772/3353 3568/779/3354
f 3576/705/3300 3635/774/3355 3575/782/3356
f 3638/776/3357 3615/767/3348 3614/777/3357
f 3645/778/3358 3622/770/3350 3621/762/3359
f 3568/779/3354 3627/780/3360 3567/786/3361
f 3613/764/3362 3638/776/3357 3614/777/3357
f 3575/782/3356 3634/783/3363 3574/833/3363
f 3620/784/3364 3645/778/3358 3621/762/3359
f 3567/786/3361 3626/787/3365 3566/831/3365
f 3625/788/3366 3648/789/3367 3636/1001/3368
f 3627/791/3369 3638/792/3370 3626/812/3371
f 3646/795/3372 3633/794/3373 3634/796/3374
f 3643/798/3375 3630/797/3376 3631/799/3377
f 3628/800/3378 3639/793/3379 3627/791/3369
f 3635/802/3380 3646/795/3372 3634/796/3374
f 3644/805/3381 3631/804/3377 3632/806/3382
f 3641/808/3383 3628/807/3378 3629/809/3384
f 3636/810/3368 3647/803/3385 3635/802/3380
f 3626/812/3371 3637/790/3386 3625/788/3366
f 3645/813/3387 3632/806/3382 3633/794/3373
f 3642/814/3388 3629/809/3384 3630/797/3376
f 3630/815/3389 3569/771/3352 3570/816/3389
f 3647/818/3390 3624/817/3391 3623/768/3351
f 3640/819/3392 3617/763/3393 3616/765/3349
f 3631/820/3394 3570/816/3389 3571/821/3394
f 3624/817/3391 3637/781/3362 3613/764/3362
f 3617/763/3393 3642/823/3395 3618/827/3396
f 3632/825/3397 3571/821/3394 3572/826/3397
f 3618/827/3396 3643/828/3398 3619/832/3398
f 3633/829/3399 3572/826/3397 3573/830/3400
f 3626/787/3365 3565/707/3301 3566/831/3365
f 3619/832/3398 3644/785/3401 3620/784/3364
f 3574/833/3363 3633/829/3399 3573/830/3400
f 3650/834/3402 3652/835/3403 3651/837/3404
f 3651/837/3404 3654/838/3405 3653/1002/3406
f 3653/839/3406 3656/840/3407 3655/842/3408
f 3655/842/3408 3658/843/3409 3657/844/3410
f 3657/844/3410 3660/845/3411 3659/846/3412
f 3659/846/3412 3662/847/3413 3661/1003/3414
f 3662/849/3413 3663/848/3415 3661/850/3414
f 3664/852/3416 3665/851/3417 3663/848/3415
f 3666/854/3418 3667/853/3419 3665/851/3417
f 3668/856/3420 3669/855/3421 3667/857/3419
f 3670/859/3422 3671/858/3423 3669/855/3421
f 3672/860/3424 3650/834/3402 3671/858/3423
f 3588/861/3425 3649/836/3426 3672/860/3424
f 3649/836/3426 3578/862/3427 3652/835/3403
f 3652/835/3403 3579/864/3428 3654/838/3405
f 3654/841/3405 3580/865/3429 3656/840/3407
f 3656/840/3407 3581/867/3430 3658/843/3409
f 3658/843/3409 3582/868/3431 3660/845/3411
f 3660/845/3411 3583/869/3432 3662/847/3413
f 3583/870/3432 3664/852/3416 3662/849/3413
f 3584/871/3433 3666/854/3418 3664/852/3416
f 3585/873/3434 3668/872/3420 3666/854/3418
f 3586/874/3435 3670/859/3422 3668/856/3420
f 3587/875/3436 3672/860/3424 3670/859/3422
f 3674/876/3437 3676/877/3438 3675/1004/3439
f 3675/879/3439 3678/880/3440 3677/882/3441
f 3677/882/3441 3680/883/3442 3679/884/3443
f 3679/884/3443 3682/885/3444 3681/941/3445
f 3681/886/3445 3684/887/3446 3683/1005/3447
f 3683/889/3447 3686/890/3448 3685/892/3449
f 3685/892/3449 3688/893/3450 3687/894/3451
f 3687/894/3451 3690/895/3452 3689/1006/3453
f 3689/896/3453 3692/897/3454 3691/899/3455
f 3691/899/3455 3694/900/3456 3693/944/3457
f 3693/901/3457 3696/902/3458 3695/904/3459
f 3695/904/3459 3673/878/3460 3674/876/3437
f 3696/902/3458 3650/834/3402 3673/878/3460
f 3673/878/3460 3651/837/3404 3676/877/3438
f 3676/881/3438 3653/905/3406 3678/880/3440
f 3678/907/3440 3655/842/3408 3680/908/3442
f 3680/908/3442 3657/844/3410 3682/888/3444
f 3682/888/3444 3659/846/3412 3684/887/3446
f 3684/891/3446 3661/850/3414 3686/890/3448
f 3686/890/3448 3663/848/3415 3688/893/3450
f 3663/848/3415 3690/895/3452 3688/893/3450
f 3665/851/3417 3692/910/3454 3690/895/3452
f 3667/857/3419 3694/903/3456 3692/911/3454
f 3669/855/3421 3696/902/3458 3694/903/3456
f 3698/912/3461 3700/913/3462 3699/915/3463
f 3699/915/3463 3702/916/3464 3701/917/3465
f 3701/917/3465 3704/918/3466 3703/919/3467
f 3703/919/3467 3706/920/3468 3705/1007/3469
f 3705/921/3469 3708/922/3470 3707/924/3471
f 3707/924/3471 3710/925/3472 3709/926/3473
f 3709/926/3473 3712/927/3474 3711/990/3475
f 3711/928/3475 3714/929/3476 3713/931/3477
f 3713/931/3477 3716/932/3478 3715/1008/3479
f 3715/933/3479 3718/934/3480 3717/936/3481
f 3717/936/3481 3720/937/3482 3719/938/3483
f 3719/938/3483 3697/939/3484 3698/1009/3461
f 3720/937/3482 3674/876/3437 3697/939/3484
f 3697/914/3484 3675/879/3439 3700/913/3462
f 3700/913/3462 3677/882/3441 3702/916/3464
f 3702/916/3464 3679/884/3443 3704/918/3466
f 3704/918/3466 3681/941/3445 3706/920/3468
f 3706/923/3468 3683/889/3447 3708/922/3470
f 3708/922/3470 3685/892/3449 3710/925/3472
f 3710/925/3472 3687/894/3451 3712/927/3474
f 3712/930/3474 3689/896/3453 3714/929/3476
f 3714/929/3476 3691/899/3455 3716/932/3478
f 3716/932/3478 3693/944/3457 3718/1010/3480
f 3693/901/3457 3720/937/3482 3718/934/3480
f 3722/945/3485 3724/946/3486 3723/948/3487
f 3723/948/3487 3726/949/3488 3725/950/3489
f 3725/950/3489 3728/951/3490 3727/1011/3491
f 3727/952/3491 3730/953/3492 3729/955/3493
f 3729/955/3493 3732/956/3494 3731/957/3495
f 3731/957/3495 3734/958/3496 3733/959/3497
f 3733/959/3497 3736/960/3498 3735/1012/3499
f 3735/961/3499 3738/962/3500 3737/964/3501
f 3737/964/3501 3740/965/3502 3739/966/3503
f 3739/966/3503 3742/967/3504 3741/968/3505
f 3741/968/3505 3744/969/3506 3743/996/3507
f 3743/970/3507 3721/947/3508 3722/945/3485
f 3576/972/3509 3722/945/3485 3565/975/3510
f 3744/971/3506 3698/973/3461 3721/947/3508
f 3565/975/3510 3723/948/3487 3566/978/3511
f 3721/947/3508 3699/976/3463 3724/946/3486
f 3723/948/3487 3567/977/3512 3566/978/3511
f 3724/946/3486 3701/979/3465 3726/949/3488
f 3725/950/3489 3568/980/3513 3567/977/3512
f 3726/949/3488 3703/981/3467 3728/951/3490
f 3727/952/3491 3569/982/3514 3568/983/3513
f 3728/954/3490 3705/921/3469 3730/953/3492
f 3729/955/3493 3570/985/3515 3569/982/3514
f 3730/953/3492 3707/924/3471 3732/956/3494
f 3731/957/3495 3571/986/3516 3570/985/3515
f 3732/956/3494 3709/926/3473 3734/958/3496
f 3733/988/3497 3572/987/3517 3571/989/3516
f 3734/958/3496 3711/990/3475 3736/960/3498
f 3572/987/3517 3737/964/3501 3573/992/3518
f 3736/991/3498 3713/931/3477 3738/1013/3500
f 3573/992/3518 3739/966/3503 3574/994/3519
f 3738/962/3500 3715/933/3479 3740/965/3502
f 3574/994/3519 3741/968/3505 3575/995/3520
f 3740/965/3502 3717/936/3481 3742/967/3504
f 3575/995/3520 3743/996/3507 3576/1014/3509
f 3742/967/3504 3719/938/3483 3744/969/3506
f 2316/705/1713 2376/775/1773 2365/706/1714
f 2326/708/1716 2327/729/1717 2339/709/1717
f 2319/711/1719 2320/730/1720 2332/712/1720
f 2323/714/1722 2335/731/1733 2334/715/1723
f 2325/717/1724 2326/708/1716 2338/710/1718
f 2318/719/1726 2319/711/1719 2331/713/1721
f 2317/721/1727 2329/728/1727 2340/722/1728
f 2322/716/1723 2334/715/1723 2333/724/1730
f 2324/726/1731 2325/717/1724 2337/718/1725
f 2318/719/1726 2330/720/1726 2329/728/1727
f 2328/723/1729 2340/722/1728 2339/709/1717
f 2320/730/1720 2321/725/1730 2333/724/1730
f 2324/726/1731 2336/727/1732 2335/731/1733
f 2333/732/1734 2334/748/1750 2346/733/1735
f 2352/737/1739 2341/1015/3521 2342/999/3522
f 2342/999/3522 2343/1016/3523 2344/735/1737
f 2344/735/1737 2345/1017/3524 2346/998/3525
f 2346/998/3525 2347/1018/3526 2348/736/1738
f 2348/736/1738 2349/1019/3527 2350/997/3528
f 2350/997/3528 2351/1020/3529 2352/737/1739
f 2352/737/1739 2342/999/3522 2344/735/1737
f 2344/735/1737 2346/998/3525 2348/736/1738
f 2348/736/1738 2350/997/3528 2352/737/1739
f 2340/738/1740 2329/760/1759 2341/739/1741
f 2330/741/1743 2331/1000/1751 2343/742/1744
f 2338/744/1746 2350/1021/1754 2349/745/1747
f 2335/747/1749 2347/1022/1756 2346/733/1735
f 2331/749/1751 2332/758/1757 2344/750/1752
f 2339/752/1753 2351/759/1758 2350/753/1754
f 2336/755/1755 2348/761/1760 2347/756/1756
f 2332/758/1757 2333/732/1734 2345/734/1736
f 2340/738/1740 2352/740/1742 2351/759/1758
f 2329/760/1759 2330/741/1743 2342/743/1745
f 2337/746/1748 2349/745/1747 2348/761/1760
f 2353/764/1763 2364/817/3530 2363/768/3531
f 2363/768/3531 2362/770/3532 2361/762/1761
f 2361/762/1761 2360/784/3533 2359/832/3534
f 2359/832/3534 2358/827/3535 2357/763/1762
f 2357/763/1762 2356/765/3536 2355/767/3537
f 2355/767/3537 2354/777/3538 2353/764/1763
f 2353/764/1763 2363/768/3531 2361/762/1761
f 2361/762/1761 2359/832/3534 2357/763/1762
f 2357/763/1762 2355/767/3537 2353/764/1763
f 2356/765/1764 2380/819/1814 2379/766/1765
f 2363/768/1767 2387/818/1812 2386/769/1768
f 2309/771/1769 2308/779/1777 2368/772/1770
f 2316/705/1713 2315/782/1780 2375/774/1772
f 2355/767/1766 2379/766/1765 2378/776/1774
f 2362/770/1768 2386/769/1768 2385/778/1775
f 2308/779/1777 2307/786/1784 2367/780/1778
f 2353/764/1779 2354/777/1774 2378/776/1774
f 2315/782/1780 2314/833/1781 2374/783/1781
f 2360/784/1782 2361/762/1776 2385/778/1775
f 2307/786/1784 2306/831/1785 2366/787/1785
f 2365/788/1786 2376/1001/1806 2388/789/1787
f 2367/791/1789 2366/812/1807 2378/792/1790
f 2373/794/1792 2385/813/1808 2386/795/1793
f 2370/797/1795 2382/814/1809 2383/798/1796
f 2368/800/1798 2367/791/1789 2379/793/1791
f 2375/802/1800 2374/796/1794 2386/795/1793
f 2371/804/1797 2383/1023/1796 2384/805/1802
f 2368/807/1798 2380/1024/1799 2381/808/1804
f 2376/810/1806 2375/802/1800 2387/803/1801
f 2366/812/1807 2365/788/1786 2377/790/1788
f 2372/806/1803 2384/805/1802 2385/813/1808
f 2369/809/1805 2381/808/1804 2382/814/1809
f 2309/771/1769 2369/773/1771 2370/815/1810
f 2364/817/1811 2388/822/1816 2387/818/1812
f 2357/763/1813 2381/824/1813 2380/819/1814
f 2310/816/1810 2370/815/1810 2371/820/1815
f 2364/817/1811 2353/764/1779 2377/781/1779
f 2357/763/1813 2358/827/1819 2382/823/1817
f 2311/821/1815 2371/820/1815 2372/825/1818
f 2358/827/1819 2359/832/1820 2383/828/1820
f 2312/826/1818 2372/825/1818 2373/829/1821
f 2305/707/1715 2365/706/1714 2366/787/1785
f 2359/832/1820 2360/784/1782 2384/785/1783
f 2314/833/1781 2313/830/1822 2373/829/1821
f 2390/834/1823 2391/837/1826 2392/835/1824
f 2391/837/1826 2393/1002/1828 2394/838/1827
f 2393/839/1828 2395/842/1830 2396/840/1829
f 2395/842/1830 2397/844/1832 2398/843/1831
f 2397/844/1832 2399/846/1834 2400/845/1833
f 2399/846/1834 2401/1003/1837 2402/847/1835
f 2403/848/1836 2404/852/1839 2402/849/1835
f 2405/851/1838 2406/854/1841 2404/852/1839
f 2407/853/1840 2408/872/1843 2406/854/1841
f 2409/855/1842 2410/859/1845 2408/856/1843
f 2411/858/1844 2412/860/1846 2410/859/1845
f 2390/834/1823 2389/836/1825 2412/860/1846
f 2389/836/1825 2317/863/1849 2328/861/1847
f 2389/836/1825 2392/835/1824 2318/862/1848
f 2392/835/1824 2394/838/1827 2319/864/1850
f 2394/841/1827 2396/840/1829 2320/865/1851
f 2396/840/1829 2398/843/1831 2321/867/1852
f 2398/843/1831 2400/845/1833 2322/868/1853
f 2400/845/1833 2402/847/1835 2323/869/1854
f 2404/852/1839 2324/871/1855 2323/870/1854
f 2406/854/1841 2325/873/1856 2324/871/1855
f 2408/872/1843 2326/1025/1857 2325/873/1856
f 2410/859/1845 2327/875/1858 2326/874/1857
f 2412/860/1846 2328/861/1847 2327/875/1858
f 2414/876/1859 2415/1004/1862 2416/877/1860
f 2415/879/1862 2417/882/1864 2418/880/1863
f 2417/882/1864 2419/884/1866 2420/883/1865
f 2419/884/1866 2421/941/1868 2422/885/1867
f 2421/886/1868 2423/1005/1870 2424/887/1869
f 2423/889/1870 2425/892/1872 2426/890/1871
f 2425/892/1872 2427/894/1874 2428/893/1873
f 2427/894/1874 2429/1006/1876 2430/895/1875
f 2429/896/1876 2431/899/1878 2432/897/1877
f 2431/899/1878 2433/944/1880 2434/900/1879
f 2433/901/1880 2435/904/1882 2436/902/1881
f 2435/904/1882 2414/876/1859 2413/878/1861
f 2436/902/1881 2413/878/1861 2390/834/1823
f 2413/878/1861 2416/877/1860 2391/837/1826
f 2416/881/1860 2418/880/1863 2393/905/1828
f 2418/907/1863 2420/908/1865 2395/842/1830
f 2420/908/1865 2422/888/1867 2397/844/1832
f 2422/888/1867 2424/887/1869 2399/846/1834
f 2424/891/1869 2426/890/1871 2401/850/1837
f 2426/890/1871 2428/893/1873 2403/848/1836
f 2430/895/1875 2405/851/1838 2403/848/1836
f 2432/910/1877 2407/853/1840 2405/851/1838
f 2434/903/1879 2409/855/1842 2407/857/1840
f 2436/902/1881 2411/858/1844 2409/855/1842
f 2438/912/1883 2439/915/1886 2440/913/1884
f 2439/915/1886 2441/917/1888 2442/916/1887
f 2441/917/1888 2443/919/1890 2444/918/1889
f 2443/919/1890 2445/1007/1892 2446/920/1891
f 2445/921/1892 2447/924/1894 2448/922/1893
f 2447/924/1894 2449/926/1896 2450/925/1895
f 2449/926/1896 2451/990/1898 2452/927/1897
f 2451/928/1898 2453/931/1900 2454/929/1899
f 2453/931/1900 2455/1008/1902 2456/932/1901
f 2455/933/1902 2457/936/1904 2458/934/1903
f 2457/936/1904 2459/938/1906 2460/937/1905
f 2459/938/1906 2438/1009/1883 2437/939/1885
f 2460/937/1905 2437/939/1885 2414/876/1859
f 2437/914/1885 2440/913/1884 2415/879/1862
f 2440/913/1884 2442/916/1887 2417/882/1864
f 2442/916/1887 2444/918/1889 2419/884/1866
f 2444/918/1889 2446/920/1891 2421/941/1868
f 2446/923/1891 2448/922/1893 2423/889/1870
f 2448/922/1893 2450/925/1895 2425/892/1872
f 2450/925/1895 2452/927/1897 2427/894/1874
f 2452/930/1897 2454/929/1899 2429/896/1876
f 2454/929/1899 2456/932/1901 2431/899/1878
f 2456/932/1901 2458/1010/1903 2433/944/1880
f 2460/937/1905 2435/904/1882 2433/901/1880
f 2462/945/1907 2463/948/1910 2464/946/1908
f 2463/948/1910 2465/950/1912 2466/949/1911
f 2465/950/1912 2467/1011/1914 2468/951/1913
f 2467/952/1914 2469/955/1916 2470/953/1915
f 2469/955/1916 2471/957/1918 2472/956/1917
f 2471/957/1918 2473/959/1920 2474/958/1919
f 2473/959/1920 2475/1012/1922 2476/960/1921
f 2475/961/1922 2477/964/1924 2478/962/1923
f 2477/964/1924 2479/966/1926 2480/965/1925
f 2479/966/1926 2481/968/1928 2482/967/1927
f 2481/968/1928 2483/996/1930 2484/969/1929
f 2483/970/1930 2462/945/1907 2461/947/1909
f 2316/972/1931 2305/975/1932 2462/945/1907
f 2484/971/1929 2461/947/1909 2438/973/1883
f 2305/975/1932 2306/978/1934 2463/948/1910
f 2461/947/1909 2464/946/1908 2439/976/1886
f 2307/977/1933 2465/950/1912 2463/948/1910
f 2464/946/1908 2466/949/1911 2441/979/1888
f 2308/980/1935 2467/1011/1914 2465/950/1912
f 2466/949/1911 2468/951/1913 2443/981/1890
f 2309/982/1936 2469/955/1916 2467/952/1914
f 2468/954/1913 2470/953/1915 2445/921/1892
f 2310/985/1937 2471/957/1918 2469/955/1916
f 2470/953/1915 2472/956/1917 2447/924/1894
f 2311/986/1938 2473/959/1920 2471/957/1918
f 2472/956/1917 2474/958/1919 2449/926/1896
f 2312/987/1939 2475/961/1922 2473/988/1920
f 2474/958/1919 2476/960/1921 2451/990/1898
f 2312/987/1939 2313/992/1940 2477/964/1924
f 2476/991/1921 2478/1013/1923 2453/931/1900
f 2313/992/1940 2314/994/1941 2479/966/1926
f 2478/962/1923 2480/965/1925 2455/933/1902
f 2314/994/1941 2315/995/1942 2481/968/1928
f 2480/965/1925 2482/967/1927 2457/936/1904
f 2315/995/1942 2316/1014/1931 2483/996/1930
f 2482/967/1927 2484/969/1929 2459/938/1906
f 2545/706/1943 2556/775/3539 2496/705/1944
f 2506/708/1946 2518/710/1953 2519/709/1947
f 2499/711/1948 2511/713/1955 2512/712/1949
f 2514/715/1950 2515/731/1963 2503/714/1951
f 2505/717/1952 2517/718/1961 2518/710/1953
f 2498/719/1954 2510/720/1954 2511/713/1955
f 2520/722/1956 2509/728/1962 2497/721/1957
f 2513/724/1959 2514/715/1950 2502/716/1950
f 2504/726/1960 2516/727/3540 2517/718/1961
f 2509/728/1962 2510/720/1954 2498/719/1954
f 2519/709/1947 2520/722/1956 2508/723/1958
f 2500/730/1949 2512/712/1949 2513/724/1959
f 2515/731/1963 2516/727/3540 2504/726/1960
f 2513/732/1964 2525/734/1985 2526/733/1965
f 2522/999/1969 2521/1015/3541 2532/737/3542
f 2532/737/3542 2531/1020/3543 2530/997/1967
f 2530/997/1967 2529/1019/3544 2528/736/3545
f 2528/736/3545 2527/1018/3545 2526/998/1968
f 2526/998/1968 2525/1017/3546 2524/735/3547
f 2524/735/3547 2523/1016/3548 2522/999/1969
f 2522/999/1969 2532/737/3542 2530/997/1967
f 2530/997/1967 2528/736/3545 2526/998/1968
f 2526/998/1968 2524/735/3547 2522/999/1969
f 2520/738/1970 2532/740/3549 2521/739/1971
f 2510/741/1973 2522/743/1987 2523/742/1974
f 2529/745/1976 2530/1021/1981 2518/744/1746
f 2526/733/1965 2527/1022/1983 2515/747/1978
f 2511/749/1975 2523/751/1974 2524/750/1979
f 2530/753/1981 2531/759/1986 2519/752/1982
f 2527/756/1983 2528/761/1988 2516/755/1984
f 2512/758/1980 2524/750/1979 2525/734/1985
f 2531/759/1986 2532/740/3549 2520/738/1970
f 2509/760/1972 2521/739/1971 2522/743/1987
f 2528/761/1988 2529/745/1976 2517/746/1977
f 2543/768/1991 2544/817/3550 2533/764/3551
f 2533/764/3551 2534/777/3552 2535/767/1989
f 2535/767/1989 2536/765/3553 2537/763/3554
f 2537/763/3554 2538/827/3554 2539/832/1990
f 2539/832/1990 2540/784/3555 2541/762/3556
f 2541/762/3556 2542/770/3557 2543/768/1991
f 2543/768/1991 2533/764/3551 2535/767/1989
f 2535/767/1989 2537/763/3554 2539/832/1990
f 2539/832/1990 2541/762/3556 2543/768/1991
f 2559/766/1992 2560/819/2036 2536/765/1993
f 2566/769/1994 2567/818/2034 2543/768/1995
f 2489/771/1996 2549/773/3558 2548/772/1997
f 2496/705/1944 2556/775/3539 2555/774/1999
f 2558/776/2001 2559/766/1992 2535/767/1992
f 2565/778/2002 2566/769/1994 2542/770/1994
f 2488/779/1998 2548/772/1997 2547/780/2004
f 2533/764/2006 2557/781/2006 2558/776/2001
f 2495/782/2000 2555/774/1999 2554/783/2007
f 2540/784/2008 2564/785/2045 2565/778/2002
f 2487/786/2005 2547/780/2004 2546/787/2009
f 2545/788/2010 2557/790/2030 2568/789/2011
f 2547/791/2013 2559/793/2023 2558/792/2014
f 2566/795/2016 2565/813/2031 2553/794/2017
f 2563/798/2019 2562/814/2032 2550/797/2020
f 2548/800/2022 2560/801/3559 2559/793/2023
f 2555/802/2024 2567/803/2029 2566/795/2016
f 2564/805/2025 2563/1023/2019 2551/804/2021
f 2561/808/2027 2560/1024/3559 2548/807/2022
f 2556/810/2012 2568/811/2011 2567/803/2029
f 2546/812/2015 2558/792/2014 2557/790/2030
f 2565/813/2031 2564/805/2025 2552/806/2026
f 2562/814/2032 2561/808/2027 2549/809/2028
f 2550/815/2033 2549/773/3558 2489/771/1996
f 2567/818/2034 2568/822/3560 2544/817/2035
f 2560/819/2036 2561/824/2037 2537/763/2037
f 2551/820/2038 2550/815/2033 2490/816/2033
f 2544/817/2035 2568/822/3560 2557/781/2006
f 2537/763/2037 2561/824/2037 2562/823/2039
f 2552/825/2041 2551/820/2038 2491/821/2038
f 2538/827/2040 2562/823/2039 2563/828/2042
f 2553/829/2043 2552/825/2041 2492/826/2041
f 2546/787/2009 2545/706/1943 2485/707/1945
f 2539/832/2042 2563/828/2042 2564/785/2045
f 2494/833/2007 2554/783/2007 2553/829/2043
f 2570/834/2046 2569/836/2070 2572/835/2047
f 2571/837/2048 2572/835/2047 2574/838/2049
f 2573/839/2050 2574/841/2049 2576/840/2051
f 2575/842/2052 2576/840/2051 2578/843/2053
f 2577/844/2054 2578/843/2053 2580/845/2055
f 2579/846/2056 2580/845/2055 2582/847/2057
f 2582/849/2057 2584/852/2060 2583/848/2059
f 2584/852/2060 2586/854/2062 2585/851/2061
f 2586/854/2062 2588/872/2064 2587/853/2063
f 2588/856/2064 2590/859/2066 2589/855/2065
f 2590/859/2066 2592/860/2068 2591/858/2067
f 2592/860/2068 2569/836/2070 2570/834/2046
f 2508/861/2069 2497/863/3561 2569/836/2070
f 2569/836/2070 2497/863/3561 2498/862/2071
f 2572/835/2047 2498/862/2071 2499/864/2072
f 2574/841/2049 2499/866/2072 2500/865/2073
f 2576/840/2051 2500/865/2073 2501/867/2074
f 2578/843/2053 2501/867/2074 2502/868/2075
f 2580/845/2055 2502/868/2075 2503/869/2076
f 2503/870/2076 2504/871/2077 2584/852/2060
f 2504/871/2077 2505/873/2078 2586/854/2062
f 2505/873/2078 2506/1025/2079 2588/872/2064
f 2506/874/2079 2507/875/2080 2590/859/2066
f 2507/875/2080 2508/861/2069 2592/860/2068
f 2594/876/2081 2593/878/2104 2596/877/2082
f 2595/879/2083 2596/881/2082 2598/880/2084
f 2597/882/2085 2598/880/2084 2600/883/2086
f 2599/884/2087 2600/883/2086 2602/885/2088
f 2601/886/2089 2602/888/2088 2604/887/2090
f 2603/889/2091 2604/891/2090 2606/890/2092
f 2605/892/2093 2606/890/2092 2608/893/2094
f 2607/894/2095 2608/893/2094 2610/895/2096
f 2609/896/2097 2610/898/2096 2612/897/2098
f 2611/899/2099 2612/897/2098 2614/900/2100
f 2613/901/2101 2614/903/2100 2616/902/2102
f 2615/904/2103 2616/902/2102 2593/878/2104
f 2616/902/2102 2591/858/2067 2570/834/2046
f 2593/878/2104 2570/834/2046 2571/837/2048
f 2596/881/2082 2571/906/2048 2573/905/2050
f 2598/907/2084 2573/839/2050 2575/842/2052
f 2600/908/2086 2575/842/2052 2577/844/2054
f 2602/888/2088 2577/844/2054 2579/846/2056
f 2604/891/2090 2579/909/2056 2581/850/2058
f 2606/890/2092 2581/850/2058 2583/848/2059
f 2583/848/2059 2585/851/2061 2610/895/2096
f 2585/851/2061 2587/853/2063 2612/910/2098
f 2587/857/2063 2589/855/2065 2614/903/2100
f 2589/855/2065 2591/858/2067 2616/902/2102
f 2618/912/2105 2617/914/2128 2620/913/2106
f 2619/915/2107 2620/913/2106 2622/916/2108
f 2621/917/2109 2622/916/2108 2624/918/2110
f 2623/919/2111 2624/918/2110 2626/920/2112
f 2625/921/2113 2626/923/2112 2628/922/2114
f 2627/924/2115 2628/922/2114 2630/925/2116
f 2629/926/2117 2630/925/2116 2632/927/2118
f 2631/928/2119 2632/930/2118 2634/929/2120
f 2633/931/2121 2634/929/2120 2636/932/2122
f 2635/933/2123 2636/935/2122 2638/934/2124
f 2637/936/2125 2638/934/2124 2640/937/2126
f 2639/938/2127 2640/937/2126 2617/939/2128
f 2640/937/2126 2615/904/2103 2594/876/2081
f 2617/914/2128 2594/940/2081 2595/879/2083
f 2620/913/2106 2595/879/2083 2597/882/2085
f 2622/916/2108 2597/882/2085 2599/884/2087
f 2624/918/2110 2599/884/2087 2601/941/2089
f 2626/923/2112 2601/942/2089 2603/889/2091
f 2628/922/2114 2603/889/2091 2605/892/2093
f 2630/925/2116 2605/892/2093 2607/894/2095
f 2632/930/2118 2607/943/2095 2609/896/2097
f 2634/929/2120 2609/896/2097 2611/899/2099
f 2636/932/2122 2611/899/2099 2613/944/2101
f 2613/901/2101 2615/904/2103 2640/937/2126
f 2642/945/2129 2641/947/2152 2644/946/2130
f 2643/948/2131 2644/946/2130 2646/949/2132
f 2645/950/2133 2646/949/2132 2648/951/2134
f 2647/952/2135 2648/954/2134 2650/953/2136
f 2649/955/2137 2650/953/2136 2652/956/2138
f 2651/957/2139 2652/956/2138 2654/958/2140
f 2653/959/2141 2654/958/2140 2656/960/2142
f 2655/961/2143 2656/963/2142 2658/962/2144
f 2657/964/2145 2658/962/2144 2660/965/2146
f 2659/966/2147 2660/965/2146 2662/967/2148
f 2661/968/2149 2662/967/2148 2664/969/2150
f 2663/970/2151 2664/971/2150 2641/947/2152
f 2496/972/2153 2663/970/2151 2642/945/2129
f 2664/971/2150 2639/974/2127 2618/973/2105
f 2485/975/2154 2642/945/2129 2643/948/2131
f 2641/947/2152 2618/973/2105 2619/976/2107
f 2643/948/2131 2645/950/2133 2487/977/2156
f 2644/946/2130 2619/976/2107 2621/979/2109
f 2645/950/2133 2647/1011/2135 2488/980/2157
f 2646/949/2132 2621/979/2109 2623/981/2111
f 2647/952/2135 2649/955/2137 2489/982/2158
f 2648/954/2134 2623/984/2111 2625/921/2113
f 2649/955/2137 2651/957/2139 2490/985/2159
f 2650/953/2136 2625/921/2113 2627/924/2115
f 2651/957/2139 2653/959/2141 2491/986/2160
f 2652/956/2138 2627/924/2115 2629/926/2117
f 2653/988/2141 2655/961/2143 2492/987/2161
f 2654/958/2140 2629/926/2117 2631/990/2119
f 2492/987/2161 2655/961/2143 2657/964/2145
f 2656/991/2142 2631/928/2119 2633/931/2121
f 2493/992/2162 2657/964/2145 2659/966/2147
f 2658/962/2144 2633/993/2121 2635/933/2123
f 2494/994/2163 2659/966/2147 2661/968/2149
f 2660/965/2146 2635/933/2123 2637/936/2125
f 2495/995/2164 2661/968/2149 2663/996/2151
f 2662/967/2148 2637/936/2125 2639/938/2127
f 2725/706/2165 2736/775/3562 2676/705/2166
f 2686/708/2168 2698/710/2175 2699/709/2169
f 2679/711/2170 2691/713/2177 2692/712/2171
f 2694/715/2172 2695/731/2185 2683/714/2173
f 2685/717/2174 2697/718/2183 2698/710/2175
f 2678/719/2176 2690/720/2176 2691/713/2177
f 2700/722/2178 2689/728/2184 2677/721/2179
f 2693/724/2181 2694/715/2172 2682/716/2172
f 2684/726/2182 2696/727/3563 2697/718/2183
f 2689/728/2184 2690/720/2176 2678/719/2176
f 2699/709/2169 2700/722/2178 2688/723/2180
f 2680/730/2171 2692/712/2171 2693/724/2181
f 2695/731/2185 2696/727/3563 2684/726/2182
f 2693/732/2186 2705/734/2208 2706/733/2187
f 2702/999/2191 2701/1015/3564 2712/737/3565
f 2712/737/3565 2711/1020/3566 2710/997/2189
f 2710/997/2189 2709/1019/3567 2708/736/3568
f 2708/736/3568 2707/1018/3568 2706/998/2190
f 2706/998/2190 2705/1017/3569 2704/735/3570
f 2704/735/3570 2703/1016/3571 2702/999/2191
f 2702/999/2191 2712/737/3565 2710/997/2189
f 2710/997/2189 2708/736/3568 2706/998/2190
f 2706/998/2190 2704/735/3570 2702/999/2191
f 2700/738/2192 2712/740/3572 2701/739/2193
f 2690/741/2195 2702/743/2210 2703/742/2196
f 2709/745/2198 2710/1021/2204 2698/744/2199
f 2706/733/2187 2707/1022/2206 2695/747/2201
f 2691/749/2197 2703/751/2196 2704/750/2202
f 2710/753/2204 2711/759/2209 2699/752/2205
f 2707/756/2206 2708/761/2211 2696/755/2207
f 2692/758/2203 2704/750/2202 2705/734/2208
f 2711/759/2209 2712/740/3572 2700/738/2192
f 2689/760/2194 2701/739/2193 2702/743/2210
f 2708/761/2211 2709/745/2198 2697/746/2200
f 2723/768/2214 2724/817/3573 2713/764/3574
f 2713/764/3574 2714/777/3575 2715/767/2212
f 2715/767/2212 2716/765/3576 2717/763/3577
f 2717/763/3577 2718/827/3577 2719/832/2213
f 2719/832/2213 2720/784/3578 2721/762/3579
f 2721/762/3579 2722/770/3580 2723/768/2214
f 2723/768/2214 2713/764/3574 2715/767/2212
f 2715/767/2212 2717/763/3577 2719/832/2213
f 2719/832/2213 2721/762/3579 2723/768/2214
f 2739/766/2215 2740/819/2259 2716/765/2216
f 2746/769/2217 2747/818/2257 2723/768/2218
f 2669/771/2219 2729/773/3581 2728/772/2220
f 2676/705/2166 2736/775/3562 2735/774/2222
f 2738/776/2224 2739/766/2215 2715/767/2215
f 2745/778/2225 2746/769/2217 2722/770/2217
f 2668/779/2221 2728/772/2220 2727/780/2227
f 2713/764/2229 2737/781/2229 2738/776/2224
f 2675/782/2223 2735/774/2222 2734/783/2230
f 2720/784/2231 2744/785/2268 2745/778/2225
f 2667/786/2228 2727/780/2227 2726/787/2232
f 2725/788/2233 2737/790/2253 2748/789/2234
f 2727/791/2236 2739/793/2246 2738/792/2237
f 2746/795/2239 2745/813/2254 2733/794/2240
f 2743/798/2242 2742/814/2255 2730/797/2243
f 2728/800/2245 2740/801/3582 2739/793/2246
f 2735/802/2247 2747/803/2252 2746/795/2239
f 2744/805/2248 2743/1023/2242 2731/804/2244
f 2741/808/2250 2740/1024/3582 2728/807/2245
f 2736/810/2235 2748/811/2234 2747/803/2252
f 2726/812/2238 2738/792/2237 2737/790/2253
f 2745/813/2254 2744/805/2248 2732/806/2249
f 2742/814/2255 2741/808/2250 2729/809/2251
f 2730/815/2256 2729/773/3581 2669/771/2219
f 2747/818/2257 2748/822/3583 2724/817/2258
f 2740/819/2259 2741/824/2260 2717/763/2260
f 2731/820/2261 2730/815/2256 2670/816/2256
f 2724/817/2258 2748/822/3583 2737/781/2229
f 2717/763/2260 2741/824/2260 2742/823/2262
f 2732/825/2264 2731/820/2261 2671/821/2261
f 2718/827/2263 2742/823/2262 2743/828/2265
f 2733/829/2266 2732/825/2264 2672/826/2264
f 2726/787/2232 2725/706/2165 2665/707/2167
f 2719/832/2265 2743/828/2265 2744/785/2268
f 2674/833/2230 2734/783/2230 2733/829/2266
f 2750/834/2269 2749/836/2293 2752/835/2270
f 2751/837/2271 2752/835/2270 2754/838/2272
f 2753/839/2273 2754/841/2272 2756/840/2274
f 2755/842/2275 2756/840/2274 2758/843/2276
f 2757/844/2277 2758/843/2276 2760/845/2278
f 2759/846/2279 2760/845/2278 2762/847/2280
f 2762/849/2280 2764/852/2283 2763/848/2282
f 2764/852/2283 2766/854/2285 2765/851/2284
f 2766/854/2285 2768/872/2287 2767/853/2286
f 2768/856/2287 2770/859/2289 2769/855/2288
f 2770/859/2289 2772/860/2291 2771/858/2290
f 2772/860/2291 2749/836/2293 2750/834/2269
f 2688/861/2292 2677/863/3584 2749/836/2293
f 2749/836/2293 2677/863/3584 2678/862/2294
f 2752/835/2270 2678/862/2294 2679/864/2295
f 2754/841/2272 2679/866/2295 2680/865/2296
f 2756/840/2274 2680/865/2296 2681/867/2297
f 2758/843/2276 2681/867/2297 2682/868/2298
f 2760/845/2278 2682/868/2298 2683/869/2299
f 2683/870/2299 2684/871/2300 2764/852/2283
f 2684/871/2300 2685/873/2301 2766/854/2285
f 2685/873/2301 2686/1025/2302 2768/872/2287
f 2686/874/2302 2687/875/2303 2770/859/2289
f 2687/875/2303 2688/861/2292 2772/860/2291
f 2774/876/2304 2773/878/2327 2776/877/2305
f 2775/879/2306 2776/881/2305 2778/880/2307
f 2777/882/2308 2778/880/2307 2780/883/2309
f 2779/884/2310 2780/883/2309 2782/885/2311
f 2781/886/2312 2782/888/2311 2784/887/2313
f 2783/889/2314 2784/891/2313 2786/890/2315
f 2785/892/2316 2786/890/2315 2788/893/2317
f 2787/894/2318 2788/893/2317 2790/895/2319
f 2789/896/2320 2790/898/2319 2792/897/2321
f 2791/899/2322 2792/897/2321 2794/900/2323
f 2793/901/2324 2794/903/2323 2796/902/2325
f 2795/904/2326 2796/902/2325 2773/878/2327
f 2796/902/2325 2771/858/2290 2750/834/2269
f 2773/878/2327 2750/834/2269 2751/837/2271
f 2776/881/2305 2751/906/2271 2753/905/2273
f 2778/907/2307 2753/839/2273 2755/842/2275
f 2780/908/2309 2755/842/2275 2757/844/2277
f 2782/888/2311 2757/844/2277 2759/846/2279
f 2784/891/2313 2759/909/2279 2761/850/2281
f 2786/890/2315 2761/850/2281 2763/848/2282
f 2763/848/2282 2765/851/2284 2790/895/2319
f 2765/851/2284 2767/853/2286 2792/910/2321
f 2767/857/2286 2769/855/2288 2794/903/2323
f 2769/855/2288 2771/858/2290 2796/902/2325
f 2798/912/2328 2797/914/2351 2800/913/2329
f 2799/915/2330 2800/913/2329 2802/916/2331
f 2801/917/2332 2802/916/2331 2804/918/2333
f 2803/919/2334 2804/918/2333 2806/920/2335
f 2805/921/2336 2806/923/2335 2808/922/2337
f 2807/924/2338 2808/922/2337 2810/925/2339
f 2809/926/2340 2810/925/2339 2812/927/2341
f 2811/928/2342 2812/930/2341 2814/929/2343
f 2813/931/2344 2814/929/2343 2816/932/2345
f 2815/933/2346 2816/935/2345 2818/934/2347
f 2817/936/2348 2818/934/2347 2820/937/2349
f 2819/938/2350 2820/937/2349 2797/939/2351
f 2820/937/2349 2795/904/2326 2774/876/2304
f 2797/914/2351 2774/940/2304 2775/879/2306
f 2800/913/2329 2775/879/2306 2777/882/2308
f 2802/916/2331 2777/882/2308 2779/884/2310
f 2804/918/2333 2779/884/2310 2781/941/2312
f 2806/923/2335 2781/942/2312 2783/889/2314
f 2808/922/2337 2783/889/2314 2785/892/2316
f 2810/925/2339 2785/892/2316 2787/894/2318
f 2812/930/2341 2787/943/2318 2789/896/2320
f 2814/929/2343 2789/896/2320 2791/899/2322
f 2816/932/2345 2791/899/2322 2793/944/2324
f 2793/901/2324 2795/904/2326 2820/937/2349
f 2822/945/2352 2821/947/2375 2824/946/2353
f 2823/948/2354 2824/946/2353 2826/949/2355
f 2825/950/2356 2826/949/2355 2828/951/2357
f 2827/952/2358 2828/954/2357 2830/953/2359
f 2829/955/2360 2830/953/2359 2832/956/2361
f 2831/957/2362 2832/956/2361 2834/958/2363
f 2833/959/2364 2834/958/2363 2836/960/2365
f 2835/961/2366 2836/963/2365 2838/962/2367
f 2837/964/2368 2838/962/2367 2840/965/2369
f 2839/966/2370 2840/965/2369 2842/967/2371
f 2841/968/2372 2842/967/2371 2844/969/2373
f 2843/970/2374 2844/971/2373 2821/947/2375
f 2676/972/2376 2843/970/2374 2822/945/2352
f 2844/971/2373 2819/974/2350 2798/973/2328
f 2665/975/2377 2822/945/2352 2823/948/2354
f 2821/947/2375 2798/973/2328 2799/976/2330
f 2823/948/2354 2825/950/2356 2667/977/2379
f 2824/946/2353 2799/976/2330 2801/979/2332
f 2825/950/2356 2827/1011/2358 2668/980/2380
f 2826/949/2355 2801/979/2332 2803/981/2334
f 2827/952/2358 2829/955/2360 2669/982/2381
f 2828/954/2357 2803/984/2334 2805/921/2336
f 2829/955/2360 2831/957/2362 2670/985/2382
f 2830/953/2359 2805/921/2336 2807/924/2338
f 2831/957/2362 2833/959/2364 2671/986/2383
f 2832/956/2361 2807/924/2338 2809/926/2340
f 2833/988/2364 2835/961/2366 2672/987/2384
f 2834/958/2363 2809/926/2340 2811/990/2342
f 2672/987/2384 2835/961/2366 2837/964/2368
f 2836/991/2365 2811/928/2342 2813/931/2344
f 2673/992/2385 2837/964/2368 2839/966/2370
f 2838/962/2367 2813/993/2344 2815/933/2346
f 2674/994/2386 2839/966/2370 2841/968/2372
f 2840/965/2369 2815/933/2346 2817/936/2348
f 2675/995/2387 2841/968/2372 2843/996/2374
f 2842/967/2371 2817/936/2348 2819/938/2350
f 2856/705/2388 2916/775/2447 2905/706/2389
f 2866/708/2391 2867/729/2392 2879/709/2392
f 2859/711/2394 2860/730/2395 2872/712/2395
f 2863/714/2397 2875/731/2408 2874/715/2398
f 2865/717/2399 2866/708/2391 2878/710/2393
f 2858/719/2401 2859/711/2394 2871/713/2396
f 2857/721/2402 2869/728/2402 2880/722/2403
f 2862/716/2398 2874/715/2398 2873/724/2405
f 2864/726/2406 2865/717/2399 2877/718/2400
f 2858/719/2401 2870/720/2401 2869/728/2402
f 2868/723/2404 2880/722/2403 2879/709/2392
f 2860/730/2395 2861/725/2405 2873/724/2405
f 2864/726/2406 2876/727/2407 2875/731/2408
f 2873/732/2409 2874/748/2424 2886/733/2410
f 2892/737/2414 2881/1015/3585 2882/999/3586
f 2882/999/3586 2883/1016/3587 2884/735/2412
f 2884/735/2412 2885/1017/3588 2886/998/3589
f 2886/998/3589 2887/1018/3590 2888/736/2413
f 2888/736/2413 2889/1019/3591 2890/997/3592
f 2890/997/3592 2891/1020/3593 2892/737/2414
f 2892/737/2414 2882/999/3586 2884/735/2412
f 2884/735/2412 2886/998/3589 2888/736/2413
f 2888/736/2413 2890/997/3592 2892/737/2414
f 2880/738/2415 2869/760/2433 2881/739/2416
f 2870/741/2418 2871/1000/2425 2883/742/2419
f 2878/744/2199 2890/1021/2428 2889/745/2421
f 2875/747/2423 2887/1022/2430 2886/733/2410
f 2871/749/2425 2872/758/2431 2884/750/2426
f 2879/752/2427 2891/759/2432 2890/753/2428
f 2876/755/2429 2888/761/2434 2887/756/2430
f 2872/758/2431 2873/732/2409 2885/734/2411
f 2880/738/2415 2892/740/2417 2891/759/2432
f 2869/760/2433 2870/741/2418 2882/743/2420
f 2877/746/2422 2889/745/2421 2888/761/2434
f 2893/764/2437 2904/817/3594 2903/768/3595
f 2903/768/3595 2902/770/3596 2901/762/2435
f 2901/762/2435 2900/784/3597 2899/832/3598
f 2899/832/3598 2898/827/3599 2897/763/2436
f 2897/763/2436 2896/765/3600 2895/767/3601
f 2895/767/3601 2894/777/3602 2893/764/2437
f 2893/764/2437 2903/768/3595 2901/762/2435
f 2901/762/2435 2899/832/3598 2897/763/2436
f 2897/763/2436 2895/767/3601 2893/764/2437
f 2896/765/2438 2920/819/2488 2919/766/2439
f 2903/768/2441 2927/818/2486 2926/769/2442
f 2849/771/2443 2848/779/2451 2908/772/2444
f 2856/705/2388 2855/782/2454 2915/774/2446
f 2895/767/2440 2919/766/2439 2918/776/2448
f 2902/770/2442 2926/769/2442 2925/778/2449
f 2848/779/2451 2847/786/2458 2907/780/2452
f 2893/764/2453 2894/777/2448 2918/776/2448
f 2855/782/2454 2854/833/2455 2914/783/2455
f 2900/784/2456 2901/762/2450 2925/778/2449
f 2847/786/2458 2846/831/2459 2906/787/2459
f 2905/788/2460 2916/1001/2480 2928/789/2461
f 2907/791/2463 2906/812/2481 2918/792/2464
f 2913/794/2466 2925/813/2482 2926/795/2467
f 2910/797/2469 2922/814/2483 2923/798/2470
f 2908/800/2472 2907/791/2463 2919/793/2465
f 2915/802/2474 2914/796/2468 2926/795/2467
f 2911/804/2471 2923/1023/2470 2924/805/2476
f 2908/807/2472 2920/1024/2473 2921/808/2478
f 2916/810/2480 2915/802/2474 2927/803/2475
f 2906/812/2481 2905/788/2460 2917/790/2462
f 2912/806/2477 2924/805/2476 2925/813/2482
f 2909/809/2479 2921/808/2478 2922/814/2483
f 2849/771/2443 2909/773/2445 2910/815/2484
f 2904/817/2485 2928/822/2490 2927/818/2486
f 2897/763/2487 2921/824/2487 2920/819/2488
f 2850/816/2484 2910/815/2484 2911/820/2489
f 2904/817/2485 2893/764/2453 2917/781/2453
f 2897/763/2487 2898/827/2493 2922/823/2491
f 2851/821/2489 2911/820/2489 2912/825/2492
f 2898/827/2493 2899/832/2494 2923/828/2494
f 2852/826/2492 2912/825/2492 2913/829/2495
f 2845/707/2390 2905/706/2389 2906/787/2459
f 2899/832/2494 2900/784/2456 2924/785/2457
f 2854/833/2455 2853/830/2496 2913/829/2495
f 2930/834/2497 2931/837/2500 2932/835/2498
f 2931/837/2500 2933/1002/2502 2934/838/2501
f 2933/839/2502 2935/842/2504 2936/840/2503
f 2935/842/2504 2937/844/2506 2938/843/2505
f 2937/844/2506 2939/846/2508 2940/845/2507
f 2939/846/2508 2941/1003/2511 2942/847/2509
f 2943/848/2510 2944/852/2513 2942/849/2509
f 2945/851/2512 2946/854/2515 2944/852/2513
f 2947/853/2514 2948/872/2517 2946/854/2515
f 2949/855/2516 2950/859/2519 2948/856/2517
f 2951/858/2518 2952/860/2520 2950/859/2519
f 2930/834/2497 2929/836/2499 2952/860/2520
f 2929/836/2499 2857/863/2523 2868/861/2521
f 2929/836/2499 2932/835/2498 2858/862/2522
f 2932/835/2498 2934/838/2501 2859/864/2524
f 2934/841/2501 2936/840/2503 2860/865/2525
f 2936/840/2503 2938/843/2505 2861/867/2526
f 2938/843/2505 2940/845/2507 2862/868/2527
f 2940/845/2507 2942/847/2509 2863/869/2528
f 2944/852/2513 2864/871/2529 2863/870/2528
f 2946/854/2515 2865/873/2530 2864/871/2529
f 2948/872/2517 2866/1025/2531 2865/873/2530
f 2950/859/2519 2867/875/2532 2866/874/2531
f 2952/860/2520 2868/861/2521 2867/875/2532
f 2954/876/2533 2955/1004/2536 2956/877/2534
f 2955/879/2536 2957/882/2538 2958/880/2537
f 2957/882/2538 2959/884/2540 2960/883/2539
f 2959/884/2540 2961/941/2542 2962/885/2541
f 2961/886/2542 2963/1005/2544 2964/887/2543
f 2963/889/2544 2965/892/2546 2966/890/2545
f 2965/892/2546 2967/894/2548 2968/893/2547
f 2967/894/2548 2969/1006/2550 2970/895/2549
f 2969/896/2550 2971/899/2552 2972/897/2551
f 2971/899/2552 2973/944/2554 2974/900/2553
f 2973/901/2554 2975/904/2556 2976/902/2555
f 2975/904/2556 2954/876/2533 2953/878/2535
f 2976/902/2555 2953/878/2535 2930/834/2497
f 2953/878/2535 2956/877/2534 2931/837/2500
f 2956/881/2534 2958/880/2537 2933/905/2502
f 2958/907/2537 2960/908/2539 2935/842/2504
f 2960/908/2539 2962/888/2541 2937/844/2506
f 2962/888/2541 2964/887/2543 2939/846/2508
f 2964/891/2543 2966/890/2545 2941/850/2511
f 2966/890/2545 2968/893/2547 2943/848/2510
f 2970/895/2549 2945/851/2512 2943/848/2510
f 2972/910/2551 2947/853/2514 2945/851/2512
f 2974/903/2553 2949/855/2516 2947/857/2514
f 2976/902/2555 2951/858/2518 2949/855/2516
f 2978/912/2557 2979/915/2560 2980/913/2558
f 2979/915/2560 2981/917/2562 2982/916/2561
f 2981/917/2562 2983/919/2564 2984/918/2563
f 2983/919/2564 2985/1007/2566 2986/920/2565
f 2985/921/2566 2987/924/2568 2988/922/2567
f 2987/924/2568 2989/926/2570 2990/925/2569
f 2989/926/2570 2991/990/2572 2992/927/2571
f 2991/928/2572 2993/931/2574 2994/929/2573
f 2993/931/2574 2995/1008/2576 2996/932/2575
f 2995/933/2576 2997/936/2578 2998/934/2577
f 2997/936/2578 2999/938/2580 3000/937/2579
f 2999/938/2580 2978/1009/2557 2977/939/2559
f 3000/937/2579 2977/939/2559 2954/876/2533
f 2977/914/2559 2980/913/2558 2955/879/2536
f 2980/913/2558 2982/916/2561 2957/882/2538
f 2982/916/2561 2984/918/2563 2959/884/2540
f 2984/918/2563 2986/920/2565 2961/941/2542
f 2986/923/2565 2988/922/2567 2963/889/2544
f 2988/922/2567 2990/925/2569 2965/892/2546
f 2990/925/2569 2992/927/2571 2967/894/2548
f 2992/930/2571 2994/929/2573 2969/896/2550
f 2994/929/2573 2996/932/2575 2971/899/2552
f 2996/932/2575 2998/1010/2577 2973/944/2554
f 3000/937/2579 2975/904/2556 2973/901/2554
f 3002/945/2581 3003/948/2584 3004/946/2582
f 3003/948/2584 3005/950/2586 3006/949/2585
f 3005/950/2586 3007/1011/2588 3008/951/2587
f 3007/952/2588 3009/955/2590 3010/953/2589
f 3009/955/2590 3011/957/2592 3012/956/2591
f 3011/957/2592 3013/959/2594 3014/958/2593
f 3013/959/2594 3015/1012/2596 3016/960/2595
f 3015/961/2596 3017/964/2598 3018/962/2597
f 3017/964/2598 3019/966/2600 3020/965/2599
f 3019/966/2600 3021/968/2602 3022/967/2601
f 3021/968/2602 3023/996/2604 3024/969/2603
f 3023/970/2604 3002/945/2581 3001/947/2583
f 2856/972/2605 2845/975/2606 3002/945/2581
f 3024/971/2603 3001/947/2583 2978/973/2557
f 2845/975/2606 2846/978/2608 3003/948/2584
f 3001/947/2583 3004/946/2582 2979/976/2560
f 2847/977/2607 3005/950/2586 3003/948/2584
f 3004/946/2582 3006/949/2585 2981/979/2562
f 2848/980/2609 3007/1011/2588 3005/950/2586
f 3006/949/2585 3008/951/2587 2983/981/2564
f 2849/982/2610 3009/955/2590 3007/952/2588
f 3008/954/2587 3010/953/2589 2985/921/2566
f 2850/985/2611 3011/957/2592 3009/955/2590
f 3010/953/2589 3012/956/2591 2987/924/2568
f 2851/986/2612 3013/959/2594 3011/957/2592
f 3012/956/2591 3014/958/2593 2989/926/2570
f 2852/987/2613 3015/961/2596 3013/988/2594
f 3014/958/2593 3016/960/2595 2991/990/2572
f 2852/987/2613 2853/992/2614 3017/964/2598
f 3016/991/2595 3018/1013/2597 2993/931/2574
f 2853/992/2614 2854/994/2615 3019/966/2600
f 3018/962/2597 3020/965/2599 2995/933/2576
f 2854/994/2615 2855/995/2616 3021/968/2602
f 3020/965/2599 3022/967/2601 2997/936/2578
f 2855/995/2616 2856/1014/2605 3023/996/2604
f 3022/967/2601 3024/969/2603 2999/938/2580
f 3085/706/2617 3096/775/3603 3036/705/2618
f 3046/708/2620 3058/710/2627 3059/709/2621
f 3039/711/2622 3051/713/2629 3052/712/2623
f 3054/715/2624 3055/731/2637 3043/714/2625
f 3045/717/2626 3057/718/2635 3058/710/2627
f 3038/719/2628 3050/720/2628 3051/713/2629
f 3060/722/2630 3049/728/2636 3037/721/2631
f 3053/724/2633 3054/715/2624 3042/716/2624
f 3044/726/2634 3056/727/3604 3057/718/2635
f 3049/728/2636 3050/720/2628 3038/719/2628
f 3059/709/2621 3060/722/2630 3048/723/2632
f 3040/730/2623 3052/712/2623 3053/724/2633
f 3055/731/2637 3056/727/3604 3044/726/2634
f 3053/732/2638 3065/734/2660 3066/733/2639
f 3062/999/2643 3061/1015/3605 3072/737/3606
f 3072/737/3606 3071/1020/3607 3070/997/2641
f 3070/997/2641 3069/1019/3608 3068/736/3609
f 3068/736/3609 3067/1018/3609 3066/998/2642
f 3066/998/2642 3065/1017/3610 3064/735/3611
f 3064/735/3611 3063/1016/3612 3062/999/2643
f 3062/999/2643 3072/737/3606 3070/997/2641
f 3070/997/2641 3068/736/3609 3066/998/2642
f 3066/998/2642 3064/735/3611 3062/999/2643
f 3060/738/2644 3072/740/3613 3061/739/2645
f 3050/741/2647 3062/743/2662 3063/742/2648
f 3069/745/2650 3070/1021/2656 3058/744/2651
f 3066/733/2639 3067/1022/2658 3055/747/2653
f 3051/749/2649 3063/751/2648 3064/750/2654
f 3070/753/2656 3071/759/2661 3059/752/2657
f 3067/756/2658 3068/761/2663 3056/755/2659
f 3052/758/2655 3064/750/2654 3065/734/2660
f 3071/759/2661 3072/740/3613 3060/738/2644
f 3049/760/2646 3061/739/2645 3062/743/2662
f 3068/761/2663 3069/745/2650 3057/746/2652
f 3083/768/2666 3084/817/3614 3073/764/3615
f 3073/764/3615 3074/777/3616 3075/767/2664
f 3075/767/2664 3076/765/3617 3077/763/3618
f 3077/763/3618 3078/827/3618 3079/832/2665
f 3079/832/2665 3080/784/3619 3081/762/3620
f 3081/762/3620 3082/770/3621 3083/768/2666
f 3083/768/2666 3073/764/3615 3075/767/2664
f 3075/767/2664 3077/763/3618 3079/832/2665
f 3079/832/2665 3081/762/3620 3083/768/2666
f 3099/766/2667 3100/819/2711 3076/765/2668
f 3106/769/2669 3107/818/2709 3083/768/2670
f 3029/771/2671 3089/773/3622 3088/772/2672
f 3036/705/2618 3096/775/3603 3095/774/2674
f 3098/776/2676 3099/766/2667 3075/767/2667
f 3105/778/2677 3106/769/2669 3082/770/2669
f 3028/779/2673 3088/772/2672 3087/780/2679
f 3073/764/2681 3097/781/2681 3098/776/2676
f 3035/782/2675 3095/774/2674 3094/783/2682
f 3080/784/2683 3104/785/2720 3105/778/2677
f 3027/786/2680 3087/780/2679 3086/787/2684
f 3085/788/2685 3097/790/2705 3108/789/2686
f 3087/791/2688 3099/793/2698 3098/792/2689
f 3106/795/2691 3105/813/2706 3093/794/2692
f 3103/798/2694 3102/814/2707 3090/797/2695
f 3088/800/2697 3100/801/3623 3099/793/2698
f 3095/802/2699 3107/803/2704 3106/795/2691
f 3104/805/2700 3103/1023/2694 3091/804/2696
f 3101/808/2702 3100/1024/3623 3088/807/2697
f 3096/810/2687 3108/811/2686 3107/803/2704
f 3086/812/2690 3098/792/2689 3097/790/2705
f 3105/813/2706 3104/805/2700 3092/806/2701
f 3102/814/2707 3101/808/2702 3089/809/2703
f 3090/815/2708 3089/773/3622 3029/771/2671
f 3107/818/2709 3108/822/3624 3084/817/2710
f 3100/819/2711 3101/824/2712 3077/763/2712
f 3091/820/2713 3090/815/2708 3030/816/2708
f 3084/817/2710 3108/822/3624 3097/781/2681
f 3077/763/2712 3101/824/2712 3102/823/2714
f 3092/825/2716 3091/820/2713 3031/821/2713
f 3078/827/2715 3102/823/2714 3103/828/2717
f 3093/829/2718 3092/825/2716 3032/826/2716
f 3086/787/2684 3085/706/2617 3025/707/2619
f 3079/832/2717 3103/828/2717 3104/785/2720
f 3034/833/2682 3094/783/2682 3093/829/2718
f 3110/834/2721 3109/836/2745 3112/835/2722
f 3111/837/2723 3112/835/2722 3114/838/2724
f 3113/839/2725 3114/841/2724 3116/840/2726
f 3115/842/2727 3116/840/2726 3118/843/2728
f 3117/844/2729 3118/843/2728 3120/845/2730
f 3119/846/2731 3120/845/2730 3122/847/2732
f 3122/849/2732 3124/852/2735 3123/848/2734
f 3124/852/2735 3126/854/2737 3125/851/2736
f 3126/854/2737 3128/872/2739 3127/853/2738
f 3128/856/2739 3130/859/2741 3129/855/2740
f 3130/859/2741 3132/860/2743 3131/858/2742
f 3132/860/2743 3109/836/2745 3110/834/2721
f 3048/861/2744 3037/863/3625 3109/836/2745
f 3109/836/2745 3037/863/3625 3038/862/2746
f 3112/835/2722 3038/862/2746 3039/864/2747
f 3114/841/2724 3039/866/2747 3040/865/2748
f 3116/840/2726 3040/865/2748 3041/867/2749
f 3118/843/2728 3041/867/2749 3042/868/2750
f 3120/845/2730 3042/868/2750 3043/869/2751
f 3043/870/2751 3044/871/2752 3124/852/2735
f 3044/871/2752 3045/873/2753 3126/854/2737
f 3045/873/2753 3046/1025/2754 3128/872/2739
f 3046/874/2754 3047/875/2755 3130/859/2741
f 3047/875/2755 3048/861/2744 3132/860/2743
f 3134/876/2756 3133/878/2779 3136/877/2757
f 3135/879/2758 3136/881/2757 3138/880/2759
f 3137/882/2760 3138/880/2759 3140/883/2761
f 3139/884/2762 3140/883/2761 3142/885/2763
f 3141/886/2764 3142/888/2763 3144/887/2765
f 3143/889/2766 3144/891/2765 3146/890/2767
f 3145/892/2768 3146/890/2767 3148/893/2769
f 3147/894/2770 3148/893/2769 3150/895/2771
f 3149/896/2772 3150/898/2771 3152/897/2773
f 3151/899/2774 3152/897/2773 3154/900/2775
f 3153/901/2776 3154/903/2775 3156/902/2777
f 3155/904/2778 3156/902/2777 3133/878/2779
f 3156/902/2777 3131/858/2742 3110/834/2721
f 3133/878/2779 3110/834/2721 3111/837/2723
f 3136/881/2757 3111/906/2723 3113/905/2725
f 3138/907/2759 3113/839/2725 3115/842/2727
f 3140/908/2761 3115/842/2727 3117/844/2729
f 3142/888/2763 3117/844/2729 3119/846/2731
f 3144/891/2765 3119/909/2731 3121/850/2733
f 3146/890/2767 3121/850/2733 3123/848/2734
f 3123/848/2734 3125/851/2736 3150/895/2771
f 3125/851/2736 3127/853/2738 3152/910/2773
f 3127/857/2738 3129/855/2740 3154/903/2775
f 3129/855/2740 3131/858/2742 3156/902/2777
f 3158/912/2780 3157/914/2803 3160/913/2781
f 3159/915/2782 3160/913/2781 3162/916/2783
f 3161/917/2784 3162/916/2783 3164/918/2785
f 3163/919/2786 3164/918/2785 3166/920/2787
f 3165/921/2788 3166/923/2787 3168/922/2789
f 3167/924/2790 3168/922/2789 3170/925/2791
f 3169/926/2792 3170/925/2791 3172/927/2793
f 3171/928/2794 3172/930/2793 3174/929/2795
f 3173/931/2796 3174/929/2795 3176/932/2797
f 3175/933/2798 3176/935/2797 3178/934/2799
f 3177/936/2800 3178/934/2799 3180/937/2801
f 3179/938/2802 3180/937/2801 3157/939/2803
f 3180/937/2801 3155/904/2778 3134/876/2756
f 3157/914/2803 3134/940/2756 3135/879/2758
f 3160/913/2781 3135/879/2758 3137/882/2760
f 3162/916/2783 3137/882/2760 3139/884/2762
f 3164/918/2785 3139/884/2762 3141/941/2764
f 3166/923/2787 3141/942/2764 3143/889/2766
f 3168/922/2789 3143/889/2766 3145/892/2768
f 3170/925/2791 3145/892/2768 3147/894/2770
f 3172/930/2793 3147/943/2770 3149/896/2772
f 3174/929/2795 3149/896/2772 3151/899/2774
f 3176/932/2797 3151/899/2774 3153/944/2776
f 3153/901/2776 3155/904/2778 3180/937/2801
f 3182/945/2804 3181/947/2827 3184/946/2805
f 3183/948/2806 3184/946/2805 3186/949/2807
f 3185/950/2808 3186/949/2807 3188/951/2809
f 3187/952/2810 3188/954/2809 3190/953/2811
f 3189/955/2812 3190/953/2811 3192/956/2813
f 3191/957/2814 3192/956/2813 3194/958/2815
f 3193/959/2816 3194/958/2815 3196/960/2817
f 3195/961/2818 3196/963/2817 3198/962/2819
f 3197/964/2820 3198/962/2819 3200/965/2821
f 3199/966/2822 3200/965/2821 3202/967/2823
f 3201/968/2824 3202/967/2823 3204/969/2825
f 3203/970/2826 3204/971/2825 3181/947/2827
f 3036/972/2828 3203/970/2826 3182/945/2804
f 3204/971/2825 3179/974/2802 3158/973/2780
f 3025/975/2829 3182/945/2804 3183/948/2806
f 3181/947/2827 3158/973/2780 3159/976/2782
f 3183/948/2806 3185/950/2808 3027/977/2831
f 3184/946/2805 3159/976/2782 3161/979/2784
f 3185/950/2808 3187/1011/2810 3028/980/2832
f 3186/949/2807 3161/979/2784 3163/981/2786
f 3187/952/2810 3189/955/2812 3029/982/2833
f 3188/954/2809 3163/984/2786 3165/921/2788
f 3189/955/2812 3191/957/2814 3030/985/2834
f 3190/953/2811 3165/921/2788 3167/924/2790
f 3191/957/2814 3193/959/2816 3031/986/2835
f 3192/956/2813 3167/924/2790 3169/926/2792
f 3193/988/2816 3195/961/2818 3032/987/2836
f 3194/958/2815 3169/926/2792 3171/990/2794
f 3032/987/2836 3195/961/2818 3197/964/2820
f 3196/991/2817 3171/928/2794 3173/931/2796
f 3033/992/2837 3197/964/2820 3199/966/2822
f 3198/962/2819 3173/993/2796 3175/933/2798
f 3034/994/2838 3199/966/2822 3201/968/2824
f 3200/965/2821 3175/933/2798 3177/936/2800
f 3035/995/2839 3201/968/2824 3203/996/2826
f 3202/967/2823 3177/936/2800 3179/938/2802
f 3216/705/2840 3276/775/2899 3265/706/2841
f 3226/708/2843 3227/729/2844 3239/709/2844
f 3219/711/2846 3220/730/2847 3232/712/2847
f 3223/714/2849 3235/731/2860 3234/715/2850
f 3225/717/2851 3226/708/2843 3238/710/2845
f 3218/719/2853 3219/711/2846 3231/713/2848
f 3217/721/2854 3229/728/2854 3240/722/2855
f 3222/716/2850 3234/715/2850 3233/724/2857
f 3224/726/2858 3225/717/2851 3237/718/2852
f 3218/719/2853 3230/720/2853 3229/728/2854
f 3228/723/2856 3240/722/2855 3239/709/2844
f 3220/730/2847 3221/725/2857 3233/724/2857
f 3224/726/2858 3236/727/2859 3235/731/2860
f 3233/732/2861 3234/748/2876 3246/733/2862
f 3252/737/2866 3241/1015/3626 3242/999/3627
f 3242/999/3627 3243/1016/3628 3244/735/2864
f 3244/735/2864 3245/1017/3629 3246/998/3630
f 3246/998/3630 3247/1018/3631 3248/736/2865
f 3248/736/2865 3249/1019/3632 3250/997/3633
f 3250/997/3633 3251/1020/3634 3252/737/2866
f 3252/737/2866 3242/999/3627 3244/735/2864
f 3244/735/2864 3246/998/3630 3248/736/2865
f 3248/736/2865 3250/997/3633 3252/737/2866
f 3240/738/2867 3229/760/2885 3241/739/2868
f 3230/741/2870 3231/1000/2877 3243/742/2871
f 3238/744/2651 3250/1021/2880 3249/745/2873
f 3235/747/2875 3247/1022/2882 3246/733/2862
f 3231/749/2877 3232/758/2883 3244/750/2878
f 3239/752/2879 3251/759/2884 3250/753/2880
f 3236/755/2881 3248/761/2886 3247/756/2882
f 3232/758/2883 3233/732/2861 3245/734/2863
f 3240/738/2867 3252/740/2869 3251/759/2884
f 3229/760/2885 3230/741/2870 3242/743/2872
f 3237/746/2874 3249/745/2873 3248/761/2886
f 3253/764/2889 3264/817/3635 3263/768/3636
f 3263/768/3636 3262/770/3637 3261/762/2887
f 3261/762/2887 3260/784/3638 3259/832/3639
f 3259/832/3639 3258/827/3640 3257/763/2888
f 3257/763/2888 3256/765/3641 3255/767/3642
f 3255/767/3642 3254/777/3643 3253/764/2889
f 3253/764/2889 3263/768/3636 3261/762/2887
f 3261/762/2887 3259/832/3639 3257/763/2888
f 3257/763/2888 3255/767/3642 3253/764/2889
f 3256/765/2890 3280/819/2940 3279/766/2891
f 3263/768/2893 3287/818/2938 3286/769/2894
f 3209/771/2895 3208/779/2903 3268/772/2896
f 3216/705/2840 3215/782/2906 3275/774/2898
f 3255/767/2892 3279/766/2891 3278/776/2900
f 3262/770/2894 3286/769/2894 3285/778/2901
f 3208/779/2903 3207/786/2910 3267/780/2904
f 3253/764/2905 3254/777/2900 3278/776/2900
f 3215/782/2906 3214/833/2907 3274/783/2907
f 3260/784/2908 3261/762/2902 3285/778/2901
f 3207/786/2910 3206/831/2911 3266/787/2911
f 3265/788/2912 3276/1001/2932 3288/789/2913
f 3267/791/2915 3266/812/2933 3278/792/2916
f 3273/794/2918 3285/813/2934 3286/795/2919
f 3270/797/2921 3282/814/2935 3283/798/2922
f 3268/800/2924 3267/791/2915 3279/793/2917
f 3275/802/2926 3274/796/2920 3286/795/2919
f 3271/804/2923 3283/1023/2922 3284/805/2928
f 3268/807/2924 3280/1024/2925 3281/808/2930
f 3276/810/2932 3275/802/2926 3287/803/2927
f 3266/812/2933 3265/788/2912 3277/790/2914
f 3272/806/2929 3284/805/2928 3285/813/2934
f 3269/809/2931 3281/808/2930 3282/814/2935
f 3209/771/2895 3269/773/2897 3270/815/2936
f 3264/817/2937 3288/822/2942 3287/818/2938
f 3257/763/2939 3281/824/2939 3280/819/2940
f 3210/816/2936 3270/815/2936 3271/820/2941
f 3264/817/2937 3253/764/2905 3277/781/2905
f 3257/763/2939 3258/827/2945 3282/823/2943
f 3211/821/2941 3271/820/2941 3272/825/2944
f 3258/827/2945 3259/832/2946 3283/828/2946
f 3212/826/2944 3272/825/2944 3273/829/2947
f 3205/707/2842 3265/706/2841 3266/787/2911
f 3259/832/2946 3260/784/2908 3284/785/2909
f 3214/833/2907 3213/830/2948 3273/829/2947
f 3290/834/2949 3291/837/2952 3292/835/2950
f 3291/837/2952 3293/1002/2954 3294/838/2953
f 3293/839/2954 3295/842/2956 3296/840/2955
f 3295/842/2956 3297/844/2958 3298/843/2957
f 3297/844/2958 3299/846/2960 3300/845/2959
f 3299/846/2960 3301/1003/2963 3302/847/2961
f 3303/848/2962 3304/852/2965 3302/849/2961
f 3305/851/2964 3306/854/2967 3304/852/2965
f 3307/853/2966 3308/872/2969 3306/854/2967
f 3309/855/2968 3310/859/2971 3308/856/2969
f 3311/858/2970 3312/860/2972 3310/859/2971
f 3290/834/2949 3289/836/2951 3312/860/2972
f 3289/836/2951 3217/863/2975 3228/861/2973
f 3289/836/2951 3292/835/2950 3218/862/2974
f 3292/835/2950 3294/838/2953 3219/864/2976
f 3294/841/2953 3296/840/2955 3220/865/2977
f 3296/840/2955 3298/843/2957 3221/867/2978
f 3298/843/2957 3300/845/2959 3222/868/2979
f 3300/845/2959 3302/847/2961 3223/869/2980
f 3304/852/2965 3224/871/2981 3223/870/2980
f 3306/854/2967 3225/873/2982 3224/871/2981
f 3308/872/2969 3226/1025/2983 3225/873/2982
f 3310/859/2971 3227/875/2984 3226/874/2983
f 3312/860/2972 3228/861/2973 3227/875/2984
f 3314/876/2985 3315/1004/2988 3316/877/2986
f 3315/879/2988 3317/882/2990 3318/880/2989
f 3317/882/2990 3319/884/2992 3320/883/2991
f 3319/884/2992 3321/941/2994 3322/885/2993
f 3321/886/2994 3323/1005/2996 3324/887/2995
f 3323/889/2996 3325/892/2998 3326/890/2997
f 3325/892/2998 3327/894/3000 3328/893/2999
f 3327/894/3000 3329/1006/3002 3330/895/3001
f 3329/896/3002 3331/899/3004 3332/897/3003
f 3331/899/3004 3333/944/3006 3334/900/3005
f 3333/901/3006 3335/904/3008 3336/902/3007
f 3335/904/3008 3314/876/2985 3313/878/2987
f 3336/902/3007 3313/878/2987 3290/834/2949
f 3313/878/2987 3316/877/2986 3291/837/2952
f 3316/881/2986 3318/880/2989 3293/905/2954
f 3318/907/2989 3320/908/2991 3295/842/2956
f 3320/908/2991 3322/888/2993 3297/844/2958
f 3322/888/2993 3324/887/2995 3299/846/2960
f 3324/891/2995 3326/890/2997 3301/850/2963
f 3326/890/2997 3328/893/2999 3303/848/2962
f 3330/895/3001 3305/851/2964 3303/848/2962
f 3332/910/3003 3307/853/2966 3305/851/2964
f 3334/903/3005 3309/855/2968 3307/857/2966
f 3336/902/3007 3311/858/2970 3309/855/2968
f 3338/912/3009 3339/915/3012 3340/913/3010
f 3339/915/3012 3341/917/3014 3342/916/3013
f 3341/917/3014 3343/919/3016 3344/918/3015
f 3343/919/3016 3345/1007/3018 3346/920/3017
f 3345/921/3018 3347/924/3020 3348/922/3019
f 3347/924/3020 3349/926/3022 3350/925/3021
f 3349/926/3022 3351/990/3024 3352/927/3023
f 3351/928/3024 3353/931/3026 3354/929/3025
f 3353/931/3026 3355/1008/3028 3356/932/3027
f 3355/933/3028 3357/936/3030 3358/934/3029
f 3357/936/3030 3359/938/3032 3360/937/3031
f 3359/938/3032 3338/1009/3009 3337/939/3011
f 3360/937/3031 3337/939/3011 3314/876/2985
f 3337/914/3011 3340/913/3010 3315/879/2988
f 3340/913/3010 3342/916/3013 3317/882/2990
f 3342/916/3013 3344/918/3015 3319/884/2992
f 3344/918/3015 3346/920/3017 3321/941/2994
f 3346/923/3017 3348/922/3019 3323/889/2996
f 3348/922/3019 3350/925/3021 3325/892/2998
f 3350/925/3021 3352/927/3023 3327/894/3000
f 3352/930/3023 3354/929/3025 3329/896/3002
f 3354/929/3025 3356/932/3027 3331/899/3004
f 3356/932/3027 3358/1010/3029 3333/944/3006
f 3360/937/3031 3335/904/3008 3333/901/3006
f 3362/945/3033 3363/948/3036 3364/946/3034
f 3363/948/3036 3365/950/3038 3366/949/3037
f 3365/950/3038 3367/1011/3040 3368/951/3039
f 3367/952/3040 3369/955/3042 3370/953/3041
f 3369/955/3042 3371/957/3044 3372/956/3043
f 3371/957/3044 3373/959/3046 3374/958/3045
f 3373/959/3046 3375/1012/3048 3376/960/3047
f 3375/961/3048 3377/964/3050 3378/962/3049
f 3377/964/3050 3379/966/3052 3380/965/3051
f 3379/966/3052 3381/968/3054 3382/967/3053
f 3381/968/3054 3383/996/3056 3384/969/3055
f 3383/970/3056 3362/945/3033 3361/947/3035
f 3216/972/3057 3205/975/3058 3362/945/3033
f 3384/971/3055 3361/947/3035 3338/973/3009
f 3205/975/3058 3206/978/3060 3363/948/3036
f 3361/947/3035 3364/946/3034 3339/976/3012
f 3207/977/3059 3365/950/3038 3363/948/3036
f 3364/946/3034 3366/949/3037 3341/979/3014
f 3208/980/3061 3367/1011/3040 3365/950/3038
f 3366/949/3037 3368/951/3039 3343/981/3016
f 3209/982/3062 3369/955/3042 3367/952/3040
f 3368/954/3039 3370/953/3041 3345/921/3018
f 3210/985/3063 3371/957/3044 3369/955/3042
f 3370/953/3041 3372/956/3043 3347/924/3020
f 3211/986/3064 3373/959/3046 3371/957/3044
f 3372/956/3043 3374/958/3045 3349/926/3022
f 3212/987/3065 3375/961/3048 3373/988/3046
f 3374/958/3045 3376/960/3047 3351/990/3024
f 3212/987/3065 3213/992/3066 3377/964/3050
f 3376/991/3047 3378/1013/3049 3353/931/3026
f 3213/992/3066 3214/994/3067 3379/966/3052
f 3378/962/3049 3380/965/3051 3355/933/3028
f 3214/994/3067 3215/995/3068 3381/968/3054
f 3380/965/3051 3382/967/3053 3357/936/3030
f 3215/995/3068 3216/1014/3057 3383/996/3056
f 3382/967/3053 3384/969/3055 3359/938/3032
f 3396/705/3069 3456/775/3129 3445/706/3070
f 3406/708/3072 3407/729/3073 3419/709/3073
f 3399/711/3075 3400/730/3076 3412/712/3076
f 3403/714/3078 3415/731/3089 3414/715/3079
f 3405/717/3080 3406/708/3072 3418/710/3074
f 3398/719/3082 3399/711/3075 3411/713/3077
f 3397/721/3083 3409/728/3083 3420/722/3084
f 3402/716/3079 3414/715/3079 3413/724/3086
f 3404/726/3087 3405/717/3080 3417/718/3081
f 3398/719/3082 3410/720/3082 3409/728/3083
f 3408/723/3085 3420/722/3084 3419/709/3073
f 3400/730/3076 3401/725/3086 3413/724/3086
f 3404/726/3087 3416/727/3088 3415/731/3089
f 3413/732/3090 3414/748/3106 3426/733/3091
f 3432/737/3095 3421/1015/3644 3422/999/3645
f 3422/999/3645 3423/1016/3646 3424/735/3093
f 3424/735/3093 3425/1017/3647 3426/998/3648
f 3426/998/3648 3427/1018/3649 3428/736/3094
f 3428/736/3094 3429/1019/3650 3430/997/3651
f 3430/997/3651 3431/1020/3652 3432/737/3095
f 3432/737/3095 3422/999/3645 3424/735/3093
f 3424/735/3093 3426/998/3648 3428/736/3094
f 3428/736/3094 3430/997/3651 3432/737/3095
f 3420/738/3096 3409/760/3115 3421/739/3097
f 3410/741/3099 3411/1000/3107 3423/742/3100
f 3418/744/3102 3430/1021/3110 3429/745/3103
f 3415/747/3105 3427/1022/3112 3426/733/3091
f 3411/749/3107 3412/758/3113 3424/750/3108
f 3419/752/3109 3431/759/3114 3430/753/3110
f 3416/755/3111 3428/761/3116 3427/756/3112
f 3412/758/3113 3413/732/3090 3425/734/3092
f 3420/738/3096 3432/740/3098 3431/759/3114
f 3409/760/3115 3410/741/3099 3422/743/3101
f 3417/746/3104 3429/745/3103 3428/761/3116
f 3433/764/3119 3444/817/3653 3443/768/3654
f 3443/768/3654 3442/770/3655 3441/762/3117
f 3441/762/3117 3440/784/3656 3439/832/3657
f 3439/832/3657 3438/827/3658 3437/763/3118
f 3437/763/3118 3436/765/3659 3435/767/3660
f 3435/767/3660 3434/777/3661 3433/764/3119
f 3433/764/3119 3443/768/3654 3441/762/3117
f 3441/762/3117 3439/832/3657 3437/763/3118
f 3437/763/3118 3435/767/3660 3433/764/3119
f 3436/765/3120 3460/819/3170 3459/766/3121
f 3443/768/3123 3467/818/3168 3466/769/3124
f 3389/771/3125 3388/779/3133 3448/772/3126
f 3396/705/3069 3395/782/3136 3455/774/3128
f 3435/767/3122 3459/766/3121 3458/776/3130
f 3442/770/3124 3466/769/3124 3465/778/3131
f 3388/779/3133 3387/786/3140 3447/780/3134
f 3433/764/3135 3434/777/3130 3458/776/3130
f 3395/782/3136 3394/833/3137 3454/783/3137
f 3440/784/3138 3441/762/3132 3465/778/3131
f 3387/786/3140 3386/831/3141 3446/787/3141
f 3445/788/3142 3456/1001/3162 3468/789/3143
f 3447/791/3145 3446/812/3163 3458/792/3146
f 3453/794/3148 3465/813/3164 3466/795/3149
f 3450/797/3151 3462/814/3165 3463/798/3152
f 3448/800/3154 3447/791/3145 3459/793/3147
f 3455/802/3156 3454/796/3150 3466/795/3149
f 3451/804/3153 3463/1023/3152 3464/805/3158
f 3448/807/3154 3460/1024/3155 3461/808/3160
f 3456/810/3162 3455/802/3156 3467/803/3157
f 3446/812/3163 3445/788/3142 3457/790/3144
f 3452/806/3159 3464/805/3158 3465/813/3164
f 3449/809/3161 3461/808/3160 3462/814/3165
f 3389/771/3125 3449/773/3127 3450/815/3166
f 3444/817/3167 3468/822/3172 3467/818/3168
f 3437/763/3169 3461/824/3169 3460/819/3170
f 3390/816/3166 3450/815/3166 3451/820/3171
f 3444/817/3167 3433/764/3135 3457/781/3135
f 3437/763/3169 3438/827/3175 3462/823/3173
f 3391/821/3171 3451/820/3171 3452/825/3174
f 3438/827/3175 3439/832/3176 3463/828/3176
f 3392/826/3174 3452/825/3174 3453/829/3177
f 3385/707/3071 3445/706/3070 3446/787/3141
f 3439/832/3176 3440/784/3138 3464/785/3139
f 3394/833/3137 3393/830/3178 3453/829/3177
f 3470/834/3179 3471/837/3182 3472/835/3180
f 3471/837/3182 3473/1002/3184 3474/838/3183
f 3473/839/3184 3475/842/3186 3476/840/3185
f 3475/842/3186 3477/844/3188 3478/843/3187
f 3477/844/3188 3479/846/3190 3480/845/3189
f 3479/846/3190 3481/1003/3193 3482/847/3191
f 3483/848/3192 3484/852/3195 3482/849/3191
f 3485/851/3194 3486/854/3197 3484/852/3195
f 3487/853/3196 3488/872/3199 3486/854/3197
f 3489/855/3198 3490/859/3201 3488/856/3199
f 3491/858/3200 3492/860/3202 3490/859/3201
f 3470/834/3179 3469/836/3181 3492/860/3202
f 3469/836/3181 3397/863/3205 3408/861/3203
f 3469/836/3181 3472/835/3180 3398/862/3204
f 3472/835/3180 3474/838/3183 3399/864/3206
f 3474/841/3183 3476/840/3185 3400/865/3207
f 3476/840/3185 3478/843/3187 3401/867/3208
f 3478/843/3187 3480/845/3189 3402/868/3209
f 3480/845/3189 3482/847/3191 3403/869/3210
f 3484/852/3195 3404/871/3211 3403/870/3210
f 3486/854/3197 3405/873/3212 3404/871/3211
f 3488/872/3199 3406/1025/3213 3405/873/3212
f 3490/859/3201 3407/875/3214 3406/874/3213
f 3492/860/3202 3408/861/3203 3407/875/3214
f 3494/876/3215 3495/1004/3218 3496/877/3216
f 3495/879/3218 3497/882/3220 3498/880/3219
f 3497/882/3220 3499/884/3222 3500/883/3221
f 3499/884/3222 3501/941/3224 3502/885/3223
f 3501/886/3224 3503/1005/3226 3504/887/3225
f 3503/889/3226 3505/892/3228 3506/890/3227
f 3505/892/3228 3507/894/3230 3508/893/3229
f 3507/894/3230 3509/1006/3232 3510/895/3231
f 3509/896/3232 3511/899/3234 3512/897/3233
f 3511/899/3234 3513/944/3236 3514/900/3235
f 3513/901/3236 3515/904/3238 3516/902/3237
f 3515/904/3238 3494/876/3215 3493/878/3217
f 3516/902/3237 3493/878/3217 3470/834/3179
f 3493/878/3217 3496/877/3216 3471/837/3182
f 3496/881/3216 3498/880/3219 3473/905/3184
f 3498/907/3219 3500/908/3221 3475/842/3186
f 3500/908/3221 3502/888/3223 3477/844/3188
f 3502/888/3223 3504/887/3225 3479/846/3190
f 3504/891/3225 3506/890/3227 3481/850/3193
f 3506/890/3227 3508/893/3229 3483/848/3192
f 3510/895/3231 3485/851/3194 3483/848/3192
f 3512/910/3233 3487/853/3196 3485/851/3194
f 3514/903/3235 3489/855/3198 3487/857/3196
f 3516/902/3237 3491/858/3200 3489/855/3198
f 3518/912/3239 3519/915/3242 3520/913/3240
f 3519/915/3242 3521/917/3244 3522/916/3243
f 3521/917/3244 3523/919/3246 3524/918/3245
f 3523/919/3246 3525/1007/3248 3526/920/3247
f 3525/921/3248 3527/924/3250 3528/922/3249
f 3527/924/3250 3529/926/3252 3530/925/3251
f 3529/926/3252 3531/990/3254 3532/927/3253
f 3531/928/3254 3533/931/3256 3534/929/3255
f 3533/931/3256 3535/1008/3258 3536/932/3257
f 3535/933/3258 3537/936/3260 3538/934/3259
f 3537/936/3260 3539/938/3262 3540/937/3261
f 3539/938/3262 3518/1009/3239 3517/939/3241
f 3540/937/3261 3517/939/3241 3494/876/3215
f 3517/914/3241 3520/913/3240 3495/879/3218
f 3520/913/3240 3522/916/3243 3497/882/3220
f 3522/916/3243 3524/918/3245 3499/884/3222
f 3524/918/3245 3526/920/3247 3501/941/3224
f 3526/923/3247 3528/922/3249 3503/889/3226
f 3528/922/3249 3530/925/3251 3505/892/3228
f 3530/925/3251 3532/927/3253 3507/894/3230
f 3532/930/3253 3534/929/3255 3509/896/3232
f 3534/929/3255 3536/932/3257 3511/899/3234
f 3536/932/3257 3538/1010/3259 3513/944/3236
f 3540/937/3261 3515/904/3238 3513/901/3236
f 3542/945/3263 3543/948/3266 3544/946/3264
f 3543/948/3266 3545/950/3268 3546/949/3267
f 3545/950/3268 3547/1011/3270 3548/951/3269
f 3547/952/3270 3549/955/3272 3550/953/3271
f 3549/955/3272 3551/957/3274 3552/956/3273
f 3551/957/3274 3553/959/3276 3554/958/3275
f 3553/959/3276 3555/1012/3278 3556/960/3277
f 3555/961/3278 3557/964/3280 3558/962/3279
f 3557/964/3280 3559/966/3282 3560/965/3281
f 3559/966/3282 3561/968/3284 3562/967/3283
f 3561/968/3284 3563/996/3286 3564/969/3285
f 3563/970/3286 3542/945/3263 3541/947/3265
f 3396/972/3287 3385/975/3288 3542/945/3263
f 3564/971/3285 3541/947/3265 3518/973/3239
f 3385/975/3288 3386/978/3290 3543/948/3266
f 3541/947/3265 3544/946/3264 3519/976/3242
f 3387/977/3289 3545/950/3268 3543/948/3266
f 3544/946/3264 3546/949/3267 3521/979/3244
f 3388/980/3291 3547/1011/3270 3545/950/3268
f 3546/949/3267 3548/951/3269 3523/981/3246
f 3389/982/3292 3549/955/3272 3547/952/3270
f 3548/954/3269 3550/953/3271 3525/921/3248
f 3390/985/3293 3551/957/3274 3549/955/3272
f 3550/953/3271 3552/956/3273 3527/924/3250
f 3391/986/3294 3553/959/3276 3551/957/3274
f 3552/956/3273 3554/958/3275 3529/926/3252
f 3392/987/3295 3555/961/3278 3553/988/3276
f 3554/958/3275 3556/960/3277 3531/990/3254
f 3392/987/3295 3393/992/3296 3557/964/3280
f 3556/991/3277 3558/1013/3279 3533/931/3256
f 3393/992/3296 3394/994/3297 3559/966/3282
f 3558/962/3279 3560/965/3281 3535/933/3258
f 3394/994/3297 3395/995/3298 3561/968/3284
f 3560/965/3281 3562/967/3283 3537/936/3260
f 3395/995/3298 3396/1014/3287 3563/996/3286
f 3562/967/3283 3564/969/3285 3539/938/3262
f 3625/706/3299 3636/775/3662 3576/705/3300
f 3586/708/3302 3598/710/3309 3599/709/3303
f 3579/711/3304 3591/713/3311 3592/712/3305
f 3594/715/3306 3595/731/3319 3583/714/3307
f 3585/717/3308 3597/718/3317 3598/710/3309
f 3578/719/3310 3590/720/3310 3591/713/3311
f 3600/722/3312 3589/728/3318 3577/721/3313
f 3593/724/3315 3594/715/3306 3582/716/3306
f 3584/726/3316 3596/727/3663 3597/718/3317
f 3589/728/3318 3590/720/3310 3578/719/3310
f 3599/709/3303 3600/722/3312 3588/723/3314
f 3580/730/3305 3592/712/3305 3593/724/3315
f 3595/731/3319 3596/727/3663 3584/726/3316
f 3593/732/3320 3605/734/3341 3606/733/3321
f 3602/999/3325 3601/1015/3664 3612/737/3665
f 3612/737/3665 3611/1020/3666 3610/997/3323
f 3610/997/3323 3609/1019/3667 3608/736/3668
f 3608/736/3668 3607/1018/3668 3606/998/3324
f 3606/998/3324 3605/1017/3669 3604/735/3670
f 3604/735/3670 3603/1016/3671 3602/999/3325
f 3602/999/3325 3612/737/3665 3610/997/3323
f 3610/997/3323 3608/736/3668 3606/998/3324
f 3606/998/3324 3604/735/3670 3602/999/3325
f 3600/738/3326 3612/740/3672 3601/739/3327
f 3590/741/3329 3602/743/3343 3603/742/3330
f 3609/745/3332 3610/1021/3337 3598/744/3102
f 3606/733/3321 3607/1022/3339 3595/747/3334
f 3591/749/3331 3603/751/3330 3604/750/3335
f 3610/753/3337 3611/759/3342 3599/752/3338
f 3607/756/3339 3608/761/3344 3596/755/3340
f 3592/758/3336 3604/750/3335 3605/734/3341
f 3611/759/3342 3612/740/3672 3600/738/3326
f 3589/760/3328 3601/739/3327 3602/743/3343
f 3608/761/3344 3609/745/3332 3597/746/3333
f 3623/768/3347 3624/817/3673 3613/764/3674
f 3613/764/3674 3614/777/3675 3615/767/3345
f 3615/767/3345 3616/765/3676 3617/763/3677
f 3617/763/3677 3618/827/3677 3619/832/3346
f 3619/832/3346 3620/784/3678 3621/762/3679
f 3621/762/3679 3622/770/3680 3623/768/3347
f 3623/768/3347 3613/764/3674 3615/767/3345
f 3615/767/3345 3617/763/3677 3619/832/3346
f 3619/832/3346 3621/762/3679 3623/768/3347
f 3639/766/3348 3640/819/3392 3616/765/3349
f 3646/769/3350 3647/818/3390 3623/768/3351
f 3569/771/3352 3629/773/3681 3628/772/3353
f 3576/705/3300 3636/775/3662 3635/774/3355
f 3638/776/3357 3639/766/3348 3615/767/3348
f 3645/778/3358 3646/769/3350 3622/770/3350
f 3568/779/3354 3628/772/3353 3627/780/3360
f 3613/764/3362 3637/781/3362 3638/776/3357
f 3575/782/3356 3635/774/3355 3634/783/3363
f 3620/784/3364 3644/785/3401 3645/778/3358
f 3567/786/3361 3627/780/3360 3626/787/3365
f 3625/788/3366 3637/790/3386 3648/789/3367
f 3627/791/3369 3639/793/3379 3638/792/3370
f 3646/795/3372 3645/813/3387 3633/794/3373
f 3643/798/3375 3642/814/3388 3630/797/3376
f 3628/800/3378 3640/801/3682 3639/793/3379
f 3635/802/3380 3647/803/3385 3646/795/3372
f 3644/805/3381 3643/1023/3375 3631/804/3377
f 3641/808/3383 3640/1024/3682 3628/807/3378
f 3636/810/3368 3648/811/3367 3647/803/3385
f 3626/812/3371 3638/792/3370 3637/790/3386
f 3645/813/3387 3644/805/3381 3632/806/3382
f 3642/814/3388 3641/808/3383 3629/809/3384
f 3630/815/3389 3629/773/3681 3569/771/3352
f 3647/818/3390 3648/822/3683 3624/817/3391
f 3640/819/3392 3641/824/3393 3617/763/3393
f 3631/820/3394 3630/815/3389 3570/816/3389
f 3624/817/3391 3648/822/3683 3637/781/3362
f 3617/763/3393 3641/824/3393 3642/823/3395
f 3632/825/3397 3631/820/3394 3571/821/3394
f 3618/827/3396 3642/823/3395 3643/828/3398
f 3633/829/3399 3632/825/3397 3572/826/3397
f 3626/787/3365 3625/706/3299 3565/707/3301
f 3619/832/3398 3643/828/3398 3644/785/3401
f 3574/833/3363 3634/783/3363 3633/829/3399
f 3650/834/3402 3649/836/3426 3652/835/3403
f 3651/837/3404 3652/835/3403 3654/838/3405
f 3653/839/3406 3654/841/3405 3656/840/3407
f 3655/842/3408 3656/840/3407 3658/843/3409
f 3657/844/3410 3658/843/3409 3660/845/3411
f 3659/846/3412 3660/845/3411 3662/847/3413
f 3662/849/3413 3664/852/3416 3663/848/3415
f 3664/852/3416 3666/854/3418 3665/851/3417
f 3666/854/3418 3668/872/3420 3667/853/3419
f 3668/856/3420 3670/859/3422 3669/855/3421
f 3670/859/3422 3672/860/3424 3671/858/3423
f 3672/860/3424 3649/836/3426 3650/834/3402
f 3588/861/3425 3577/863/3684 3649/836/3426
f 3649/836/3426 3577/863/3684 3578/862/3427
f 3652/835/3403 3578/862/3427 3579/864/3428
f 3654/841/3405 3579/866/3428 3580/865/3429
f 3656/840/3407 3580/865/3429 3581/867/3430
f 3658/843/3409 3581/867/3430 3582/868/3431
f 3660/845/3411 3582/868/3431 3583/869/3432
f 3583/870/3432 3584/871/3433 3664/852/3416
f 3584/871/3433 3585/873/3434 3666/854/3418
f 3585/873/3434 3586/1025/3435 3668/872/3420
f 3586/874/3435 3587/875/3436 3670/859/3422
f 3587/875/3436 3588/861/3425 3672/860/3424
f 3674/876/3437 3673/878/3460 3676/877/3438
f 3675/879/3439 3676/881/3438 3678/880/3440
f 3677/882/3441 3678/880/3440 3680/883/3442
f 3679/884/3443 3680/883/3442 3682/885/3444
f 3681/886/3445 3682/888/3444 3684/887/3446
f 3683/889/3447 3684/891/3446 3686/890/3448
f 3685/892/3449 3686/890/3448 3688/893/3450
f 3687/894/3451 3688/893/3450 3690/895/3452
f 3689/896/3453 3690/898/3452 3692/897/3454
f 3691/899/3455 3692/897/3454 3694/900/3456
f 3693/901/3457 3694/903/3456 3696/902/3458
f 3695/904/3459 3696/902/3458 3673/878/3460
f 3696/902/3458 3671/858/3423 3650/834/3402
f 3673/878/3460 3650/834/3402 3651/837/3404
f 3676/881/3438 3651/906/3404 3653/905/3406
f 3678/907/3440 3653/839/3406 3655/842/3408
f 3680/908/3442 3655/842/3408 3657/844/3410
f 3682/888/3444 3657/844/3410 3659/846/3412
f 3684/891/3446 3659/909/3412 3661/850/3414
f 3686/890/3448 3661/850/3414 3663/848/3415
f 3663/848/3415 3665/851/3417 3690/895/3452
f 3665/851/3417 3667/853/3419 3692/910/3454
f 3667/857/3419 3669/855/3421 3694/903/3456
f 3669/855/3421 3671/858/3423 3696/902/3458
f 3698/912/3461 3697/914/3484 3700/913/3462
f 3699/915/3463 3700/913/3462 3702/916/3464
f 3701/917/3465 3702/916/3464 3704/918/3466
f 3703/919/3467 3704/918/3466 3706/920/3468
f 3705/921/3469 3706/923/3468 3708/922/3470
f 3707/924/3471 3708/922/3470 3710/925/3472
f 3709/926/3473 3710/925/3472 3712/927/3474
f 3711/928/3475 3712/930/3474 3714/929/3476
f 3713/931/3477 3714/929/3476 3716/932/3478
f 3715/933/3479 3716/935/3478 3718/934/3480
f 3717/936/3481 3718/934/3480 3720/937/3482
f 3719/938/3483 3720/937/3482 3697/939/3484
f 3720/937/3482 3695/904/3459 3674/876/3437
f 3697/914/3484 3674/940/3437 3675/879/3439
f 3700/913/3462 3675/879/3439 3677/882/3441
f 3702/916/3464 3677/882/3441 3679/884/3443
f 3704/918/3466 3679/884/3443 3681/941/3445
f 3706/923/3468 3681/942/3445 3683/889/3447
f 3708/922/3470 3683/889/3447 3685/892/3449
f 3710/925/3472 3685/892/3449 3687/894/3451
f 3712/930/3474 3687/943/3451 3689/896/3453
f 3714/929/3476 3689/896/3453 3691/899/3455
f 3716/932/3478 3691/899/3455 3693/944/3457
f 3693/901/3457 3695/904/3459 3720/937/3482
f 3722/945/3485 3721/947/3508 3724/946/3486
f 3723/948/3487 3724/946/3486 3726/949/3488
f 3725/950/3489 3726/949/3488 3728/951/3490
f 3727/952/3491 3728/954/3490 3730/953/3492
f 3729/955/3493 3730/953/3492 3732/956/3494
f 3731/957/3495 3732/956/3494 3734/958/3496
f 3733/959/3497 3734/958/3496 3736/960/3498
f 3735/961/3499 3736/963/3498 3738/962/3500
f 3737/964/3501 3738/962/3500 3740/965/3502
f 3739/966/3503 3740/965/3502 3742/967/3504
f 3741/968/3505 3742/967/3504 3744/969/3506
f 3743/970/3507 3744/971/3506 3721/947/3508
f 3576/972/3509 3743/970/3507 3722/945/3485
f 3744/971/3506 3719/974/3483 3698/973/3461
f 3565/975/3510 3722/945/3485 3723/948/3487
f 3721/947/3508 3698/973/3461 3699/976/3463
f 3723/948/3487 3725/950/3489 3567/977/3512
f 3724/946/3486 3699/976/3463 3701/979/3465
f 3725/950/3489 3727/1011/3491 3568/980/3513
f 3726/949/3488 3701/979/3465 3703/981/3467
f 3727/952/3491 3729/955/3493 3569/982/3514
f 3728/954/3490 3703/984/3467 3705/921/3469
f 3729/955/3493 3731/957/3495 3570/985/3515
f 3730/953/3492 3705/921/3469 3707/924/3471
f 3731/957/3495 3733/959/3497 3571/986/3516
f 3732/956/3494 3707/924/3471 3709/926/3473
f 3733/988/3497 3735/961/3499 3572/987/3517
f 3734/958/3496 3709/926/3473 3711/990/3475
f 3572/987/3517 3735/961/3499 3737/964/3501
f 3736/991/3498 3711/928/3475 3713/931/3477
f 3573/992/3518 3737/964/3501 3739/966/3503
f 3738/962/3500 3713/993/3477 3715/933/3479
f 3574/994/3519 3739/966/3503 3741/968/3505
f 3740/965/3502 3715/933/3479 3717/936/3481
f 3575/995/3520 3741/968/3505 3743/996/3507
f 3742/967/3504 3717/936/3481 3719/938/3483
o Vert.004
v -1.318984 -1.051592 -0.085890
v -1.317428 -1.087522 -0.048659
v -1.315448 -1.100005 0.001538
v -1.313574 -1.085699 0.051250
v -1.312309 -1.048435 0.087157
v -1.311991 -0.998200 0.099639
v -1.312706 -0.948453 0.085349
v -1.314262 -0.912523 0.048118
v -1.316242 -0.900040 -0.002079
v -1.318116 -0.914346 -0.051792
v -1.319381 -0.951609 -0.087699
v -1.319699 -1.001845 -0.100180
v -1.319347 -1.057551 -0.095782
v -1.317611 -1.097631 -0.054250
v -1.315402 -1.111557 0.001747
v -1.313312 -1.095598 0.057203
v -1.311900 -1.054029 0.097259
v -1.311546 -0.997989 0.111182
v -1.312343 -0.942494 0.095241
v -1.314079 -0.902414 0.053708
v -1.316288 -0.888488 -0.002288
v -1.318378 -0.904447 -0.057744
v -1.319789 -0.946016 -0.097800
v -1.320144 -1.002056 -0.111723
v -1.371541 -1.056275 -0.091360
v -1.369848 -1.095347 -0.050872
v -1.367695 -1.108923 0.003716
v -1.365657 -1.093365 0.057777
v -1.364282 -1.052842 0.096825
v -1.363936 -0.998211 0.110398
v -1.364713 -0.944112 0.094859
v -1.366405 -0.905040 0.054370
v -1.368559 -0.891464 0.000000
v -1.370597 -0.907022 -0.054279
v -1.371972 -0.947545 -0.093327
v -1.372318 -1.002176 -0.106900
v -0.604004 -0.254519 -0.081928
v -0.614806 -0.220217 -0.044697
v -0.619950 -0.208671 0.005500
v -0.618057 -0.222975 0.055212
v -0.609634 -0.259296 0.091119
v -0.596940 -0.307902 0.103600
v -0.583374 -0.355769 0.089311
v -0.572571 -0.390072 0.052079
v -0.567428 -0.401618 0.001883
v -0.569320 -0.387313 -0.047830
v -0.577743 -0.350993 -0.083737
v -0.590438 -0.302386 -0.096218
v -0.605196 -0.248670 -0.091821
v -0.617246 -0.210405 -0.050288
v -0.622984 -0.197525 0.005709
v -0.620872 -0.213481 0.061165
v -0.611477 -0.253999 0.101221
v -0.597315 -0.308221 0.115144
v -0.582182 -0.361619 0.099203
v -0.570131 -0.399884 0.057670
v -0.564393 -0.412764 0.001674
v -0.566505 -0.396807 -0.053782
v -0.575901 -0.356290 -0.093838
v -0.590062 -0.302068 -0.107761
v -0.557161 -0.239723 -0.085794
v -0.568422 -0.203966 -0.046984
v -0.573784 -0.191930 0.005343
v -0.571811 -0.206841 0.057164
v -0.563031 -0.244703 0.094595
v -0.549797 -0.295371 0.107605
v -0.535656 -0.345269 0.092710
v -0.524395 -0.381027 0.053899
v -0.519033 -0.393062 0.001572
v -0.521007 -0.378152 -0.050249
v -0.529787 -0.340290 -0.087680
v -0.543020 -0.289621 -0.100690
v -0.654078 -0.417199 -0.051662
v -0.716188 -0.452580 -0.054890
v -0.760993 -0.491968 -0.057586
v -0.793945 -0.535659 -0.059871
v -0.818990 -0.584696 -0.061818
v -0.838726 -0.639392 -0.063410
v -0.855511 -0.699008 -0.064574
v -0.872249 -0.762309 -0.065217
v -0.892731 -0.828001 -0.065230
v -0.921827 -0.894427 -0.064476
v -0.965025 -0.958265 -0.062818
v -1.026186 -1.013641 -0.060234
v -1.105508 -1.054717 -0.056902
v -1.201983 -1.079232 -0.053028
v -1.197950 -1.091409 -0.002881
v -1.098996 -1.066089 -0.006830
v -1.017054 -1.023476 -0.010248
v -0.953769 -0.966000 -0.012897
v -0.909337 -0.900135 -0.014577
v -0.879765 -0.832330 -0.015314
v -0.859248 -0.766086 -0.015266
v -0.842718 -0.703020 -0.014588
v -0.826355 -0.644351 -0.013402
v -0.807355 -0.591223 -0.011813
v -0.783523 -0.544201 -0.009900
v -0.752366 -0.502631 -0.007679
v -0.709805 -0.465043 -0.005061
v -0.650038 -0.430868 -0.001902
v -1.198194 -1.077140 0.046873
v -1.101996 -1.052416 0.043000
v -1.023228 -1.011323 0.039681
v -0.962813 -0.956254 0.037121
v -0.920374 -0.893032 0.035485
v -0.891935 -0.827393 0.034745
v -0.872012 -0.762529 0.034761
v -0.855783 -0.700029 0.035399
v -0.839502 -0.641151 0.036551
v -0.820298 -0.587092 0.038126
v -0.795814 -0.538534 0.040054
v -0.763407 -0.495104 0.042323
v -0.719046 -0.455742 0.045010
v -0.657214 -0.420207 0.048239
v -1.202648 -1.040246 0.082905
v -1.113704 -1.017361 0.079235
v -1.043054 -0.980439 0.076175
v -0.989736 -0.931639 0.073834
v -0.951981 -0.875020 0.072296
v -0.925981 -0.814515 0.071534
v -0.907123 -0.752593 0.071461
v -0.891204 -0.690835 0.071994
v -0.874643 -0.630651 0.073065
v -0.854352 -0.573410 0.074617
v -0.827524 -0.520176 0.076607
v -0.791160 -0.471403 0.079022
v -0.741436 -0.427171 0.081906
v -0.673683 -0.388072 0.085324
v -1.210120 -0.990615 0.095558
v -1.130983 -0.970316 0.092167
v -1.071220 -0.939097 0.089456
v -1.027323 -0.898750 0.087406
v -0.995688 -0.850925 0.085993
v -0.972778 -0.797144 0.085197
v -0.955171 -0.738938 0.085000
v -0.939491 -0.677902 0.085390
v -0.922362 -0.615663 0.086356
v -0.900391 -0.553843 0.087884
v -0.870156 -0.494048 0.089964
v -0.828186 -0.437880 0.092586
v -0.770975 -0.386984 0.095742
v -0.695033 -0.343075 0.099418
v -1.218607 -0.941544 0.081443
v -1.149203 -0.923889 0.078331
v -1.100178 -0.898377 0.075964
v -1.065502 -0.866400 0.074198
v -1.039784 -0.827204 0.072906
v -1.019789 -0.779936 0.072070
v -1.003282 -0.725224 0.071749
v -0.987705 -0.664696 0.071999
v -0.969873 -0.600203 0.072862
v -0.946080 -0.533634 0.074370
v -0.912287 -0.467148 0.076546
v -0.864566 -0.403516 0.079379
v -0.799748 -0.345950 0.082809
v -0.715542 -0.297272 0.086744
v -1.225836 -0.906182 0.044342
v -1.163483 -0.890518 0.041433
v -1.122171 -0.869189 0.039314
v -1.094044 -0.843258 0.037751
v -1.072455 -0.810213 0.036541
v -1.054416 -0.767502 0.035673
v -1.038566 -0.715126 0.035260
v -1.022928 -0.654754 0.035408
v -1.004446 -0.588415 0.036199
v -0.979176 -0.518198 0.037698
v -0.942628 -0.446687 0.039949
v -0.890551 -0.377520 0.042941
v -0.820046 -0.315063 0.046574
v -0.729716 -0.262936 0.050698
v -1.229869 -0.894005 -0.005805
v -1.169995 -0.879145 -0.008640
v -1.131303 -0.859354 -0.010672
v -1.105301 -0.835523 -0.012169
v -1.084945 -0.804504 -0.013358
v -1.067382 -0.763173 -0.014242
v -1.051567 -0.711350 -0.014691
v -1.035721 -0.650742 -0.014578
v -1.016816 -0.583456 -0.013809
v -0.990811 -0.511671 -0.012307
v -0.953049 -0.438145 -0.010022
v -0.899179 -0.366857 -0.006965
v -0.826430 -0.302601 -0.003255
v -0.733757 -0.249267 0.000938
v -1.229626 -0.908275 -0.055560
v -1.166995 -0.892819 -0.058470
v -1.125129 -0.871507 -0.060602
v -1.096256 -0.845270 -0.062187
v -1.073908 -0.811608 -0.063420
v -1.055211 -0.768109 -0.064301
v -1.038802 -0.714906 -0.064719
v -1.022657 -0.653733 -0.064565
v -1.003670 -0.586656 -0.063762
v -0.977868 -0.515802 -0.062246
v -0.940758 -0.443813 -0.059976
v -0.888137 -0.374385 -0.056967
v -0.817189 -0.311901 -0.053326
v -0.726581 -0.259928 -0.049203
v -1.225171 -0.945168 -0.091591
v -1.155286 -0.927874 -0.094705
v -1.105302 -0.902391 -0.097096
v -1.069334 -0.869884 -0.098901
v -1.042302 -0.829620 -0.100232
v -1.021166 -0.780988 -0.101091
v -1.003692 -0.724843 -0.101419
v -0.987235 -0.662927 -0.101160
v -0.968529 -0.597156 -0.100276
v -0.943814 -0.529484 -0.098738
v -0.909048 -0.462170 -0.096529
v -0.860385 -0.398085 -0.093667
v -0.794799 -0.340472 -0.090222
v -0.710112 -0.292063 -0.086288
v -1.217700 -0.994799 -0.104244
v -1.138007 -0.974918 -0.107637
v -1.077137 -0.943733 -0.110376
v -1.031747 -0.902773 -0.112472
v -0.998595 -0.853715 -0.113929
v -0.974369 -0.798359 -0.114753
v -0.955644 -0.738497 -0.114957
v -0.938948 -0.675860 -0.114556
v -0.920810 -0.612145 -0.113567
v -0.897774 -0.549051 -0.112004
v -0.866417 -0.488299 -0.109886
v -0.823359 -0.431609 -0.107230
v -0.765260 -0.380659 -0.104057
v -0.688762 -0.337060 -0.100382
v -1.209212 -1.043870 -0.090129
v -1.119787 -1.021346 -0.093800
v -1.048178 -0.984452 -0.096884
v -0.993567 -0.935123 -0.099264
v -0.954498 -0.877435 -0.100841
v -0.927358 -0.815567 -0.101627
v -0.907532 -0.752211 -0.101706
v -0.890734 -0.689067 -0.101165
v -0.873299 -0.627604 -0.100073
v -0.852086 -0.569260 -0.098490
v -0.824286 -0.515198 -0.096468
v -0.786979 -0.465972 -0.094024
v -0.736486 -0.421694 -0.091125
v -0.668253 -0.382864 -0.087708
v -1.318984 -1.051592 0.085890
v -1.317428 -1.087522 0.048659
v -1.315448 -1.100005 -0.001538
v -1.313574 -1.085699 -0.051250
v -1.312309 -1.048435 -0.087157
v -1.311991 -0.998200 -0.099639
v -1.312706 -0.948453 -0.085349
v -1.314262 -0.912523 -0.048118
v -1.316242 -0.900040 0.002079
v -1.318116 -0.914346 0.051792
v -1.319381 -0.951609 0.087699
v -1.319699 -1.001845 0.100180
v -1.319347 -1.057551 0.095782
v -1.317611 -1.097631 0.054250
v -1.315402 -1.111557 -0.001747
v -1.313312 -1.095598 -0.057203
v -1.311900 -1.054029 -0.097259
v -1.311546 -0.997989 -0.111182
v -1.312343 -0.942494 -0.095241
v -1.314079 -0.902414 -0.053708
v -1.316288 -0.888488 0.002288
v -1.318378 -0.904447 0.057744
v -1.319789 -0.946016 0.097800
v -1.320144 -1.002056 0.111723
v -1.371541 -1.056275 0.091360
v -1.369848 -1.095347 0.050872
v -1.367695 -1.108923 -0.003716
v -1.365657 -1.093365 -0.057777
v -1.364282 -1.052842 -0.096825
v -1.363936 -0.998211 -0.110398
v -1.364713 -0.944112 -0.094859
v -1.366405 -0.905040 -0.054370
v -1.370597 -0.907022 0.054279
v -1.371972 -0.947545 0.093327
v -1.372318 -1.002176 0.106900
v -0.604004 -0.254519 0.081928
v -0.614806 -0.220217 0.044697
v -0.619950 -0.208671 -0.005500
v -0.618057 -0.222975 -0.055212
v -0.609634 -0.259296 -0.091119
v -0.596940 -0.307902 -0.103600
v -0.583374 -0.355769 -0.089311
v -0.572571 -0.390072 -0.052079
v -0.567428 -0.401618 -0.001883
v -0.569320 -0.387313 0.047830
v -0.577743 -0.350993 0.083737
v -0.590438 -0.302386 0.096218
v -0.605196 -0.248670 0.091821
v -0.617246 -0.210405 0.050288
v -0.622984 -0.197525 -0.005709
v -0.620872 -0.213481 -0.061165
v -0.611477 -0.253999 -0.101221
v -0.597315 -0.308221 -0.115144
v -0.582182 -0.361619 -0.099203
v -0.570131 -0.399884 -0.057670
v -0.564393 -0.412764 -0.001674
v -0.566505 -0.396807 0.053782
v -0.575901 -0.356290 0.093838
v -0.590062 -0.302068 0.107761
v -0.557161 -0.239723 0.085794
v -0.568422 -0.203966 0.046984
v -0.573784 -0.191930 -0.005343
v -0.571811 -0.206841 -0.057164
v -0.563031 -0.244703 -0.094595
v -0.549797 -0.295371 -0.107605
v -0.535656 -0.345269 -0.092710
v -0.524395 -0.381027 -0.053899
v -0.519033 -0.393062 -0.001572
v -0.521007 -0.378152 0.050249
v -0.529787 -0.340290 0.087680
v -0.543020 -0.289621 0.100690
v -0.654078 -0.417199 0.051662
v -0.716188 -0.452580 0.054890
v -0.760993 -0.491968 0.057586
v -0.793945 -0.535659 0.059871
v -0.818990 -0.584696 0.061818
v -0.838726 -0.639392 0.063410
v -0.855511 -0.699008 0.064574
v -0.872249 -0.762309 0.065217
v -0.892731 -0.828001 0.065230
v -0.921827 -0.894427 0.064476
v -0.965025 -0.958265 0.062818
v -1.026186 -1.013641 0.060234
v -1.105508 -1.054717 0.056902
v -1.201983 -1.079232 0.053028
v -1.197950 -1.091409 0.002881
v -1.098996 -1.066089 0.006830
v -1.017054 -1.023476 0.010248
v -0.953769 -0.966000 0.012897
v -0.909337 -0.900135 0.014577
v -0.879765 -0.832330 0.015314
v -0.859248 -0.766086 0.015266
v -0.842718 -0.703020 0.014588
v -0.826355 -0.644351 0.013402
v -0.807355 -0.591223 0.011813
v -0.783523 -0.544201 0.009900
v -0.752366 -0.502631 0.007679
v -0.709805 -0.465043 0.005061
v -0.650038 -0.430868 0.001902
v -1.198194 -1.077140 -0.046873
v -1.101996 -1.052416 -0.043000
v -1.023228 -1.011323 -0.039681
v -0.962813 -0.956254 -0.037121
v -0.920374 -0.893032 -0.035485
v -0.891935 -0.827393 -0.034745
v -0.872012 -0.762529 -0.034761
v -0.855783 -0.700029 -0.035399
v -0.839502 -0.641151 -0.036551
v -0.820298 -0.587092 -0.038126
v -0.795814 -0.538534 -0.040054
v -0.763407 -0.495104 -0.042323
v -0.719046 -0.455742 -0.045010
v -0.657214 -0.420207 -0.048239
v -1.202648 -1.040246 -0.082905
v -1.113704 -1.017361 -0.079235
v -1.043054 -0.980439 -0.076175
v -0.989736 -0.931639 -0.073834
v -0.951981 -0.875020 -0.072296
v -0.925981 -0.814515 -0.071534
v -0.907123 -0.752593 -0.071461
v -0.891204 -0.690835 -0.071994
v -0.874643 -0.630651 -0.073065
v -0.854352 -0.573410 -0.074617
v -0.827524 -0.520176 -0.076607
v -0.791160 -0.471403 -0.079022
v -0.741436 -0.427171 -0.081906
v -0.673683 -0.388072 -0.085324
v -1.210120 -0.990615 -0.095558
v -1.130983 -0.970316 -0.092167
v -1.071220 -0.939097 -0.089456
v -1.027323 -0.898750 -0.087406
v -0.995688 -0.850925 -0.085993
v -0.972778 -0.797144 -0.085197
v -0.955171 -0.738938 -0.085000
v -0.939491 -0.677902 -0.085390
v -0.922362 -0.615663 -0.086356
v -0.900391 -0.553843 -0.087884
v -0.870156 -0.494048 -0.089964
v -0.828186 -0.437880 -0.092586
v -0.770975 -0.386984 -0.095742
v -0.695033 -0.343075 -0.099418
v -1.218607 -0.941544 -0.081443
v -1.149203 -0.923889 -0.078331
v -1.100178 -0.898377 -0.075964
v -1.065502 -0.866400 -0.074198
v -1.039784 -0.827204 -0.072906
v -1.019789 -0.779936 -0.072070
v -1.003282 -0.725224 -0.071749
v -0.987705 -0.664696 -0.071999
v -0.969873 -0.600203 -0.072862
v -0.946080 -0.533634 -0.074370
v -0.912287 -0.467148 -0.076546
v -0.864566 -0.403516 -0.079379
v -0.799748 -0.345950 -0.082809
v -0.715542 -0.297272 -0.086744
v -1.225836 -0.906182 -0.044342
v -1.163483 -0.890518 -0.041433
v -1.122171 -0.869189 -0.039314
v -1.094044 -0.843258 -0.037751
v -1.072455 -0.810213 -0.036541
v -1.054416 -0.767502 -0.035673
v -1.038566 -0.715126 -0.035260
v -1.022928 -0.654754 -0.035408
v -1.004446 -0.588415 -0.036199
v -0.979176 -0.518198 -0.037698
v -0.942628 -0.446687 -0.039949
v -0.890551 -0.377520 -0.042941
v -0.820046 -0.315063 -0.046574
v -0.729716 -0.262936 -0.050698
v -1.229869 -0.894005 0.005805
v -1.169995 -0.879145 0.008640
v -1.131303 -0.859354 0.010672
v -1.105301 -0.835523 0.012169
v -1.084945 -0.804504 0.013358
v -1.067382 -0.763173 0.014242
v -1.051567 -0.711350 0.014691
v -1.035721 -0.650742 0.014578
v -1.016816 -0.583456 0.013809
v -0.990811 -0.511671 0.012307
v -0.953049 -0.438145 0.010022
v -0.899179 -0.366857 0.006965
v -0.826430 -0.302601 0.003255
v -0.733757 -0.249267 -0.000938
v -1.229626 -0.908275 0.055560
v -1.166995 -0.892819 0.058470
v -1.125129 -0.871507 0.060602
v -1.096256 -0.845270 0.062187
v -1.073908 -0.811608 0.063420
v -1.055211 -0.768109 0.064301
v -1.038802 -0.714906 0.064719
v -1.022657 -0.653733 0.064565
v -1.003670 -0.586656 0.063762
v -0.977868 -0.515802 0.062246
v -0.940758 -0.443813 0.059976
v -0.888137 -0.374385 0.056967
v -0.817189 -0.311901 0.053326
v -0.726581 -0.259928 0.049203
v -1.225171 -0.945168 0.091591
v -1.155286 -0.927874 0.094705
v -1.105302 -0.902391 0.097096
v -1.069334 -0.869884 0.098901
v -1.042302 -0.829620 0.100232
v -1.021166 -0.780988 0.101091
v -1.003692 -0.724843 0.101419
v -0.987235 -0.662927 0.101160
v -0.968529 -0.597156 0.100276
v -0.943814 -0.529484 0.098738
v -0.909048 -0.462170 0.096529
v -0.860385 -0.398085 0.093667
v -0.794799 -0.340472 0.090222
v -0.710112 -0.292063 0.086288
v -1.217700 -0.994799 0.104244
v -1.138007 -0.974918 0.107637
v -1.077137 -0.943733 0.110376
v -1.031747 -0.902773 0.112472
v -0.998595 -0.853715 0.113929
v -0.974369 -0.798359 0.114753
v -0.955644 -0.738497 0.114957
v -0.938948 -0.675860 0.114556
v -0.920810 -0.612145 0.113567
v -0.897774 -0.549051 0.112004
v -0.866417 -0.488299 0.109886
v -0.823359 -0.431609 0.107230
v -0.765260 -0.380659 0.104057
v -0.688762 -0.337060 0.100382
v -1.209212 -1.043870 0.090129
v -1.119787 -1.021346 0.093800
v -1.048178 -0.984452 0.096884
v -0.993567 -0.935123 0.099264
v -0.954498 -0.877435 0.100841
v -0.927358 -0.815567 0.101627
v -0.907532 -0.752211 0.101706
v -0.890734 -0.689067 0.101165
v -0.873299 -0.627604 0.100073
v -0.852086 -0.569260 0.098490
v -0.824286 -0.515198 0.096468
v -0.786979 -0.465972 0.094024
v -0.736486 -0.421694 0.091125
v -0.668253 -0.382864 0.087708
v -1.318984 1.051592 -0.085890
v -1.317428 1.087522 -0.048659
v -1.315448 1.100005 0.001538
v -1.313574 1.085699 0.051250
v -1.312309 1.048435 0.087157
v -1.311991 0.998200 0.099639
v -1.312706 0.948453 0.085349
v -1.314262 0.912523 0.048118
v -1.316242 0.900040 -0.002079
v -1.318116 0.914346 -0.051792
v -1.319381 0.951609 -0.087699
v -1.319699 1.001845 -0.100180
v -1.319347 1.057551 -0.095782
v -1.317611 1.097631 -0.054250
v -1.315402 1.111557 0.001747
v -1.313312 1.095598 0.057203
v -1.311900 1.054029 0.097259
v -1.311546 0.997989 0.111182
v -1.312343 0.942494 0.095241
v -1.314079 0.902414 0.053708
v -1.316288 0.888488 -0.002288
v -1.318378 0.904447 -0.057744
v -1.319789 0.946016 -0.097800
v -1.320144 1.002056 -0.111723
v -1.371541 1.056275 -0.091360
v -1.369848 1.095347 -0.050872
v -1.367695 1.108923 0.003716
v -1.365657 1.093365 0.057777
v -1.364282 1.052842 0.096825
v -1.363936 0.998211 0.110398
v -1.364713 0.944112 0.094859
v -1.366405 0.905040 0.054370
v -1.368559 0.891464 0.000000
v -1.370597 0.907022 -0.054279
v -1.371972 0.947545 -0.093327
v -1.372318 1.002176 -0.106900
v -0.604004 0.254519 -0.081928
v -0.614806 0.220217 -0.044697
v -0.619950 0.208671 0.005500
v -0.618057 0.222975 0.055212
v -0.609634 0.259296 0.091119
v -0.596940 0.307902 0.103600
v -0.583374 0.355769 0.089311
v -0.572571 0.390072 0.052079
v -0.567428 0.401618 0.001883
v -0.569320 0.387313 -0.047830
v -0.577743 0.350993 -0.083737
v -0.590438 0.302386 -0.096218
v -0.605196 0.248670 -0.091821
v -0.617246 0.210405 -0.050288
v -0.622984 0.197525 0.005709
v -0.620872 0.213481 0.061165
v -0.611477 0.253999 0.101221
v -0.597315 0.308221 0.115144
v -0.582182 0.361619 0.099203
v -0.570131 0.399884 0.057670
v -0.564393 0.412764 0.001674
v -0.566505 0.396807 -0.053782
v -0.575901 0.356290 -0.093838
v -0.590062 0.302068 -0.107761
v -0.557161 0.239723 -0.085794
v -0.568422 0.203966 -0.046984
v -0.573784 0.191930 0.005343
v -0.571811 0.206841 0.057164
v -0.563031 0.244703 0.094595
v -0.549797 0.295371 0.107605
v -0.535656 0.345269 0.092710
v -0.524395 0.381027 0.053899
v -0.519033 0.393062 0.001572
v -0.521007 0.378152 -0.050249
v -0.529787 0.340290 -0.087680
v -0.543020 0.289621 -0.100690
v -0.654078 0.417199 -0.051662
v -0.716188 0.452580 -0.054890
v -0.760993 0.491968 -0.057586
v -0.793945 0.535659 -0.059871
v -0.818990 0.584696 -0.061818
v -0.838726 0.639392 -0.063410
v -0.855511 0.699008 -0.064574
v -0.872249 0.762309 -0.065217
v -0.892731 0.828001 -0.065230
v -0.921827 0.894427 -0.064476
v -0.965025 0.958265 -0.062818
v -1.026186 1.013641 -0.060234
v -1.105508 1.054717 -0.056902
v -1.201983 1.079232 -0.053028
v -1.197950 1.091409 -0.002881
v -1.098996 1.066089 -0.006830
v -1.017054 1.023476 -0.010248
v -0.953769 0.966000 -0.012897
v -0.909337 0.900135 -0.014577
v -0.879765 0.832330 -0.015314
v -0.859248 0.766086 -0.015266
v -0.842718 0.703020 -0.014588
v -0.826355 0.644351 -0.013402
v -0.807355 0.591223 -0.011813
v -0.783523 0.544201 -0.009900
v -0.752366 0.502631 -0.007679
v -0.709805 0.465043 -0.005061
v -0.650038 0.430868 -0.001902
v -1.198194 1.077140 0.046873
v -1.101996 1.052416 0.043000
v -1.023228 1.011323 0.039681
v -0.962813 0.956254 0.037121
v -0.920374 0.893032 0.035485
v -0.891935 0.827393 0.034745
v -0.872012 0.762529 0.034761
v -0.855783 0.700029 0.035399
v -0.839502 0.641151 0.036551
v -0.820298 0.587092 0.038126
v -0.795814 0.538534 0.040054
v -0.763407 0.495104 0.042323
v -0.719046 0.455742 0.045010
v -0.657214 0.420207 0.048239
v -1.202648 1.040246 0.082905
v -1.113704 1.017361 0.079235
v -1.043054 0.980439 0.076175
v -0.989736 0.931639 0.073834
v -0.951981 0.875020 0.072296
v -0.925981 0.814515 0.071534
v -0.907123 0.752593 0.071461
v -0.891204 0.690835 0.071994
v -0.874643 0.630651 0.073065
v -0.854352 0.573410 0.074617
v -0.827524 0.520176 0.076607
v -0.791160 0.471403 0.079022
v -0.741436 0.427171 0.081906
v -0.673683 0.388072 0.085324
v -1.210120 0.990615 0.095558
v -1.130983 0.970316 0.092167
v -1.071220 0.939097 0.089456
v -1.027323 0.898750 0.087406
v -0.995688 0.850925 0.085993
v -0.972778 0.797144 0.085197
v -0.955171 0.738938 0.085000
v -0.939491 0.677902 0.085390
v -0.922362 0.615663 0.086356
v -0.900391 0.553843 0.087884
v -0.870156 0.494048 0.089964
v -0.828186 0.437880 0.092586
v -0.770975 0.386984 0.095742
v -0.695033 0.343075 0.099418
v -1.218607 0.941544 0.081443
v -1.149203 0.923889 0.078331
v -1.100178 0.898377 0.075964
v -1.065502 0.866400 0.074198
v -1.039784 0.827204 0.072906
v -1.019789 0.779936 0.072070
v -1.003282 0.725224 0.071749
v -0.987705 0.664696 0.071999
v -0.969873 0.600203 0.072862
v -0.946080 0.533634 0.074370
v -0.912287 0.467148 0.076546
v -0.864566 0.403516 0.079379
v -0.799748 0.345950 0.082809
v -0.715542 0.297272 0.086744
v -1.225836 0.906182 0.044342
v -1.163483 0.890518 0.041433
v -1.122171 0.869189 0.039314
v -1.094044 0.843258 0.037751
v -1.072455 0.810213 0.036541
v -1.054416 0.767502 0.035673
v -1.038566 0.715126 0.035260
v -1.022928 0.654754 0.035408
v -1.004446 0.588415 0.036199
v -0.979176 0.518198 0.037698
v -0.942628 0.446687 0.039949
v -0.890551 0.377520 0.042941
v -0.820046 0.315063 0.046574
v -0.729716 0.262936 0.050698
v -1.229869 0.894005 -0.005805
v -1.169995 0.879145 -0.008640
v -1.131303 0.859354 -0.010672
v -1.105301 0.835523 -0.012169
v -1.084945 0.804504 -0.013358
v -1.067382 0.763173 -0.014242
v -1.051567 0.711350 -0.014691
v -1.035721 0.650742 -0.014578
v -1.016816 0.583456 -0.013809
v -0.990811 0.511671 -0.012307
v -0.953049 0.438145 -0.010022
v -0.899179 0.366857 -0.006965
v -0.826430 0.302601 -0.003255
v -0.733757 0.249267 0.000938
v -1.229626 0.908275 -0.055560
v -1.166995 0.892819 -0.058470
v -1.125129 0.871507 -0.060602
v -1.096256 0.845270 -0.062187
v -1.073908 0.811608 -0.063420
v -1.055211 0.768109 -0.064301
v -1.038802 0.714906 -0.064719
v -1.022657 0.653733 -0.064565
v -1.003670 0.586656 -0.063762
v -0.977868 0.515802 -0.062246
v -0.940758 0.443813 -0.059976
v -0.888137 0.374385 -0.056967
v -0.817189 0.311901 -0.053326
v -0.726581 0.259928 -0.049203
v -1.225171 0.945168 -0.091591
v -1.155286 0.927874 -0.094705
v -1.105302 0.902391 -0.097096
v -1.069334 0.869884 -0.098901
v -1.042302 0.829620 -0.100232
v -1.021166 0.780988 -0.101091
v -1.003692 0.724843 -0.101419
v -0.987235 0.662927 -0.101160
v -0.968529 0.597156 -0.100276
v -0.943814 0.529484 -0.098738
v -0.909048 0.462170 -0.096529
v -0.860385 0.398085 -0.093667
v -0.794799 0.340472 -0.090222
v -0.710112 0.292063 -0.086288
v -1.217700 0.994799 -0.104244
v -1.138007 0.974918 -0.107637
v -1.077137 0.943733 -0.110376
v -1.031747 0.902773 -0.112472
v -0.998595 0.853715 -0.113929
v -0.974369 0.798359 -0.114753
v -0.955644 0.738497 -0.114957
v -0.938948 0.675860 -0.114556
v -0.920810 0.612145 -0.113567
v -0.897774 0.549051 -0.112004
v -0.866417 0.488299 -0.109886
v -0.823359 0.431609 -0.107230
v -0.765260 0.380659 -0.104057
v -0.688762 0.337060 -0.100382
v -1.209212 1.043870 -0.090129
v -1.119787 1.021346 -0.093800
v -1.048178 0.984452 -0.096884
v -0.993567 0.935123 -0.099264
v -0.954498 0.877435 -0.100841
v -0.927358 0.815567 -0.101627
v -0.907532 0.752211 -0.101706
v -0.890734 0.689067 -0.101165
v -0.873299 0.627604 -0.100073
v -0.852086 0.569260 -0.098490
v -0.824286 0.515198 -0.096468
v -0.786979 0.465972 -0.094024
v -0.736486 0.421694 -0.091125
v -0.668253 0.382864 -0.087708
v -1.318984 1.051592 0.085890
v -1.317428 1.087522 0.048659
v -1.315448 1.100005 -0.001538
v -1.313574 1.085699 -0.051250
v -1.312309 1.048435 -0.087157
v -1.311991 0.998200 -0.099639
v -1.312706 0.948453 -0.085349
v -1.314262 0.912523 -0.048118
v -1.316242 0.900040 0.002079
v -1.318116 0.914346 0.051792
v -1.319381 0.951609 0.087699
v -1.319699 1.001845 0.100180
v -1.319347 1.057551 0.095782
v -1.317611 1.097631 0.054250
v -1.315402 1.111557 -0.001747
v -1.313312 1.095598 -0.057203
v -1.311900 1.054029 -0.097259
v -1.311546 0.997989 -0.111182
v -1.312343 0.942494 -0.095241
v -1.314079 0.902414 -0.053708
v -1.316288 0.888488 0.002288
v -1.318378 0.904447 0.057744
v -1.319789 0.946016 0.097800
v -1.320144 1.002056 0.111723
v -1.371541 1.056275 0.091360
v -1.369848 1.095347 0.050872
v -1.367695 1.108923 -0.003716
v -1.365657 1.093365 -0.057777
v -1.364282 1.052842 -0.096825
v -1.363936 0.998211 -0.110398
v -1.364713 0.944112 -0.094859
v -1.366405 0.905040 -0.054370
v -1.370597 0.907022 0.054279
v -1.371972 0.947545 0.093327
v -1.372318 1.002176 0.106900
v -0.604004 0.254519 0.081928
v -0.614806 0.220217 0.044697
v -0.619950 0.208671 -0.005500
v -0.618057 0.222975 -0.055212
v -0.609634 0.259296 -0.091119
v -0.596940 0.307902 -0.103600
v -0.583374 0.355769 -0.089311
v -0.572571 0.390072 -0.052079
v -0.567428 0.401618 -0.001883
v -0.569320 0.387313 0.047830
v -0.577743 0.350993 0.083737
v -0.590438 0.302386 0.096218
v -0.605196 0.248670 0.091821
v -0.617246 0.210405 0.050288
v -0.622984 0.197525 -0.005709
v -0.620872 0.213481 -0.061165
v -0.611477 0.253999 -0.101221
v -0.597315 0.308221 -0.115144
v -0.582182 0.361619 -0.099203
v -0.570131 0.399884 -0.057670
v -0.564393 0.412764 -0.001674
v -0.566505 0.396807 0.053782
v -0.575901 0.356290 0.093838
v -0.590062 0.302068 0.107761
v -0.557161 0.239723 0.085794
v -0.568422 0.203966 0.046984
v -0.573784 0.191930 -0.005343
v -0.571811 0.206841 -0.057164
v -0.563031 0.244703 -0.094595
v -0.549797 0.295371 -0.107605
v -0.535656 0.345269 -0.092710
v -0.524395 0.381027 -0.053899
v -0.519033 0.393062 -0.001572
v -0.521007 0.378152 0.050249
v -0.529787 0.340290 0.087680
v -0.543020 0.289621 0.100690
v -0.654078 0.417199 0.051662
v -0.716188 0.452580 0.054890
v -0.760993 0.491968 0.057586
v -0.793945 0.535659 0.059871
v -0.818990 0.584696 0.061818
v -0.838726 0.639392 0.063410
v -0.855511 0.699008 0.064574
v -0.872249 0.762309 0.065217
v -0.892731 0.828001 0.065230
v -0.921827 0.894427 0.064476
v -0.965025 0.958265 0.062818
v -1.026186 1.013641 0.060234
v -1.105508 1.054717 0.056902
v -1.201983 1.079232 0.053028
v -1.197950 1.091409 0.002881
v -1.098996 1.066089 0.006830
v -1.017054 1.023476 0.010248
v -0.953769 0.966000 0.012897
v -0.909337 0.900135 0.014577
v -0.879765 0.832330 0.015314
v -0.859248 0.766086 0.015266
v -0.842718 0.703020 0.014588
v -0.826355 0.644351 0.013402
v -0.807355 0.591223 0.011813
v -0.783523 0.544201 0.009900
v -0.752366 0.502631 0.007679
v -0.709805 0.465043 0.005061
v -0.650038 0.430868 0.001902
v -1.198194 1.077140 -0.046873
v -1.101996 1.052416 -0.043000
v -1.023228 1.011323 -0.039681
v -0.962813 0.956254 -0.037121
v -0.920374 0.893032 -0.035485
v -0.891935 0.827393 -0.034745
v -0.872012 0.762529 -0.034761
v -0.855783 0.700029 -0.035399
v -0.839502 0.641151 -0.036551
v -0.820298 0.587092 -0.038126
v -0.795814 0.538534 -0.040054
v -0.763407 0.495104 -0.042323
v -0.719046 0.455742 -0.045010
v -0.657214 0.420207 -0.048239
v -1.202648 1.040246 -0.082905
v -1.113704 1.017361 -0.079235
v -1.043054 0.980439 -0.076175
v -0.989736 0.931639 -0.073834
v -0.951981 0.875020 -0.072296
v -0.925981 0.814515 -0.071534
v -0.907123 0.752593 -0.071461
v -0.891204 0.690835 -0.071994
v -0.874643 0.630651 -0.073065
v -0.854352 0.573410 -0.074617
v -0.827524 0.520176 -0.076607
v -0.791160 0.471403 -0.079022
v -0.741436 0.427171 -0.081906
v -0.673683 0.388072 -0.085324
v -1.210120 0.990615 -0.095558
v -1.130983 0.970316 -0.092167
v -1.071220 0.939097 -0.089456
v -1.027323 0.898750 -0.087406
v -0.995688 0.850925 -0.085993
v -0.972778 0.797144 -0.085197
v -0.955171 0.738938 -0.085000
v -0.939491 0.677902 -0.085390
v -0.922362 0.615663 -0.086356
v -0.900391 0.553843 -0.087884
v -0.870156 0.494048 -0.089964
v -0.828186 0.437880 -0.092586
v -0.770975 0.386984 -0.095742
v -0.695033 0.343075 -0.099418
v -1.218607 0.941544 -0.081443
v -1.149203 0.923889 -0.078331
v -1.100178 0.898377 -0.075964
v -1.065502 0.866400 -0.074198
v -1.039784 0.827204 -0.072906
v -1.019789 0.779936 -0.072070
v -1.003282 0.725224 -0.071749
v -0.987705 0.664696 -0.071999
v -0.969873 0.600203 -0.072862
v -0.946080 0.533634 -0.074370
v -0.912287 0.467148 -0.076546
v -0.864566 0.403516 -0.079379
v -0.799748 0.345950 -0.082809
v -0.715542 0.297272 -0.086744
v -1.225836 0.906182 -0.044342
v -1.163483 0.890518 -0.041433
v -1.122171 0.869189 -0.039314
v -1.094044 0.843258 -0.037751
v -1.072455 0.810213 -0.036541
v -1.054416 0.767502 -0.035673
v -1.038566 0.715126 -0.035260
v -1.022928 0.654754 -0.035408
v -1.004446 0.588415 -0.036199
v -0.979176 0.518198 -0.037698
v -0.942628 0.446687 -0.039949
v -0.890551 0.377520 -0.042941
v -0.820046 0.315063 -0.046574
v -0.729716 0.262936 -0.050698
v -1.229869 0.894005 0.005805
v -1.169995 0.879145 0.008640
v -1.131303 0.859354 0.010672
v -1.105301 0.835523 0.012169
v -1.084945 0.804504 0.013358
v -1.067382 0.763173 0.014242
v -1.051567 0.711350 0.014691
v -1.035721 0.650742 0.014578
v -1.016816 0.583456 0.013809
v -0.990811 0.511671 0.012307
v -0.953049 0.438145 0.010022
v -0.899179 0.366857 0.006965
v -0.826430 0.302601 0.003255
v -0.733757 0.249267 -0.000938
v -1.229626 0.908275 0.055560
v -1.166995 0.892819 0.058470
v -1.125129 0.871507 0.060602
v -1.096256 0.845270 0.062187
v -1.073908 0.811608 0.063420
v -1.055211 0.768109 0.064301
v -1.038802 0.714906 0.064719
v -1.022657 0.653733 0.064565
v -1.003670 0.586656 0.063762
v -0.977868 0.515802 0.062246
v -0.940758 0.443813 0.059976
v -0.888137 0.374385 0.056967
v -0.817189 0.311901 0.053326
v -0.726581 0.259928 0.049203
v -1.225171 0.945168 0.091591
v -1.155286 0.927874 0.094705
v -1.105302 0.902391 0.097096
v -1.069334 0.869884 0.098901
v -1.042302 0.829620 0.100232
v -1.021166 0.780988 0.101091
v -1.003692 0.724843 0.101419
v -0.987235 0.662927 0.101160
v -0.968529 0.597156 0.100276
v -0.943814 0.529484 0.098738
v -0.909048 0.462170 0.096529
v -0.860385 0.398085 0.093667
v -0.794799 0.340472 0.090222
v -0.710112 0.292063 0.086288
v -1.217700 0.994799 0.104244
v -1.138007 0.974918 0.107637
v -1.077137 0.943733 0.110376
v -1.031747 0.902773 0.112472
v -0.998595 0.853715 0.113929
v -0.974369 0.798359 0.114753
v -0.955644 0.738497 0.114957
v -0.938948 0.675860 0.114556
v -0.920810 0.612145 0.113567
v -0.897774 0.549051 0.112004
v -0.866417 0.488299 0.109886
v -0.823359 0.431609 0.107230
v -0.765260 0.380659 0.104057
v -0.688762 0.337060 0.100382
v -1.209212 1.043870 0.090129
v -1.119787 1.021346 0.093800
v -1.048178 0.984452 0.096884
v -0.993567 0.935123 0.099264
v -0.954498 0.877435 0.100841
v -0.927358 0.815567 0.101627
v -0.907532 0.752211 0.101706
v -0.890734 0.689067 0.101165
v -0.873299 0.627604 0.100073
v -0.852086 0.569260 0.098490
v -0.824286 0.515198 0.096468
v -0.786979 0.465972 0.094024
v -0.736486 0.421694 0.091125
v -0.668253 0.382864 0.087708
vn 0.9992 0.0033 -0.0386
vn -0.0182 -0.4836 0.8751
vn -0.0150 0.0180 0.9997
vn -0.9992 -0.0033 0.0386
vn -0.0849 -0.5151 -0.8529
vn -0.0920 -0.0184 -0.9956
vn -0.0495 -0.9986 0.0201
vn -0.0693 -0.8739 -0.4811
vn -0.0573 0.9982 -0.0164
vn -0.0765 0.8555 -0.5122
vn -0.0577 0.9982 -0.0145
vn -0.0222 0.5148 0.8570
vn -0.0308 -0.8557 0.5165
vn -0.0762 0.8554 -0.5124
vn -0.0888 0.4833 -0.8710
vn -0.0374 0.8735 0.4855
vn -0.0377 0.8733 0.4857
vn -0.9644 -0.2618 -0.0386
vn 0.0233 0.4969 0.8675
vn 0.1509 0.0218 0.9883
vn 0.0220 0.5017 0.8648
vn 0.9644 0.2618 0.0386
vn 0.1340 0.0558 -0.9894
vn 0.0079 0.5291 -0.8485
vn 0.1343 0.0543 -0.9894
vn -0.0842 0.8791 -0.4692
vn -0.1128 0.9935 0.0165
vn -0.0826 0.8731 -0.4805
vn 0.3612 -0.7860 -0.5018
vn 0.3983 -0.9171 -0.0196
vn 0.3984 -0.9172 -0.0056
vn 0.2758 -0.4470 0.8509
vn 0.1505 0.0231 0.9883
vn -0.1127 0.9932 0.0305
vn -0.0745 0.8575 0.5091
vn 0.2644 -0.4296 -0.8635
vn 0.3597 -0.7803 -0.5116
vn 0.3667 -0.7915 0.4890
vn 0.2776 -0.4538 0.8468
vn -0.0730 0.8518 0.5188
vn 0.2630 -0.4247 -0.8663
vn 0.0061 0.5360 -0.8442
vn 0.3682 -0.7976 0.4778
vn 0.3058 -0.7996 -0.5168
vn 0.4174 -0.9086 -0.0144
vn 0.3759 -0.7681 -0.5183
vn 0.3349 -0.9421 -0.0151
vn 0.3439 -0.7984 0.4942
vn 0.1356 -0.4874 0.8626
vn 0.2723 -0.8273 0.4913
vn -0.0375 -0.0159 0.9992
vn 0.1768 -0.4703 0.8646
vn -0.2001 0.4569 0.8667
vn -0.0377 -0.0168 0.9992
vn -0.3086 0.8052 0.5063
vn -0.2412 0.4379 0.8660
vn -0.4195 0.9077 0.0141
vn -0.3801 0.7744 0.5058
vn -0.3360 0.9417 0.0151
vn -0.3492 0.8042 -0.4810
vn -0.2760 0.8328 -0.4798
vn -0.1872 0.4896 -0.8516
vn -0.1430 0.5047 -0.8514
vn 0.0251 0.0434 -0.9987
vn 0.0288 0.0396 -0.9988
vn 0.2317 -0.4177 -0.8785
vn 0.1935 -0.4391 -0.8774
vn 0.5826 -0.8127 -0.0093
vn 0.5166 -0.6841 -0.5149
vn 0.7350 -0.6781 -0.0038
vn 0.6449 -0.5685 -0.5107
vn 0.8493 -0.5280 0.0003
vn 0.7411 -0.4407 -0.5066
vn 0.9185 -0.3953 0.0020
vn 0.7989 -0.3293 -0.5033
vn 0.9530 -0.3030 0.0014
vn 0.8271 -0.2531 -0.5018
vn 0.9653 -0.2611 -0.0008
vn 0.8364 -0.2209 -0.5016
vn 0.9615 -0.2747 -0.0037
vn 0.8318 -0.2369 -0.5020
vn 0.9373 -0.3485 -0.0065
vn 0.8095 -0.3054 -0.5015
vn 0.7549 -0.4250 -0.4995
vn 0.7561 -0.6544 -0.0043
vn 0.6475 -0.5792 -0.4953
vn 0.5716 -0.8205 0.0016
vn 0.4834 -0.7259 -0.4893
vn 0.3570 -0.9341 0.0089
vn 0.2935 -0.8244 -0.4840
vn 0.1615 -0.9868 0.0148
vn 0.1215 -0.8684 -0.4807
vn 0.0734 -0.9972 0.0157
vn 0.0441 -0.8760 -0.4803
vn 0.4878 -0.7161 0.4993
vn 0.6210 -0.6005 0.5037
vn 0.7228 -0.4703 0.5063
vn 0.7866 -0.3538 0.5061
vn 0.8203 -0.2710 0.5037
vn 0.8346 -0.2312 0.4999
vn 0.8351 -0.2391 0.4953
vn 0.8183 -0.2992 0.4907
vn 0.7699 -0.4117 0.4876
vn 0.8766 -0.4812 -0.0072
vn 0.6696 -0.5601 0.4878
vn 0.5123 -0.7037 0.4924
vn 0.3278 -0.8020 0.4993
vn 0.1590 -0.8478 0.5059
vn 0.3368 -0.3582 0.8708
vn 0.3989 -0.2841 0.8719
vn 0.4407 -0.2161 0.8712
vn 0.4657 -0.1658 0.8693
vn 0.4797 -0.1392 0.8663
vn 0.4858 -0.1397 0.8628
vn 0.4824 -0.1707 0.8591
vn 0.4611 -0.2335 0.8561
vn 0.4085 -0.3194 0.8551
vn 0.3197 -0.4037 0.8572
vn 0.2134 -0.4604 0.8617
vn 0.1147 -0.4861 0.8663
vn 0.0832 -0.8579 0.5070
vn 0.2596 -0.4232 0.8680
vn -0.0363 -0.0201 0.9991
vn -0.0307 -0.0212 0.9993
vn -0.0226 -0.0198 0.9995
vn -0.0134 -0.0158 0.9998
vn -0.0041 -0.0098 0.9999
vn 0.0057 -0.0032 1.0000
vn 0.0162 0.0029 0.9999
vn 0.0275 0.0068 0.9996
vn 0.0372 0.0071 0.9993
vn 0.0414 0.0052 0.9991
vn 0.0420 0.0055 0.9991
vn 0.0404 0.0067 0.9992
vn 0.0708 -0.4923 0.8676
vn -0.0379 -0.0178 0.9991
vn -0.3967 0.3211 0.8600
vn -0.4488 0.2466 0.8590
vn -0.4771 0.1819 0.8598
vn -0.4874 0.1388 0.8621
vn -0.4863 0.1222 0.8652
vn -0.4769 0.1339 0.8687
vn -0.4568 0.1750 0.8722
vn -0.4177 0.2447 0.8750
vn -0.3487 0.3333 0.8760
vn -0.2507 0.4168 0.8738
vn -0.1406 0.4746 0.8689
vn -0.0441 0.5013 0.8642
vn 0.0401 0.0070 0.9992
vn -0.3231 0.3892 0.8627
vn -0.6503 0.5758 0.4955
vn -0.7458 0.4482 0.4928
vn -0.8031 0.3351 0.4927
vn -0.8302 0.2564 0.4950
vn -0.8379 0.2216 0.4988
vn -0.8316 0.2348 0.5033
vn -0.8079 0.2990 0.5078
vn -0.7527 0.4150 0.5111
vn -0.6437 0.5691 0.5116
vn -0.4761 0.7179 0.5079
vn -0.2846 0.8175 0.5006
vn -0.1161 0.8619 0.4936
vn -0.0008 0.5071 0.8619
vn -0.5836 0.8120 0.0088
vn -0.5216 0.6910 0.5004
vn -0.7337 0.6795 0.0032
vn -0.8469 0.5318 -0.0011
vn -0.9167 0.3995 -0.0031
vn -0.9521 0.3058 -0.0027
vn -0.9651 0.2617 -0.0007
vn -0.9623 0.2721 0.0017
vn -0.9397 0.3421 0.0038
vn -0.8813 0.4725 0.0051
vn -0.7616 0.6481 0.0033
vn -0.5708 0.8211 -0.0027
vn -0.3510 0.9363 -0.0096
vn -0.1567 0.9875 -0.0149
vn -0.0710 0.9974 -0.0155
vn -0.0415 0.8704 0.4906
vn -0.4936 0.7220 -0.4849
vn -0.6264 0.6062 -0.4900
vn -0.7268 0.4763 -0.4949
vn -0.7894 0.3586 -0.4983
vn -0.8216 0.2738 -0.5000
vn -0.8343 0.2317 -0.5003
vn -0.8332 0.2366 -0.4998
vn -0.8151 0.2929 -0.4998
vn -0.6651 0.5484 -0.5068
vn -0.5064 0.6940 -0.5118
vn -0.3208 0.7942 -0.5160
vn -0.1547 0.8410 -0.5185
vn -0.0809 0.8523 -0.5167
vn -0.2743 0.4430 -0.8535
vn -0.3554 0.3743 -0.8565
vn -0.4162 0.2958 -0.8598
vn -0.4541 0.2231 -0.8626
vn -0.4734 0.1691 -0.8644
vn -0.4810 0.1399 -0.8655
vn -0.4803 0.1377 -0.8662
vn -0.4698 0.1644 -0.8673
vn -0.7660 0.4011 -0.5023
vn -0.4423 0.2202 -0.8694
vn -0.3020 0.3761 -0.8760
vn -0.2023 0.4341 -0.8779
vn -0.1104 0.4647 -0.8786
vn -0.0691 0.4754 -0.8771
vn 0.0189 0.0451 -0.9988
vn 0.0116 0.0421 -0.9990
vn 0.0067 0.0363 -0.9993
vn 0.0036 0.0281 -0.9996
vn 0.0021 0.0194 -0.9998
vn 0.0014 0.0106 -0.9999
vn 0.0010 0.0012 -1.0000
vn 0.0003 -0.0093 -1.0000
vn -0.0016 -0.0212 -0.9998
vn -0.3864 0.2983 -0.8728
vn -0.0168 -0.0408 -0.9990
vn -0.0283 -0.0405 -0.9988
vn -0.0355 -0.0351 -0.9988
vn -0.0382 -0.0294 -0.9988
vn 0.3090 -0.3682 -0.8769
vn 0.3784 -0.3037 -0.8744
vn 0.4311 -0.2337 -0.8715
vn 0.4630 -0.1743 -0.8691
vn 0.4786 -0.1352 -0.8676
vn 0.4837 -0.1215 -0.8667
vn 0.4810 -0.1359 -0.8661
vn 0.4680 -0.1812 -0.8650
vn 0.4354 -0.2573 -0.8627
vn -0.0067 -0.0332 -0.9994
vn 0.3701 -0.3531 -0.8593
vn 0.1531 -0.4997 -0.8526
vn 0.0495 -0.5220 -0.8515
vn 0.0034 -0.5236 -0.8519
vn 0.2694 -0.4423 -0.8554
vn 0.9992 0.0033 0.0386
vn -0.0182 -0.4836 -0.8751
vn -0.0150 0.0180 -0.9997
vn -0.9992 -0.0033 -0.0386
vn -0.0920 -0.0184 0.9956
vn -0.0849 -0.5151 0.8529
vn -0.0693 -0.8739 0.4811
vn -0.0495 -0.9986 -0.0201
vn -0.0573 0.9982 0.0164
vn -0.0765 0.8555 0.5122
vn -0.0762 0.8554 0.5124
vn -0.0222 0.5148 -0.8570
vn -0.0308 -0.8557 -0.5165
vn -0.0888 0.4833 0.8710
vn -0.0374 0.8735 -0.4855
vn -0.0577 0.9982 0.0145
vn -0.9644 -0.2618 0.0386
vn 0.0233 0.4969 -0.8675
vn 0.1509 0.0218 -0.9883
vn 0.1505 0.0231 -0.9883
vn 0.9644 0.2618 -0.0386
vn 0.1340 0.0558 0.9894
vn 0.0079 0.5291 0.8485
vn 0.0061 0.5360 0.8442
vn -0.0842 0.8791 0.4692
vn -0.1128 0.9935 -0.0165
vn -0.1127 0.9932 -0.0305
vn 0.3983 -0.9171 0.0196
vn 0.3612 -0.7860 0.5018
vn 0.3984 -0.9172 0.0056
vn 0.2758 -0.4470 -0.8509
vn -0.0745 0.8575 -0.5091
vn -0.0730 0.8518 -0.5188
vn 0.3597 -0.7803 0.5116
vn 0.2644 -0.4296 0.8635
vn 0.2776 -0.4538 -0.8468
vn 0.3667 -0.7915 -0.4890
vn 0.0220 0.5017 -0.8648
vn 0.2630 -0.4247 0.8663
vn -0.0826 0.8731 0.4805
vn 0.3682 -0.7976 -0.4778
vn 0.3058 -0.7996 0.5168
vn 0.4174 -0.9086 0.0144
vn 0.3349 -0.9421 0.0151
vn 0.3439 -0.7984 -0.4942
vn 0.2723 -0.8273 -0.4913
vn 0.1356 -0.4874 -0.8626
vn 0.1768 -0.4703 -0.8646
vn -0.0375 -0.0159 -0.9992
vn -0.0377 -0.0168 -0.9992
vn -0.2001 0.4569 -0.8667
vn -0.2412 0.4379 -0.8660
vn -0.3086 0.8052 -0.5063
vn -0.4195 0.9077 -0.0141
vn -0.3360 0.9417 -0.0151
vn -0.3492 0.8042 0.4810
vn -0.2760 0.8328 0.4798
vn -0.1872 0.4896 0.8516
vn -0.1430 0.5047 0.8514
vn 0.0251 0.0434 0.9987
vn 0.0288 0.0396 0.9988
vn 0.2317 -0.4177 0.8785
vn 0.1935 -0.4391 0.8774
vn 0.3759 -0.7681 0.5183
vn 0.5826 -0.8127 0.0093
vn 0.5166 -0.6841 0.5149
vn 0.7350 -0.6781 0.0038
vn 0.6449 -0.5685 0.5107
vn 0.8493 -0.5280 -0.0003
vn 0.7411 -0.4407 0.5066
vn 0.9185 -0.3953 -0.0020
vn 0.7989 -0.3293 0.5033
vn 0.9530 -0.3030 -0.0014
vn 0.8271 -0.2531 0.5018
vn 0.9653 -0.2611 0.0008
vn 0.8364 -0.2209 0.5016
vn 0.9615 -0.2747 0.0037
vn 0.8318 -0.2369 0.5020
vn 0.9373 -0.3485 0.0065
vn 0.7549 -0.4250 0.4995
vn 0.8095 -0.3054 0.5015
vn 0.7561 -0.6544 0.0043
vn 0.8766 -0.4812 0.0072
vn 0.6475 -0.5792 0.4953
vn 0.5716 -0.8205 -0.0016
vn 0.4834 -0.7259 0.4893
vn 0.3570 -0.9341 -0.0089
vn 0.2935 -0.8244 0.4840
vn 0.1615 -0.9868 -0.0148
vn 0.1215 -0.8684 0.4807
vn 0.0734 -0.9972 -0.0157
vn 0.4878 -0.7161 -0.4993
vn 0.6210 -0.6005 -0.5037
vn 0.7228 -0.4703 -0.5063
vn 0.7866 -0.3538 -0.5061
vn 0.8203 -0.2710 -0.5037
vn 0.8346 -0.2312 -0.4999
vn 0.8351 -0.2391 -0.4953
vn 0.8183 -0.2992 -0.4908
vn 0.7699 -0.4117 -0.4876
vn 0.6696 -0.5601 -0.4878
vn 0.5123 -0.7037 -0.4924
vn 0.3278 -0.8020 -0.4993
vn 0.1590 -0.8478 -0.5059
vn 0.3368 -0.3582 -0.8708
vn 0.2596 -0.4232 -0.8680
vn 0.3989 -0.2841 -0.8719
vn 0.4407 -0.2161 -0.8712
vn 0.4657 -0.1658 -0.8693
vn 0.4797 -0.1392 -0.8663
vn 0.4858 -0.1397 -0.8628
vn 0.4824 -0.1707 -0.8591
vn 0.4611 -0.2335 -0.8561
vn 0.4085 -0.3194 -0.8551
vn 0.3197 -0.4037 -0.8572
vn 0.2134 -0.4604 -0.8617
vn 0.0832 -0.8579 -0.5070
vn 0.1147 -0.4861 -0.8663
vn -0.0363 -0.0201 -0.9991
vn -0.0379 -0.0178 -0.9991
vn -0.0307 -0.0212 -0.9993
vn -0.0226 -0.0198 -0.9995
vn -0.0134 -0.0158 -0.9998
vn -0.0041 -0.0098 -0.9999
vn 0.0057 -0.0032 -1.0000
vn 0.0162 0.0029 -0.9999
vn 0.0275 0.0068 -0.9996
vn 0.0372 0.0071 -0.9993
vn 0.0414 0.0052 -0.9991
vn 0.0420 0.0055 -0.9991
vn 0.0708 -0.4923 -0.8676
vn 0.0404 0.0067 -0.9992
vn -0.3967 0.3211 -0.8600
vn -0.3231 0.3892 -0.8627
vn -0.4488 0.2466 -0.8590
vn -0.4771 0.1819 -0.8598
vn -0.4874 0.1388 -0.8621
vn -0.4863 0.1222 -0.8652
vn -0.4769 0.1339 -0.8687
vn -0.4568 0.1750 -0.8722
vn -0.4177 0.2447 -0.8750
vn -0.3487 0.3333 -0.8760
vn -0.2507 0.4168 -0.8738
vn -0.1406 0.4746 -0.8689
vn 0.0401 0.0070 -0.9992
vn -0.0441 0.5013 -0.8642
vn -0.3801 0.7744 -0.5058
vn -0.6503 0.5758 -0.4955
vn -0.5216 0.6910 -0.5004
vn -0.7458 0.4482 -0.4928
vn -0.8031 0.3351 -0.4927
vn -0.8302 0.2564 -0.4950
vn -0.8379 0.2216 -0.4988
vn -0.8316 0.2348 -0.5033
vn -0.8079 0.2990 -0.5078
vn -0.7527 0.4150 -0.5111
vn -0.6437 0.5691 -0.5116
vn -0.4761 0.7179 -0.5079
vn -0.2846 0.8175 -0.5006
vn -0.0008 0.5071 -0.8619
vn -0.1161 0.8619 -0.4936
vn -0.5836 0.8120 -0.0088
vn -0.7337 0.6795 -0.0032
vn -0.8469 0.5318 0.0011
vn -0.9167 0.3995 0.0031
vn -0.9521 0.3058 0.0027
vn -0.9651 0.2617 0.0007
vn -0.9623 0.2721 -0.0017
vn -0.9397 0.3421 -0.0038
vn -0.8813 0.4725 -0.0051
vn -0.7616 0.6481 -0.0033
vn -0.5708 0.8211 0.0027
vn -0.3510 0.9363 0.0096
vn -0.1567 0.9875 0.0149
vn -0.0710 0.9974 0.0155
vn -0.4936 0.7220 0.4849
vn -0.6264 0.6062 0.4900
vn -0.7268 0.4763 0.4949
vn -0.7894 0.3586 0.4983
vn -0.8216 0.2738 0.5000
vn -0.8343 0.2317 0.5003
vn -0.8332 0.2366 0.4998
vn -0.8151 0.2929 0.4998
vn -0.6651 0.5484 0.5068
vn -0.7660 0.4011 0.5023
vn -0.5064 0.6940 0.5118
vn -0.3208 0.7942 0.5160
vn -0.1547 0.8410 0.5185
vn -0.0809 0.8523 0.5167
vn -0.2743 0.4430 0.8535
vn -0.3554 0.3743 0.8565
vn -0.4162 0.2958 0.8598
vn -0.4541 0.2231 0.8626
vn -0.4734 0.1691 0.8644
vn -0.4810 0.1399 0.8655
vn -0.4803 0.1377 0.8662
vn -0.4698 0.1644 0.8673
vn -0.4423 0.2202 0.8694
vn -0.3020 0.3761 0.8760
vn -0.3864 0.2983 0.8728
vn -0.2023 0.4341 0.8779
vn -0.1104 0.4647 0.8786
vn -0.0691 0.4754 0.8771
vn 0.0189 0.0451 0.9988
vn 0.0116 0.0421 0.9990
vn 0.0067 0.0363 0.9993
vn 0.0036 0.0281 0.9996
vn 0.0021 0.0194 0.9998
vn 0.0014 0.0106 0.9999
vn 0.0010 0.0012 1.0000
vn 0.0003 -0.0093 1.0000
vn -0.0016 -0.0212 0.9998
vn -0.0168 -0.0408 0.9990
vn -0.0067 -0.0332 0.9994
vn -0.0283 -0.0405 0.9988
vn -0.0355 -0.0351 0.9988
vn -0.0382 -0.0294 0.9988
vn 0.3090 -0.3682 0.8769
vn 0.3784 -0.3037 0.8744
vn 0.4311 -0.2337 0.8715
vn 0.4630 -0.1743 0.8691
vn 0.4786 -0.1352 0.8676
vn 0.4837 -0.1215 0.8667
vn 0.4810 -0.1359 0.8661
vn 0.4680 -0.1812 0.8650
vn 0.4354 -0.2573 0.8627
vn 0.3701 -0.3531 0.8593
vn 0.1531 -0.4997 0.8526
vn 0.2694 -0.4423 0.8554
vn 0.0495 -0.5220 0.8515
vn 0.0034 -0.5236 0.8519
vn 0.0441 -0.8760 0.4803
vn 0.9992 -0.0033 -0.0386
vn -0.0182 0.4836 0.8751
vn -0.0150 -0.0180 0.9997
vn -0.9992 0.0033 0.0386
vn -0.0920 0.0184 -0.9956
vn -0.0849 0.5151 -0.8529
vn -0.0693 0.8739 -0.4811
vn -0.0495 0.9986 0.0201
vn -0.0573 -0.9982 -0.0164
vn -0.0765 -0.8555 -0.5122
vn -0.0762 -0.8554 -0.5124
vn -0.0222 -0.5148 0.8570
vn -0.0308 0.8557 0.5165
vn -0.0888 -0.4833 -0.8710
vn -0.0374 -0.8735 0.4855
vn -0.0577 -0.9982 -0.0145
vn -0.9644 0.2618 -0.0386
vn 0.0233 -0.4969 0.8675
vn 0.1509 -0.0218 0.9883
vn 0.1505 -0.0231 0.9883
vn 0.9644 -0.2618 0.0386
vn 0.1340 -0.0558 -0.9894
vn 0.0079 -0.5291 -0.8485
vn 0.0061 -0.5360 -0.8442
vn -0.0842 -0.8791 -0.4692
vn -0.1128 -0.9935 0.0165
vn -0.1127 -0.9932 0.0305
vn 0.3983 0.9171 -0.0196
vn 0.3612 0.7860 -0.5018
vn 0.3984 0.9172 -0.0056
vn 0.2758 0.4470 0.8509
vn -0.0745 -0.8575 0.5091
vn -0.0730 -0.8518 0.5188
vn 0.3597 0.7803 -0.5116
vn 0.2644 0.4296 -0.8635
vn 0.2776 0.4538 0.8468
vn 0.3667 0.7915 0.4890
vn 0.0220 -0.5017 0.8648
vn 0.2630 0.4247 -0.8663
vn -0.0826 -0.8731 -0.4805
vn 0.3682 0.7976 0.4778
vn 0.3058 0.7996 -0.5168
vn 0.4174 0.9086 -0.0144
vn 0.3349 0.9421 -0.0151
vn 0.3439 0.7984 0.4942
vn 0.2723 0.8273 0.4913
vn 0.1356 0.4874 0.8626
vn 0.1768 0.4703 0.8646
vn -0.0375 0.0159 0.9992
vn -0.0377 0.0168 0.9992
vn -0.2001 -0.4569 0.8667
vn -0.2412 -0.4379 0.8660
vn -0.3086 -0.8052 0.5063
vn -0.4195 -0.9077 0.0141
vn -0.3360 -0.9417 0.0151
vn -0.3492 -0.8042 -0.4810
vn -0.2760 -0.8328 -0.4798
vn -0.1872 -0.4896 -0.8516
vn -0.1430 -0.5047 -0.8514
vn 0.0251 -0.0434 -0.9987
vn 0.0288 -0.0396 -0.9988
vn 0.2317 0.4177 -0.8785
vn 0.1935 0.4391 -0.8774
vn 0.3759 0.7681 -0.5183
vn 0.5826 0.8127 -0.0093
vn 0.5166 0.6841 -0.5149
vn 0.7350 0.6781 -0.0038
vn 0.6449 0.5685 -0.5107
vn 0.8493 0.5280 0.0003
vn 0.7411 0.4407 -0.5066
vn 0.9185 0.3953 0.0020
vn 0.7989 0.3293 -0.5033
vn 0.9530 0.3030 0.0014
vn 0.8271 0.2531 -0.5018
vn 0.9653 0.2611 -0.0008
vn 0.8364 0.2209 -0.5016
vn 0.9615 0.2747 -0.0037
vn 0.8318 0.2369 -0.5020
vn 0.9373 0.3485 -0.0065
vn 0.7549 0.4250 -0.4995
vn 0.8095 0.3054 -0.5015
vn 0.7561 0.6544 -0.0043
vn 0.8766 0.4812 -0.0072
vn 0.6475 0.5792 -0.4953
vn 0.5716 0.8205 0.0016
vn 0.4834 0.7259 -0.4893
vn 0.3570 0.9341 0.0089
vn 0.2935 0.8244 -0.4840
vn 0.1615 0.9868 0.0148
vn 0.1215 0.8684 -0.4807
vn 0.0734 0.9972 0.0157
vn 0.4878 0.7161 0.4993
vn 0.6210 0.6005 0.5037
vn 0.7228 0.4703 0.5063
vn 0.7866 0.3538 0.5061
vn 0.8203 0.2710 0.5037
vn 0.8346 0.2312 0.4999
vn 0.8351 0.2391 0.4953
vn 0.8183 0.2992 0.4907
vn 0.7699 0.4117 0.4876
vn 0.6696 0.5601 0.4878
vn 0.5123 0.7037 0.4924
vn 0.3278 0.8020 0.4993
vn 0.1590 0.8478 0.5059
vn 0.3368 0.3582 0.8708
vn 0.2596 0.4232 0.8680
vn 0.3989 0.2841 0.8719
vn 0.4407 0.2161 0.8712
vn 0.4657 0.1658 0.8693
vn 0.4797 0.1392 0.8663
vn 0.4858 0.1397 0.8628
vn 0.4824 0.1707 0.8591
vn 0.4611 0.2335 0.8561
vn 0.4085 0.3194 0.8551
vn 0.3197 0.4037 0.8572
vn 0.2134 0.4604 0.8617
vn 0.0832 0.8579 0.5070
vn 0.1147 0.4861 0.8663
vn -0.0363 0.0201 0.9991
vn -0.0379 0.0178 0.9991
vn -0.0307 0.0212 0.9993
vn -0.0226 0.0198 0.9995
vn -0.0134 0.0158 0.9998
vn -0.0041 0.0098 0.9999
vn 0.0057 0.0032 1.0000
vn 0.0162 -0.0029 0.9999
vn 0.0275 -0.0068 0.9996
vn 0.0372 -0.0071 0.9993
vn 0.0414 -0.0052 0.9991
vn 0.0420 -0.0055 0.9991
vn 0.0708 0.4923 0.8676
vn 0.0404 -0.0067 0.9992
vn -0.3967 -0.3211 0.8600
vn -0.3231 -0.3892 0.8627
vn -0.4488 -0.2466 0.8590
vn -0.4771 -0.1819 0.8598
vn -0.4874 -0.1388 0.8621
vn -0.4863 -0.1222 0.8652
vn -0.4769 -0.1339 0.8687
vn -0.4568 -0.1750 0.8722
vn -0.4177 -0.2447 0.8750
vn -0.3487 -0.3333 0.8760
vn -0.2507 -0.4168 0.8738
vn -0.1406 -0.4746 0.8689
vn 0.0401 -0.0070 0.9992
vn -0.0441 -0.5013 0.8642
vn -0.3801 -0.7744 0.5058
vn -0.6503 -0.5758 0.4955
vn -0.5216 -0.6910 0.5004
vn -0.7458 -0.4482 0.4928
vn -0.8031 -0.3351 0.4927
vn -0.8302 -0.2564 0.4950
vn -0.8379 -0.2216 0.4988
vn -0.8316 -0.2348 0.5033
vn -0.8079 -0.2990 0.5078
vn -0.7527 -0.4150 0.5111
vn -0.6437 -0.5691 0.5116
vn -0.4761 -0.7179 0.5079
vn -0.2846 -0.8175 0.5006
vn -0.0008 -0.5071 0.8619
vn -0.1161 -0.8619 0.4936
vn -0.5836 -0.8120 0.0088
vn -0.7337 -0.6795 0.0032
vn -0.8469 -0.5318 -0.0011
vn -0.9167 -0.3995 -0.0031
vn -0.9521 -0.3058 -0.0027
vn -0.9651 -0.2617 -0.0007
vn -0.9623 -0.2721 0.0017
vn -0.9397 -0.3421 0.0038
vn -0.8813 -0.4725 0.0051
vn -0.7616 -0.6481 0.0033
vn -0.5708 -0.8211 -0.0027
vn -0.3510 -0.9363 -0.0096
vn -0.1567 -0.9875 -0.0149
vn -0.0710 -0.9974 -0.0155
vn -0.4936 -0.7220 -0.4849
vn -0.6264 -0.6062 -0.4900
vn -0.7268 -0.4763 -0.4949
vn -0.7894 -0.3586 -0.4983
vn -0.8216 -0.2738 -0.5000
vn -0.8343 -0.2317 -0.5003
vn -0.8332 -0.2366 -0.4998
vn -0.8151 -0.2929 -0.4998
vn -0.6651 -0.5484 -0.5068
vn -0.7660 -0.4011 -0.5023
vn -0.5064 -0.6940 -0.5118
vn -0.3208 -0.7942 -0.5160
vn -0.1547 -0.8410 -0.5185
vn -0.0809 -0.8523 -0.5167
vn -0.2743 -0.4430 -0.8535
vn -0.3554 -0.3743 -0.8565
vn -0.4162 -0.2958 -0.8598
vn -0.4541 -0.2231 -0.8626
vn -0.4734 -0.1691 -0.8644
vn -0.4810 -0.1399 -0.8655
vn -0.4803 -0.1377 -0.8662
vn -0.4698 -0.1644 -0.8673
vn -0.4423 -0.2202 -0.8694
vn -0.3020 -0.3761 -0.8760
vn -0.3864 -0.2983 -0.8728
vn -0.2023 -0.4341 -0.8779
vn -0.1104 -0.4647 -0.8786
vn -0.0691 -0.4754 -0.8771
vn 0.0189 -0.0451 -0.9988
vn 0.0116 -0.0421 -0.9990
vn 0.0067 -0.0363 -0.9993
vn 0.0036 -0.0281 -0.9996
vn 0.0021 -0.0194 -0.9998
vn 0.0014 -0.0106 -0.9999
vn 0.0010 -0.0012 -1.0000
vn 0.0003 0.0093 -1.0000
vn -0.0016 0.0212 -0.9998
vn -0.0168 0.0408 -0.9990
vn -0.0067 0.0332 -0.9994
vn -0.0283 0.0405 -0.9988
vn -0.0355 0.0351 -0.9988
vn -0.0382 0.0294 -0.9988
vn 0.3090 0.3682 -0.8769
vn 0.3784 0.3037 -0.8744
vn 0.4311 0.2337 -0.8715
vn 0.4630 0.1743 -0.8691
vn 0.4786 0.1352 -0.8676
vn 0.4837 0.1215 -0.8667
vn 0.4810 0.1359 -0.8661
vn 0.4680 0.1812 -0.8650
vn 0.4354 0.2573 -0.8627
vn 0.3701 0.3531 -0.8593
vn 0.1531 0.4997 -0.8526
vn 0.2694 0.4423 -0.8554
vn 0.0495 0.5220 -0.8515
vn 0.0034 0.5236 -0.8519
vn 0.0441 0.8760 -0.4803
vn 0.9992 -0.0033 0.0386
vn -0.0182 0.4836 -0.8751
vn -0.0150 -0.0180 -0.9997
vn -0.9992 0.0033 -0.0386
vn -0.0849 0.5151 0.8529
vn -0.0920 0.0184 0.9956
vn -0.0495 0.9986 -0.0201
vn -0.0693 0.8739 0.4811
vn -0.0573 -0.9982 0.0164
vn -0.0765 -0.8555 0.5122
vn -0.0577 -0.9982 0.0145
vn -0.0222 -0.5148 -0.8570
vn -0.0308 0.8557 -0.5165
vn -0.0762 -0.8554 0.5124
vn -0.0888 -0.4833 0.8710
vn -0.0374 -0.8735 -0.4855
vn -0.0377 -0.8733 -0.4857
vn -0.9644 0.2618 0.0386
vn 0.0233 -0.4969 -0.8675
vn 0.1509 -0.0218 -0.9883
vn 0.0220 -0.5017 -0.8648
vn 0.9644 -0.2618 -0.0386
vn 0.1340 -0.0558 0.9894
vn 0.0079 -0.5291 0.8485
vn 0.1343 -0.0543 0.9894
vn -0.0842 -0.8791 0.4692
vn -0.1128 -0.9935 -0.0165
vn -0.0826 -0.8731 0.4805
vn 0.3612 0.7860 0.5018
vn 0.3983 0.9171 0.0196
vn 0.3984 0.9172 0.0056
vn 0.2758 0.4470 -0.8509
vn 0.1505 -0.0231 -0.9883
vn -0.1127 -0.9932 -0.0305
vn -0.0745 -0.8575 -0.5091
vn 0.2644 0.4296 0.8635
vn 0.3597 0.7803 0.5116
vn 0.3667 0.7915 -0.4890
vn 0.2776 0.4538 -0.8468
vn -0.0730 -0.8518 -0.5188
vn 0.2630 0.4247 0.8663
vn 0.0061 -0.5360 0.8442
vn 0.3682 0.7976 -0.4778
vn 0.3058 0.7996 0.5168
vn 0.4174 0.9086 0.0144
vn 0.3759 0.7681 0.5183
vn 0.3349 0.9421 0.0151
vn 0.3439 0.7984 -0.4942
vn 0.1356 0.4874 -0.8626
vn 0.2723 0.8273 -0.4913
vn -0.0375 0.0159 -0.9992
vn 0.1768 0.4703 -0.8646
vn -0.2001 -0.4569 -0.8667
vn -0.0377 0.0168 -0.9992
vn -0.3086 -0.8052 -0.5063
vn -0.2412 -0.4379 -0.8660
vn -0.4195 -0.9077 -0.0141
vn -0.3801 -0.7744 -0.5058
vn -0.3360 -0.9417 -0.0151
vn -0.3492 -0.8042 0.4810
vn -0.2760 -0.8328 0.4798
vn -0.1872 -0.4896 0.8516
vn -0.1430 -0.5047 0.8514
vn 0.0251 -0.0434 0.9987
vn 0.0288 -0.0396 0.9988
vn 0.2317 0.4177 0.8785
vn 0.1935 0.4391 0.8774
vn 0.5826 0.8127 0.0093
vn 0.5166 0.6841 0.5149
vn 0.7350 0.6781 0.0038
vn 0.6449 0.5685 0.5107
vn 0.8493 0.5280 -0.0003
vn 0.7411 0.4407 0.5066
vn 0.9185 0.3953 -0.0020
vn 0.7989 0.3293 0.5033
vn 0.9530 0.3030 -0.0014
vn 0.8271 0.2531 0.5018
vn 0.9653 0.2611 0.0008
vn 0.8364 0.2209 0.5016
vn 0.9615 0.2747 0.0037
vn 0.8318 0.2369 0.5020
vn 0.9373 0.3485 0.0065
vn 0.8095 0.3054 0.5015
vn 0.7549 0.4250 0.4995
vn 0.7561 0.6544 0.0043
vn 0.6475 0.5792 0.4953
vn 0.5716 0.8205 -0.0016
vn 0.4834 0.7259 0.4893
vn 0.3570 0.9341 -0.0089
vn 0.2935 0.8244 0.4840
vn 0.1615 0.9868 -0.0148
vn 0.1215 0.8684 0.4807
vn 0.0734 0.9972 -0.0157
vn 0.0441 0.8760 0.4803
vn 0.4878 0.7161 -0.4993
vn 0.6210 0.6005 -0.5037
vn 0.7228 0.4703 -0.5063
vn 0.7866 0.3538 -0.5061
vn 0.8203 0.2710 -0.5037
vn 0.8346 0.2312 -0.4999
vn 0.8351 0.2391 -0.4953
vn 0.8183 0.2992 -0.4908
vn 0.7699 0.4117 -0.4876
vn 0.8766 0.4812 0.0072
vn 0.6696 0.5601 -0.4878
vn 0.5123 0.7037 -0.4924
vn 0.3278 0.8020 -0.4993
vn 0.1590 0.8478 -0.5059
vn 0.3368 0.3582 -0.8708
vn 0.3989 0.2841 -0.8719
vn 0.4407 0.2161 -0.8712
vn 0.4657 0.1658 -0.8693
vn 0.4797 0.1392 -0.8663
vn 0.4858 0.1397 -0.8628
vn 0.4824 0.1707 -0.8591
vn 0.4611 0.2335 -0.8561
vn 0.4085 0.3194 -0.8551
vn 0.3197 0.4037 -0.8572
vn 0.2134 0.4604 -0.8617
vn 0.1147 0.4861 -0.8663
vn 0.0832 0.8579 -0.5070
vn 0.2596 0.4232 -0.8680
vn -0.0363 0.0201 -0.9991
vn -0.0307 0.0212 -0.9993
vn -0.0226 0.0198 -0.9995
vn -0.0134 0.0158 -0.9998
vn -0.0041 0.0098 -0.9999
vn 0.0057 0.0032 -1.0000
vn 0.0162 -0.0029 -0.9999
vn 0.0275 -0.0068 -0.9996
vn 0.0372 -0.0071 -0.9993
vn 0.0414 -0.0052 -0.9991
vn 0.0420 -0.0055 -0.9991
vn 0.0404 -0.0067 -0.9992
vn 0.0708 0.4923 -0.8676
vn -0.0379 0.0178 -0.9991
vn -0.3967 -0.3211 -0.8600
vn -0.4488 -0.2466 -0.8590
vn -0.4771 -0.1819 -0.8598
vn -0.4874 -0.1388 -0.8621
vn -0.4863 -0.1222 -0.8652
vn -0.4769 -0.1339 -0.8687
vn -0.4568 -0.1750 -0.8722
vn -0.4177 -0.2447 -0.8750
vn -0.3487 -0.3333 -0.8760
vn -0.2507 -0.4168 -0.8738
vn -0.1406 -0.4746 -0.8689
vn -0.0441 -0.5013 -0.8642
vn 0.0401 -0.0070 -0.9992
vn -0.3231 -0.3892 -0.8627
vn -0.6503 -0.5758 -0.4955
vn -0.7458 -0.4482 -0.4928
vn -0.8031 -0.3351 -0.4927
vn -0.8302 -0.2564 -0.4950
vn -0.8379 -0.2216 -0.4988
vn -0.8316 -0.2348 -0.5033
vn -0.8079 -0.2990 -0.5078
vn -0.7527 -0.4150 -0.5111
vn -0.6437 -0.5691 -0.5116
vn -0.4761 -0.7179 -0.5079
vn -0.2846 -0.8175 -0.5006
vn -0.1161 -0.8619 -0.4936
vn -0.0008 -0.5071 -0.8619
vn -0.5836 -0.8120 -0.0088
vn -0.5216 -0.6910 -0.5004
vn -0.7337 -0.6795 -0.0032
vn -0.8469 -0.5318 0.0011
vn -0.9167 -0.3995 0.0031
vn -0.9521 -0.3058 0.0027
vn -0.9651 -0.2617 0.0007
vn -0.9623 -0.2721 -0.0017
vn -0.9397 -0.3421 -0.0038
vn -0.8813 -0.4725 -0.0051
vn -0.7616 -0.6481 -0.0033
vn -0.5708 -0.8211 0.0027
vn -0.3510 -0.9363 0.0096
vn -0.1567 -0.9875 0.0149
vn -0.0710 -0.9974 0.0155
vn -0.0415 -0.8704 -0.4906
vn -0.4936 -0.7220 0.4849
vn -0.6264 -0.6062 0.4900
vn -0.7268 -0.4763 0.4949
vn -0.7894 -0.3586 0.4983
vn -0.8216 -0.2738 0.5000
vn -0.8343 -0.2317 0.5003
vn -0.8332 -0.2366 0.4998
vn -0.8151 -0.2929 0.4998
vn -0.6651 -0.5484 0.5068
vn -0.5064 -0.6940 0.5118
vn -0.3208 -0.7942 0.5160
vn -0.1547 -0.8410 0.5185
vn -0.0809 -0.8523 0.5167
vn -0.2743 -0.4430 0.8535
vn -0.3554 -0.3743 0.8565
vn -0.4162 -0.2958 0.8598
vn -0.4541 -0.2231 0.8626
vn -0.4734 -0.1691 0.8644
vn -0.4810 -0.1399 0.8655
vn -0.4803 -0.1377 0.8662
vn -0.4698 -0.1644 0.8673
vn -0.7660 -0.4011 0.5023
vn -0.4423 -0.2202 0.8694
vn -0.3020 -0.3761 0.8760
vn -0.2023 -0.4341 0.8779
vn -0.1104 -0.4647 0.8786
vn -0.0691 -0.4754 0.8771
vn 0.0189 -0.0451 0.9988
vn 0.0116 -0.0421 0.9990
vn 0.0067 -0.0363 0.9993
vn 0.0036 -0.0281 0.9996
vn 0.0021 -0.0194 0.9998
vn 0.0014 -0.0106 0.9999
vn 0.0010 -0.0012 1.0000
vn 0.0003 0.0093 1.0000
vn -0.0016 0.0212 0.9998
vn -0.3864 -0.2983 0.8728
vn -0.0168 0.0408 0.9990
vn -0.0283 0.0405 0.9988
vn -0.0355 0.0351 0.9988
vn -0.0382 0.0294 0.9988
vn 0.3090 0.3682 0.8769
vn 0.3784 0.3037 0.8744
vn 0.4311 0.2337 0.8715
vn 0.4630 0.1743 0.8691
vn 0.4786 0.1352 0.8676
vn 0.4837 0.1215 0.8667
vn 0.4810 0.1359 0.8661
vn 0.4680 0.1812 0.8650
vn 0.4354 0.2573 0.8627
vn -0.0067 0.0332 0.9994
vn 0.3701 0.3531 0.8593
vn 0.1531 0.4997 0.8526
vn 0.0495 0.5220 0.8515
vn 0.0034 0.5236 0.8519
vn 0.2694 0.4423 0.8554
vn -0.9992 -0.0038 0.0386
vn -0.9992 -0.0038 -0.0386
vn -0.0848 -0.5151 0.8529
vn -0.0377 0.8733 -0.4857
vn 0.1343 0.0543 0.9894
vn -0.0415 0.8704 -0.4906
vn -0.9992 0.0038 0.0386
vn -0.0848 0.5151 -0.8529
vn -0.0377 -0.8733 0.4857
vn 0.1343 -0.0543 -0.9894
vn -0.0415 -0.8704 0.4906
vn -0.9992 0.0038 -0.0386
vt 0.337307 0.963918
vt 0.338037 0.966123
vt 0.336848 0.964044
vt 0.345264 0.961734
vt 0.345724 0.964013
vt 0.345264 0.963890
vt 0.340220 0.958806
vt 0.342475 0.958333
vt 0.342352 0.958799
vt 0.337307 0.961762
vt 0.336848 0.961639
vt 0.344198 0.965761
vt 0.344535 0.966101
vt 0.340220 0.966853
vt 0.342475 0.967310
vt 0.340096 0.967319
vt 0.344198 0.959870
vt 0.344535 0.959529
vt 0.338037 0.959551
vt 0.338373 0.959890
vt 0.342352 0.966846
vt 0.338373 0.965782
vt 0.345724 0.961608
vt 0.340096 0.958341
vt 0.958876 0.621006
vt 0.961021 0.618762
vt 0.961058 0.620951
vt 0.380906 0.963888
vt 0.386444 0.958333
vt 0.388471 0.965912
vt 0.634363 0.964867
vt 0.632158 0.962653
vt 0.634334 0.962665
vt 0.623340 0.962837
vt 0.621221 0.960455
vt 0.623340 0.960432
vt 0.858333 0.247498
vt 0.860619 0.245248
vt 0.860487 0.247479
vt 0.958876 0.616384
vt 0.958838 0.618760
vt 0.621442 0.964817
vt 0.621221 0.962801
vt 0.634363 0.958333
vt 0.632158 0.960321
vt 0.632185 0.958430
vt 0.958979 0.614514
vt 0.961058 0.616445
vt 0.961159 0.622427
vt 0.958979 0.622520
vt 0.634334 0.960273
vt 0.623567 0.958333
vt 0.621442 0.958410
vt 0.858469 0.249852
vt 0.860619 0.249773
vt 0.380460 0.961688
vt 0.379753 0.959497
vt 0.380906 0.961555
vt 0.372748 0.963984
vt 0.372302 0.961715
vt 0.372748 0.961831
vt 0.377637 0.966834
vt 0.375451 0.967338
vt 0.375571 0.966872
vt 0.380460 0.963841
vt 0.380906 0.963957
vt 0.373455 0.959614
vt 0.373781 0.959947
vt 0.375571 0.958838
vt 0.377757 0.958333
vt 0.377637 0.958800
vt 0.373455 0.966174
vt 0.373781 0.965829
vt 0.379753 0.966058
vt 0.379427 0.965724
vt 0.375451 0.958376
vt 0.379427 0.959843
vt 0.372302 0.964116
vt 0.377757 0.967295
vt 0.621190 0.960259
vt 0.619166 0.962615
vt 0.619138 0.960383
vt 0.435797 0.963771
vt 0.429143 0.965540
vt 0.430926 0.958333
vt 0.636750 0.962599
vt 0.638783 0.960365
vt 0.638783 0.962589
vt 0.862666 0.245210
vt 0.860645 0.247435
vt 0.860619 0.245279
vt 0.952412 0.162282
vt 0.954420 0.164535
vt 0.952412 0.164687
vt 0.621190 0.964860
vt 0.621221 0.962648
vt 0.862695 0.247518
vt 0.860619 0.249621
vt 0.952312 0.160226
vt 0.954420 0.162287
vt 0.621106 0.966302
vt 0.619138 0.964682
vt 0.621106 0.958333
vt 0.619060 0.958584
vt 0.638763 0.964679
vt 0.636728 0.964836
vt 0.636750 0.960219
vt 0.638763 0.958602
vt 0.954327 0.166508
vt 0.952312 0.166798
vt 0.416584 0.958343
vt 0.418590 0.962066
vt 0.416434 0.962043
vt 0.418737 0.958459
vt 0.420474 0.962347
vt 0.944567 0.170673
vt 0.945473 0.174539
vt 0.943479 0.171375
vt 0.946184 0.169525
vt 0.946690 0.174054
vt 0.947897 0.168239
vt 0.948487 0.173201
vt 0.949246 0.167160
vt 0.950383 0.172208
vt 0.446847 0.958377
vt 0.448969 0.963380
vt 0.446873 0.963283
vt 0.448943 0.958381
vt 0.451039 0.963242
vt 0.963161 0.875000
vt 0.962094 0.879970
vt 0.960581 0.879220
vt 0.964547 0.875968
vt 0.964006 0.880915
vt 0.966281 0.877211
vt 0.965805 0.881804
vt 0.414739 0.958333
vt 0.414583 0.962284
vt 0.418599 0.964782
vt 0.416444 0.964865
vt 0.418725 0.966825
vt 0.416577 0.967014
vt 0.927076 0.442271
vt 0.929076 0.444542
vt 0.926983 0.444277
vt 0.929006 0.446628
vt 0.926911 0.446453
vt 0.928956 0.448935
vt 0.926862 0.448829
vt 0.928928 0.451454
vt 0.926834 0.451390
vt 0.928923 0.454155
vt 0.926831 0.454102
vt 0.928943 0.457011
vt 0.926853 0.456935
vt 0.926901 0.459852
vt 0.929067 0.462976
vt 0.926975 0.462749
vt 0.950009 0.851641
vt 0.952418 0.854547
vt 0.950264 0.854621
vt 0.952453 0.858258
vt 0.950297 0.858212
vt 0.952238 0.862507
vt 0.950086 0.862352
vt 0.951765 0.867359
vt 0.949621 0.867119
vt 0.420487 0.965158
vt 0.420622 0.967289
vt 0.929167 0.442635
vt 0.931145 0.444362
vt 0.931075 0.446515
vt 0.931026 0.448862
vt 0.930999 0.451390
vt 0.930996 0.454065
vt 0.931017 0.456861
vt 0.931065 0.459741
vt 0.928991 0.459988
vt 0.931139 0.462608
vt 0.931235 0.465250
vt 0.929166 0.465734
vt 0.954299 0.858465
vt 0.954092 0.862597
vt 0.946583 0.177287
vt 0.948393 0.179786
vt 0.947024 0.179706
vt 0.948331 0.182302
vt 0.946970 0.181947
vt 0.932565 0.446146
vt 0.932518 0.448631
vt 0.932495 0.451214
vt 0.932496 0.453857
vt 0.932520 0.456525
vt 0.932567 0.459179
vt 0.932637 0.461744
vt 0.941667 0.199803
vt 0.943502 0.202806
vt 0.942205 0.203166
vt 0.943698 0.206556
vt 0.944839 0.205849
vt 0.946177 0.209872
vt 0.947130 0.208916
vt 0.949693 0.213165
vt 0.947902 0.177070
vt 0.950407 0.179710
vt 0.950338 0.182611
vt 0.949791 0.185326
vt 0.947842 0.184716
vt 0.948921 0.187893
vt 0.947035 0.187092
vt 0.947881 0.190350
vt 0.946030 0.189467
vt 0.946822 0.192732
vt 0.944961 0.191879
vt 0.945897 0.195075
vt 0.943981 0.194374
vt 0.945255 0.197415
vt 0.943267 0.197011
vt 0.945048 0.199791
vt 0.943032 0.199832
vt 0.945430 0.202246
vt 0.946561 0.204820
vt 0.948600 0.207547
vt 0.950470 0.212048
vt 0.949843 0.176585
vt 0.952527 0.179498
vt 0.952453 0.182790
vt 0.951851 0.185814
vt 0.950918 0.188582
vt 0.949842 0.191131
vt 0.948792 0.193495
vt 0.947920 0.195696
vt 0.947352 0.197749
vt 0.947175 0.199692
vt 0.947473 0.201635
vt 0.948403 0.203744
vt 0.950194 0.206131
vt 0.951704 0.210456
vt 0.951869 0.171342
vt 0.951886 0.175961
vt 0.954184 0.179209
vt 0.954111 0.182792
vt 0.953468 0.186050
vt 0.952490 0.188975
vt 0.951387 0.191601
vt 0.950343 0.193961
vt 0.949510 0.196070
vt 0.948994 0.197925
vt 0.948842 0.199561
vt 0.949083 0.201137
vt 0.949871 0.202909
vt 0.951485 0.205048
vt 0.953063 0.208816
vt 0.448968 0.967636
vt 0.446874 0.967433
vt 0.448939 0.971180
vt 0.446847 0.970870
vt 0.967882 0.172453
vt 0.970033 0.175067
vt 0.967958 0.175401
vt 0.970090 0.178178
vt 0.968015 0.178427
vt 0.970124 0.181202
vt 0.968049 0.181384
vt 0.970132 0.184028
vt 0.968059 0.184171
vt 0.970116 0.186573
vt 0.968045 0.186705
vt 0.970079 0.188751
vt 0.968008 0.188907
vt 0.970023 0.190495
vt 0.967953 0.190709
vt 0.969954 0.191813
vt 0.967882 0.192112
vt 0.601389 0.958426
vt 0.603468 0.959989
vt 0.601355 0.959810
vt 0.603449 0.961746
vt 0.601336 0.961687
vt 0.603453 0.964318
vt 0.601342 0.964368
vt 0.603494 0.967887
vt 0.601386 0.968023
vt 0.451039 0.967402
vt 0.451012 0.970857
vt 0.969956 0.172028
vt 0.972123 0.175295
vt 0.972180 0.178342
vt 0.972214 0.181326
vt 0.972224 0.184144
vt 0.972210 0.186713
vt 0.972172 0.188950
vt 0.972043 0.192216
vt 0.603501 0.958712
vt 0.605513 0.959750
vt 0.605495 0.961649
vt 0.605501 0.964340
vt 0.605546 0.967995
vt 0.960616 0.883759
vt 0.959004 0.883279
vt 0.959992 0.887343
vt 0.958333 0.887161
vt 0.958434 0.890785
vt 0.960083 0.890690
vt 0.959102 0.894082
vt 0.960705 0.893775
vt 0.960103 0.897044
vt 0.961660 0.896606
vt 0.961225 0.899703
vt 0.962758 0.899216
vt 0.962284 0.902095
vt 0.963826 0.901641
vt 0.963126 0.904235
vt 0.964710 0.903904
vt 0.963642 0.906121
vt 0.965279 0.906019
vt 0.963782 0.907785
vt 0.965106 0.909998
vt 0.963518 0.909378
vt 0.964134 0.912116
vt 0.962703 0.911151
vt 0.962303 0.914488
vt 0.961061 0.913275
vt 0.959399 0.917145
vt 0.958333 0.915771
vt 0.962668 0.884335
vt 0.962114 0.887507
vt 0.962194 0.890469
vt 0.962757 0.893253
vt 0.963648 0.895893
vt 0.964711 0.898422
vt 0.965791 0.900877
vt 0.966731 0.903293
vt 0.967374 0.905706
vt 0.965438 0.908017
vt 0.967141 0.910644
vt 0.965963 0.913229
vt 0.963879 0.915941
vt 0.960738 0.918820
vt 0.964610 0.884852
vt 0.964130 0.887610
vt 0.964203 0.890180
vt 0.964707 0.892655
vt 0.965535 0.895095
vt 0.966563 0.897534
vt 0.967653 0.900008
vt 0.968648 0.902566
vt 0.969365 0.905264
vt 0.967562 0.908147
vt 0.969584 0.908137
vt 0.967699 0.914193
vt 0.965367 0.917243
vt 0.961990 0.920346
vt 0.414599 0.965384
vt 0.414754 0.967806
vt 0.415024 0.969730
vt 0.925353 0.446038
vt 0.925426 0.443637
vt 0.925304 0.448574
vt 0.925281 0.451214
vt 0.925281 0.453920
vt 0.925306 0.456653
vt 0.925354 0.459370
vt 0.949599 0.849317
vt 0.948149 0.852439
vt 0.947775 0.850337
vt 0.948378 0.855099
vt 0.948409 0.858339
vt 0.948215 0.862176
vt 0.947775 0.866707
vt 0.389641 0.961534
vt 0.382076 0.959510
vt 0.384103 0.967088
vt 0.858469 0.245210
vt 0.623567 0.964906
vt 0.428114 0.961325
vt 0.432985 0.966763
vt 0.434768 0.959556
vt 0.862666 0.249857
vt 0.636728 0.958333
vt 0.420622 0.958649
vt 0.451012 0.958333
vt 0.967900 0.878394
vt 0.952154 0.851462
vt 0.931238 0.442371
vt 0.954262 0.854897
vt 0.932637 0.443786
vt 0.953483 0.175365
vt 0.972046 0.172336
vt 0.972116 0.190785
vt 0.605546 0.958333
vt 0.969079 0.911144
vt 0.386444 0.967086
vt 0.382076 0.965917
vt 0.380906 0.961542
vt 0.384103 0.958336
vt 0.388471 0.959504
vt 0.389641 0.963879
vt 0.632185 0.964800
vt 0.961159 0.614622
vt 0.432985 0.958387
vt 0.435797 0.961527
vt 0.434768 0.965688
vt 0.430926 0.966709
vt 0.428114 0.963570
vt 0.429143 0.959409
vt 0.954327 0.160367
vt 0.619060 0.966030
vt 0.953630 0.867363
vt 0.954184 0.207566
vt 0.416813 0.968716
s 1
f 3754/1026/3685 3767/1027/3685 3766/1028/3685
f 3748/1029/3685 3759/1030/3685 3747/1031/3685
f 3751/1032/3685 3762/1033/3685 3750/1034/3685
f 3753/1035/3685 3766/1028/3685 3765/1036/3685
f 3746/1037/3685 3759/1030/3685 3758/1038/3685
f 3756/1039/3685 3757/1040/3685 3768/1041/3685
f 3749/1042/3685 3762/1033/3685 3761/1043/3685
f 3753/1035/3685 3764/1044/3685 3752/1045/3685
f 3746/1037/3685 3757/1040/3685 3745/1046/3685
f 3755/1047/3685 3768/1041/3685 3767/1027/3685
f 3748/1029/3685 3761/1043/3685 3760/1048/3685
f 3752/1045/3685 3763/1049/3685 3751/1032/3685
f 3761/1050/3686 3774/1051/3687 3773/1052/3686
f 3772/1053/3688 3776/1054/3688 3780/1055/3688
f 3757/1056/3689 3780/1057/3690 3768/1058/3690
f 3759/1059/3691 3770/1060/3692 3758/1061/3692
f 3765/1062/3693 3778/1063/3694 3777/1064/3695
f 3763/1065/3696 3774/1051/3687 3762/1066/3687
f 3759/1059/3691 3772/1067/3697 3771/1068/3691
f 3766/1069/3698 3779/1070/3699 3778/1071/3694
f 3764/1072/3700 3775/1073/3696 3763/1065/3696
f 3761/1050/3686 3772/1074/3697 3760/1075/3697
f 3768/1058/3690 3779/1070/3699 3767/1076/3699
f 3757/1077/3689 3770/1060/3692 3769/1078/3689
f 3764/1079/3700 3777/1064/3695 3776/1080/3701
f 3790/1081/3702 3803/1082/3702 3802/1083/3702
f 3784/1084/3702 3795/1085/3702 3783/1086/3702
f 3787/1087/3702 3798/1088/3702 3786/1089/3702
f 3789/1090/3702 3802/1083/3702 3801/1091/3702
f 3783/1086/3702 3794/1092/3702 3782/1093/3702
f 3781/1094/3702 3804/1095/3702 3792/1096/3702
f 3786/1089/3702 3797/1097/3702 3785/1098/3702
f 3789/1090/3702 3800/1099/3702 3788/1100/3702
f 3782/1093/3702 3793/1101/3702 3781/1094/3702
f 3791/1102/3702 3804/1095/3702 3803/1082/3702
f 3785/1098/3702 3796/1103/3702 3784/1084/3702
f 3788/1100/3702 3799/1104/3702 3787/1087/3702
f 3797/1105/3703 3810/1106/3704 3809/1107/3705
f 3808/1108/3706 3812/1109/3706 3816/1110/3706
f 3804/1111/3707 3805/1112/3708 3816/1113/3709
f 3794/1114/3710 3807/1115/3711 3806/1116/3712
f 3802/1117/3713 3813/1118/3714 3801/1119/3715
f 3799/1120/3716 3810/1106/3704 3798/1121/3717
f 3795/1122/3718 3808/1123/3719 3807/1115/3711
f 3803/1124/3720 3814/1125/3721 3802/1117/3713
f 3800/1126/3722 3811/1127/3723 3799/1120/3716
f 3796/1128/3724 3809/1107/3705 3808/1129/3719
f 3804/1111/3707 3815/1130/3725 3803/1131/3720
f 3793/1132/3726 3806/1133/3712 3805/1112/3708
f 3801/1119/3715 3812/1134/3727 3800/1135/3722
f 3790/1136/3728 3844/1137/3729 3817/1138/3730
f 3789/1139/3731 3858/1140/3732 3844/1137/3729
f 3787/1141/3733 3858/1142/3732 3788/1143/3734
f 3786/1144/3735 3872/1145/3736 3787/1141/3733
f 3785/1146/3737 3886/1147/3738 3786/1144/3735
f 3784/1148/3739 3900/1149/3740 3785/1146/3737
f 3784/1150/3739 3928/1151/3741 3914/1152/3742
f 3783/1153/3743 3942/1154/3744 3928/1151/3741
f 3782/1155/3745 3956/1156/3746 3942/1157/3744
f 3781/1158/3747 3970/1159/3748 3956/1156/3746
f 3792/1160/3749 3984/1161/3750 3970/1159/3748
f 3791/1162/3751 3817/1138/3730 3984/1163/3750
f 3817/1138/3730 3843/1164/3752 3818/1165/3753
f 3818/1165/3753 3842/1166/3754 3819/1167/3755
f 3819/1168/3755 3841/1169/3756 3820/1170/3757
f 3820/1170/3757 3840/1171/3758 3821/1172/3759
f 3821/1172/3759 3839/1173/3760 3822/1174/3761
f 3822/1174/3761 3838/1175/3762 3823/1176/3763
f 3823/1176/3763 3837/1177/3764 3824/1178/3765
f 3824/1178/3765 3836/1179/3766 3825/1180/3767
f 3836/1179/3766 3826/1181/3768 3825/1180/3767
f 3826/1181/3768 3834/1182/3769 3827/1183/3770
f 3827/1184/3770 3833/1185/3771 3828/1186/3772
f 3828/1186/3772 3832/1187/3773 3829/1188/3774
f 3829/1188/3774 3831/1189/3775 3830/1190/3776
f 3830/1190/3776 3747/1191/3777 3746/1192/3778
f 3844/1137/3729 3857/1193/3779 3843/1164/3752
f 3843/1164/3752 3856/1194/3780 3842/1166/3754
f 3842/1195/3754 3855/1196/3781 3841/1169/3756
f 3841/1169/3756 3854/1197/3782 3840/1171/3758
f 3840/1171/3758 3853/1198/3783 3839/1173/3760
f 3839/1173/3760 3852/1199/3784 3838/1175/3762
f 3838/1175/3762 3851/1200/3785 3837/1177/3764
f 3837/1177/3764 3850/1201/3786 3836/1179/3766
f 3836/1179/3766 3849/1202/3787 3835/1203/3788
f 3835/1203/3788 3848/1204/3789 3834/1182/3769
f 3834/1182/3769 3847/1205/3790 3833/1206/3771
f 3833/1185/3771 3846/1207/3791 3832/1187/3773
f 3846/1207/3791 3831/1189/3775 3832/1187/3773
f 3845/1208/3792 3747/1191/3777 3831/1189/3775
f 3872/1145/3736 3857/1209/3779 3858/1142/3732
f 3857/1209/3779 3870/1210/3793 3856/1211/3780
f 3856/1211/3780 3869/1212/3794 3855/1213/3781
f 3855/1196/3781 3868/1214/3795 3854/1197/3782
f 3854/1197/3782 3867/1215/3796 3853/1198/3783
f 3853/1198/3783 3866/1216/3797 3852/1199/3784
f 3852/1199/3784 3865/1217/3798 3851/1200/3785
f 3851/1200/3785 3864/1218/3799 3850/1201/3786
f 3850/1201/3786 3863/1219/3800 3849/1202/3787
f 3849/1202/3787 3862/1220/3801 3848/1204/3789
f 3848/1221/3789 3861/1222/3802 3847/1223/3790
f 3861/1222/3802 3846/1224/3791 3847/1223/3790
f 3860/1225/3803 3845/1226/3792 3846/1224/3791
f 3859/1227/3804 3748/1228/3805 3845/1226/3792
f 3886/1147/3738 3871/1229/3806 3872/1145/3736
f 3871/1229/3806 3884/1230/3807 3870/1210/3793
f 3870/1210/3793 3883/1231/3808 3869/1212/3794
f 3869/1212/3794 3882/1232/3809 3868/1233/3795
f 3868/1233/3795 3881/1234/3810 3867/1235/3796
f 3867/1235/3796 3880/1236/3811 3866/1237/3797
f 3866/1237/3797 3879/1238/3812 3865/1239/3798
f 3865/1239/3798 3878/1240/3813 3864/1241/3799
f 3864/1241/3799 3877/1242/3814 3863/1243/3800
f 3863/1243/3800 3876/1244/3815 3862/1245/3801
f 3862/1245/3801 3875/1246/3816 3861/1222/3802
f 3875/1246/3816 3860/1225/3803 3861/1222/3802
f 3874/1247/3817 3859/1227/3804 3860/1225/3803
f 3873/1248/3818 3749/1249/3819 3859/1227/3804
f 3900/1149/3740 3885/1250/3820 3886/1147/3738
f 3885/1250/3820 3898/1251/3821 3884/1230/3807
f 3884/1230/3807 3897/1252/3822 3883/1231/3808
f 3883/1231/3808 3896/1253/3823 3882/1232/3809
f 3882/1232/3809 3895/1254/3824 3881/1234/3810
f 3881/1234/3810 3894/1255/3825 3880/1236/3811
f 3880/1236/3811 3893/1256/3826 3879/1238/3812
f 3879/1238/3812 3892/1257/3827 3878/1240/3813
f 3878/1240/3813 3891/1258/3828 3877/1242/3814
f 3877/1242/3814 3890/1259/3829 3876/1244/3815
f 3876/1244/3815 3889/1260/3830 3875/1246/3816
f 3889/1260/3830 3874/1247/3817 3875/1246/3816
f 3888/1261/3831 3873/1248/3818 3874/1247/3817
f 3887/1262/3832 3750/1263/3833 3873/1248/3818
f 3914/1264/3742 3899/1265/3834 3900/1149/3740
f 3899/1265/3834 3912/1266/3835 3898/1251/3821
f 3898/1251/3821 3911/1267/3836 3897/1252/3822
f 3897/1252/3822 3910/1268/3837 3896/1253/3823
f 3896/1253/3823 3909/1269/3838 3895/1254/3824
f 3895/1254/3824 3908/1270/3839 3894/1255/3825
f 3894/1255/3825 3907/1271/3840 3893/1256/3826
f 3893/1256/3826 3906/1272/3841 3892/1257/3827
f 3892/1257/3827 3905/1273/3842 3891/1258/3828
f 3891/1258/3828 3904/1274/3843 3890/1259/3829
f 3890/1259/3829 3903/1275/3844 3889/1260/3830
f 3903/1275/3844 3888/1261/3831 3889/1260/3830
f 3902/1276/3845 3887/1262/3832 3888/1261/3831
f 3901/1277/3846 3751/1278/3847 3887/1262/3832
f 3914/1152/3742 3927/1279/3848 3913/1280/3849
f 3913/1280/3849 3926/1281/3850 3912/1282/3835
f 3912/1283/3835 3925/1284/3851 3911/1285/3836
f 3911/1285/3836 3924/1286/3852 3910/1287/3837
f 3910/1287/3837 3923/1288/3853 3909/1289/3838
f 3909/1289/3838 3922/1290/3854 3908/1291/3839
f 3908/1291/3839 3921/1292/3855 3907/1293/3840
f 3907/1293/3840 3920/1294/3856 3906/1295/3841
f 3906/1295/3841 3919/1296/3857 3905/1297/3842
f 3905/1297/3842 3918/1298/3858 3904/1299/3843
f 3904/1300/3843 3917/1301/3859 3903/1302/3844
f 3903/1302/3844 3916/1303/3860 3902/1304/3845
f 3902/1304/3845 3915/1305/3861 3901/1306/3846
f 3901/1306/3846 3753/1307/3862 3752/1308/3863
f 3928/1151/3741 3941/1309/3864 3927/1279/3848
f 3927/1279/3848 3940/1310/3865 3926/1281/3850
f 3926/1311/3850 3939/1312/3866 3925/1284/3851
f 3925/1284/3851 3938/1313/3867 3924/1286/3852
f 3924/1286/3852 3937/1314/3868 3923/1288/3853
f 3923/1288/3853 3936/1315/3869 3922/1290/3854
f 3922/1290/3854 3935/1316/3870 3921/1292/3855
f 3935/1316/3870 3920/1294/3856 3921/1292/3855
f 3934/1317/3871 3919/1296/3857 3920/1294/3856
f 3919/1296/3857 3932/1318/3872 3918/1298/3858
f 3918/1319/3858 3931/1320/3873 3917/1301/3859
f 3917/1301/3859 3930/1321/3874 3916/1303/3860
f 3916/1303/3860 3929/1322/3875 3915/1305/3861
f 3915/1305/3861 3754/1323/3876 3753/1307/3862
f 3942/1157/3744 3955/1324/3877 3941/1325/3864
f 3941/1325/3864 3954/1326/3878 3940/1327/3865
f 3954/1326/3878 3939/1328/3866 3940/1327/3865
f 3953/1329/3879 3938/1330/3867 3939/1328/3866
f 3952/1331/3880 3937/1332/3868 3938/1330/3867
f 3951/1333/3881 3936/1334/3869 3937/1332/3868
f 3950/1335/3882 3935/1336/3870 3936/1334/3869
f 3949/1337/3883 3934/1338/3871 3935/1336/3870
f 3948/1339/3884 3933/1340/3885 3934/1338/3871
f 3947/1341/3886 3932/1342/3872 3933/1340/3885
f 3932/1342/3872 3945/1343/3887 3931/1344/3873
f 3931/1344/3873 3944/1345/3888 3930/1346/3874
f 3930/1346/3874 3943/1347/3889 3929/1348/3875
f 3929/1348/3875 3755/1349/3890 3754/1350/3876
f 3956/1156/3746 3969/1351/3891 3955/1324/3877
f 3955/1324/3877 3968/1352/3892 3954/1326/3878
f 3968/1352/3892 3953/1329/3879 3954/1326/3878
f 3967/1353/3893 3952/1331/3880 3953/1329/3879
f 3966/1354/3894 3951/1333/3881 3952/1331/3880
f 3965/1355/3895 3950/1335/3882 3951/1333/3881
f 3964/1356/3896 3949/1337/3883 3950/1335/3882
f 3963/1357/3897 3948/1339/3884 3949/1337/3883
f 3962/1358/3898 3947/1341/3886 3948/1339/3884
f 3961/1359/3899 3946/1360/3900 3947/1341/3886
f 3946/1360/3900 3959/1361/3901 3945/1343/3887
f 3945/1343/3887 3958/1362/3902 3944/1345/3888
f 3944/1345/3888 3957/1363/3903 3943/1347/3889
f 3943/1347/3889 3756/1364/3904 3755/1349/3890
f 3970/1159/3748 3983/1365/3905 3969/1351/3891
f 3969/1351/3891 3982/1366/3906 3968/1352/3892
f 3982/1366/3906 3967/1353/3893 3968/1352/3892
f 3981/1367/3907 3966/1354/3894 3967/1353/3893
f 3980/1368/3908 3965/1355/3895 3966/1354/3894
f 3979/1369/3909 3964/1356/3896 3965/1355/3895
f 3978/1370/3910 3963/1357/3897 3964/1356/3896
f 3977/1371/3911 3962/1358/3898 3963/1357/3897
f 3976/1372/3912 3961/1359/3899 3962/1358/3898
f 3975/1373/3913 3960/1374/3914 3961/1359/3899
f 3974/1375/3915 3959/1361/3901 3960/1374/3914
f 3959/1361/3901 3972/1376/3916 3958/1362/3902
f 3958/1362/3902 3971/1377/3917 3957/1363/3903
f 3957/1363/3903 3745/1378/3918 3756/1364/3904
f 3984/1163/3750 3818/1165/3753 3983/1379/3905
f 3983/1379/3905 3819/1167/3755 3982/1380/3906
f 3819/1167/3755 3981/1381/3907 3982/1380/3906
f 3820/1170/3757 3980/1382/3908 3981/1383/3907
f 3821/1172/3759 3979/1384/3909 3980/1382/3908
f 3822/1174/3761 3978/1385/3910 3979/1384/3909
f 3823/1176/3763 3977/1386/3911 3978/1385/3910
f 3824/1178/3765 3976/1387/3912 3977/1386/3911
f 3825/1180/3767 3975/1388/3913 3976/1387/3912
f 3826/1389/3768 3974/1390/3915 3975/1391/3913
f 3974/1390/3915 3828/1186/3772 3973/1392/3919
f 3973/1392/3919 3829/1188/3774 3972/1393/3916
f 3972/1393/3916 3830/1190/3776 3971/1394/3917
f 3971/1394/3917 3746/1192/3778 3745/1395/3918
f 3994/1026/3920 4007/1027/3920 3995/1047/3920
f 3999/1030/3920 3988/1029/3920 3987/1031/3920
f 4002/1033/3920 3991/1032/3920 3990/1034/3920
f 3993/1035/3920 4006/1028/3920 3994/1026/3920
f 3986/1037/3920 3999/1030/3920 3987/1031/3920
f 3996/1039/3920 3997/1040/3920 3985/1046/3920
f 3989/1042/3920 4002/1033/3920 3990/1034/3920
f 4004/1044/3920 3993/1035/3920 3992/1045/3920
f 3997/1040/3920 3986/1037/3920 3985/1046/3920
f 3995/1047/3920 4008/1041/3920 3996/1039/3920
f 3988/1029/3920 4001/1043/3920 3989/1042/3920
f 4003/1049/3920 3992/1045/3920 3991/1032/3920
f 4001/1050/3921 4014/1051/3922 4002/1066/3922
f 4017/1396/3923 4014/1397/3923 4010/1398/3923
f 4019/1057/3924 3997/1056/3925 4008/1058/3924
f 4010/1060/3926 3999/1059/3927 3998/1061/3926
f 4005/1062/3928 4017/1063/3929 4006/1399/3930
f 4014/1051/3922 4003/1065/3931 4002/1066/3922
f 3999/1059/3927 4012/1067/3932 4000/1400/3932
f 4006/1069/3930 4018/1070/3933 4007/1076/3933
f 4015/1073/3931 4004/1072/3934 4003/1065/3931
f 4012/1074/3932 4001/1050/3921 4000/1075/3932
f 4018/1070/3933 4008/1058/3924 4007/1076/3933
f 3997/1077/3925 4010/1060/3926 3998/1061/3926
f 4004/1079/3934 3777/1064/3935 4005/1062/3928
f 4029/1081/3936 4042/1082/3936 4030/1102/3936
f 4034/1085/3936 4023/1084/3936 4022/1086/3936
f 4037/1088/3936 4026/1087/3936 4025/1089/3936
f 4028/1090/3936 4041/1083/3936 4029/1081/3936
f 4033/1092/3936 4022/1086/3936 4021/1093/3936
f 4043/1095/3936 4020/1094/3936 4031/1096/3936
f 4036/1097/3936 4025/1089/3936 4024/1098/3936
f 4039/1099/3936 4028/1090/3936 4027/1100/3936
f 4032/1101/3936 4021/1093/3936 4020/1094/3936
f 4030/1102/3936 4043/1095/3936 4031/1096/3936
f 4035/1103/3936 4024/1098/3936 4023/1084/3936
f 4038/1104/3936 4027/1100/3936 4026/1087/3936
f 4036/1105/3937 4049/1106/3938 4037/1121/3939
f 4053/1401/3940 4049/1402/3940 4045/1403/3940
f 4043/1111/3941 4044/1112/3942 4032/1132/3943
f 4033/1114/3944 4046/1115/3945 4034/1122/3946
f 4052/1118/3947 4041/1117/3948 4040/1119/3949
f 4049/1106/3938 4038/1120/3950 4037/1121/3939
f 4034/1122/3946 4047/1123/3951 4035/1404/3952
f 4053/1125/3953 4042/1124/3954 4041/1117/3948
f 4050/1127/3955 4039/1126/3956 4038/1120/3950
f 4035/1128/3952 4048/1107/3957 4036/1105/3937
f 4054/1130/3958 4043/1111/3941 4042/1131/3954
f 4032/1132/3943 4045/1133/3959 4033/1405/3944
f 4051/1134/3960 4040/1119/3949 4039/1135/3956
f 4029/1136/3961 4083/1137/3962 4028/1139/3963
f 4028/1139/3963 4097/1140/3964 4027/1406/3965
f 4097/1142/3964 4026/1141/3966 4027/1143/3965
f 4111/1145/3967 4025/1144/3968 4026/1141/3966
f 4125/1147/3969 4024/1146/3970 4025/1144/3968
f 4139/1149/3971 4023/1148/3972 4024/1146/3970
f 4023/1150/3972 4167/1151/3973 4022/1153/3974
f 4022/1153/3974 4181/1154/3975 4021/1407/3976
f 4021/1155/3976 4195/1156/3977 4020/1158/3978
f 4020/1158/3978 4209/1159/3979 4031/1160/3980
f 4031/1160/3980 4223/1161/3981 4030/1408/3982
f 4030/1162/3982 4056/1138/3983 4029/1136/3961
f 4056/1138/3983 4082/1164/3984 4083/1137/3962
f 4057/1165/3985 4081/1166/3986 4082/1164/3984
f 4058/1168/3987 4080/1169/3988 4081/1195/3986
f 4059/1170/3989 4079/1171/3990 4080/1169/3988
f 4060/1172/3991 4078/1173/3992 4079/1171/3990
f 4061/1174/3993 4077/1175/3994 4078/1173/3992
f 4062/1176/3995 4076/1177/3996 4077/1175/3994
f 4063/1178/3997 4075/1179/3998 4076/1177/3996
f 4065/1181/3999 4075/1179/3998 4064/1180/4000
f 4065/1181/3999 4073/1182/4001 4074/1203/4002
f 4066/1184/4003 4072/1185/4004 4073/1409/4001
f 4067/1186/4005 4071/1187/4006 4072/1185/4004
f 4068/1188/4007 4070/1189/4008 4071/1187/4006
f 4069/1190/4009 3987/1191/4010 4070/1189/4008
f 4083/1137/3962 4096/1193/4011 4097/1140/3964
f 4082/1164/3984 4095/1194/4012 4096/1193/4011
f 4081/1195/3986 4094/1196/4013 4095/1410/4012
f 4080/1169/3988 4093/1197/4014 4094/1196/4013
f 4079/1171/3990 4092/1198/4015 4093/1197/4014
f 4078/1173/3992 4091/1199/4016 4092/1198/4015
f 4077/1175/3994 4090/1200/4017 4091/1199/4016
f 4076/1177/3996 4089/1201/4018 4090/1200/4017
f 4075/1179/3998 4088/1202/4019 4089/1201/4018
f 4074/1203/4002 4087/1204/4020 4088/1202/4019
f 4073/1182/4001 4086/1205/4021 4087/1204/4020
f 4072/1185/4004 4085/1207/4022 4086/1411/4021
f 4070/1189/4008 4085/1207/4022 4071/1187/4006
f 3987/1191/4010 4084/1208/4023 4070/1189/4008
f 4096/1209/4011 4111/1145/3967 4097/1142/3964
f 4096/1209/4011 4109/1210/4024 4110/1229/4025
f 4095/1211/4012 4108/1212/4026 4109/1210/4024
f 4094/1196/4013 4107/1214/4027 4108/1412/4026
f 4093/1197/4014 4106/1215/4028 4107/1214/4027
f 4092/1198/4015 4105/1216/4029 4106/1215/4028
f 4091/1199/4016 4104/1217/4030 4105/1216/4029
f 4090/1200/4017 4103/1218/4031 4104/1217/4030
f 4089/1201/4018 4102/1219/4032 4103/1218/4031
f 4088/1202/4019 4101/1220/4033 4102/1219/4032
f 4087/1221/4020 4100/1222/4034 4101/1245/4033
f 4085/1224/4022 4100/1222/4034 4086/1223/4021
f 4084/1226/4023 4099/1225/4035 4085/1224/4022
f 3988/1228/4036 4098/1227/4037 4084/1226/4023
f 4110/1229/4025 4125/1147/3969 4111/1145/3967
f 4110/1229/4025 4123/1230/4038 4124/1250/4039
f 4109/1210/4024 4122/1231/4040 4123/1230/4038
f 4108/1212/4026 4121/1232/4041 4122/1231/4040
f 4107/1233/4027 4120/1234/4042 4121/1232/4041
f 4106/1235/4028 4119/1236/4043 4120/1234/4042
f 4105/1237/4029 4118/1238/4044 4119/1236/4043
f 4104/1239/4030 4117/1240/4045 4118/1238/4044
f 4103/1241/4031 4116/1242/4046 4117/1240/4045
f 4102/1243/4032 4115/1244/4047 4116/1242/4046
f 4101/1245/4033 4114/1246/4048 4115/1244/4047
f 4099/1225/4035 4114/1246/4048 4100/1222/4034
f 4098/1227/4037 4113/1247/4049 4099/1225/4035
f 3989/1249/4050 4112/1248/4051 4098/1227/4037
f 4124/1250/4039 4139/1149/3971 4125/1147/3969
f 4124/1250/4039 4137/1251/4052 4138/1265/4053
f 4123/1230/4038 4136/1252/4054 4137/1251/4052
f 4122/1231/4040 4135/1253/4055 4136/1252/4054
f 4121/1232/4041 4134/1254/4056 4135/1253/4055
f 4120/1234/4042 4133/1255/4057 4134/1254/4056
f 4119/1236/4043 4132/1256/4058 4133/1255/4057
f 4118/1238/4044 4131/1257/4059 4132/1256/4058
f 4117/1240/4045 4130/1258/4060 4131/1257/4059
f 4116/1242/4046 4129/1259/4061 4130/1258/4060
f 4115/1244/4047 4128/1260/4062 4129/1259/4061
f 4113/1247/4049 4128/1260/4062 4114/1246/4048
f 4112/1248/4051 4127/1261/4063 4113/1247/4049
f 3990/1263/4064 4126/1262/4065 4112/1248/4051
f 4138/1265/4053 4153/1264/4066 4139/1149/3971
f 4138/1265/4053 4151/1266/4067 4152/1413/4068
f 4137/1251/4052 4150/1267/4069 4151/1266/4067
f 4136/1252/4054 4149/1268/4070 4150/1267/4069
f 4135/1253/4055 4148/1269/4071 4149/1268/4070
f 4134/1254/4056 4147/1270/4072 4148/1269/4071
f 4133/1255/4057 4146/1271/4073 4147/1270/4072
f 4132/1256/4058 4145/1272/4074 4146/1271/4073
f 4131/1257/4059 4144/1273/4075 4145/1272/4074
f 4130/1258/4060 4143/1274/4076 4144/1273/4075
f 4129/1259/4061 4142/1275/4077 4143/1274/4076
f 4127/1261/4063 4142/1275/4077 4128/1260/4062
f 4126/1262/4065 4141/1276/4078 4127/1261/4063
f 3991/1278/4079 4140/1277/4080 4126/1262/4065
f 4153/1152/4066 4166/1279/4081 4167/1151/3973
f 4152/1280/4068 4165/1281/4082 4166/1279/4081
f 4151/1283/4067 4164/1284/4083 4165/1311/4082
f 4150/1285/4069 4163/1286/4084 4164/1284/4083
f 4149/1287/4070 4162/1288/4085 4163/1286/4084
f 4148/1289/4071 4161/1290/4086 4162/1288/4085
f 4147/1291/4072 4160/1292/4087 4161/1290/4086
f 4146/1293/4073 4159/1294/4088 4160/1292/4087
f 4145/1295/4074 4158/1296/4089 4159/1294/4088
f 4144/1297/4075 4157/1298/4090 4158/1296/4089
f 4143/1300/4076 4156/1301/4091 4157/1319/4090
f 4142/1302/4077 4155/1303/4092 4156/1301/4091
f 4141/1304/4078 4154/1305/4093 4155/1303/4092
f 4140/1306/4080 3993/1307/4094 4154/1305/4093
f 4167/1151/3973 4180/1309/4095 4181/1154/3975
f 4166/1279/4081 4179/1310/4096 4180/1309/4095
f 4165/1311/4082 4178/1312/4097 4179/1414/4096
f 4164/1284/4083 4177/1313/4098 4178/1312/4097
f 4163/1286/4084 4176/1314/4099 4177/1313/4098
f 4162/1288/4085 4175/1315/4100 4176/1314/4099
f 4161/1290/4086 4174/1316/4101 4175/1315/4100
f 4159/1294/4088 4174/1316/4101 4160/1292/4087
f 4158/1296/4089 4173/1317/4102 4159/1294/4088
f 4158/1296/4089 4171/1318/4103 4172/1415/4104
f 4157/1319/4090 4170/1320/4105 4171/1416/4103
f 4156/1301/4091 4169/1321/4106 4170/1320/4105
f 4155/1303/4092 4168/1322/4107 4169/1321/4106
f 4154/1305/4093 3994/1323/4108 4168/1322/4107
f 4181/1157/3975 4194/1324/4109 4195/1156/3977
f 4180/1325/4095 4193/1326/4110 4194/1324/4109
f 4178/1328/4097 4193/1326/4110 4179/1327/4096
f 4177/1330/4098 4192/1329/4111 4178/1328/4097
f 4176/1332/4099 4191/1331/4112 4177/1330/4098
f 4175/1334/4100 4190/1333/4113 4176/1332/4099
f 4174/1336/4101 4189/1335/4114 4175/1334/4100
f 4173/1338/4102 4188/1337/4115 4174/1336/4101
f 4172/1340/4104 4187/1339/4116 4173/1338/4102
f 4171/1342/4103 4186/1341/4117 4172/1340/4104
f 4171/1342/4103 4184/1343/4118 4185/1360/4119
f 4170/1344/4105 4183/1345/4120 4184/1343/4118
f 4169/1346/4106 4182/1347/4121 4183/1345/4120
f 4168/1348/4107 3995/1349/4122 4182/1347/4121
f 4195/1156/3977 4208/1351/4123 4209/1159/3979
f 4194/1324/4109 4207/1352/4124 4208/1351/4123
f 4192/1329/4111 4207/1352/4124 4193/1326/4110
f 4191/1331/4112 4206/1353/4125 4192/1329/4111
f 4190/1333/4113 4205/1354/4126 4191/1331/4112
f 4189/1335/4114 4204/1355/4127 4190/1333/4113
f 4188/1337/4115 4203/1356/4128 4189/1335/4114
f 4187/1339/4116 4202/1357/4129 4188/1337/4115
f 4186/1341/4117 4201/1358/4130 4187/1339/4116
f 4185/1360/4119 4200/1359/4131 4186/1341/4117
f 4185/1360/4119 4198/1361/4132 4199/1374/4133
f 4184/1343/4118 4197/1362/4134 4198/1361/4132
f 4183/1345/4120 4196/1363/4135 4197/1362/4134
f 4182/1347/4121 3996/1364/4136 4196/1363/4135
f 4209/1159/3979 4222/1365/4137 4223/1161/3981
f 4208/1351/4123 4221/1366/4138 4222/1365/4137
f 4206/1353/4125 4221/1366/4138 4207/1352/4124
f 4205/1354/4126 4220/1367/4139 4206/1353/4125
f 4204/1355/4127 4219/1368/4140 4205/1354/4126
f 4203/1356/4128 4218/1369/4141 4204/1355/4127
f 4202/1357/4129 4217/1370/4142 4203/1356/4128
f 4201/1358/4130 4216/1371/4143 4202/1357/4129
f 4200/1359/4131 4215/1372/4144 4201/1358/4130
f 4199/1374/4133 4214/1373/4145 4200/1359/4131
f 4198/1361/4132 4213/1375/4146 4199/1374/4133
f 4198/1361/4132 4211/1376/4147 4212/1417/4148
f 4197/1362/4134 4210/1377/4149 4211/1376/4147
f 4196/1363/4135 3985/1378/4150 4210/1377/4149
f 4223/1163/3981 4057/1165/3985 4056/1138/3983
f 4222/1379/4137 4058/1167/3987 4057/1165/3985
f 4220/1381/4139 4058/1167/3987 4221/1380/4138
f 4219/1382/4140 4059/1170/3989 4220/1383/4139
f 4218/1384/4141 4060/1172/3991 4219/1382/4140
f 4217/1385/4142 4061/1174/3993 4218/1384/4141
f 4216/1386/4143 4062/1176/3995 4217/1385/4142
f 4215/1387/4144 4063/1178/3997 4216/1386/4143
f 4214/1388/4145 4064/1180/4000 4215/1387/4144
f 4213/1390/4146 4065/1389/3999 4214/1391/4145
f 4213/1390/4146 4067/1186/4005 4066/1184/4003
f 4212/1392/4148 4068/1188/4007 4067/1186/4005
f 4211/1393/4147 4069/1190/4009 4068/1188/4007
f 4210/1394/4149 3986/1192/4151 4069/1190/4009
f 4233/1026/4152 4246/1027/4152 4234/1047/4152
f 4238/1030/4152 4227/1029/4152 4226/1031/4152
f 4241/1033/4152 4230/1032/4152 4229/1034/4152
f 4232/1035/4152 4245/1028/4152 4233/1026/4152
f 4225/1037/4152 4238/1030/4152 4226/1031/4152
f 4235/1039/4152 4236/1040/4152 4224/1046/4152
f 4228/1042/4152 4241/1033/4152 4229/1034/4152
f 4243/1044/4152 4232/1035/4152 4231/1045/4152
f 4236/1040/4152 4225/1037/4152 4224/1046/4152
f 4234/1047/4152 4247/1041/4152 4235/1039/4152
f 4227/1029/4152 4240/1043/4152 4228/1042/4152
f 4242/1049/4152 4231/1045/4152 4230/1032/4152
f 4240/1050/4153 4253/1051/4154 4241/1066/4154
f 4257/1396/4155 4253/1397/4155 4249/1398/4155
f 4259/1057/4156 4236/1056/4157 4247/1058/4156
f 4249/1060/4158 4238/1059/4159 4237/1061/4158
f 4244/1062/4160 4257/1063/4161 4245/1399/4162
f 4253/1051/4154 4242/1065/4163 4241/1066/4154
f 4238/1059/4159 4251/1067/4164 4239/1400/4164
f 4245/1069/4162 4258/1070/4165 4246/1076/4165
f 4254/1073/4163 4243/1072/4166 4242/1065/4163
f 4251/1074/4164 4240/1050/4153 4239/1075/4164
f 4258/1070/4165 4247/1058/4156 4246/1076/4165
f 4236/1077/4157 4249/1060/4158 4237/1061/4158
f 4243/1079/4166 4256/1064/4167 4244/1062/4160
f 4269/1081/4168 4282/1082/4168 4270/1102/4168
f 4274/1085/4168 4263/1084/4168 4262/1086/4168
f 4277/1088/4168 4266/1087/4168 4265/1089/4168
f 4268/1090/4168 4281/1083/4168 4269/1081/4168
f 4273/1092/4168 4262/1086/4168 4261/1093/4168
f 4283/1095/4168 4260/1094/4168 4271/1096/4168
f 4276/1097/4168 4265/1089/4168 4264/1098/4168
f 4279/1099/4168 4268/1090/4168 4267/1100/4168
f 4272/1101/4168 4261/1093/4168 4260/1094/4168
f 4270/1102/4168 4283/1095/4168 4271/1096/4168
f 4275/1103/4168 4264/1098/4168 4263/1084/4168
f 4278/1104/4168 4267/1100/4168 4266/1087/4168
f 4276/1105/4169 4289/1106/4170 4277/1121/4171
f 4293/1401/4172 4289/1402/4172 4285/1403/4172
f 4283/1111/4173 4284/1112/4174 4272/1132/4175
f 4273/1114/4176 4286/1115/4177 4274/1122/4178
f 4292/1118/4179 4281/1117/4180 4280/1119/4181
f 4289/1106/4170 4278/1120/4182 4277/1121/4171
f 4274/1122/4178 4287/1123/4183 4275/1404/4184
f 4293/1125/4185 4282/1124/4186 4281/1117/4180
f 4290/1127/4187 4279/1126/4188 4278/1120/4182
f 4275/1128/4184 4288/1107/4189 4276/1105/4169
f 4294/1130/4190 4283/1111/4173 4282/1131/4186
f 4272/1132/4175 4285/1133/4191 4273/1405/4176
f 4291/1134/4192 4280/1119/4181 4279/1135/4188
f 4269/1136/4193 4323/1137/4194 4268/1139/4195
f 4268/1139/4195 4337/1140/4196 4267/1406/4197
f 4337/1142/4196 4266/1141/4198 4267/1143/4197
f 4351/1145/4199 4265/1144/4200 4266/1141/4198
f 4365/1147/4201 4264/1146/4202 4265/1144/4200
f 4379/1149/4203 4263/1148/4204 4264/1146/4202
f 4263/1150/4204 4407/1151/4205 4262/1153/4206
f 4262/1153/4206 4421/1154/4207 4261/1407/4208
f 4261/1155/4208 4435/1156/4209 4260/1158/4210
f 4260/1158/4210 4449/1159/4211 4271/1160/4212
f 4271/1160/4212 4463/1161/4213 4270/1408/4214
f 4270/1162/4214 4296/1138/4215 4269/1136/4193
f 4296/1138/4215 4322/1164/4216 4323/1137/4194
f 4297/1165/4217 4321/1166/4218 4322/1164/4216
f 4298/1168/4219 4320/1169/4220 4321/1195/4218
f 4299/1170/4221 4319/1171/4222 4320/1169/4220
f 4300/1172/4223 4318/1173/4224 4319/1171/4222
f 4301/1174/4225 4317/1175/4226 4318/1173/4224
f 4302/1176/4227 4316/1177/4228 4317/1175/4226
f 4303/1178/4229 4315/1179/4230 4316/1177/4228
f 4305/1181/4231 4315/1179/4230 4304/1180/4232
f 4305/1181/4231 4313/1182/4233 4314/1203/4234
f 4306/1184/4235 4312/1185/4236 4313/1409/4233
f 4307/1186/4237 4311/1187/4238 4312/1185/4236
f 4308/1188/4239 4310/1189/4240 4311/1187/4238
f 4309/1190/4241 4226/1191/4242 4310/1189/4240
f 4323/1137/4194 4336/1193/4243 4337/1140/4196
f 4322/1164/4216 4335/1194/4244 4336/1193/4243
f 4321/1195/4218 4334/1196/4245 4335/1410/4244
f 4320/1169/4220 4333/1197/4246 4334/1196/4245
f 4319/1171/4222 4332/1198/4247 4333/1197/4246
f 4318/1173/4224 4331/1199/4248 4332/1198/4247
f 4317/1175/4226 4330/1200/4249 4331/1199/4248
f 4316/1177/4228 4329/1201/4250 4330/1200/4249
f 4315/1179/4230 4328/1202/4251 4329/1201/4250
f 4314/1203/4234 4327/1204/4252 4328/1202/4251
f 4313/1182/4233 4326/1205/4253 4327/1204/4252
f 4312/1185/4236 4325/1207/4254 4326/1411/4253
f 4310/1189/4240 4325/1207/4254 4311/1187/4238
f 4226/1191/4242 4324/1208/4255 4310/1189/4240
f 4336/1209/4243 4351/1145/4199 4337/1142/4196
f 4336/1209/4243 4349/1210/4256 4350/1229/4257
f 4335/1211/4244 4348/1212/4258 4349/1210/4256
f 4334/1196/4245 4347/1214/4259 4348/1412/4258
f 4333/1197/4246 4346/1215/4260 4347/1214/4259
f 4332/1198/4247 4345/1216/4261 4346/1215/4260
f 4331/1199/4248 4344/1217/4262 4345/1216/4261
f 4330/1200/4249 4343/1218/4263 4344/1217/4262
f 4329/1201/4250 4342/1219/4264 4343/1218/4263
f 4328/1202/4251 4341/1220/4265 4342/1219/4264
f 4327/1221/4252 4340/1222/4266 4341/1245/4265
f 4325/1224/4254 4340/1222/4266 4326/1223/4253
f 4324/1226/4255 4339/1225/4267 4325/1224/4254
f 4227/1228/4268 4338/1227/4269 4324/1226/4255
f 4350/1229/4257 4365/1147/4201 4351/1145/4199
f 4350/1229/4257 4363/1230/4270 4364/1250/4271
f 4349/1210/4256 4362/1231/4272 4363/1230/4270
f 4348/1212/4258 4361/1232/4273 4362/1231/4272
f 4347/1233/4259 4360/1234/4274 4361/1232/4273
f 4346/1235/4260 4359/1236/4275 4360/1234/4274
f 4345/1237/4261 4358/1238/4276 4359/1236/4275
f 4344/1239/4262 4357/1240/4277 4358/1238/4276
f 4343/1241/4263 4356/1242/4278 4357/1240/4277
f 4342/1243/4264 4355/1244/4279 4356/1242/4278
f 4341/1245/4265 4354/1246/4280 4355/1244/4279
f 4339/1225/4267 4354/1246/4280 4340/1222/4266
f 4338/1227/4269 4353/1247/4281 4339/1225/4267
f 4228/1249/4282 4352/1248/4283 4338/1227/4269
f 4364/1250/4271 4379/1149/4203 4365/1147/4201
f 4364/1250/4271 4377/1251/4284 4378/1265/4285
f 4363/1230/4270 4376/1252/4286 4377/1251/4284
f 4362/1231/4272 4375/1253/4287 4376/1252/4286
f 4361/1232/4273 4374/1254/4288 4375/1253/4287
f 4360/1234/4274 4373/1255/4289 4374/1254/4288
f 4359/1236/4275 4372/1256/4290 4373/1255/4289
f 4358/1238/4276 4371/1257/4291 4372/1256/4290
f 4357/1240/4277 4370/1258/4292 4371/1257/4291
f 4356/1242/4278 4369/1259/4293 4370/1258/4292
f 4355/1244/4279 4368/1260/4294 4369/1259/4293
f 4353/1247/4281 4368/1260/4294 4354/1246/4280
f 4352/1248/4283 4367/1261/4295 4353/1247/4281
f 4229/1263/4296 4366/1262/4297 4352/1248/4283
f 4378/1265/4285 4393/1264/4298 4379/1149/4203
f 4378/1265/4285 4391/1266/4299 4392/1413/4300
f 4377/1251/4284 4390/1267/4301 4391/1266/4299
f 4376/1252/4286 4389/1268/4302 4390/1267/4301
f 4375/1253/4287 4388/1269/4303 4389/1268/4302
f 4374/1254/4288 4387/1270/4304 4388/1269/4303
f 4373/1255/4289 4386/1271/4305 4387/1270/4304
f 4372/1256/4290 4385/1272/4306 4386/1271/4305
f 4371/1257/4291 4384/1273/4307 4385/1272/4306
f 4370/1258/4292 4383/1274/4308 4384/1273/4307
f 4369/1259/4293 4382/1275/4309 4383/1274/4308
f 4367/1261/4295 4382/1275/4309 4368/1260/4294
f 4366/1262/4297 4381/1276/4310 4367/1261/4295
f 4230/1278/4311 4380/1277/4312 4366/1262/4297
f 4393/1152/4298 4406/1279/4313 4407/1151/4205
f 4392/1280/4300 4405/1281/4314 4406/1279/4313
f 4391/1283/4299 4404/1284/4315 4405/1311/4314
f 4390/1285/4301 4403/1286/4316 4404/1284/4315
f 4389/1287/4302 4402/1288/4317 4403/1286/4316
f 4388/1289/4303 4401/1290/4318 4402/1288/4317
f 4387/1291/4304 4400/1292/4319 4401/1290/4318
f 4386/1293/4305 4399/1294/4320 4400/1292/4319
f 4385/1295/4306 4398/1296/4321 4399/1294/4320
f 4384/1297/4307 4397/1298/4322 4398/1296/4321
f 4383/1300/4308 4396/1301/4323 4397/1319/4322
f 4382/1302/4309 4395/1303/4324 4396/1301/4323
f 4381/1304/4310 4394/1305/4325 4395/1303/4324
f 4380/1306/4312 4232/1307/4326 4394/1305/4325
f 4407/1151/4205 4420/1309/4327 4421/1154/4207
f 4406/1279/4313 4419/1310/4328 4420/1309/4327
f 4405/1311/4314 4418/1312/4329 4419/1414/4328
f 4404/1284/4315 4417/1313/4330 4418/1312/4329
f 4403/1286/4316 4416/1314/4331 4417/1313/4330
f 4402/1288/4317 4415/1315/4332 4416/1314/4331
f 4401/1290/4318 4414/1316/4333 4415/1315/4332
f 4399/1294/4320 4414/1316/4333 4400/1292/4319
f 4398/1296/4321 4413/1317/4334 4399/1294/4320
f 4398/1296/4321 4411/1318/4335 4412/1415/4336
f 4397/1319/4322 4410/1320/4337 4411/1416/4335
f 4396/1301/4323 4409/1321/4338 4410/1320/4337
f 4395/1303/4324 4408/1322/4339 4409/1321/4338
f 4394/1305/4325 4233/1323/4340 4408/1322/4339
f 4421/1157/4207 4434/1324/4341 4435/1156/4209
f 4420/1325/4327 4433/1326/4342 4434/1324/4341
f 4418/1328/4329 4433/1326/4342 4419/1327/4328
f 4417/1330/4330 4432/1329/4343 4418/1328/4329
f 4416/1332/4331 4431/1331/4344 4417/1330/4330
f 4415/1334/4332 4430/1333/4345 4416/1332/4331
f 4414/1336/4333 4429/1335/4346 4415/1334/4332
f 4413/1338/4334 4428/1337/4347 4414/1336/4333
f 4412/1340/4336 4427/1339/4348 4413/1338/4334
f 4411/1342/4335 4426/1341/4349 4412/1340/4336
f 4411/1342/4335 4424/1343/4350 4425/1360/4351
f 4410/1344/4337 4423/1345/4352 4424/1343/4350
f 4409/1346/4338 4422/1347/4353 4423/1345/4352
f 4408/1348/4339 4234/1349/4354 4422/1347/4353
f 4435/1156/4209 4448/1351/4355 4449/1159/4211
f 4434/1324/4341 4447/1352/4356 4448/1351/4355
f 4432/1329/4343 4447/1352/4356 4433/1326/4342
f 4431/1331/4344 4446/1353/4357 4432/1329/4343
f 4430/1333/4345 4445/1354/4358 4431/1331/4344
f 4429/1335/4346 4444/1355/4359 4430/1333/4345
f 4428/1337/4347 4443/1356/4360 4429/1335/4346
f 4427/1339/4348 4442/1357/4361 4428/1337/4347
f 4426/1341/4349 4441/1358/4362 4427/1339/4348
f 4425/1360/4351 4440/1359/4363 4426/1341/4349
f 4425/1360/4351 4438/1361/4364 4439/1374/4365
f 4424/1343/4350 4437/1362/4366 4438/1361/4364
f 4423/1345/4352 4436/1363/4367 4437/1362/4366
f 4422/1347/4353 4235/1364/4368 4436/1363/4367
f 4449/1159/4211 4462/1365/4369 4463/1161/4213
f 4448/1351/4355 4461/1366/4370 4462/1365/4369
f 4446/1353/4357 4461/1366/4370 4447/1352/4356
f 4445/1354/4358 4460/1367/4371 4446/1353/4357
f 4444/1355/4359 4459/1368/4372 4445/1354/4358
f 4443/1356/4360 4458/1369/4373 4444/1355/4359
f 4442/1357/4361 4457/1370/4374 4443/1356/4360
f 4441/1358/4362 4456/1371/4375 4442/1357/4361
f 4440/1359/4363 4455/1372/4376 4441/1358/4362
f 4439/1374/4365 4454/1373/4377 4440/1359/4363
f 4438/1361/4364 4453/1375/4378 4439/1374/4365
f 4438/1361/4364 4451/1376/4379 4452/1417/4380
f 4437/1362/4366 4450/1377/4381 4451/1376/4379
f 4436/1363/4367 4224/1378/4382 4450/1377/4381
f 4463/1163/4213 4297/1165/4217 4296/1138/4215
f 4462/1379/4369 4298/1167/4219 4297/1165/4217
f 4460/1381/4371 4298/1167/4219 4461/1380/4370
f 4459/1382/4372 4299/1170/4221 4460/1383/4371
f 4458/1384/4373 4300/1172/4223 4459/1382/4372
f 4457/1385/4374 4301/1174/4225 4458/1384/4373
f 4456/1386/4375 4302/1176/4227 4457/1385/4374
f 4455/1387/4376 4303/1178/4229 4456/1386/4375
f 4454/1388/4377 4304/1180/4232 4455/1387/4376
f 4453/1390/4378 4305/1389/4231 4454/1391/4377
f 4453/1390/4378 4307/1186/4237 4306/1184/4235
f 4452/1392/4380 4308/1188/4239 4307/1186/4237
f 4451/1393/4379 4309/1190/4241 4308/1188/4239
f 4450/1394/4381 4225/1192/4383 4309/1190/4241
f 4473/1026/4384 4486/1027/4384 4485/1028/4384
f 4467/1029/4384 4478/1030/4384 4466/1031/4384
f 4470/1032/4384 4481/1033/4384 4469/1034/4384
f 4472/1035/4384 4485/1028/4384 4484/1036/4384
f 4465/1037/4384 4478/1030/4384 4477/1038/4384
f 4475/1039/4384 4476/1040/4384 4487/1041/4384
f 4468/1042/4384 4481/1033/4384 4480/1043/4384
f 4472/1035/4384 4483/1044/4384 4471/1045/4384
f 4465/1037/4384 4476/1040/4384 4464/1046/4384
f 4474/1047/4384 4487/1041/4384 4486/1027/4384
f 4467/1029/4384 4480/1043/4384 4479/1048/4384
f 4471/1045/4384 4482/1049/4384 4470/1032/4384
f 4480/1050/4385 4493/1051/4386 4492/1052/4385
f 4491/1053/4387 4495/1054/4387 4498/1055/4387
f 4476/1056/4388 4498/1057/4389 4487/1058/4389
f 4478/1059/4390 4489/1060/4391 4477/1061/4391
f 4484/1062/4392 4496/1063/4393 4256/1064/4394
f 4482/1065/4395 4493/1051/4386 4481/1066/4386
f 4478/1059/4390 4491/1067/4396 4490/1068/4390
f 4485/1069/4397 4497/1070/4398 4496/1071/4393
f 4483/1072/4399 4494/1073/4395 4482/1065/4395
f 4480/1050/4385 4491/1074/4396 4479/1075/4396
f 4487/1058/4389 4497/1070/4398 4486/1076/4398
f 4476/1077/4388 4489/1060/4391 4488/1078/4388
f 4483/1079/4399 4256/1064/4394 4495/1080/4400
f 4508/1081/4401 4521/1082/4401 4520/1083/4401
f 4502/1084/4401 4513/1085/4401 4501/1086/4401
f 4505/1087/4401 4516/1088/4401 4504/1089/4401
f 4507/1090/4401 4520/1083/4401 4519/1091/4401
f 4501/1086/4401 4512/1092/4401 4500/1093/4401
f 4499/1094/4401 4522/1095/4401 4510/1096/4401
f 4504/1089/4401 4515/1097/4401 4503/1098/4401
f 4507/1090/4401 4518/1099/4401 4506/1100/4401
f 4500/1093/4401 4511/1101/4401 4499/1094/4401
f 4509/1102/4401 4522/1095/4401 4521/1082/4401
f 4503/1098/4401 4514/1103/4401 4502/1084/4401
f 4506/1100/4401 4517/1104/4401 4505/1087/4401
f 4515/1105/4402 4528/1106/4403 4527/1107/4404
f 4526/1108/4405 4530/1109/4405 4534/1110/4405
f 4522/1111/4406 4523/1112/4407 4534/1113/4408
f 4512/1114/4409 4525/1115/4410 4524/1116/4411
f 4520/1117/4412 4531/1118/4413 4519/1119/4414
f 4517/1120/4415 4528/1106/4403 4516/1121/4416
f 4513/1122/4417 4526/1123/4418 4525/1115/4410
f 4521/1124/4419 4532/1125/4420 4520/1117/4412
f 4518/1126/4421 4529/1127/4422 4517/1120/4415
f 4514/1128/4423 4527/1107/4404 4526/1129/4418
f 4522/1111/4406 4533/1130/4424 4521/1131/4419
f 4511/1132/4425 4524/1133/4411 4523/1112/4407
f 4519/1119/4414 4530/1134/4426 4518/1135/4421
f 4508/1136/4427 4562/1137/4428 4535/1138/4429
f 4507/1139/4430 4576/1140/4431 4562/1137/4428
f 4505/1141/4432 4576/1142/4431 4506/1143/4433
f 4504/1144/4434 4590/1145/4435 4505/1141/4432
f 4503/1146/4436 4604/1147/4437 4504/1144/4434
f 4502/1148/4438 4618/1149/4439 4503/1146/4436
f 4502/1150/4438 4646/1151/4440 4632/1152/4441
f 4501/1153/4442 4660/1154/4443 4646/1151/4440
f 4500/1155/4444 4674/1156/4445 4660/1157/4443
f 4499/1158/4446 4688/1159/4447 4674/1156/4445
f 4510/1160/4448 4702/1161/4449 4688/1159/4447
f 4509/1162/4450 4535/1138/4429 4702/1163/4449
f 4535/1138/4429 4561/1164/4451 4536/1165/4452
f 4536/1165/4452 4560/1166/4453 4537/1167/4454
f 4537/1168/4454 4559/1169/4455 4538/1170/4456
f 4538/1170/4456 4558/1171/4457 4539/1172/4458
f 4539/1172/4458 4557/1173/4459 4540/1174/4460
f 4540/1174/4460 4556/1175/4461 4541/1176/4462
f 4541/1176/4462 4555/1177/4463 4542/1178/4464
f 4542/1178/4464 4554/1179/4465 4543/1180/4466
f 4554/1179/4465 4544/1181/4467 4543/1180/4466
f 4544/1181/4467 4552/1182/4468 4545/1183/4469
f 4545/1184/4469 4551/1185/4470 4546/1186/4471
f 4546/1186/4471 4550/1187/4472 4547/1188/4473
f 4547/1188/4473 4549/1189/4474 4548/1190/4475
f 4548/1190/4475 4466/1191/4476 4465/1192/4477
f 4562/1137/4428 4575/1193/4478 4561/1164/4451
f 4561/1164/4451 4574/1194/4479 4560/1166/4453
f 4560/1195/4453 4573/1196/4480 4559/1169/4455
f 4559/1169/4455 4572/1197/4481 4558/1171/4457
f 4558/1171/4457 4571/1198/4482 4557/1173/4459
f 4557/1173/4459 4570/1199/4483 4556/1175/4461
f 4556/1175/4461 4569/1200/4484 4555/1177/4463
f 4555/1177/4463 4568/1201/4485 4554/1179/4465
f 4554/1179/4465 4567/1202/4486 4553/1203/4487
f 4553/1203/4487 4566/1204/4488 4552/1182/4468
f 4552/1182/4468 4565/1205/4489 4551/1206/4470
f 4551/1185/4470 4564/1207/4490 4550/1187/4472
f 4564/1207/4490 4549/1189/4474 4550/1187/4472
f 4563/1208/4491 4466/1191/4476 4549/1189/4474
f 4590/1145/4435 4575/1209/4478 4576/1142/4431
f 4575/1209/4478 4588/1210/4492 4574/1211/4479
f 4574/1211/4479 4587/1212/4493 4573/1213/4480
f 4573/1196/4480 4586/1214/4494 4572/1197/4481
f 4572/1197/4481 4585/1215/4495 4571/1198/4482
f 4571/1198/4482 4584/1216/4496 4570/1199/4483
f 4570/1199/4483 4583/1217/4497 4569/1200/4484
f 4569/1200/4484 4582/1218/4498 4568/1201/4485
f 4568/1201/4485 4581/1219/4499 4567/1202/4486
f 4567/1202/4486 4580/1220/4500 4566/1204/4488
f 4566/1221/4488 4579/1222/4501 4565/1223/4489
f 4579/1222/4501 4564/1224/4490 4565/1223/4489
f 4578/1225/4502 4563/1226/4491 4564/1224/4490
f 4577/1227/4503 4467/1228/4504 4563/1226/4491
f 4604/1147/4437 4589/1229/4505 4590/1145/4435
f 4589/1229/4505 4602/1230/4506 4588/1210/4492
f 4588/1210/4492 4601/1231/4507 4587/1212/4493
f 4587/1212/4493 4600/1232/4508 4586/1233/4494
f 4586/1233/4494 4599/1234/4509 4585/1235/4495
f 4585/1235/4495 4598/1236/4510 4584/1237/4496
f 4584/1237/4496 4597/1238/4511 4583/1239/4497
f 4583/1239/4497 4596/1240/4512 4582/1241/4498
f 4582/1241/4498 4595/1242/4513 4581/1243/4499
f 4581/1243/4499 4594/1244/4514 4580/1245/4500
f 4580/1245/4500 4593/1246/4515 4579/1222/4501
f 4593/1246/4515 4578/1225/4502 4579/1222/4501
f 4592/1247/4516 4577/1227/4503 4578/1225/4502
f 4591/1248/4517 4468/1249/4518 4577/1227/4503
f 4618/1149/4439 4603/1250/4519 4604/1147/4437
f 4603/1250/4519 4616/1251/4520 4602/1230/4506
f 4602/1230/4506 4615/1252/4521 4601/1231/4507
f 4601/1231/4507 4614/1253/4522 4600/1232/4508
f 4600/1232/4508 4613/1254/4523 4599/1234/4509
f 4599/1234/4509 4612/1255/4524 4598/1236/4510
f 4598/1236/4510 4611/1256/4525 4597/1238/4511
f 4597/1238/4511 4610/1257/4526 4596/1240/4512
f 4596/1240/4512 4609/1258/4527 4595/1242/4513
f 4595/1242/4513 4608/1259/4528 4594/1244/4514
f 4594/1244/4514 4607/1260/4529 4593/1246/4515
f 4607/1260/4529 4592/1247/4516 4593/1246/4515
f 4606/1261/4530 4591/1248/4517 4592/1247/4516
f 4605/1262/4531 4469/1263/4532 4591/1248/4517
f 4632/1264/4441 4617/1265/4533 4618/1149/4439
f 4617/1265/4533 4630/1266/4534 4616/1251/4520
f 4616/1251/4520 4629/1267/4535 4615/1252/4521
f 4615/1252/4521 4628/1268/4536 4614/1253/4522
f 4614/1253/4522 4627/1269/4537 4613/1254/4523
f 4613/1254/4523 4626/1270/4538 4612/1255/4524
f 4612/1255/4524 4625/1271/4539 4611/1256/4525
f 4611/1256/4525 4624/1272/4540 4610/1257/4526
f 4610/1257/4526 4623/1273/4541 4609/1258/4527
f 4609/1258/4527 4622/1274/4542 4608/1259/4528
f 4608/1259/4528 4621/1275/4543 4607/1260/4529
f 4621/1275/4543 4606/1261/4530 4607/1260/4529
f 4620/1276/4544 4605/1262/4531 4606/1261/4530
f 4619/1277/4545 4470/1278/4546 4605/1262/4531
f 4632/1152/4441 4645/1279/4547 4631/1280/4548
f 4631/1280/4548 4644/1281/4549 4630/1282/4534
f 4630/1283/4534 4643/1284/4550 4629/1285/4535
f 4629/1285/4535 4642/1286/4551 4628/1287/4536
f 4628/1287/4536 4641/1288/4552 4627/1289/4537
f 4627/1289/4537 4640/1290/4553 4626/1291/4538
f 4626/1291/4538 4639/1292/4554 4625/1293/4539
f 4625/1293/4539 4638/1294/4555 4624/1295/4540
f 4624/1295/4540 4637/1296/4556 4623/1297/4541
f 4623/1297/4541 4636/1298/4557 4622/1299/4542
f 4622/1300/4542 4635/1301/4558 4621/1302/4543
f 4621/1302/4543 4634/1303/4559 4620/1304/4544
f 4620/1304/4544 4633/1305/4560 4619/1306/4545
f 4619/1306/4545 4472/1307/4561 4471/1308/4562
f 4646/1151/4440 4659/1309/4563 4645/1279/4547
f 4645/1279/4547 4658/1310/4564 4644/1281/4549
f 4644/1311/4549 4657/1312/4565 4643/1284/4550
f 4643/1284/4550 4656/1313/4566 4642/1286/4551
f 4642/1286/4551 4655/1314/4567 4641/1288/4552
f 4641/1288/4552 4654/1315/4568 4640/1290/4553
f 4640/1290/4553 4653/1316/4569 4639/1292/4554
f 4653/1316/4569 4638/1294/4555 4639/1292/4554
f 4652/1317/4570 4637/1296/4556 4638/1294/4555
f 4637/1296/4556 4650/1318/4571 4636/1298/4557
f 4636/1319/4557 4649/1320/4572 4635/1301/4558
f 4635/1301/4558 4648/1321/4573 4634/1303/4559
f 4634/1303/4559 4647/1322/4574 4633/1305/4560
f 4633/1305/4560 4473/1323/4575 4472/1307/4561
f 4660/1157/4443 4673/1324/4576 4659/1325/4563
f 4659/1325/4563 4672/1326/4577 4658/1327/4564
f 4672/1326/4577 4657/1328/4565 4658/1327/4564
f 4671/1329/4578 4656/1330/4566 4657/1328/4565
f 4670/1331/4579 4655/1332/4567 4656/1330/4566
f 4669/1333/4580 4654/1334/4568 4655/1332/4567
f 4668/1335/4581 4653/1336/4569 4654/1334/4568
f 4667/1337/4582 4652/1338/4570 4653/1336/4569
f 4666/1339/4583 4651/1340/4584 4652/1338/4570
f 4665/1341/4585 4650/1342/4571 4651/1340/4584
f 4650/1342/4571 4663/1343/4586 4649/1344/4572
f 4649/1344/4572 4662/1345/4587 4648/1346/4573
f 4648/1346/4573 4661/1347/4588 4647/1348/4574
f 4647/1348/4574 4474/1349/4589 4473/1350/4575
f 4674/1156/4445 4687/1351/4590 4673/1324/4576
f 4673/1324/4576 4686/1352/4591 4672/1326/4577
f 4686/1352/4591 4671/1329/4578 4672/1326/4577
f 4685/1353/4592 4670/1331/4579 4671/1329/4578
f 4684/1354/4593 4669/1333/4580 4670/1331/4579
f 4683/1355/4594 4668/1335/4581 4669/1333/4580
f 4682/1356/4595 4667/1337/4582 4668/1335/4581
f 4681/1357/4596 4666/1339/4583 4667/1337/4582
f 4680/1358/4597 4665/1341/4585 4666/1339/4583
f 4679/1359/4598 4664/1360/4599 4665/1341/4585
f 4664/1360/4599 4677/1361/4600 4663/1343/4586
f 4663/1343/4586 4676/1362/4601 4662/1345/4587
f 4662/1345/4587 4675/1363/4602 4661/1347/4588
f 4661/1347/4588 4475/1364/4603 4474/1349/4589
f 4688/1159/4447 4701/1365/4604 4687/1351/4590
f 4687/1351/4590 4700/1366/4605 4686/1352/4591
f 4700/1366/4605 4685/1353/4592 4686/1352/4591
f 4699/1367/4606 4684/1354/4593 4685/1353/4592
f 4698/1368/4607 4683/1355/4594 4684/1354/4593
f 4697/1369/4608 4682/1356/4595 4683/1355/4594
f 4696/1370/4609 4681/1357/4596 4682/1356/4595
f 4695/1371/4610 4680/1358/4597 4681/1357/4596
f 4694/1372/4611 4679/1359/4598 4680/1358/4597
f 4693/1373/4612 4678/1374/4613 4679/1359/4598
f 4692/1375/4614 4677/1361/4600 4678/1374/4613
f 4677/1361/4600 4690/1376/4615 4676/1362/4601
f 4676/1362/4601 4689/1377/4616 4675/1363/4602
f 4675/1363/4602 4464/1378/4617 4475/1364/4603
f 4702/1163/4449 4536/1165/4452 4701/1379/4604
f 4701/1379/4604 4537/1167/4454 4700/1380/4605
f 4537/1167/4454 4699/1381/4606 4700/1380/4605
f 4538/1170/4456 4698/1382/4607 4699/1383/4606
f 4539/1172/4458 4697/1384/4608 4698/1382/4607
f 4540/1174/4460 4696/1385/4609 4697/1384/4608
f 4541/1176/4462 4695/1386/4610 4696/1385/4609
f 4542/1178/4464 4694/1387/4611 4695/1386/4610
f 4543/1180/4466 4693/1388/4612 4694/1387/4611
f 4544/1389/4467 4692/1390/4614 4693/1391/4612
f 4692/1390/4614 4546/1186/4471 4691/1392/4618
f 4691/1392/4618 4547/1188/4473 4690/1393/4615
f 4690/1393/4615 4548/1190/4475 4689/1394/4616
f 4689/1394/4616 4465/1192/4477 4464/1395/4617
f 3754/1026/3685 3755/1047/3685 3767/1027/3685
f 3748/1029/3685 3760/1048/3685 3759/1030/3685
f 3751/1032/3685 3763/1049/3685 3762/1033/3685
f 3753/1035/3685 3754/1026/3685 3766/1028/3685
f 3746/1037/3685 3747/1031/3685 3759/1030/3685
f 3756/1039/3685 3745/1046/3685 3757/1040/3685
f 3749/1042/3685 3750/1034/3685 3762/1033/3685
f 3753/1035/3685 3765/1036/3685 3764/1044/3685
f 3746/1037/3685 3758/1038/3685 3757/1040/3685
f 3755/1047/3685 3756/1039/3685 3768/1041/3685
f 3748/1029/3685 3749/1042/3685 3761/1043/3685
f 3752/1045/3685 3764/1044/3685 3763/1049/3685
f 3761/1050/3686 3762/1066/3687 3774/1051/3687
f 3780/1055/3688 3769/1418/3688 3770/1398/3688
f 3770/1398/3688 3771/1419/3688 3772/1053/3688
f 3772/1053/3688 3773/1420/3688 3774/1397/3688
f 3774/1397/3688 3775/1421/3688 3776/1054/3688
f 3776/1054/3688 3777/1422/4619 3778/1396/3688
f 3778/1396/3688 3779/1423/3688 3780/1055/3688
f 3780/1055/3688 3770/1398/3688 3772/1053/3688
f 3772/1053/3688 3774/1397/3688 3776/1054/3688
f 3776/1054/3688 3778/1396/3688 3780/1055/3688
f 3757/1056/3689 3769/1424/3689 3780/1057/3690
f 3759/1059/3691 3771/1068/3691 3770/1060/3692
f 3765/1062/3693 3766/1399/3698 3778/1063/3694
f 3763/1065/3696 3775/1073/3696 3774/1051/3687
f 3759/1059/3691 3760/1400/3697 3772/1067/3697
f 3766/1069/3698 3767/1076/3699 3779/1070/3699
f 3764/1072/3700 3776/1425/3701 3775/1073/3696
f 3761/1050/3686 3773/1052/3686 3772/1074/3697
f 3768/1058/3690 3780/1057/3690 3779/1070/3699
f 3757/1077/3689 3758/1061/3692 3770/1060/3692
f 3764/1079/3700 3765/1062/3693 3777/1064/3695
f 3790/1081/3702 3791/1102/3702 3803/1082/3702
f 3784/1084/3702 3796/1103/3702 3795/1085/3702
f 3787/1087/3702 3799/1104/3702 3798/1088/3702
f 3789/1090/3702 3790/1081/3702 3802/1083/3702
f 3783/1086/3702 3795/1085/3702 3794/1092/3702
f 3781/1094/3702 3793/1101/3702 3804/1095/3702
f 3786/1089/3702 3798/1088/3702 3797/1097/3702
f 3789/1090/3702 3801/1091/3702 3800/1099/3702
f 3782/1093/3702 3794/1092/3702 3793/1101/3702
f 3791/1102/3702 3792/1096/3702 3804/1095/3702
f 3785/1098/3702 3797/1097/3702 3796/1103/3702
f 3788/1100/3702 3800/1099/3702 3799/1104/3702
f 3797/1105/3703 3798/1121/3717 3810/1106/3704
f 3816/1110/3706 3805/1426/3706 3806/1403/3706
f 3806/1403/3706 3807/1427/3706 3808/1108/3706
f 3808/1108/3706 3809/1428/3706 3810/1402/3706
f 3810/1402/3706 3811/1429/3706 3812/1109/3706
f 3812/1109/3706 3813/1430/3706 3814/1401/3706
f 3814/1401/3706 3815/1431/3706 3816/1110/3706
f 3816/1110/3706 3806/1403/3706 3808/1108/3706
f 3808/1108/3706 3810/1402/3706 3812/1109/3706
f 3812/1109/3706 3814/1401/3706 3816/1110/3706
f 3804/1111/3707 3793/1132/3726 3805/1112/3708
f 3794/1114/3710 3795/1122/3718 3807/1115/3711
f 3802/1117/3713 3814/1125/3721 3813/1118/3714
f 3799/1120/3716 3811/1127/3723 3810/1106/3704
f 3795/1122/3718 3796/1404/3724 3808/1123/3719
f 3803/1124/3720 3815/1432/3725 3814/1125/3721
f 3800/1126/3722 3812/1433/3727 3811/1127/3723
f 3796/1128/3724 3797/1105/3703 3809/1107/3705
f 3804/1111/3707 3816/1113/3709 3815/1130/3725
f 3793/1132/3726 3794/1405/3710 3806/1133/3712
f 3801/1119/3715 3813/1118/3714 3812/1134/3727
f 3790/1136/3728 3789/1139/3731 3844/1137/3729
f 3789/1139/3731 3788/1406/3734 3858/1140/3732
f 3787/1141/3733 3872/1145/3736 3858/1142/3732
f 3786/1144/3735 3886/1147/3738 3872/1145/3736
f 3785/1146/3737 3900/1149/3740 3886/1147/3738
f 3784/1148/3739 3914/1264/3742 3900/1149/3740
f 3784/1150/3739 3783/1153/3743 3928/1151/3741
f 3783/1153/3743 3782/1407/3745 3942/1154/3744
f 3782/1155/3745 3781/1158/3747 3956/1156/3746
f 3781/1158/3747 3792/1160/3749 3970/1159/3748
f 3792/1160/3749 3791/1408/3751 3984/1161/3750
f 3791/1162/3751 3790/1136/3728 3817/1138/3730
f 3817/1138/3730 3844/1137/3729 3843/1164/3752
f 3818/1165/3753 3843/1164/3752 3842/1166/3754
f 3819/1168/3755 3842/1195/3754 3841/1169/3756
f 3820/1170/3757 3841/1169/3756 3840/1171/3758
f 3821/1172/3759 3840/1171/3758 3839/1173/3760
f 3822/1174/3761 3839/1173/3760 3838/1175/3762
f 3823/1176/3763 3838/1175/3762 3837/1177/3764
f 3824/1178/3765 3837/1177/3764 3836/1179/3766
f 3836/1179/3766 3835/1203/3788 3826/1181/3768
f 3826/1181/3768 3835/1203/3788 3834/1182/3769
f 3827/1184/3770 3834/1409/3769 3833/1185/3771
f 3828/1186/3772 3833/1185/3771 3832/1187/3773
f 3829/1188/3774 3832/1187/3773 3831/1189/3775
f 3830/1190/3776 3831/1189/3775 3747/1191/3777
f 3844/1137/3729 3858/1140/3732 3857/1193/3779
f 3843/1164/3752 3857/1193/3779 3856/1194/3780
f 3842/1195/3754 3856/1410/3780 3855/1196/3781
f 3841/1169/3756 3855/1196/3781 3854/1197/3782
f 3840/1171/3758 3854/1197/3782 3853/1198/3783
f 3839/1173/3760 3853/1198/3783 3852/1199/3784
f 3838/1175/3762 3852/1199/3784 3851/1200/3785
f 3837/1177/3764 3851/1200/3785 3850/1201/3786
f 3836/1179/3766 3850/1201/3786 3849/1202/3787
f 3835/1203/3788 3849/1202/3787 3848/1204/3789
f 3834/1182/3769 3848/1204/3789 3847/1205/3790
f 3833/1185/3771 3847/1411/3790 3846/1207/3791
f 3846/1207/3791 3845/1208/3792 3831/1189/3775
f 3845/1208/3792 3748/1434/3805 3747/1191/3777
f 3872/1145/3736 3871/1229/3806 3857/1209/3779
f 3857/1209/3779 3871/1229/3806 3870/1210/3793
f 3856/1211/3780 3870/1210/3793 3869/1212/3794
f 3855/1196/3781 3869/1412/3794 3868/1214/3795
f 3854/1197/3782 3868/1214/3795 3867/1215/3796
f 3853/1198/3783 3867/1215/3796 3866/1216/3797
f 3852/1199/3784 3866/1216/3797 3865/1217/3798
f 3851/1200/3785 3865/1217/3798 3864/1218/3799
f 3850/1201/3786 3864/1218/3799 3863/1219/3800
f 3849/1202/3787 3863/1219/3800 3862/1220/3801
f 3848/1221/3789 3862/1245/3801 3861/1222/3802
f 3861/1222/3802 3860/1225/3803 3846/1224/3791
f 3860/1225/3803 3859/1227/3804 3845/1226/3792
f 3859/1227/3804 3749/1249/3819 3748/1228/3805
f 3886/1147/3738 3885/1250/3820 3871/1229/3806
f 3871/1229/3806 3885/1250/3820 3884/1230/3807
f 3870/1210/3793 3884/1230/3807 3883/1231/3808
f 3869/1212/3794 3883/1231/3808 3882/1232/3809
f 3868/1233/3795 3882/1232/3809 3881/1234/3810
f 3867/1235/3796 3881/1234/3810 3880/1236/3811
f 3866/1237/3797 3880/1236/3811 3879/1238/3812
f 3865/1239/3798 3879/1238/3812 3878/1240/3813
f 3864/1241/3799 3878/1240/3813 3877/1242/3814
f 3863/1243/3800 3877/1242/3814 3876/1244/3815
f 3862/1245/3801 3876/1244/3815 3875/1246/3816
f 3875/1246/3816 3874/1247/3817 3860/1225/3803
f 3874/1247/3817 3873/1248/3818 3859/1227/3804
f 3873/1248/3818 3750/1263/3833 3749/1249/3819
f 3900/1149/3740 3899/1265/3834 3885/1250/3820
f 3885/1250/3820 3899/1265/3834 3898/1251/3821
f 3884/1230/3807 3898/1251/3821 3897/1252/3822
f 3883/1231/3808 3897/1252/3822 3896/1253/3823
f 3882/1232/3809 3896/1253/3823 3895/1254/3824
f 3881/1234/3810 3895/1254/3824 3894/1255/3825
f 3880/1236/3811 3894/1255/3825 3893/1256/3826
f 3879/1238/3812 3893/1256/3826 3892/1257/3827
f 3878/1240/3813 3892/1257/3827 3891/1258/3828
f 3877/1242/3814 3891/1258/3828 3890/1259/3829
f 3876/1244/3815 3890/1259/3829 3889/1260/3830
f 3889/1260/3830 3888/1261/3831 3874/1247/3817
f 3888/1261/3831 3887/1262/3832 3873/1248/3818
f 3887/1262/3832 3751/1278/3847 3750/1263/3833
f 3914/1264/3742 3913/1413/3849 3899/1265/3834
f 3899/1265/3834 3913/1413/3849 3912/1266/3835
f 3898/1251/3821 3912/1266/3835 3911/1267/3836
f 3897/1252/3822 3911/1267/3836 3910/1268/3837
f 3896/1253/3823 3910/1268/3837 3909/1269/3838
f 3895/1254/3824 3909/1269/3838 3908/1270/3839
f 3894/1255/3825 3908/1270/3839 3907/1271/3840
f 3893/1256/3826 3907/1271/3840 3906/1272/3841
f 3892/1257/3827 3906/1272/3841 3905/1273/3842
f 3891/1258/3828 3905/1273/3842 3904/1274/3843
f 3890/1259/3829 3904/1274/3843 3903/1275/3844
f 3903/1275/3844 3902/1276/3845 3888/1261/3831
f 3902/1276/3845 3901/1277/3846 3887/1262/3832
f 3901/1277/3846 3752/1435/3863 3751/1278/3847
f 3914/1152/3742 3928/1151/3741 3927/1279/3848
f 3913/1280/3849 3927/1279/3848 3926/1281/3850
f 3912/1283/3835 3926/1311/3850 3925/1284/3851
f 3911/1285/3836 3925/1284/3851 3924/1286/3852
f 3910/1287/3837 3924/1286/3852 3923/1288/3853
f 3909/1289/3838 3923/1288/3853 3922/1290/3854
f 3908/1291/3839 3922/1290/3854 3921/1292/3855
f 3907/1293/3840 3921/1292/3855 3920/1294/3856
f 3906/1295/3841 3920/1294/3856 3919/1296/3857
f 3905/1297/3842 3919/1296/3857 3918/1298/3858
f 3904/1300/3843 3918/1319/3858 3917/1301/3859
f 3903/1302/3844 3917/1301/3859 3916/1303/3860
f 3902/1304/3845 3916/1303/3860 3915/1305/3861
f 3901/1306/3846 3915/1305/3861 3753/1307/3862
f 3928/1151/3741 3942/1154/3744 3941/1309/3864
f 3927/1279/3848 3941/1309/3864 3940/1310/3865
f 3926/1311/3850 3940/1414/3865 3939/1312/3866
f 3925/1284/3851 3939/1312/3866 3938/1313/3867
f 3924/1286/3852 3938/1313/3867 3937/1314/3868
f 3923/1288/3853 3937/1314/3868 3936/1315/3869
f 3922/1290/3854 3936/1315/3869 3935/1316/3870
f 3935/1316/3870 3934/1317/3871 3920/1294/3856
f 3934/1317/3871 3933/1415/3885 3919/1296/3857
f 3919/1296/3857 3933/1415/3885 3932/1318/3872
f 3918/1319/3858 3932/1416/3872 3931/1320/3873
f 3917/1301/3859 3931/1320/3873 3930/1321/3874
f 3916/1303/3860 3930/1321/3874 3929/1322/3875
f 3915/1305/3861 3929/1322/3875 3754/1323/3876
f 3942/1157/3744 3956/1156/3746 3955/1324/3877
f 3941/1325/3864 3955/1324/3877 3954/1326/3878
f 3954/1326/3878 3953/1329/3879 3939/1328/3866
f 3953/1329/3879 3952/1331/3880 3938/1330/3867
f 3952/1331/3880 3951/1333/3881 3937/1332/3868
f 3951/1333/3881 3950/1335/3882 3936/1334/3869
f 3950/1335/3882 3949/1337/3883 3935/1336/3870
f 3949/1337/3883 3948/1339/3884 3934/1338/3871
f 3948/1339/3884 3947/1341/3886 3933/1340/3885
f 3947/1341/3886 3946/1360/3900 3932/1342/3872
f 3932/1342/3872 3946/1360/3900 3945/1343/3887
f 3931/1344/3873 3945/1343/3887 3944/1345/3888
f 3930/1346/3874 3944/1345/3888 3943/1347/3889
f 3929/1348/3875 3943/1347/3889 3755/1349/3890
f 3956/1156/3746 3970/1159/3748 3969/1351/3891
f 3955/1324/3877 3969/1351/3891 3968/1352/3892
f 3968/1352/3892 3967/1353/3893 3953/1329/3879
f 3967/1353/3893 3966/1354/3894 3952/1331/3880
f 3966/1354/3894 3965/1355/3895 3951/1333/3881
f 3965/1355/3895 3964/1356/3896 3950/1335/3882
f 3964/1356/3896 3963/1357/3897 3949/1337/3883
f 3963/1357/3897 3962/1358/3898 3948/1339/3884
f 3962/1358/3898 3961/1359/3899 3947/1341/3886
f 3961/1359/3899 3960/1374/3914 3946/1360/3900
f 3946/1360/3900 3960/1374/3914 3959/1361/3901
f 3945/1343/3887 3959/1361/3901 3958/1362/3902
f 3944/1345/3888 3958/1362/3902 3957/1363/3903
f 3943/1347/3889 3957/1363/3903 3756/1364/3904
f 3970/1159/3748 3984/1161/3750 3983/1365/3905
f 3969/1351/3891 3983/1365/3905 3982/1366/3906
f 3982/1366/3906 3981/1367/3907 3967/1353/3893
f 3981/1367/3907 3980/1368/3908 3966/1354/3894
f 3980/1368/3908 3979/1369/3909 3965/1355/3895
f 3979/1369/3909 3978/1370/3910 3964/1356/3896
f 3978/1370/3910 3977/1371/3911 3963/1357/3897
f 3977/1371/3911 3976/1372/3912 3962/1358/3898
f 3976/1372/3912 3975/1373/3913 3961/1359/3899
f 3975/1373/3913 3974/1375/3915 3960/1374/3914
f 3974/1375/3915 3973/1417/3919 3959/1361/3901
f 3959/1361/3901 3973/1417/3919 3972/1376/3916
f 3958/1362/3902 3972/1376/3916 3971/1377/3917
f 3957/1363/3903 3971/1377/3917 3745/1378/3918
f 3984/1163/3750 3817/1138/3730 3818/1165/3753
f 3983/1379/3905 3818/1165/3753 3819/1167/3755
f 3819/1167/3755 3820/1436/3757 3981/1381/3907
f 3820/1170/3757 3821/1172/3759 3980/1382/3908
f 3821/1172/3759 3822/1174/3761 3979/1384/3909
f 3822/1174/3761 3823/1176/3763 3978/1385/3910
f 3823/1176/3763 3824/1178/3765 3977/1386/3911
f 3824/1178/3765 3825/1180/3767 3976/1387/3912
f 3825/1180/3767 3826/1181/3768 3975/1388/3913
f 3826/1389/3768 3827/1184/3770 3974/1390/3915
f 3974/1390/3915 3827/1184/3770 3828/1186/3772
f 3973/1392/3919 3828/1186/3772 3829/1188/3774
f 3972/1393/3916 3829/1188/3774 3830/1190/3776
f 3971/1394/3917 3830/1190/3776 3746/1192/3778
f 3994/1026/3920 4006/1028/3920 4007/1027/3920
f 3999/1030/3920 4000/1048/3920 3988/1029/3920
f 4002/1033/3920 4003/1049/3920 3991/1032/3920
f 3993/1035/3920 4005/1036/3920 4006/1028/3920
f 3986/1037/3920 3998/1038/3920 3999/1030/3920
f 3996/1039/3920 4008/1041/3920 3997/1040/3920
f 3989/1042/3920 4001/1043/3920 4002/1033/3920
f 4004/1044/3920 4005/1036/3920 3993/1035/3920
f 3997/1040/3920 3998/1038/3920 3986/1037/3920
f 3995/1047/3920 4007/1027/3920 4008/1041/3920
f 3988/1029/3920 4000/1048/3920 4001/1043/3920
f 4003/1049/3920 4004/1044/3920 3992/1045/3920
f 4001/1050/3921 4013/1052/3921 4014/1051/3922
f 4010/1398/3923 4009/1418/3923 4019/1055/3923
f 4019/1055/3923 4018/1423/3923 4017/1396/3923
f 4017/1396/3923 3777/1422/4620 4016/1054/3923
f 4016/1054/3923 4015/1421/3923 4014/1397/3923
f 4014/1397/3923 4013/1420/3923 4012/1053/3923
f 4012/1053/3923 4011/1419/3923 4010/1398/3923
f 4010/1398/3923 4019/1055/3923 4017/1396/3923
f 4017/1396/3923 4016/1054/3923 4014/1397/3923
f 4014/1397/3923 4012/1053/3923 4010/1398/3923
f 4019/1057/3924 4009/1424/4621 3997/1056/3925
f 4010/1060/3926 4011/1068/3927 3999/1059/3927
f 4005/1062/3928 3777/1064/3935 4017/1063/3929
f 4014/1051/3922 4015/1073/3931 4003/1065/3931
f 3999/1059/3927 4011/1068/3927 4012/1067/3932
f 4006/1069/3930 4017/1071/3929 4018/1070/3933
f 4015/1073/3931 4016/1425/4622 4004/1072/3934
f 4012/1074/3932 4013/1052/3921 4001/1050/3921
f 4018/1070/3933 4019/1057/3924 4008/1058/3924
f 3997/1077/3925 4009/1078/4621 4010/1060/3926
f 4004/1079/3934 4016/1080/4622 3777/1064/3935
f 4029/1081/3936 4041/1083/3936 4042/1082/3936
f 4034/1085/3936 4035/1103/3936 4023/1084/3936
f 4037/1088/3936 4038/1104/3936 4026/1087/3936
f 4028/1090/3936 4040/1091/3936 4041/1083/3936
f 4033/1092/3936 4034/1085/3936 4022/1086/3936
f 4043/1095/3936 4032/1101/3936 4020/1094/3936
f 4036/1097/3936 4037/1088/3936 4025/1089/3936
f 4039/1099/3936 4040/1091/3936 4028/1090/3936
f 4032/1101/3936 4033/1092/3936 4021/1093/3936
f 4030/1102/3936 4042/1082/3936 4043/1095/3936
f 4035/1103/3936 4036/1097/3936 4024/1098/3936
f 4038/1104/3936 4039/1099/3936 4027/1100/3936
f 4036/1105/3937 4048/1107/3957 4049/1106/3938
f 4045/1403/3940 4044/1426/3940 4055/1110/3940
f 4055/1110/3940 4054/1431/3940 4053/1401/3940
f 4053/1401/3940 4052/1430/3940 4051/1109/3940
f 4051/1109/3940 4050/1429/3940 4049/1402/3940
f 4049/1402/3940 4048/1428/3940 4047/1108/3940
f 4047/1108/3940 4046/1427/3940 4045/1403/3940
f 4045/1403/3940 4055/1110/3940 4053/1401/3940
f 4053/1401/3940 4051/1109/3940 4049/1402/3940
f 4049/1402/3940 4047/1108/3940 4045/1403/3940
f 4043/1111/3941 4055/1113/4623 4044/1112/3942
f 4033/1114/3944 4045/1116/3959 4046/1115/3945
f 4052/1118/3947 4053/1125/3953 4041/1117/3948
f 4049/1106/3938 4050/1127/3955 4038/1120/3950
f 4034/1122/3946 4046/1115/3945 4047/1123/3951
f 4053/1125/3953 4054/1432/3958 4042/1124/3954
f 4050/1127/3955 4051/1433/3960 4039/1126/3956
f 4035/1128/3952 4047/1129/3951 4048/1107/3957
f 4054/1130/3958 4055/1113/4623 4043/1111/3941
f 4032/1132/3943 4044/1112/3942 4045/1133/3959
f 4051/1134/3960 4052/1118/3947 4040/1119/3949
f 4029/1136/3961 4056/1138/3983 4083/1137/3962
f 4028/1139/3963 4083/1137/3962 4097/1140/3964
f 4097/1142/3964 4111/1145/3967 4026/1141/3966
f 4111/1145/3967 4125/1147/3969 4025/1144/3968
f 4125/1147/3969 4139/1149/3971 4024/1146/3970
f 4139/1149/3971 4153/1264/4066 4023/1148/3972
f 4023/1150/3972 4153/1152/4066 4167/1151/3973
f 4022/1153/3974 4167/1151/3973 4181/1154/3975
f 4021/1155/3976 4181/1157/3975 4195/1156/3977
f 4020/1158/3978 4195/1156/3977 4209/1159/3979
f 4031/1160/3980 4209/1159/3979 4223/1161/3981
f 4030/1162/3982 4223/1163/3981 4056/1138/3983
f 4056/1138/3983 4057/1165/3985 4082/1164/3984
f 4057/1165/3985 4058/1167/3987 4081/1166/3986
f 4058/1168/3987 4059/1170/3989 4080/1169/3988
f 4059/1170/3989 4060/1172/3991 4079/1171/3990
f 4060/1172/3991 4061/1174/3993 4078/1173/3992
f 4061/1174/3993 4062/1176/3995 4077/1175/3994
f 4062/1176/3995 4063/1178/3997 4076/1177/3996
f 4063/1178/3997 4064/1180/4000 4075/1179/3998
f 4065/1181/3999 4074/1203/4002 4075/1179/3998
f 4065/1181/3999 4066/1183/4003 4073/1182/4001
f 4066/1184/4003 4067/1186/4005 4072/1185/4004
f 4067/1186/4005 4068/1188/4007 4071/1187/4006
f 4068/1188/4007 4069/1190/4009 4070/1189/4008
f 4069/1190/4009 3986/1192/4151 3987/1191/4010
f 4083/1137/3962 4082/1164/3984 4096/1193/4011
f 4082/1164/3984 4081/1166/3986 4095/1194/4012
f 4081/1195/3986 4080/1169/3988 4094/1196/4013
f 4080/1169/3988 4079/1171/3990 4093/1197/4014
f 4079/1171/3990 4078/1173/3992 4092/1198/4015
f 4078/1173/3992 4077/1175/3994 4091/1199/4016
f 4077/1175/3994 4076/1177/3996 4090/1200/4017
f 4076/1177/3996 4075/1179/3998 4089/1201/4018
f 4075/1179/3998 4074/1203/4002 4088/1202/4019
f 4074/1203/4002 4073/1182/4001 4087/1204/4020
f 4073/1182/4001 4072/1206/4004 4086/1205/4021
f 4072/1185/4004 4071/1187/4006 4085/1207/4022
f 4070/1189/4008 4084/1208/4023 4085/1207/4022
f 3987/1191/4010 3988/1434/4036 4084/1208/4023
f 4096/1209/4011 4110/1229/4025 4111/1145/3967
f 4096/1209/4011 4095/1211/4012 4109/1210/4024
f 4095/1211/4012 4094/1213/4013 4108/1212/4026
f 4094/1196/4013 4093/1197/4014 4107/1214/4027
f 4093/1197/4014 4092/1198/4015 4106/1215/4028
f 4092/1198/4015 4091/1199/4016 4105/1216/4029
f 4091/1199/4016 4090/1200/4017 4104/1217/4030
f 4090/1200/4017 4089/1201/4018 4103/1218/4031
f 4089/1201/4018 4088/1202/4019 4102/1219/4032
f 4088/1202/4019 4087/1204/4020 4101/1220/4033
f 4087/1221/4020 4086/1223/4021 4100/1222/4034
f 4085/1224/4022 4099/1225/4035 4100/1222/4034
f 4084/1226/4023 4098/1227/4037 4099/1225/4035
f 3988/1228/4036 3989/1249/4050 4098/1227/4037
f 4110/1229/4025 4124/1250/4039 4125/1147/3969
f 4110/1229/4025 4109/1210/4024 4123/1230/4038
f 4109/1210/4024 4108/1212/4026 4122/1231/4040
f 4108/1212/4026 4107/1233/4027 4121/1232/4041
f 4107/1233/4027 4106/1235/4028 4120/1234/4042
f 4106/1235/4028 4105/1237/4029 4119/1236/4043
f 4105/1237/4029 4104/1239/4030 4118/1238/4044
f 4104/1239/4030 4103/1241/4031 4117/1240/4045
f 4103/1241/4031 4102/1243/4032 4116/1242/4046
f 4102/1243/4032 4101/1245/4033 4115/1244/4047
f 4101/1245/4033 4100/1222/4034 4114/1246/4048
f 4099/1225/4035 4113/1247/4049 4114/1246/4048
f 4098/1227/4037 4112/1248/4051 4113/1247/4049
f 3989/1249/4050 3990/1263/4064 4112/1248/4051
f 4124/1250/4039 4138/1265/4053 4139/1149/3971
f 4124/1250/4039 4123/1230/4038 4137/1251/4052
f 4123/1230/4038 4122/1231/4040 4136/1252/4054
f 4122/1231/4040 4121/1232/4041 4135/1253/4055
f 4121/1232/4041 4120/1234/4042 4134/1254/4056
f 4120/1234/4042 4119/1236/4043 4133/1255/4057
f 4119/1236/4043 4118/1238/4044 4132/1256/4058
f 4118/1238/4044 4117/1240/4045 4131/1257/4059
f 4117/1240/4045 4116/1242/4046 4130/1258/4060
f 4116/1242/4046 4115/1244/4047 4129/1259/4061
f 4115/1244/4047 4114/1246/4048 4128/1260/4062
f 4113/1247/4049 4127/1261/4063 4128/1260/4062
f 4112/1248/4051 4126/1262/4065 4127/1261/4063
f 3990/1263/4064 3991/1278/4079 4126/1262/4065
f 4138/1265/4053 4152/1413/4068 4153/1264/4066
f 4138/1265/4053 4137/1251/4052 4151/1266/4067
f 4137/1251/4052 4136/1252/4054 4150/1267/4069
f 4136/1252/4054 4135/1253/4055 4149/1268/4070
f 4135/1253/4055 4134/1254/4056 4148/1269/4071
f 4134/1254/4056 4133/1255/4057 4147/1270/4072
f 4133/1255/4057 4132/1256/4058 4146/1271/4073
f 4132/1256/4058 4131/1257/4059 4145/1272/4074
f 4131/1257/4059 4130/1258/4060 4144/1273/4075
f 4130/1258/4060 4129/1259/4061 4143/1274/4076
f 4129/1259/4061 4128/1260/4062 4142/1275/4077
f 4127/1261/4063 4141/1276/4078 4142/1275/4077
f 4126/1262/4065 4140/1277/4080 4141/1276/4078
f 3991/1278/4079 3992/1435/4624 4140/1277/4080
f 4153/1152/4066 4152/1280/4068 4166/1279/4081
f 4152/1280/4068 4151/1282/4067 4165/1281/4082
f 4151/1283/4067 4150/1285/4069 4164/1284/4083
f 4150/1285/4069 4149/1287/4070 4163/1286/4084
f 4149/1287/4070 4148/1289/4071 4162/1288/4085
f 4148/1289/4071 4147/1291/4072 4161/1290/4086
f 4147/1291/4072 4146/1293/4073 4160/1292/4087
f 4146/1293/4073 4145/1295/4074 4159/1294/4088
f 4145/1295/4074 4144/1297/4075 4158/1296/4089
f 4144/1297/4075 4143/1299/4076 4157/1298/4090
f 4143/1300/4076 4142/1302/4077 4156/1301/4091
f 4142/1302/4077 4141/1304/4078 4155/1303/4092
f 4141/1304/4078 4140/1306/4080 4154/1305/4093
f 4140/1306/4080 3992/1308/4624 3993/1307/4094
f 4167/1151/3973 4166/1279/4081 4180/1309/4095
f 4166/1279/4081 4165/1281/4082 4179/1310/4096
f 4165/1311/4082 4164/1284/4083 4178/1312/4097
f 4164/1284/4083 4163/1286/4084 4177/1313/4098
f 4163/1286/4084 4162/1288/4085 4176/1314/4099
f 4162/1288/4085 4161/1290/4086 4175/1315/4100
f 4161/1290/4086 4160/1292/4087 4174/1316/4101
f 4159/1294/4088 4173/1317/4102 4174/1316/4101
f 4158/1296/4089 4172/1415/4104 4173/1317/4102
f 4158/1296/4089 4157/1298/4090 4171/1318/4103
f 4157/1319/4090 4156/1301/4091 4170/1320/4105
f 4156/1301/4091 4155/1303/4092 4169/1321/4106
f 4155/1303/4092 4154/1305/4093 4168/1322/4107
f 4154/1305/4093 3993/1307/4094 3994/1323/4108
f 4181/1157/3975 4180/1325/4095 4194/1324/4109
f 4180/1325/4095 4179/1327/4096 4193/1326/4110
f 4178/1328/4097 4192/1329/4111 4193/1326/4110
f 4177/1330/4098 4191/1331/4112 4192/1329/4111
f 4176/1332/4099 4190/1333/4113 4191/1331/4112
f 4175/1334/4100 4189/1335/4114 4190/1333/4113
f 4174/1336/4101 4188/1337/4115 4189/1335/4114
f 4173/1338/4102 4187/1339/4116 4188/1337/4115
f 4172/1340/4104 4186/1341/4117 4187/1339/4116
f 4171/1342/4103 4185/1360/4119 4186/1341/4117
f 4171/1342/4103 4170/1344/4105 4184/1343/4118
f 4170/1344/4105 4169/1346/4106 4183/1345/4120
f 4169/1346/4106 4168/1348/4107 4182/1347/4121
f 4168/1348/4107 3994/1350/4108 3995/1349/4122
f 4195/1156/3977 4194/1324/4109 4208/1351/4123
f 4194/1324/4109 4193/1326/4110 4207/1352/4124
f 4192/1329/4111 4206/1353/4125 4207/1352/4124
f 4191/1331/4112 4205/1354/4126 4206/1353/4125
f 4190/1333/4113 4204/1355/4127 4205/1354/4126
f 4189/1335/4114 4203/1356/4128 4204/1355/4127
f 4188/1337/4115 4202/1357/4129 4203/1356/4128
f 4187/1339/4116 4201/1358/4130 4202/1357/4129
f 4186/1341/4117 4200/1359/4131 4201/1358/4130
f 4185/1360/4119 4199/1374/4133 4200/1359/4131
f 4185/1360/4119 4184/1343/4118 4198/1361/4132
f 4184/1343/4118 4183/1345/4120 4197/1362/4134
f 4183/1345/4120 4182/1347/4121 4196/1363/4135
f 4182/1347/4121 3995/1349/4122 3996/1364/4136
f 4209/1159/3979 4208/1351/4123 4222/1365/4137
f 4208/1351/4123 4207/1352/4124 4221/1366/4138
f 4206/1353/4125 4220/1367/4139 4221/1366/4138
f 4205/1354/4126 4219/1368/4140 4220/1367/4139
f 4204/1355/4127 4218/1369/4141 4219/1368/4140
f 4203/1356/4128 4217/1370/4142 4218/1369/4141
f 4202/1357/4129 4216/1371/4143 4217/1370/4142
f 4201/1358/4130 4215/1372/4144 4216/1371/4143
f 4200/1359/4131 4214/1373/4145 4215/1372/4144
f 4199/1374/4133 4213/1375/4146 4214/1373/4145
f 4198/1361/4132 4212/1417/4148 4213/1375/4146
f 4198/1361/4132 4197/1362/4134 4211/1376/4147
f 4197/1362/4134 4196/1363/4135 4210/1377/4149
f 4196/1363/4135 3996/1364/4136 3985/1378/4150
f 4223/1163/3981 4222/1379/4137 4057/1165/3985
f 4222/1379/4137 4221/1380/4138 4058/1167/3987
f 4220/1381/4139 4059/1436/3989 4058/1167/3987
f 4219/1382/4140 4060/1172/3991 4059/1170/3989
f 4218/1384/4141 4061/1174/3993 4060/1172/3991
f 4217/1385/4142 4062/1176/3995 4061/1174/3993
f 4216/1386/4143 4063/1178/3997 4062/1176/3995
f 4215/1387/4144 4064/1180/4000 4063/1178/3997
f 4214/1388/4145 4065/1181/3999 4064/1180/4000
f 4213/1390/4146 4066/1184/4003 4065/1389/3999
f 4213/1390/4146 4212/1392/4148 4067/1186/4005
f 4212/1392/4148 4211/1393/4147 4068/1188/4007
f 4211/1393/4147 4210/1394/4149 4069/1190/4009
f 4210/1394/4149 3985/1395/4150 3986/1192/4151
f 4233/1026/4152 4245/1028/4152 4246/1027/4152
f 4238/1030/4152 4239/1048/4152 4227/1029/4152
f 4241/1033/4152 4242/1049/4152 4230/1032/4152
f 4232/1035/4152 4244/1036/4152 4245/1028/4152
f 4225/1037/4152 4237/1038/4152 4238/1030/4152
f 4235/1039/4152 4247/1041/4152 4236/1040/4152
f 4228/1042/4152 4240/1043/4152 4241/1033/4152
f 4243/1044/4152 4244/1036/4152 4232/1035/4152
f 4236/1040/4152 4237/1038/4152 4225/1037/4152
f 4234/1047/4152 4246/1027/4152 4247/1041/4152
f 4227/1029/4152 4239/1048/4152 4240/1043/4152
f 4242/1049/4152 4243/1044/4152 4231/1045/4152
f 4240/1050/4153 4252/1052/4153 4253/1051/4154
f 4249/1398/4155 4248/1418/4155 4259/1055/4155
f 4259/1055/4155 4258/1423/4155 4257/1396/4155
f 4257/1396/4155 4256/1422/4625 4255/1054/4155
f 4255/1054/4155 4254/1421/4155 4253/1397/4155
f 4253/1397/4155 4252/1420/4155 4251/1053/4155
f 4251/1053/4155 4250/1419/4155 4249/1398/4155
f 4249/1398/4155 4259/1055/4155 4257/1396/4155
f 4257/1396/4155 4255/1054/4155 4253/1397/4155
f 4253/1397/4155 4251/1053/4155 4249/1398/4155
f 4259/1057/4156 4248/1424/4626 4236/1056/4157
f 4249/1060/4158 4250/1068/4159 4238/1059/4159
f 4244/1062/4160 4256/1064/4167 4257/1063/4161
f 4253/1051/4154 4254/1073/4163 4242/1065/4163
f 4238/1059/4159 4250/1068/4159 4251/1067/4164
f 4245/1069/4162 4257/1071/4161 4258/1070/4165
f 4254/1073/4163 4255/1425/4627 4243/1072/4166
f 4251/1074/4164 4252/1052/4153 4240/1050/4153
f 4258/1070/4165 4259/1057/4156 4247/1058/4156
f 4236/1077/4157 4248/1078/4626 4249/1060/4158
f 4243/1079/4166 4255/1080/4627 4256/1064/4167
f 4269/1081/4168 4281/1083/4168 4282/1082/4168
f 4274/1085/4168 4275/1103/4168 4263/1084/4168
f 4277/1088/4168 4278/1104/4168 4266/1087/4168
f 4268/1090/4168 4280/1091/4168 4281/1083/4168
f 4273/1092/4168 4274/1085/4168 4262/1086/4168
f 4283/1095/4168 4272/1101/4168 4260/1094/4168
f 4276/1097/4168 4277/1088/4168 4265/1089/4168
f 4279/1099/4168 4280/1091/4168 4268/1090/4168
f 4272/1101/4168 4273/1092/4168 4261/1093/4168
f 4270/1102/4168 4282/1082/4168 4283/1095/4168
f 4275/1103/4168 4276/1097/4168 4264/1098/4168
f 4278/1104/4168 4279/1099/4168 4267/1100/4168
f 4276/1105/4169 4288/1107/4189 4289/1106/4170
f 4285/1403/4172 4284/1426/4172 4295/1110/4172
f 4295/1110/4172 4294/1431/4172 4293/1401/4172
f 4293/1401/4172 4292/1430/4172 4291/1109/4172
f 4291/1109/4172 4290/1429/4172 4289/1402/4172
f 4289/1402/4172 4288/1428/4172 4287/1108/4172
f 4287/1108/4172 4286/1427/4172 4285/1403/4172
f 4285/1403/4172 4295/1110/4172 4293/1401/4172
f 4293/1401/4172 4291/1109/4172 4289/1402/4172
f 4289/1402/4172 4287/1108/4172 4285/1403/4172
f 4283/1111/4173 4295/1113/4628 4284/1112/4174
f 4273/1114/4176 4285/1116/4191 4286/1115/4177
f 4292/1118/4179 4293/1125/4185 4281/1117/4180
f 4289/1106/4170 4290/1127/4187 4278/1120/4182
f 4274/1122/4178 4286/1115/4177 4287/1123/4183
f 4293/1125/4185 4294/1432/4190 4282/1124/4186
f 4290/1127/4187 4291/1433/4192 4279/1126/4188
f 4275/1128/4184 4287/1129/4183 4288/1107/4189
f 4294/1130/4190 4295/1113/4628 4283/1111/4173
f 4272/1132/4175 4284/1112/4174 4285/1133/4191
f 4291/1134/4192 4292/1118/4179 4280/1119/4181
f 4269/1136/4193 4296/1138/4215 4323/1137/4194
f 4268/1139/4195 4323/1137/4194 4337/1140/4196
f 4337/1142/4196 4351/1145/4199 4266/1141/4198
f 4351/1145/4199 4365/1147/4201 4265/1144/4200
f 4365/1147/4201 4379/1149/4203 4264/1146/4202
f 4379/1149/4203 4393/1264/4298 4263/1148/4204
f 4263/1150/4204 4393/1152/4298 4407/1151/4205
f 4262/1153/4206 4407/1151/4205 4421/1154/4207
f 4261/1155/4208 4421/1157/4207 4435/1156/4209
f 4260/1158/4210 4435/1156/4209 4449/1159/4211
f 4271/1160/4212 4449/1159/4211 4463/1161/4213
f 4270/1162/4214 4463/1163/4213 4296/1138/4215
f 4296/1138/4215 4297/1165/4217 4322/1164/4216
f 4297/1165/4217 4298/1167/4219 4321/1166/4218
f 4298/1168/4219 4299/1170/4221 4320/1169/4220
f 4299/1170/4221 4300/1172/4223 4319/1171/4222
f 4300/1172/4223 4301/1174/4225 4318/1173/4224
f 4301/1174/4225 4302/1176/4227 4317/1175/4226
f 4302/1176/4227 4303/1178/4229 4316/1177/4228
f 4303/1178/4229 4304/1180/4232 4315/1179/4230
f 4305/1181/4231 4314/1203/4234 4315/1179/4230
f 4305/1181/4231 4306/1183/4235 4313/1182/4233
f 4306/1184/4235 4307/1186/4237 4312/1185/4236
f 4307/1186/4237 4308/1188/4239 4311/1187/4238
f 4308/1188/4239 4309/1190/4241 4310/1189/4240
f 4309/1190/4241 4225/1192/4383 4226/1191/4242
f 4323/1137/4194 4322/1164/4216 4336/1193/4243
f 4322/1164/4216 4321/1166/4218 4335/1194/4244
f 4321/1195/4218 4320/1169/4220 4334/1196/4245
f 4320/1169/4220 4319/1171/4222 4333/1197/4246
f 4319/1171/4222 4318/1173/4224 4332/1198/4247
f 4318/1173/4224 4317/1175/4226 4331/1199/4248
f 4317/1175/4226 4316/1177/4228 4330/1200/4249
f 4316/1177/4228 4315/1179/4230 4329/1201/4250
f 4315/1179/4230 4314/1203/4234 4328/1202/4251
f 4314/1203/4234 4313/1182/4233 4327/1204/4252
f 4313/1182/4233 4312/1206/4236 4326/1205/4253
f 4312/1185/4236 4311/1187/4238 4325/1207/4254
f 4310/1189/4240 4324/1208/4255 4325/1207/4254
f 4226/1191/4242 4227/1434/4268 4324/1208/4255
f 4336/1209/4243 4350/1229/4257 4351/1145/4199
f 4336/1209/4243 4335/1211/4244 4349/1210/4256
f 4335/1211/4244 4334/1213/4245 4348/1212/4258
f 4334/1196/4245 4333/1197/4246 4347/1214/4259
f 4333/1197/4246 4332/1198/4247 4346/1215/4260
f 4332/1198/4247 4331/1199/4248 4345/1216/4261
f 4331/1199/4248 4330/1200/4249 4344/1217/4262
f 4330/1200/4249 4329/1201/4250 4343/1218/4263
f 4329/1201/4250 4328/1202/4251 4342/1219/4264
f 4328/1202/4251 4327/1204/4252 4341/1220/4265
f 4327/1221/4252 4326/1223/4253 4340/1222/4266
f 4325/1224/4254 4339/1225/4267 4340/1222/4266
f 4324/1226/4255 4338/1227/4269 4339/1225/4267
f 4227/1228/4268 4228/1249/4282 4338/1227/4269
f 4350/1229/4257 4364/1250/4271 4365/1147/4201
f 4350/1229/4257 4349/1210/4256 4363/1230/4270
f 4349/1210/4256 4348/1212/4258 4362/1231/4272
f 4348/1212/4258 4347/1233/4259 4361/1232/4273
f 4347/1233/4259 4346/1235/4260 4360/1234/4274
f 4346/1235/4260 4345/1237/4261 4359/1236/4275
f 4345/1237/4261 4344/1239/4262 4358/1238/4276
f 4344/1239/4262 4343/1241/4263 4357/1240/4277
f 4343/1241/4263 4342/1243/4264 4356/1242/4278
f 4342/1243/4264 4341/1245/4265 4355/1244/4279
f 4341/1245/4265 4340/1222/4266 4354/1246/4280
f 4339/1225/4267 4353/1247/4281 4354/1246/4280
f 4338/1227/4269 4352/1248/4283 4353/1247/4281
f 4228/1249/4282 4229/1263/4296 4352/1248/4283
f 4364/1250/4271 4378/1265/4285 4379/1149/4203
f 4364/1250/4271 4363/1230/4270 4377/1251/4284
f 4363/1230/4270 4362/1231/4272 4376/1252/4286
f 4362/1231/4272 4361/1232/4273 4375/1253/4287
f 4361/1232/4273 4360/1234/4274 4374/1254/4288
f 4360/1234/4274 4359/1236/4275 4373/1255/4289
f 4359/1236/4275 4358/1238/4276 4372/1256/4290
f 4358/1238/4276 4357/1240/4277 4371/1257/4291
f 4357/1240/4277 4356/1242/4278 4370/1258/4292
f 4356/1242/4278 4355/1244/4279 4369/1259/4293
f 4355/1244/4279 4354/1246/4280 4368/1260/4294
f 4353/1247/4281 4367/1261/4295 4368/1260/4294
f 4352/1248/4283 4366/1262/4297 4367/1261/4295
f 4229/1263/4296 4230/1278/4311 4366/1262/4297
f 4378/1265/4285 4392/1413/4300 4393/1264/4298
f 4378/1265/4285 4377/1251/4284 4391/1266/4299
f 4377/1251/4284 4376/1252/4286 4390/1267/4301
f 4376/1252/4286 4375/1253/4287 4389/1268/4302
f 4375/1253/4287 4374/1254/4288 4388/1269/4303
f 4374/1254/4288 4373/1255/4289 4387/1270/4304
f 4373/1255/4289 4372/1256/4290 4386/1271/4305
f 4372/1256/4290 4371/1257/4291 4385/1272/4306
f 4371/1257/4291 4370/1258/4292 4384/1273/4307
f 4370/1258/4292 4369/1259/4293 4383/1274/4308
f 4369/1259/4293 4368/1260/4294 4382/1275/4309
f 4367/1261/4295 4381/1276/4310 4382/1275/4309
f 4366/1262/4297 4380/1277/4312 4381/1276/4310
f 4230/1278/4311 4231/1435/4629 4380/1277/4312
f 4393/1152/4298 4392/1280/4300 4406/1279/4313
f 4392/1280/4300 4391/1282/4299 4405/1281/4314
f 4391/1283/4299 4390/1285/4301 4404/1284/4315
f 4390/1285/4301 4389/1287/4302 4403/1286/4316
f 4389/1287/4302 4388/1289/4303 4402/1288/4317
f 4388/1289/4303 4387/1291/4304 4401/1290/4318
f 4387/1291/4304 4386/1293/4305 4400/1292/4319
f 4386/1293/4305 4385/1295/4306 4399/1294/4320
f 4385/1295/4306 4384/1297/4307 4398/1296/4321
f 4384/1297/4307 4383/1299/4308 4397/1298/4322
f 4383/1300/4308 4382/1302/4309 4396/1301/4323
f 4382/1302/4309 4381/1304/4310 4395/1303/4324
f 4381/1304/4310 4380/1306/4312 4394/1305/4325
f 4380/1306/4312 4231/1308/4629 4232/1307/4326
f 4407/1151/4205 4406/1279/4313 4420/1309/4327
f 4406/1279/4313 4405/1281/4314 4419/1310/4328
f 4405/1311/4314 4404/1284/4315 4418/1312/4329
f 4404/1284/4315 4403/1286/4316 4417/1313/4330
f 4403/1286/4316 4402/1288/4317 4416/1314/4331
f 4402/1288/4317 4401/1290/4318 4415/1315/4332
f 4401/1290/4318 4400/1292/4319 4414/1316/4333
f 4399/1294/4320 4413/1317/4334 4414/1316/4333
f 4398/1296/4321 4412/1415/4336 4413/1317/4334
f 4398/1296/4321 4397/1298/4322 4411/1318/4335
f 4397/1319/4322 4396/1301/4323 4410/1320/4337
f 4396/1301/4323 4395/1303/4324 4409/1321/4338
f 4395/1303/4324 4394/1305/4325 4408/1322/4339
f 4394/1305/4325 4232/1307/4326 4233/1323/4340
f 4421/1157/4207 4420/1325/4327 4434/1324/4341
f 4420/1325/4327 4419/1327/4328 4433/1326/4342
f 4418/1328/4329 4432/1329/4343 4433/1326/4342
f 4417/1330/4330 4431/1331/4344 4432/1329/4343
f 4416/1332/4331 4430/1333/4345 4431/1331/4344
f 4415/1334/4332 4429/1335/4346 4430/1333/4345
f 4414/1336/4333 4428/1337/4347 4429/1335/4346
f 4413/1338/4334 4427/1339/4348 4428/1337/4347
f 4412/1340/4336 4426/1341/4349 4427/1339/4348
f 4411/1342/4335 4425/1360/4351 4426/1341/4349
f 4411/1342/4335 4410/1344/4337 4424/1343/4350
f 4410/1344/4337 4409/1346/4338 4423/1345/4352
f 4409/1346/4338 4408/1348/4339 4422/1347/4353
f 4408/1348/4339 4233/1350/4340 4234/1349/4354
f 4435/1156/4209 4434/1324/4341 4448/1351/4355
f 4434/1324/4341 4433/1326/4342 4447/1352/4356
f 4432/1329/4343 4446/1353/4357 4447/1352/4356
f 4431/1331/4344 4445/1354/4358 4446/1353/4357
f 4430/1333/4345 4444/1355/4359 4445/1354/4358
f 4429/1335/4346 4443/1356/4360 4444/1355/4359
f 4428/1337/4347 4442/1357/4361 4443/1356/4360
f 4427/1339/4348 4441/1358/4362 4442/1357/4361
f 4426/1341/4349 4440/1359/4363 4441/1358/4362
f 4425/1360/4351 4439/1374/4365 4440/1359/4363
f 4425/1360/4351 4424/1343/4350 4438/1361/4364
f 4424/1343/4350 4423/1345/4352 4437/1362/4366
f 4423/1345/4352 4422/1347/4353 4436/1363/4367
f 4422/1347/4353 4234/1349/4354 4235/1364/4368
f 4449/1159/4211 4448/1351/4355 4462/1365/4369
f 4448/1351/4355 4447/1352/4356 4461/1366/4370
f 4446/1353/4357 4460/1367/4371 4461/1366/4370
f 4445/1354/4358 4459/1368/4372 4460/1367/4371
f 4444/1355/4359 4458/1369/4373 4459/1368/4372
f 4443/1356/4360 4457/1370/4374 4458/1369/4373
f 4442/1357/4361 4456/1371/4375 4457/1370/4374
f 4441/1358/4362 4455/1372/4376 4456/1371/4375
f 4440/1359/4363 4454/1373/4377 4455/1372/4376
f 4439/1374/4365 4453/1375/4378 4454/1373/4377
f 4438/1361/4364 4452/1417/4380 4453/1375/4378
f 4438/1361/4364 4437/1362/4366 4451/1376/4379
f 4437/1362/4366 4436/1363/4367 4450/1377/4381
f 4436/1363/4367 4235/1364/4368 4224/1378/4382
f 4463/1163/4213 4462/1379/4369 4297/1165/4217
f 4462/1379/4369 4461/1380/4370 4298/1167/4219
f 4460/1381/4371 4299/1436/4221 4298/1167/4219
f 4459/1382/4372 4300/1172/4223 4299/1170/4221
f 4458/1384/4373 4301/1174/4225 4300/1172/4223
f 4457/1385/4374 4302/1176/4227 4301/1174/4225
f 4456/1386/4375 4303/1178/4229 4302/1176/4227
f 4455/1387/4376 4304/1180/4232 4303/1178/4229
f 4454/1388/4377 4305/1181/4231 4304/1180/4232
f 4453/1390/4378 4306/1184/4235 4305/1389/4231
f 4453/1390/4378 4452/1392/4380 4307/1186/4237
f 4452/1392/4380 4451/1393/4379 4308/1188/4239
f 4451/1393/4379 4450/1394/4381 4309/1190/4241
f 4450/1394/4381 4224/1395/4382 4225/1192/4383
f 4473/1026/4384 4474/1047/4384 4486/1027/4384
f 4467/1029/4384 4479/1048/4384 4478/1030/4384
f 4470/1032/4384 4482/1049/4384 4481/1033/4384
f 4472/1035/4384 4473/1026/4384 4485/1028/4384
f 4465/1037/4384 4466/1031/4384 4478/1030/4384
f 4475/1039/4384 4464/1046/4384 4476/1040/4384
f 4468/1042/4384 4469/1034/4384 4481/1033/4384
f 4472/1035/4384 4484/1036/4384 4483/1044/4384
f 4465/1037/4384 4477/1038/4384 4476/1040/4384
f 4474/1047/4384 4475/1039/4384 4487/1041/4384
f 4467/1029/4384 4468/1042/4384 4480/1043/4384
f 4471/1045/4384 4483/1044/4384 4482/1049/4384
f 4480/1050/4385 4481/1066/4386 4493/1051/4386
f 4498/1055/4387 4488/1418/4387 4489/1398/4387
f 4489/1398/4387 4490/1419/4387 4491/1053/4387
f 4491/1053/4387 4492/1420/4387 4493/1397/4387
f 4493/1397/4387 4494/1421/4387 4495/1054/4387
f 4495/1054/4387 4256/1422/4630 4496/1396/4387
f 4496/1396/4387 4497/1423/4387 4498/1055/4387
f 4498/1055/4387 4489/1398/4387 4491/1053/4387
f 4491/1053/4387 4493/1397/4387 4495/1054/4387
f 4495/1054/4387 4496/1396/4387 4498/1055/4387
f 4476/1056/4388 4488/1424/4388 4498/1057/4389
f 4478/1059/4390 4490/1068/4390 4489/1060/4391
f 4484/1062/4392 4485/1399/4397 4496/1063/4393
f 4482/1065/4395 4494/1073/4395 4493/1051/4386
f 4478/1059/4390 4479/1400/4396 4491/1067/4396
f 4485/1069/4397 4486/1076/4398 4497/1070/4398
f 4483/1072/4399 4495/1425/4400 4494/1073/4395
f 4480/1050/4385 4492/1052/4385 4491/1074/4396
f 4487/1058/4389 4498/1057/4389 4497/1070/4398
f 4476/1077/4388 4477/1061/4391 4489/1060/4391
f 4483/1079/4399 4484/1062/4392 4256/1064/4394
f 4508/1081/4401 4509/1102/4401 4521/1082/4401
f 4502/1084/4401 4514/1103/4401 4513/1085/4401
f 4505/1087/4401 4517/1104/4401 4516/1088/4401
f 4507/1090/4401 4508/1081/4401 4520/1083/4401
f 4501/1086/4401 4513/1085/4401 4512/1092/4401
f 4499/1094/4401 4511/1101/4401 4522/1095/4401
f 4504/1089/4401 4516/1088/4401 4515/1097/4401
f 4507/1090/4401 4519/1091/4401 4518/1099/4401
f 4500/1093/4401 4512/1092/4401 4511/1101/4401
f 4509/1102/4401 4510/1096/4401 4522/1095/4401
f 4503/1098/4401 4515/1097/4401 4514/1103/4401
f 4506/1100/4401 4518/1099/4401 4517/1104/4401
f 4515/1105/4402 4516/1121/4416 4528/1106/4403
f 4534/1110/4405 4523/1426/4405 4524/1403/4405
f 4524/1403/4405 4525/1427/4405 4526/1108/4405
f 4526/1108/4405 4527/1428/4405 4528/1402/4405
f 4528/1402/4405 4529/1429/4405 4530/1109/4405
f 4530/1109/4405 4531/1430/4405 4532/1401/4405
f 4532/1401/4405 4533/1431/4405 4534/1110/4405
f 4534/1110/4405 4524/1403/4405 4526/1108/4405
f 4526/1108/4405 4528/1402/4405 4530/1109/4405
f 4530/1109/4405 4532/1401/4405 4534/1110/4405
f 4522/1111/4406 4511/1132/4425 4523/1112/4407
f 4512/1114/4409 4513/1122/4417 4525/1115/4410
f 4520/1117/4412 4532/1125/4420 4531/1118/4413
f 4517/1120/4415 4529/1127/4422 4528/1106/4403
f 4513/1122/4417 4514/1404/4423 4526/1123/4418
f 4521/1124/4419 4533/1432/4424 4532/1125/4420
f 4518/1126/4421 4530/1433/4426 4529/1127/4422
f 4514/1128/4423 4515/1105/4402 4527/1107/4404
f 4522/1111/4406 4534/1113/4408 4533/1130/4424
f 4511/1132/4425 4512/1405/4409 4524/1133/4411
f 4519/1119/4414 4531/1118/4413 4530/1134/4426
f 4508/1136/4427 4507/1139/4430 4562/1137/4428
f 4507/1139/4430 4506/1406/4433 4576/1140/4431
f 4505/1141/4432 4590/1145/4435 4576/1142/4431
f 4504/1144/4434 4604/1147/4437 4590/1145/4435
f 4503/1146/4436 4618/1149/4439 4604/1147/4437
f 4502/1148/4438 4632/1264/4441 4618/1149/4439
f 4502/1150/4438 4501/1153/4442 4646/1151/4440
f 4501/1153/4442 4500/1407/4444 4660/1154/4443
f 4500/1155/4444 4499/1158/4446 4674/1156/4445
f 4499/1158/4446 4510/1160/4448 4688/1159/4447
f 4510/1160/4448 4509/1408/4450 4702/1161/4449
f 4509/1162/4450 4508/1136/4427 4535/1138/4429
f 4535/1138/4429 4562/1137/4428 4561/1164/4451
f 4536/1165/4452 4561/1164/4451 4560/1166/4453
f 4537/1168/4454 4560/1195/4453 4559/1169/4455
f 4538/1170/4456 4559/1169/4455 4558/1171/4457
f 4539/1172/4458 4558/1171/4457 4557/1173/4459
f 4540/1174/4460 4557/1173/4459 4556/1175/4461
f 4541/1176/4462 4556/1175/4461 4555/1177/4463
f 4542/1178/4464 4555/1177/4463 4554/1179/4465
f 4554/1179/4465 4553/1203/4487 4544/1181/4467
f 4544/1181/4467 4553/1203/4487 4552/1182/4468
f 4545/1184/4469 4552/1409/4468 4551/1185/4470
f 4546/1186/4471 4551/1185/4470 4550/1187/4472
f 4547/1188/4473 4550/1187/4472 4549/1189/4474
f 4548/1190/4475 4549/1189/4474 4466/1191/4476
f 4562/1137/4428 4576/1140/4431 4575/1193/4478
f 4561/1164/4451 4575/1193/4478 4574/1194/4479
f 4560/1195/4453 4574/1410/4479 4573/1196/4480
f 4559/1169/4455 4573/1196/4480 4572/1197/4481
f 4558/1171/4457 4572/1197/4481 4571/1198/4482
f 4557/1173/4459 4571/1198/4482 4570/1199/4483
f 4556/1175/4461 4570/1199/4483 4569/1200/4484
f 4555/1177/4463 4569/1200/4484 4568/1201/4485
f 4554/1179/4465 4568/1201/4485 4567/1202/4486
f 4553/1203/4487 4567/1202/4486 4566/1204/4488
f 4552/1182/4468 4566/1204/4488 4565/1205/4489
f 4551/1185/4470 4565/1411/4489 4564/1207/4490
f 4564/1207/4490 4563/1208/4491 4549/1189/4474
f 4563/1208/4491 4467/1434/4504 4466/1191/4476
f 4590/1145/4435 4589/1229/4505 4575/1209/4478
f 4575/1209/4478 4589/1229/4505 4588/1210/4492
f 4574/1211/4479 4588/1210/4492 4587/1212/4493
f 4573/1196/4480 4587/1412/4493 4586/1214/4494
f 4572/1197/4481 4586/1214/4494 4585/1215/4495
f 4571/1198/4482 4585/1215/4495 4584/1216/4496
f 4570/1199/4483 4584/1216/4496 4583/1217/4497
f 4569/1200/4484 4583/1217/4497 4582/1218/4498
f 4568/1201/4485 4582/1218/4498 4581/1219/4499
f 4567/1202/4486 4581/1219/4499 4580/1220/4500
f 4566/1221/4488 4580/1245/4500 4579/1222/4501
f 4579/1222/4501 4578/1225/4502 4564/1224/4490
f 4578/1225/4502 4577/1227/4503 4563/1226/4491
f 4577/1227/4503 4468/1249/4518 4467/1228/4504
f 4604/1147/4437 4603/1250/4519 4589/1229/4505
f 4589/1229/4505 4603/1250/4519 4602/1230/4506
f 4588/1210/4492 4602/1230/4506 4601/1231/4507
f 4587/1212/4493 4601/1231/4507 4600/1232/4508
f 4586/1233/4494 4600/1232/4508 4599/1234/4509
f 4585/1235/4495 4599/1234/4509 4598/1236/4510
f 4584/1237/4496 4598/1236/4510 4597/1238/4511
f 4583/1239/4497 4597/1238/4511 4596/1240/4512
f 4582/1241/4498 4596/1240/4512 4595/1242/4513
f 4581/1243/4499 4595/1242/4513 4594/1244/4514
f 4580/1245/4500 4594/1244/4514 4593/1246/4515
f 4593/1246/4515 4592/1247/4516 4578/1225/4502
f 4592/1247/4516 4591/1248/4517 4577/1227/4503
f 4591/1248/4517 4469/1263/4532 4468/1249/4518
f 4618/1149/4439 4617/1265/4533 4603/1250/4519
f 4603/1250/4519 4617/1265/4533 4616/1251/4520
f 4602/1230/4506 4616/1251/4520 4615/1252/4521
f 4601/1231/4507 4615/1252/4521 4614/1253/4522
f 4600/1232/4508 4614/1253/4522 4613/1254/4523
f 4599/1234/4509 4613/1254/4523 4612/1255/4524
f 4598/1236/4510 4612/1255/4524 4611/1256/4525
f 4597/1238/4511 4611/1256/4525 4610/1257/4526
f 4596/1240/4512 4610/1257/4526 4609/1258/4527
f 4595/1242/4513 4609/1258/4527 4608/1259/4528
f 4594/1244/4514 4608/1259/4528 4607/1260/4529
f 4607/1260/4529 4606/1261/4530 4592/1247/4516
f 4606/1261/4530 4605/1262/4531 4591/1248/4517
f 4605/1262/4531 4470/1278/4546 4469/1263/4532
f 4632/1264/4441 4631/1413/4548 4617/1265/4533
f 4617/1265/4533 4631/1413/4548 4630/1266/4534
f 4616/1251/4520 4630/1266/4534 4629/1267/4535
f 4615/1252/4521 4629/1267/4535 4628/1268/4536
f 4614/1253/4522 4628/1268/4536 4627/1269/4537
f 4613/1254/4523 4627/1269/4537 4626/1270/4538
f 4612/1255/4524 4626/1270/4538 4625/1271/4539
f 4611/1256/4525 4625/1271/4539 4624/1272/4540
f 4610/1257/4526 4624/1272/4540 4623/1273/4541
f 4609/1258/4527 4623/1273/4541 4622/1274/4542
f 4608/1259/4528 4622/1274/4542 4621/1275/4543
f 4621/1275/4543 4620/1276/4544 4606/1261/4530
f 4620/1276/4544 4619/1277/4545 4605/1262/4531
f 4619/1277/4545 4471/1435/4562 4470/1278/4546
f 4632/1152/4441 4646/1151/4440 4645/1279/4547
f 4631/1280/4548 4645/1279/4547 4644/1281/4549
f 4630/1283/4534 4644/1311/4549 4643/1284/4550
f 4629/1285/4535 4643/1284/4550 4642/1286/4551
f 4628/1287/4536 4642/1286/4551 4641/1288/4552
f 4627/1289/4537 4641/1288/4552 4640/1290/4553
f 4626/1291/4538 4640/1290/4553 4639/1292/4554
f 4625/1293/4539 4639/1292/4554 4638/1294/4555
f 4624/1295/4540 4638/1294/4555 4637/1296/4556
f 4623/1297/4541 4637/1296/4556 4636/1298/4557
f 4622/1300/4542 4636/1319/4557 4635/1301/4558
f 4621/1302/4543 4635/1301/4558 4634/1303/4559
f 4620/1304/4544 4634/1303/4559 4633/1305/4560
f 4619/1306/4545 4633/1305/4560 4472/1307/4561
f 4646/1151/4440 4660/1154/4443 4659/1309/4563
f 4645/1279/4547 4659/1309/4563 4658/1310/4564
f 4644/1311/4549 4658/1414/4564 4657/1312/4565
f 4643/1284/4550 4657/1312/4565 4656/1313/4566
f 4642/1286/4551 4656/1313/4566 4655/1314/4567
f 4641/1288/4552 4655/1314/4567 4654/1315/4568
f 4640/1290/4553 4654/1315/4568 4653/1316/4569
f 4653/1316/4569 4652/1317/4570 4638/1294/4555
f 4652/1317/4570 4651/1415/4584 4637/1296/4556
f 4637/1296/4556 4651/1415/4584 4650/1318/4571
f 4636/1319/4557 4650/1416/4571 4649/1320/4572
f 4635/1301/4558 4649/1320/4572 4648/1321/4573
f 4634/1303/4559 4648/1321/4573 4647/1322/4574
f 4633/1305/4560 4647/1322/4574 4473/1323/4575
f 4660/1157/4443 4674/1156/4445 4673/1324/4576
f 4659/1325/4563 4673/1324/4576 4672/1326/4577
f 4672/1326/4577 4671/1329/4578 4657/1328/4565
f 4671/1329/4578 4670/1331/4579 4656/1330/4566
f 4670/1331/4579 4669/1333/4580 4655/1332/4567
f 4669/1333/4580 4668/1335/4581 4654/1334/4568
f 4668/1335/4581 4667/1337/4582 4653/1336/4569
f 4667/1337/4582 4666/1339/4583 4652/1338/4570
f 4666/1339/4583 4665/1341/4585 4651/1340/4584
f 4665/1341/4585 4664/1360/4599 4650/1342/4571
f 4650/1342/4571 4664/1360/4599 4663/1343/4586
f 4649/1344/4572 4663/1343/4586 4662/1345/4587
f 4648/1346/4573 4662/1345/4587 4661/1347/4588
f 4647/1348/4574 4661/1347/4588 4474/1349/4589
f 4674/1156/4445 4688/1159/4447 4687/1351/4590
f 4673/1324/4576 4687/1351/4590 4686/1352/4591
f 4686/1352/4591 4685/1353/4592 4671/1329/4578
f 4685/1353/4592 4684/1354/4593 4670/1331/4579
f 4684/1354/4593 4683/1355/4594 4669/1333/4580
f 4683/1355/4594 4682/1356/4595 4668/1335/4581
f 4682/1356/4595 4681/1357/4596 4667/1337/4582
f 4681/1357/4596 4680/1358/4597 4666/1339/4583
f 4680/1358/4597 4679/1359/4598 4665/1341/4585
f 4679/1359/4598 4678/1374/4613 4664/1360/4599
f 4664/1360/4599 4678/1374/4613 4677/1361/4600
f 4663/1343/4586 4677/1361/4600 4676/1362/4601
f 4662/1345/4587 4676/1362/4601 4675/1363/4602
f 4661/1347/4588 4675/1363/4602 4475/1364/4603
f 4688/1159/4447 4702/1161/4449 4701/1365/4604
f 4687/1351/4590 4701/1365/4604 4700/1366/4605
f 4700/1366/4605 4699/1367/4606 4685/1353/4592
f 4699/1367/4606 4698/1368/4607 4684/1354/4593
f 4698/1368/4607 4697/1369/4608 4683/1355/4594
f 4697/1369/4608 4696/1370/4609 4682/1356/4595
f 4696/1370/4609 4695/1371/4610 4681/1357/4596
f 4695/1371/4610 4694/1372/4611 4680/1358/4597
f 4694/1372/4611 4693/1373/4612 4679/1359/4598
f 4693/1373/4612 4692/1375/4614 4678/1374/4613
f 4692/1375/4614 4691/1417/4618 4677/1361/4600
f 4677/1361/4600 4691/1417/4618 4690/1376/4615
f 4676/1362/4601 4690/1376/4615 4689/1377/4616
f 4675/1363/4602 4689/1377/4616 4464/1378/4617
f 4702/1163/4449 4535/1138/4429 4536/1165/4452
f 4701/1379/4604 4536/1165/4452 4537/1167/4454
f 4537/1167/4454 4538/1436/4456 4699/1381/4606
f 4538/1170/4456 4539/1172/4458 4698/1382/4607
f 4539/1172/4458 4540/1174/4460 4697/1384/4608
f 4540/1174/4460 4541/1176/4462 4696/1385/4609
f 4541/1176/4462 4542/1178/4464 4695/1386/4610
f 4542/1178/4464 4543/1180/4466 4694/1387/4611
f 4543/1180/4466 4544/1181/4467 4693/1388/4612
f 4544/1389/4467 4545/1184/4469 4692/1390/4614
f 4692/1390/4614 4545/1184/4469 4546/1186/4471
f 4691/1392/4618 4546/1186/4471 4547/1188/4473
f 4690/1393/4615 4547/1188/4473 4548/1190/4475
f 4689/1394/4616 4548/1190/4475 4465/1192/4477
o Circle
v -0.002728 -0.000080 -0.727598
v 0.627738 -0.000079 -0.363598
v 0.627738 -0.000079 0.364402
v -0.002728 -0.000079 0.728402
v -0.633195 -0.000079 0.364402
v -0.633195 -0.000079 -0.363598
v -0.002728 -0.505965 -0.575832
v -0.002728 -0.560080 -0.503101
v -0.438775 -0.560080 -0.251349
v -0.501762 -0.505965 -0.287715
v -0.438775 -0.560080 0.252154
v -0.501762 -0.505965 0.288519
v -0.002728 -0.560080 0.503906
v -0.002728 -0.505965 0.576637
v 0.433318 -0.560080 0.252154
v 0.496305 -0.505965 0.288519
v 0.433318 -0.560080 -0.251349
v 0.496305 -0.505965 -0.287715
v -0.002728 0.559920 -0.503101
v -0.002728 0.505806 -0.575832
v -0.501762 0.505806 -0.287715
v -0.438775 0.559920 -0.251349
v -0.501762 0.505806 0.288519
v -0.438775 0.559920 0.252154
v -0.002728 0.505806 0.576637
v -0.002728 0.559920 0.503906
v 0.496305 0.505806 0.288519
v 0.433318 0.559920 0.252154
v 0.496305 0.505806 -0.287715
v 0.433318 0.559920 -0.251349
vn -0.3258 -0.7585 -0.5644
vn -0.6517 -0.7585 -0.0000
vn -0.3258 -0.7585 0.5644
vn 0.3258 -0.7585 0.5644
vn 0.6517 -0.7585 -0.0000
vn 0.3258 -0.7585 -0.5644
vn -0.3258 0.7585 -0.5644
vn -0.6517 0.7585 -0.0000
vn -0.3258 0.7585 0.5644
vn 0.3258 0.7585 0.5644
vn 0.6517 0.7585 -0.0000
vn 0.3258 0.7585 -0.5644
vn -0.4839 -0.2515 -0.8382
vn -0.0000 -1.0000 -0.0000
vn 0.4839 -0.2515 -0.8382
vn -0.9679 -0.2515 -0.0000
vn -0.4839 -0.2515 0.8382
vn 0.4839 -0.2515 0.8382
vn 0.9679 -0.2515 -0.0000
vn -0.4839 0.2515 -0.8382
vn -0.0000 1.0000 -0.0000
vn 0.4839 0.2515 -0.8382
vn -0.9679 0.2515 -0.0000
vn -0.4839 0.2515 0.8382
vn 0.4839 0.2515 0.8382
vn 0.9679 0.2515 -0.0000
vt 0.895464 0.085749
vt 0.927908 0.061606
vt 0.932594 0.064312
vt 0.927908 0.024143
vt 0.932594 0.021437
vt 0.895464 0.000000
vt 0.895464 0.005412
vt 0.863020 0.024143
vt 0.858333 0.021437
vt 0.863020 0.061606
vt 0.858333 0.064312
vt 0.895464 0.080338
vt 0.895464 0.166087
vt 0.858333 0.150061
vt 0.863020 0.147355
vt 0.858333 0.107186
vt 0.863020 0.109892
vt 0.895464 0.091161
vt 0.895464 0.085749
vt 0.927908 0.109892
vt 0.932594 0.107186
vt 0.932594 0.150061
vt 0.927908 0.147355
vt 0.895464 0.171498
vt 0.887640 0.250000
vt 0.925281 0.282729
vt 0.887640 0.277083
vt 0.887640 0.439583
vt 0.925281 0.455375
vt 0.887640 0.466667
vt 0.925281 0.325604
vt 0.887640 0.331250
vt 0.925281 0.347041
vt 0.887640 0.358333
vt 0.887640 0.358333
vt 0.925281 0.391063
vt 0.887640 0.385417
vt 0.925281 0.433937
vt 0.850000 0.282729
vt 0.850000 0.433937
vt 0.850000 0.455375
vt 0.850000 0.325604
vt 0.850000 0.347041
vt 0.850000 0.369625
vt 0.850000 0.391063
vt 0.925281 0.261292
vt 0.925281 0.369625
vt 0.850000 0.261292
s 0
f 4709/1437/4631 4711/1438/4631 4712/1439/4631
f 4712/1439/4632 4713/1440/4632 4714/1441/4632
f 4716/1442/4633 4713/1440/4633 4715/1443/4633
f 4716/1442/4634 4717/1444/4634 4718/1445/4634
f 4718/1445/4635 4719/1446/4635 4720/1447/4635
f 4720/1447/4636 4710/1448/4636 4709/1437/4636
f 4721/1449/4637 4723/1450/4637 4724/1451/4637
f 4724/1451/4638 4725/1452/4638 4726/1453/4638
f 4728/1454/4639 4725/1452/4639 4727/1455/4639
f 4730/1456/4640 4727/1455/4640 4729/1457/4640
f 4730/1456/4641 4731/1458/4641 4732/1459/4641
f 4732/1459/4642 4722/1460/4642 4721/1449/4642
f 4703/1461/4643 4712/1462/4643 4708/1463/4643
f 4710/1448/4644 4717/1444/4644 4713/1440/4644
f 4704/1464/4645 4709/1465/4645 4703/1466/4645
f 4708/1463/4646 4714/1467/4646 4707/1468/4646
f 4707/1468/4647 4716/1469/4647 4706/1470/4647
f 4706/1471/4648 4718/1472/4648 4705/1473/4648
f 4705/1473/4649 4720/1474/4649 4704/1464/4649
f 4723/1475/4650 4703/1461/4650 4708/1463/4650
f 4726/1453/4651 4730/1456/4651 4721/1449/4651
f 4731/1476/4652 4703/1466/4652 4722/1477/4652
f 4723/1475/4653 4707/1468/4653 4725/1478/4653
f 4725/1478/4654 4706/1470/4654 4727/1479/4654
f 4727/1480/4655 4705/1473/4655 4729/1481/4655
f 4729/1481/4656 4704/1464/4656 4731/1476/4656
f 4709/1437/4631 4710/1448/4631 4711/1438/4631
f 4712/1439/4632 4711/1438/4632 4713/1440/4632
f 4716/1442/4633 4714/1441/4633 4713/1440/4633
f 4716/1442/4634 4715/1443/4634 4717/1444/4634
f 4718/1445/4635 4717/1444/4635 4719/1446/4635
f 4720/1447/4636 4719/1446/4636 4710/1448/4636
f 4721/1449/4637 4722/1460/4637 4723/1450/4637
f 4724/1451/4638 4723/1450/4638 4725/1452/4638
f 4728/1454/4639 4726/1453/4639 4725/1452/4639
f 4730/1456/4640 4728/1454/4640 4727/1455/4640
f 4730/1456/4641 4729/1457/4641 4731/1458/4641
f 4732/1459/4642 4731/1458/4642 4722/1460/4642
f 4703/1461/4643 4709/1482/4643 4712/1462/4643
f 4713/1440/4644 4711/1438/4644 4710/1448/4644
f 4710/1448/4644 4719/1446/4644 4717/1444/4644
f 4717/1444/4644 4715/1443/4644 4713/1440/4644
f 4704/1464/4645 4720/1474/4645 4709/1465/4645
f 4708/1463/4646 4712/1462/4646 4714/1467/4646
f 4707/1468/4647 4714/1467/4647 4716/1469/4647
f 4706/1471/4648 4716/1483/4648 4718/1472/4648
f 4705/1473/4649 4718/1472/4649 4720/1474/4649
f 4723/1475/4650 4722/1484/4650 4703/1461/4650
f 4721/1449/4651 4724/1451/4651 4726/1453/4651
f 4726/1453/4651 4728/1454/4651 4730/1456/4651
f 4730/1456/4651 4732/1459/4651 4721/1449/4651
f 4731/1476/4652 4704/1464/4652 4703/1466/4652
f 4723/1475/4653 4708/1463/4653 4707/1468/4653
f 4725/1478/4654 4707/1468/4654 4706/1470/4654
f 4727/1480/4655 4706/1471/4655 4705/1473/4655
f 4729/1481/4656 4705/1473/4656 4704/1464/4656
o Cube.027
v 0.199455 -0.797896 1.388865
v 0.199455 -1.202263 1.388865
v 0.260160 -0.737191 1.512344
v 0.260160 -1.262968 1.512344
v -0.204912 -0.797896 1.388865
v -0.204912 -1.202263 1.388865
v -0.265617 -0.737191 1.512344
v -0.265617 -1.262968 1.512344
v 0.260160 -1.262968 1.388865
v -0.265617 -1.262968 1.388865
v 0.260160 -0.737191 1.388865
v -0.265617 -0.737191 1.388865
v 0.182388 -1.185196 1.350946
v 0.199455 -1.202263 1.368013
v -0.204912 -1.202263 1.368013
v -0.187845 -1.185196 1.350946
v 0.182388 -0.814963 1.350946
v 0.199455 -0.797896 1.368013
v -0.204912 -0.797896 1.368013
v -0.187845 -0.814963 1.350946
vn -0.0000 1.0000 -0.0000
vn -0.0000 -0.0000 1.0000
vn -1.0000 -0.0000 -0.0000
vn -0.0000 -1.0000 -0.0000
vn 1.0000 -0.0000 -0.0000
vn -0.0000 -0.0000 -1.0000
vn -0.0000 -0.7071 -0.7071
vn 0.7071 -0.0000 -0.7071
vn -0.7071 -0.0000 -0.7071
vn -0.0000 0.7071 -0.7071
vt 0.974874 0.233882
vt 0.965088 0.192216
vt 0.974874 0.192216
vt 0.858333 0.213165
vt 0.900000 0.171498
vt 0.900000 0.213165
vt 0.985230 0.250000
vt 0.995016 0.291667
vt 0.985230 0.291667
vt 0.975216 0.541667
vt 0.965431 0.500000
vt 0.975216 0.500000
vt 0.985230 0.291667
vt 0.995015 0.333333
vt 0.985230 0.333333
vt 0.036856 0.879811
vt 0.041667 0.916667
vt 0.036856 0.911856
vt 0.004811 0.879811
vt 0.041667 0.875000
vt 0.000000 0.916667
vt 0.004811 0.911856
vt 0.000000 0.875000
vt 0.882045 0.498712
vt 0.880693 0.468019
vt 0.882045 0.466667
vt 0.851352 0.468019
vt 0.850000 0.466667
vt 0.880693 0.497359
vt 0.850000 0.498712
vt 0.851352 0.497359
vt 0.957326 0.375000
vt 0.958978 0.407045
vt 0.957326 0.407045
vt 0.518792 0.990379
vt 0.517140 0.958333
vt 0.518792 0.958333
vt 0.520445 0.990379
vt 0.957326 0.407045
vt 0.958978 0.439090
vt 0.957326 0.439090
vt 0.965088 0.233882
vt 0.858333 0.171498
vt 0.995016 0.250000
vt 0.965431 0.541667
vt 0.995015 0.291667
vt 0.958978 0.375000
vt 0.517140 0.990379
vt 0.520445 0.958333
vt 0.958978 0.407045
s 0
f 4744/1485/4657 4735/1486/4657 4743/1487/4657
f 4735/1488/4658 4740/1489/4658 4736/1490/4658
f 4739/1491/4659 4742/1492/4659 4740/1493/4659
f 4741/1494/4660 4740/1495/4660 4742/1496/4660
f 4743/1497/4661 4736/1498/4661 4741/1499/4661
f 4734/1500/4662 4742/1501/4662 4738/1502/4662
f 4733/1503/4662 4741/1504/4662 4734/1500/4662
f 4738/1502/4662 4744/1505/4662 4737/1506/4662
f 4737/1506/4662 4743/1507/4662 4733/1503/4662
f 4747/1508/4663 4745/1509/4663 4746/1510/4663
f 4746/1510/4664 4749/1511/4664 4750/1512/4664
f 4748/1513/4665 4751/1514/4665 4752/1515/4665
f 4750/1512/4666 4752/1515/4666 4751/1514/4666
f 4738/1516/4660 4746/1517/4660 4734/1518/4660
f 4752/1515/4662 4745/1509/4662 4748/1513/4662
f 4734/1519/4661 4750/1520/4661 4733/1521/4661
f 4737/1521/4659 4747/1522/4659 4738/1519/4659
f 4733/1523/4657 4751/1524/4657 4737/1525/4657
f 4744/1485/4657 4739/1526/4657 4735/1486/4657
f 4735/1488/4658 4739/1527/4658 4740/1489/4658
f 4739/1491/4659 4744/1528/4659 4742/1492/4659
f 4741/1494/4660 4736/1529/4660 4740/1495/4660
f 4743/1497/4661 4735/1530/4661 4736/1498/4661
f 4734/1500/4662 4741/1504/4662 4742/1501/4662
f 4733/1503/4662 4743/1507/4662 4741/1504/4662
f 4738/1502/4662 4742/1501/4662 4744/1505/4662
f 4737/1506/4662 4744/1505/4662 4743/1507/4662
f 4747/1508/4663 4748/1513/4663 4745/1509/4663
f 4746/1510/4664 4745/1509/4664 4749/1511/4664
f 4748/1513/4665 4747/1508/4665 4751/1514/4665
f 4750/1512/4666 4749/1511/4666 4752/1515/4666
f 4738/1516/4660 4747/1531/4660 4746/1517/4660
f 4752/1515/4662 4749/1511/4662 4745/1509/4662
f 4734/1519/4661 4746/1532/4661 4750/1520/4661
f 4737/1521/4659 4751/1533/4659 4747/1522/4659
f 4733/1523/4657 4750/1534/4657 4751/1524/4657
o Cube.028
v 1.196506 -0.794792 1.388865
v 1.196506 -1.199159 1.388865
v 1.257211 -0.734088 1.512344
v 1.257211 -1.259864 1.512344
v 0.792139 -0.794792 1.388865
v 0.792139 -1.199159 1.388865
v 0.731435 -0.734088 1.512344
v 0.731435 -1.259864 1.512344
v 1.257211 -1.259864 1.388865
v 0.731435 -1.259864 1.388865
v 1.257211 -0.734088 1.388865
v 0.731435 -0.734088 1.388865
v 1.179439 -1.182092 1.350946
v 1.196506 -1.199159 1.368013
v 0.792139 -1.199159 1.368013
v 0.809206 -1.182092 1.350946
v 1.179439 -0.811859 1.350946
v 1.196506 -0.794792 1.368013
v 0.792139 -0.794792 1.368013
v 0.809206 -0.811859 1.350946
vn -0.0000 1.0000 -0.0000
vn -0.0000 -0.0000 1.0000
vn -1.0000 -0.0000 -0.0000
vn -0.0000 -1.0000 -0.0000
vn 1.0000 -0.0000 -0.0000
vn -0.0000 -0.0000 -1.0000
vn -0.0000 -0.7071 -0.7071
vn 0.7071 -0.0000 -0.7071
vn -0.7071 -0.0000 -0.7071
vn -0.0000 0.7071 -0.7071
vt 0.975216 0.583333
vt 0.965431 0.541667
vt 0.975216 0.541667
vt 0.041667 0.916667
vt 0.083333 0.875000
vt 0.083333 0.916667
vt 0.985230 0.333333
vt 0.995016 0.375000
vt 0.985230 0.375000
vt 0.975216 0.625000
vt 0.965431 0.583333
vt 0.988377 0.000000
vt 0.998162 0.041667
vt 0.988377 0.041667
vt 0.120189 0.879811
vt 0.125000 0.916667
vt 0.120189 0.911856
vt 0.088144 0.879811
vt 0.125000 0.875000
vt 0.088144 0.911856
vt 0.890379 0.213165
vt 0.889026 0.243858
vt 0.889026 0.214517
vt 0.858333 0.213165
vt 0.859686 0.214517
vt 0.858333 0.245210
vt 0.859686 0.243858
vt 0.958259 0.445487
vt 0.959912 0.477532
vt 0.958259 0.477532
vt 0.522097 0.990379
vt 0.520445 0.958333
vt 0.522097 0.958333
vt 0.522097 0.958333
vt 0.523750 0.990379
vt 0.522097 0.990379
vt 0.958978 0.375000
vt 0.960631 0.407045
vt 0.958978 0.407045
vt 0.041667 0.875000
vt 0.995016 0.333333
vt 0.965431 0.625000
vt 0.998162 0.000000
vt 0.890379 0.245210
vt 0.959912 0.445487
vt 0.520445 0.990379
vt 0.523750 0.958333
vt 0.960631 0.375000
s 0
f 4764/1535/4667 4755/1536/4667 4763/1537/4667
f 4755/1538/4668 4760/1539/4668 4756/1540/4668
f 4759/1541/4669 4762/1542/4669 4760/1543/4669
f 4761/1544/4670 4760/1545/4670 4762/1535/4670
f 4763/1546/4671 4756/1547/4671 4761/1548/4671
f 4754/1549/4672 4762/1550/4672 4758/1551/4672
f 4753/1552/4672 4761/1553/4672 4754/1549/4672
f 4758/1551/4672 4764/1540/4672 4757/1554/4672
f 4757/1554/4672 4763/1539/4672 4753/1552/4672
f 4766/1555/4673 4768/1556/4673 4765/1557/4673
f 4770/1558/4674 4765/1557/4674 4769/1559/4674
f 4768/1556/4675 4771/1560/4675 4772/1561/4675
f 4770/1558/4676 4772/1561/4676 4771/1560/4676
f 4758/1562/4670 4766/1563/4670 4754/1564/4670
f 4772/1561/4672 4765/1557/4672 4768/1556/4672
f 4754/1565/4671 4770/1566/4671 4753/1567/4671
f 4757/1568/4669 4767/1569/4669 4758/1570/4669
f 4753/1571/4667 4771/1572/4667 4757/1573/4667
f 4764/1535/4667 4759/1545/4667 4755/1536/4667
f 4755/1538/4668 4759/1574/4668 4760/1539/4668
f 4759/1541/4669 4764/1575/4669 4762/1542/4669
f 4761/1544/4670 4756/1576/4670 4760/1545/4670
f 4763/1546/4671 4755/1577/4671 4756/1547/4671
f 4754/1549/4672 4761/1553/4672 4762/1550/4672
f 4753/1552/4672 4763/1539/4672 4761/1553/4672
f 4758/1551/4672 4762/1550/4672 4764/1540/4672
f 4757/1554/4672 4764/1540/4672 4763/1539/4672
f 4766/1555/4673 4767/1578/4673 4768/1556/4673
f 4770/1558/4674 4766/1555/4674 4765/1557/4674
f 4768/1556/4675 4767/1578/4675 4771/1560/4675
f 4770/1558/4676 4769/1559/4676 4772/1561/4676
f 4758/1562/4670 4767/1579/4670 4766/1563/4670
f 4772/1561/4672 4769/1559/4672 4765/1557/4672
f 4754/1565/4671 4766/1580/4671 4770/1566/4671
f 4757/1568/4669 4771/1581/4669 4767/1569/4669
f 4753/1571/4667 4770/1582/4667 4771/1572/4667
o Cube.029
v -0.800545 -0.797896 1.388865
v -0.800545 -1.202263 1.388865
v -0.739840 -0.737191 1.512344
v -0.739840 -1.262968 1.512344
v -1.204912 -0.797896 1.388865
v -1.204912 -1.202263 1.388865
v -1.265617 -0.737191 1.512344
v -1.265617 -1.262968 1.512344
v -0.739840 -1.262968 1.388865
v -1.265617 -1.262968 1.388865
v -0.739840 -0.737191 1.388865
v -1.265617 -0.737191 1.388865
v -0.817612 -1.185196 1.350946
v -0.800545 -1.202263 1.368013
v -1.204912 -1.202263 1.368013
v -1.187845 -1.185196 1.350946
v -0.817612 -0.814963 1.350946
v -0.800545 -0.797896 1.368013
v -1.204912 -0.797896 1.368013
v -1.187845 -0.814963 1.350946
vn -0.0000 1.0000 -0.0000
vn -0.0000 -0.0000 1.0000
vn -1.0000 -0.0000 -0.0000
vn -0.0000 -1.0000 -0.0000
vn 1.0000 -0.0000 -0.0000
vn -0.0000 -0.0000 -1.0000
vn -0.0000 -0.7071 -0.7071
vn 0.7071 -0.0000 -0.7071
vn -0.7071 -0.0000 -0.7071
vn -0.0000 0.7071 -0.7071
vt 0.975445 0.291667
vt 0.965659 0.250000
vt 0.975445 0.250000
vt 0.125000 0.916667
vt 0.166667 0.875000
vt 0.166667 0.916667
vt 0.988377 0.041667
vt 0.998162 0.083333
vt 0.988377 0.083333
vt 0.975445 0.333333
vt 0.965659 0.291667
vt 0.988377 0.083333
vt 0.998162 0.125000
vt 0.988377 0.125000
vt 0.203523 0.879811
vt 0.208333 0.916667
vt 0.203523 0.911856
vt 0.171477 0.879811
vt 0.208333 0.875000
vt 0.171477 0.911856
vt 0.166667 0.875000
vt 0.914090 0.498712
vt 0.912738 0.468019
vt 0.914090 0.466667
vt 0.882045 0.466667
vt 0.883398 0.468019
vt 0.912738 0.497359
vt 0.882045 0.498712
vt 0.883398 0.497359
vt 0.958978 0.407045
vt 0.960631 0.439090
vt 0.958978 0.439090
vt 0.525402 0.990379
vt 0.523750 0.958333
vt 0.525402 0.958333
vt 0.527055 0.990379
vt 0.206681 0.958333
vt 0.208333 0.990379
vt 0.206681 0.990379
vt 0.125000 0.875000
vt 0.998162 0.041667
vt 0.965659 0.333333
vt 0.998162 0.083333
vt 0.960631 0.407045
vt 0.523750 0.990379
vt 0.527055 0.958333
vt 0.208333 0.958333
s 0
f 4784/1583/4677 4775/1584/4677 4783/1585/4677
f 4775/1586/4678 4780/1587/4678 4776/1588/4678
f 4779/1589/4679 4782/1590/4679 4780/1591/4679
f 4781/1592/4680 4780/1593/4680 4782/1583/4680
f 4783/1594/4681 4776/1595/4681 4781/1596/4681
f 4774/1597/4682 4782/1598/4682 4778/1599/4682
f 4773/1600/4682 4781/1601/4682 4774/1597/4682
f 4778/1599/4682 4784/1588/4682 4777/1602/4682
f 4777/1602/4682 4783/1603/4682 4773/1600/4682
f 4787/1604/4683 4785/1605/4683 4786/1606/4683
f 4790/1607/4684 4785/1605/4684 4789/1608/4684
f 4788/1609/4685 4791/1610/4685 4792/1611/4685
f 4791/1610/4686 4789/1608/4686 4792/1611/4686
f 4778/1612/4680 4786/1613/4680 4774/1614/4680
f 4792/1611/4682 4785/1605/4682 4788/1609/4682
f 4774/1615/4681 4790/1616/4681 4773/1617/4681
f 4777/1617/4679 4787/1618/4679 4778/1615/4679
f 4773/1619/4677 4791/1620/4677 4777/1621/4677
f 4784/1583/4677 4779/1593/4677 4775/1584/4677
f 4775/1586/4678 4779/1622/4678 4780/1587/4678
f 4779/1589/4679 4784/1623/4679 4782/1590/4679
f 4781/1592/4680 4776/1624/4680 4780/1593/4680
f 4783/1594/4681 4775/1625/4681 4776/1595/4681
f 4774/1597/4682 4781/1601/4682 4782/1598/4682
f 4773/1600/4682 4783/1603/4682 4781/1601/4682
f 4778/1599/4682 4782/1598/4682 4784/1588/4682
f 4777/1602/4682 4784/1588/4682 4783/1603/4682
f 4787/1604/4683 4788/1609/4683 4785/1605/4683
f 4790/1607/4684 4786/1606/4684 4785/1605/4684
f 4788/1609/4685 4787/1604/4685 4791/1610/4685
f 4791/1610/4686 4790/1607/4686 4789/1608/4686
f 4778/1612/4680 4787/1626/4680 4786/1613/4680
f 4792/1611/4682 4789/1608/4682 4785/1605/4682
f 4774/1615/4681 4786/1627/4681 4790/1616/4681
f 4777/1617/4679 4791/1628/4679 4787/1618/4679
f 4773/1619/4677 4790/1629/4677 4791/1620/4677
o Cube.030
v -0.204912 -0.797896 -1.385251
v -0.204912 -1.202263 -1.385251
v -0.265616 -0.737191 -1.508730
v -0.265616 -1.262968 -1.508730
v 0.199455 -0.797896 -1.385251
v 0.199455 -1.202263 -1.385251
v 0.260160 -0.737191 -1.508730
v 0.260160 -1.262968 -1.508730
v -0.265617 -1.262968 -1.385251
v 0.260160 -1.262968 -1.385251
v -0.265617 -0.737191 -1.385251
v 0.260160 -0.737191 -1.385251
v -0.187845 -1.185196 -1.347332
v -0.204912 -1.202263 -1.364399
v 0.199455 -1.202263 -1.364399
v 0.182388 -1.185196 -1.347332
v -0.187845 -0.814963 -1.347332
v -0.204912 -0.797896 -1.364399
v 0.199455 -0.797896 -1.364399
v 0.182388 -0.814963 -1.347332
vn -0.0000 1.0000 -0.0000
vn -0.0000 -0.0000 -1.0000
vn 1.0000 -0.0000 -0.0000
vn -0.0000 -1.0000 -0.0000
vn -1.0000 -0.0000 -0.0000
vn -0.0000 -0.0000 1.0000
vn -0.0000 -0.7071 0.7071
vn -0.7071 -0.0000 0.7071
vn 0.7071 -0.0000 0.7071
vn -0.0000 0.7071 0.7071
vt 0.975445 0.333333
vt 0.965659 0.375000
vt 0.965659 0.333333
vt 0.208333 0.916667
vt 0.250000 0.875000
vt 0.250000 0.916667
vt 0.988374 0.920346
vt 0.998160 0.962013
vt 0.988374 0.962013
vt 0.978592 0.041667
vt 0.968806 -0.000000
vt 0.978592 0.000000
vt 0.989116 0.625000
vt 0.998901 0.666667
vt 0.989116 0.666667
vt 0.286856 0.879811
vt 0.291667 0.916667
vt 0.286856 0.911856
vt 0.254811 0.879811
vt 0.291667 0.875000
vt 0.254811 0.911856
vt 0.922424 0.213165
vt 0.921071 0.243858
vt 0.921071 0.214517
vt 0.891731 0.214517
vt 0.890379 0.213165
vt 0.890379 0.245210
vt 0.891731 0.243858
vt 0.247475 0.958333
vt 0.249128 0.990379
vt 0.247475 0.990379
vt 0.528707 0.990379
vt 0.527055 0.958333
vt 0.528707 0.958333
vt 0.530360 0.990379
vt 0.289142 0.958333
vt 0.290794 0.990379
vt 0.289142 0.990379
vt 0.975445 0.375000
vt 0.208333 0.875000
vt 0.998160 0.920346
vt 0.968806 0.041667
vt 0.998901 0.625000
vt 0.922424 0.245210
vt 0.249128 0.958333
vt 0.527055 0.990379
vt 0.530360 0.958333
vt 0.290794 0.958333
s 0
f 4803/1630/4687 4799/1631/4687 4795/1632/4687
f 4795/1633/4688 4800/1634/4688 4796/1635/4688
f 4799/1636/4689 4802/1637/4689 4800/1638/4689
f 4801/1639/4690 4800/1640/4690 4802/1641/4690
f 4803/1642/4691 4796/1643/4691 4801/1644/4691
f 4794/1645/4692 4802/1646/4692 4798/1647/4692
f 4793/1648/4692 4801/1649/4692 4794/1645/4692
f 4798/1647/4692 4804/1635/4692 4797/1650/4692
f 4797/1650/4692 4803/1634/4692 4793/1648/4692
f 4806/1651/4693 4808/1652/4693 4805/1653/4693
f 4806/1651/4694 4809/1654/4694 4810/1655/4694
f 4808/1652/4695 4811/1656/4695 4812/1657/4695
f 4810/1655/4696 4812/1657/4696 4811/1656/4696
f 4798/1658/4690 4806/1659/4690 4794/1660/4690
f 4812/1657/4692 4805/1653/4692 4808/1652/4692
f 4794/1661/4691 4810/1662/4691 4793/1663/4691
f 4797/1663/4689 4807/1664/4689 4798/1661/4689
f 4793/1665/4687 4811/1666/4687 4797/1667/4687
f 4803/1630/4687 4804/1668/4687 4799/1631/4687
f 4795/1633/4688 4799/1669/4688 4800/1634/4688
f 4799/1636/4689 4804/1670/4689 4802/1637/4689
f 4801/1639/4690 4796/1671/4690 4800/1640/4690
f 4803/1642/4691 4795/1672/4691 4796/1643/4691
f 4794/1645/4692 4801/1649/4692 4802/1646/4692
f 4793/1648/4692 4803/1634/4692 4801/1649/4692
f 4798/1647/4692 4802/1646/4692 4804/1635/4692
f 4797/1650/4692 4804/1635/4692 4803/1634/4692
f 4806/1651/4693 4807/1673/4693 4808/1652/4693
f 4806/1651/4694 4805/1653/4694 4809/1654/4694
f 4808/1652/4695 4807/1673/4695 4811/1656/4695
f 4810/1655/4696 4809/1654/4696 4812/1657/4696
f 4798/1658/4690 4807/1674/4690 4806/1659/4690
f 4812/1657/4692 4809/1654/4692 4805/1653/4692
f 4794/1661/4691 4806/1675/4691 4810/1662/4691
f 4797/1663/4689 4811/1676/4689 4807/1664/4689
f 4793/1665/4687 4810/1677/4687 4811/1666/4687
o Cube.031
v -1.204912 -0.797896 -1.385251
v -1.204912 -1.202263 -1.385251
v -1.265616 -0.737191 -1.508730
v -1.265616 -1.262968 -1.508730
v -0.800545 -0.797896 -1.385251
v -0.800545 -1.202263 -1.385251
v -0.739840 -0.737191 -1.508730
v -0.739840 -1.262968 -1.508730
v -1.265617 -1.262968 -1.385251
v -0.739840 -1.262968 -1.385251
v -1.265617 -0.737191 -1.385251
v -0.739840 -0.737191 -1.385251
v -1.187845 -1.185196 -1.347332
v -1.204912 -1.202263 -1.364399
v -0.800545 -1.202263 -1.364399
v -0.817612 -1.185196 -1.347332
v -1.187845 -0.814963 -1.347332
v -1.204912 -0.797896 -1.364399
v -0.800545 -0.797896 -1.364399
v -0.817612 -0.814963 -1.347332
vn -0.0000 1.0000 -0.0000
vn -0.0000 -0.0000 -1.0000
vn 1.0000 -0.0000 -0.0000
vn -0.0000 -1.0000 -0.0000
vn -1.0000 -0.0000 -0.0000
vn -0.0000 -0.0000 1.0000
vn -0.0000 -0.7071 0.7071
vn -0.7071 -0.0000 0.7071
vn 0.7071 -0.0000 0.7071
vn -0.0000 0.7071 0.7071
vt 0.978592 0.083333
vt 0.968806 0.041667
vt 0.978592 0.041667
vt 0.291667 0.916667
vt 0.333333 0.875000
vt 0.333333 0.916667
vt 0.989116 0.666667
vt 0.998902 0.708333
vt 0.989116 0.708333
vt 0.978592 0.083333
vt 0.968806 0.125000
vt 0.968806 0.083333
vt 0.989116 0.708333
vt 0.998901 0.750000
vt 0.989116 0.750000
vt 0.370189 0.879811
vt 0.375000 0.916667
vt 0.370189 0.911856
vt 0.338144 0.879811
vt 0.375000 0.875000
vt 0.333333 0.916667
vt 0.338144 0.911856
vt 0.333333 0.875000
vt 0.946136 0.466667
vt 0.944783 0.497359
vt 0.944783 0.468019
vt 0.915443 0.468019
vt 0.914090 0.466667
vt 0.914090 0.498712
vt 0.915443 0.497359
vt 0.451039 0.958333
vt 0.452692 0.990379
vt 0.451039 0.990379
vt 0.532012 0.990379
vt 0.530360 0.958333
vt 0.532012 0.958333
vt 0.532013 0.958333
vt 0.533665 0.990379
vt 0.532013 0.990379
vt 0.452692 0.958333
vt 0.454344 0.990379
vt 0.452692 0.990379
vt 0.291667 0.875000
vt 0.998902 0.666667
vt 0.978592 0.125000
vt 0.998901 0.708333
vt 0.946136 0.498712
vt 0.452692 0.958333
vt 0.530360 0.990379
vt 0.533665 0.958333
vt 0.454344 0.958333
s 0
f 4824/1678/4697 4815/1679/4697 4823/1680/4697
f 4815/1681/4698 4820/1682/4698 4816/1683/4698
f 4819/1684/4699 4822/1685/4699 4820/1686/4699
f 4822/1687/4700 4816/1688/4700 4820/1689/4700
f 4823/1690/4701 4816/1691/4701 4821/1692/4701
f 4814/1693/4702 4822/1694/4702 4818/1695/4702
f 4813/1696/4702 4821/1697/4702 4814/1693/4702
f 4818/1695/4702 4824/1698/4702 4817/1699/4702
f 4817/1699/4702 4823/1700/4702 4813/1696/4702
f 4826/1701/4703 4828/1702/4703 4825/1703/4703
f 4826/1701/4704 4829/1704/4704 4830/1705/4704
f 4828/1702/4705 4831/1706/4705 4832/1707/4705
f 4830/1705/4706 4832/1707/4706 4831/1706/4706
f 4818/1708/4700 4826/1709/4700 4814/1710/4700
f 4832/1707/4702 4825/1703/4702 4828/1702/4702
f 4814/1711/4701 4830/1712/4701 4813/1713/4701
f 4817/1714/4699 4827/1715/4699 4818/1716/4699
f 4813/1717/4697 4831/1718/4697 4817/1719/4697
f 4824/1678/4697 4819/1689/4697 4815/1679/4697
f 4815/1681/4698 4819/1720/4698 4820/1682/4698
f 4819/1684/4699 4824/1721/4699 4822/1685/4699
f 4822/1687/4700 4821/1722/4700 4816/1688/4700
f 4823/1690/4701 4815/1723/4701 4816/1691/4701
f 4814/1693/4702 4821/1697/4702 4822/1694/4702
f 4813/1696/4702 4823/1700/4702 4821/1697/4702
f 4818/1695/4702 4822/1694/4702 4824/1698/4702
f 4817/1699/4702 4824/1698/4702 4823/1700/4702
f 4826/1701/4703 4827/1724/4703 4828/1702/4703
f 4826/1701/4704 4825/1703/4704 4829/1704/4704
f 4828/1702/4705 4827/1724/4705 4831/1706/4705
f 4830/1705/4706 4829/1704/4706 4832/1707/4706
f 4818/1708/4700 4827/1725/4700 4826/1709/4700
f 4832/1707/4702 4829/1704/4702 4825/1703/4702
f 4814/1711/4701 4826/1726/4701 4830/1712/4701
f 4817/1714/4699 4831/1727/4699 4827/1715/4699
f 4813/1717/4697 4830/1728/4697 4831/1718/4697
o Cube.032
v 0.795088 -0.797896 -1.385251
v 0.795088 -1.202263 -1.385251
v 0.734384 -0.737191 -1.508730
v 0.734384 -1.262968 -1.508730
v 1.199455 -0.797896 -1.385251
v 1.199455 -1.202263 -1.385251
v 1.260160 -0.737191 -1.508730
v 1.260160 -1.262968 -1.508730
v 0.734383 -1.262968 -1.385251
v 1.260160 -1.262968 -1.385251
v 0.734383 -0.737191 -1.385251
v 1.260160 -0.737191 -1.385251
v 0.812155 -1.185196 -1.347332
v 0.795088 -1.202263 -1.364399
v 1.199455 -1.202263 -1.364399
v 1.182388 -1.185196 -1.347332
v 0.812155 -0.814963 -1.347332
v 0.795088 -0.797896 -1.364399
v 1.199455 -0.797896 -1.364399
v 1.182388 -0.814963 -1.347332
vn -0.0000 1.0000 -0.0000
vn -0.0000 -0.0000 -1.0000
vn 1.0000 -0.0000 -0.0000
vn -0.0000 -1.0000 -0.0000
vn -1.0000 -0.0000 -0.0000
vn -0.0000 -0.0000 1.0000
vn -0.0000 -0.7071 0.7071
vn -0.7071 -0.0000 0.7071
vn 0.7071 -0.0000 0.7071
vn -0.0000 0.7071 0.7071
vt 0.978589 0.962013
vt 0.968803 0.920346
vt 0.978589 0.920346
vt 0.375000 0.916667
vt 0.416667 0.875000
vt 0.416667 0.916667
vt 0.989116 0.750000
vt 0.998902 0.791667
vt 0.989116 0.791667
vt 0.979331 0.625000
vt 0.969545 0.666667
vt 0.969545 0.625000
vt 0.989116 0.791667
vt 0.998901 0.833333
vt 0.989116 0.833333
vt 0.453523 0.879811
vt 0.458333 0.916667
vt 0.453523 0.911856
vt 0.421477 0.879811
vt 0.458333 0.875000
vt 0.421477 0.911856
vt 0.954469 0.213165
vt 0.953116 0.243858
vt 0.953116 0.214517
vt 0.923776 0.214517
vt 0.922424 0.213165
vt 0.922424 0.245210
vt 0.923776 0.243858
vt 0.454344 0.958333
vt 0.455997 0.990379
vt 0.454344 0.990379
vt 0.535318 0.990379
vt 0.533665 0.958333
vt 0.535318 0.958333
vt 0.536970 0.990379
vt 0.455997 0.958333
vt 0.457649 0.990379
vt 0.968803 0.962013
vt 0.375000 0.875000
vt 0.998902 0.750000
vt 0.979331 0.666667
vt 0.998901 0.791667
vt 0.954469 0.245210
vt 0.533665 0.990379
vt 0.536970 0.958333
vt 0.457649 0.958333
s 0
f 4844/1729/4707 4835/1730/4707 4843/1731/4707
f 4835/1732/4708 4840/1733/4708 4836/1734/4708
f 4839/1735/4709 4842/1736/4709 4840/1737/4709
f 4842/1738/4710 4836/1739/4710 4840/1740/4710
f 4843/1741/4711 4836/1742/4711 4841/1743/4711
f 4834/1744/4712 4842/1745/4712 4838/1746/4712
f 4833/1747/4712 4841/1748/4712 4834/1744/4712
f 4838/1746/4712 4844/1734/4712 4837/1749/4712
f 4837/1749/4712 4843/1733/4712 4833/1747/4712
f 4846/1750/4713 4848/1751/4713 4845/1752/4713
f 4846/1750/4714 4849/1753/4714 4850/1754/4714
f 4848/1751/4715 4851/1755/4715 4852/1756/4715
f 4850/1754/4716 4852/1756/4716 4851/1755/4716
f 4838/1757/4710 4846/1758/4710 4834/1759/4710
f 4852/1756/4712 4845/1752/4712 4848/1751/4712
f 4834/1760/4711 4850/1761/4711 4833/1762/4711
f 4837/1762/4709 4847/1763/4709 4838/1760/4709
f 4833/1764/4707 4851/1765/4707 4837/1758/4707
f 4844/1729/4707 4839/1766/4707 4835/1730/4707
f 4835/1732/4708 4839/1767/4708 4840/1733/4708
f 4839/1735/4709 4844/1768/4709 4842/1736/4709
f 4842/1738/4710 4841/1769/4710 4836/1739/4710
f 4843/1741/4711 4835/1770/4711 4836/1742/4711
f 4834/1744/4712 4841/1748/4712 4842/1745/4712
f 4833/1747/4712 4843/1733/4712 4841/1748/4712
f 4838/1746/4712 4842/1745/4712 4844/1734/4712
f 4837/1749/4712 4844/1734/4712 4843/1733/4712
f 4846/1750/4713 4847/1771/4713 4848/1751/4713
f 4846/1750/4714 4845/1752/4714 4849/1753/4714
f 4848/1751/4715 4847/1771/4715 4851/1755/4715
f 4850/1754/4716 4849/1753/4716 4852/1756/4716
f 4838/1757/4710 4847/1764/4710 4846/1758/4710
f 4852/1756/4712 4849/1753/4712 4845/1752/4712
f 4834/1760/4711 4846/1772/4711 4850/1761/4711
f 4837/1762/4709 4851/1773/4709 4847/1763/4709
f 4833/1764/4707 4850/1774/4707 4851/1765/4707
o Cube.033
v 1.393441 -0.797896 -0.204493
v 1.393441 -1.202263 -0.204493
v 1.516920 -0.737191 -0.265198
v 1.516920 -1.262968 -0.265198
v 1.393441 -0.797896 0.199873
v 1.393441 -1.202263 0.199873
v 1.516919 -0.737191 0.260578
v 1.516919 -1.262968 0.260578
v 1.393441 -1.262968 -0.265198
v 1.393441 -1.262968 0.260578
v 1.393441 -0.737191 -0.265198
v 1.393441 -0.737191 0.260578
v 1.355522 -1.185196 -0.187426
v 1.372589 -1.202263 -0.204493
v 1.372589 -1.202263 0.199873
v 1.355522 -1.185196 0.182806
v 1.355522 -0.814963 -0.187426
v 1.372589 -0.797896 -0.204493
v 1.372589 -0.797896 0.199873
v 1.355522 -0.814963 0.182806
vn -0.0000 1.0000 -0.0000
vn 1.0000 -0.0000 -0.0000
vn -0.0000 -0.0000 1.0000
vn -0.0000 -1.0000 -0.0000
vn -0.0000 -0.0000 -1.0000
vn -1.0000 -0.0000 -0.0000
vn -0.7071 -0.7071 -0.0000
vn -0.7071 -0.0000 -0.7071
vn -0.7071 -0.0000 0.7071
vn -0.7071 0.7071 -0.0000
vt 0.979331 0.708333
vt 0.969545 0.666667
vt 0.979331 0.666667
vt 0.458333 0.916667
vt 0.500000 0.875000
vt 0.500000 0.916667
vt 0.989116 0.833333
vt 0.998902 0.875000
vt 0.989116 0.875000
vt 0.979331 0.750000
vt 0.969545 0.708333
vt 0.989155 0.875000
vt 0.998940 0.916667
vt 0.989155 0.916667
vt 0.536856 0.879811
vt 0.541667 0.916667
vt 0.536856 0.911856
vt 0.504811 0.879811
vt 0.541667 0.875000
vt 0.504811 0.911856
vt 0.957326 0.250000
vt 0.955973 0.280693
vt 0.955973 0.251353
vt 0.926633 0.251353
vt 0.925281 0.250000
vt 0.925281 0.282045
vt 0.926633 0.280693
vt 0.457649 0.958333
vt 0.459302 0.990379
vt 0.457649 0.990379
vt 0.538623 0.990379
vt 0.536970 0.958333
vt 0.538623 0.958333
vt 0.540275 0.990379
vt 0.459302 0.958333
vt 0.460954 0.990379
vt 0.459302 0.990379
vt 0.458333 0.875000
vt 0.998902 0.833333
vt 0.969545 0.750000
vt 0.998940 0.875000
vt 0.957326 0.282045
vt 0.536970 0.990379
vt 0.540275 0.958333
vt 0.460954 0.958333
s 0
f 4864/1775/4717 4855/1776/4717 4863/1777/4717
f 4855/1778/4718 4860/1779/4718 4856/1780/4718
f 4859/1781/4719 4862/1782/4719 4860/1783/4719
f 4861/1784/4720 4860/1785/4720 4862/1775/4720
f 4863/1786/4721 4856/1787/4721 4861/1788/4721
f 4854/1789/4722 4862/1790/4722 4858/1791/4722
f 4853/1792/4722 4861/1793/4722 4854/1789/4722
f 4858/1791/4722 4864/1780/4722 4857/1794/4722
f 4857/1794/4722 4863/1779/4722 4853/1792/4722
f 4866/1795/4723 4868/1796/4723 4865/1797/4723
f 4866/1795/4724 4869/1798/4724 4870/1799/4724
f 4868/1796/4725 4871/1800/4725 4872/1801/4725
f 4870/1799/4726 4872/1801/4726 4871/1800/4726
f 4858/1802/4720 4866/1803/4720 4854/1804/4720
f 4872/1801/4722 4865/1797/4722 4868/1796/4722
f 4854/1805/4721 4870/1806/4721 4853/1807/4721
f 4857/1807/4719 4867/1808/4719 4858/1805/4719
f 4853/1809/4717 4871/1810/4717 4857/1811/4717
f 4864/1775/4717 4859/1785/4717 4855/1776/4717
f 4855/1778/4718 4859/1812/4718 4860/1779/4718
f 4859/1781/4719 4864/1813/4719 4862/1782/4719
f 4861/1784/4720 4856/1814/4720 4860/1785/4720
f 4863/1786/4721 4855/1815/4721 4856/1787/4721
f 4854/1789/4722 4861/1793/4722 4862/1790/4722
f 4853/1792/4722 4863/1779/4722 4861/1793/4722
f 4858/1791/4722 4862/1790/4722 4864/1780/4722
f 4857/1794/4722 4864/1780/4722 4863/1779/4722
f 4866/1795/4723 4867/1816/4723 4868/1796/4723
f 4866/1795/4724 4865/1797/4724 4869/1798/4724
f 4868/1796/4725 4867/1816/4725 4871/1800/4725
f 4870/1799/4726 4869/1798/4726 4872/1801/4726
f 4858/1802/4720 4867/1809/4720 4866/1803/4720
f 4872/1801/4722 4869/1798/4722 4865/1797/4722
f 4854/1805/4721 4866/1817/4721 4870/1806/4721
f 4857/1807/4719 4871/1818/4719 4867/1808/4719
f 4853/1809/4717 4870/1819/4717 4871/1810/4717
o Cube.034
v 1.393442 -0.797896 -1.204493
v 1.393442 -1.202263 -1.204493
v 1.516920 -0.737191 -1.265198
v 1.516920 -1.262968 -1.265198
v 1.393442 -0.797896 -0.800126
v 1.393442 -1.202263 -0.800126
v 1.516920 -0.737191 -0.739422
v 1.516920 -1.262968 -0.739422
v 1.393442 -1.262968 -1.265198
v 1.393442 -1.262968 -0.739422
v 1.393442 -0.737191 -1.265198
v 1.393442 -0.737191 -0.739422
v 1.355522 -1.185196 -1.187426
v 1.372589 -1.202263 -1.204493
v 1.372589 -1.202263 -0.800126
v 1.355522 -1.185196 -0.817193
v 1.355522 -0.814963 -1.187426
v 1.372589 -0.797896 -1.204493
v 1.372589 -0.797896 -0.800126
v 1.355522 -0.814963 -0.817193
vn -0.0000 1.0000 -0.0000
vn 1.0000 -0.0000 -0.0000
vn -0.0000 -0.0000 1.0000
vn -0.0000 -1.0000 -0.0000
vn -0.0000 -0.0000 -1.0000
vn -1.0000 -0.0000 -0.0000
vn -0.7071 -0.7071 -0.0000
vn -0.7071 -0.0000 -0.7071
vn -0.7071 -0.0000 0.7071
vn -0.7071 0.7071 -0.0000
vt 0.979331 0.791667
vt 0.969545 0.750000
vt 0.979331 0.750000
vt 0.541667 0.916667
vt 0.583333 0.875000
vt 0.583333 0.916667
vt 0.989168 0.375000
vt 0.998954 0.416667
vt 0.989168 0.416667
vt 0.979331 0.833333
vt 0.969545 0.791667
vt 0.989168 0.416667
vt 0.998954 0.458333
vt 0.989168 0.458333
vt 0.620189 0.879811
vt 0.625000 0.916667
vt 0.620189 0.911856
vt 0.588144 0.879811
vt 0.625000 0.875000
vt 0.588144 0.911856
vt 0.957326 0.314090
vt 0.955973 0.283398
vt 0.957326 0.282045
vt 0.926633 0.283398
vt 0.925281 0.282045
vt 0.955973 0.312738
vt 0.925281 0.314090
vt 0.926633 0.312738
vt 0.460954 0.958333
vt 0.462607 0.990379
vt 0.460954 0.990379
vt 0.541928 0.990379
vt 0.540275 0.958333
vt 0.541928 0.958333
vt 0.541928 0.958333
vt 0.543580 0.990379
vt 0.541928 0.990379
vt 0.462607 0.958333
vt 0.464259 0.990379
vt 0.462607 0.990379
vt 0.541667 0.875000
vt 0.998954 0.375000
vt 0.969545 0.833333
vt 0.998954 0.416667
vt 0.462607 0.958333
vt 0.540275 0.990379
vt 0.543580 0.958333
vt 0.464259 0.958333
s 0
f 4884/1820/4727 4875/1821/4727 4883/1822/4727
f 4875/1823/4728 4880/1824/4728 4876/1825/4728
f 4879/1826/4729 4882/1827/4729 4880/1828/4729
f 4881/1829/4730 4880/1830/4730 4882/1820/4730
f 4883/1831/4731 4876/1832/4731 4881/1833/4731
f 4874/1834/4732 4882/1835/4732 4878/1836/4732
f 4873/1837/4732 4881/1838/4732 4874/1834/4732
f 4878/1836/4732 4884/1825/4732 4877/1839/4732
f 4877/1839/4732 4883/1824/4732 4873/1837/4732
f 4887/1840/4733 4885/1841/4733 4886/1842/4733
f 4886/1842/4734 4889/1843/4734 4890/1844/4734
f 4888/1845/4735 4891/1846/4735 4892/1847/4735
f 4890/1844/4736 4892/1847/4736 4891/1846/4736
f 4878/1848/4730 4886/1849/4730 4874/1850/4730
f 4892/1847/4732 4885/1841/4732 4888/1845/4732
f 4874/1851/4731 4890/1852/4731 4873/1853/4731
f 4877/1854/4729 4887/1855/4729 4878/1856/4729
f 4873/1857/4727 4891/1858/4727 4877/1859/4727
f 4884/1820/4727 4879/1830/4727 4875/1821/4727
f 4875/1823/4728 4879/1860/4728 4880/1824/4728
f 4879/1826/4729 4884/1861/4729 4882/1827/4729
f 4881/1829/4730 4876/1862/4730 4880/1830/4730
f 4883/1831/4731 4875/1863/4731 4876/1832/4731
f 4874/1834/4732 4881/1838/4732 4882/1835/4732
f 4873/1837/4732 4883/1824/4732 4881/1838/4732
f 4878/1836/4732 4882/1835/4732 4884/1825/4732
f 4877/1839/4732 4884/1825/4732 4883/1824/4732
f 4887/1840/4733 4888/1845/4733 4885/1841/4733
f 4886/1842/4734 4885/1841/4734 4889/1843/4734
f 4888/1845/4735 4887/1840/4735 4891/1846/4735
f 4890/1844/4736 4889/1843/4736 4892/1847/4736
f 4878/1848/4730 4887/1864/4730 4886/1849/4730
f 4892/1847/4732 4889/1843/4732 4885/1841/4732
f 4874/1851/4731 4886/1865/4731 4890/1852/4731
f 4877/1854/4729 4891/1866/4729 4887/1855/4729
f 4873/1857/4727 4890/1867/4727 4891/1858/4727
o Cube.035
v 1.393441 -0.797896 0.795507
v 1.393441 -1.202263 0.795507
v 1.516920 -0.737191 0.734802
v 1.516920 -1.262968 0.734802
v 1.393441 -0.797896 1.199873
v 1.393441 -1.202263 1.199873
v 1.516919 -0.737191 1.260578
v 1.516919 -1.262968 1.260578
v 1.393441 -1.262968 0.734802
v 1.393441 -1.262968 1.260578
v 1.393441 -0.737191 0.734802
v 1.393441 -0.737191 1.260578
v 1.355522 -1.185196 0.812574
v 1.372589 -1.202263 0.795507
v 1.372589 -1.202263 1.199873
v 1.355522 -1.185196 1.182806
v 1.355522 -0.814963 0.812574
v 1.372589 -0.797896 0.795507
v 1.372589 -0.797896 1.199873
v 1.355522 -0.814963 1.182806
vn -0.0000 1.0000 -0.0000
vn 1.0000 -0.0000 -0.0000
vn -0.0000 -0.0000 1.0000
vn -0.0000 -1.0000 -0.0000
vn -0.0000 -0.0000 -1.0000
vn -1.0000 -0.0000 -0.0000
vn -0.7071 -0.7071 -0.0000
vn -0.7071 -0.0000 -0.7071
vn -0.7071 -0.0000 0.7071
vn -0.7071 0.7071 -0.0000
vt 0.979331 0.875000
vt 0.969545 0.833333
vt 0.979331 0.833333
vt 0.625000 0.916667
vt 0.666667 0.875000
vt 0.666667 0.916667
vt 0.989168 0.458333
vt 0.998954 0.500000
vt 0.989168 0.500000
vt 0.979369 0.916667
vt 0.969584 0.875000
vt 0.979369 0.875000
vt 0.000000 0.958333
vt 0.009785 1.000000
vt 0.000000 1.000000
vt 0.703523 0.911856
vt 0.708333 0.875000
vt 0.708333 0.916667
vt 0.671477 0.879811
vt 0.703523 0.879811
vt 0.671477 0.911856
vt 0.957326 0.346136
vt 0.955973 0.315443
vt 0.957326 0.314090
vt 0.925281 0.314090
vt 0.926633 0.315443
vt 0.955973 0.344783
vt 0.925281 0.346136
vt 0.926633 0.344783
vt 0.464259 0.958333
vt 0.465912 0.990379
vt 0.464259 0.990379
vt 0.545233 0.990379
vt 0.543580 0.958333
vt 0.545233 0.958333
vt 0.546885 0.990379
vt 0.465912 0.958333
vt 0.467564 0.990379
vt 0.969545 0.875000
vt 0.625000 0.875000
vt 0.998954 0.458333
vt 0.969584 0.916667
vt 0.009785 0.958333
vt 0.543580 0.990379
vt 0.546885 0.958333
vt 0.467564 0.958333
s 0
f 4904/1868/4737 4895/1869/4737 4903/1870/4737
f 4895/1871/4738 4900/1872/4738 4896/1873/4738
f 4899/1874/4739 4902/1875/4739 4900/1876/4739
f 4901/1877/4740 4900/1878/4740 4902/1879/4740
f 4903/1880/4741 4896/1881/4741 4901/1882/4741
f 4898/1883/4742 4901/1884/4742 4902/1885/4742
f 4893/1886/4742 4901/1884/4742 4894/1887/4742
f 4898/1883/4742 4904/1873/4742 4897/1888/4742
f 4897/1888/4742 4903/1872/4742 4893/1886/4742
f 4907/1889/4743 4905/1890/4743 4906/1891/4743
f 4910/1892/4744 4905/1890/4744 4909/1893/4744
f 4908/1894/4745 4911/1895/4745 4912/1896/4745
f 4911/1895/4746 4909/1893/4746 4912/1896/4746
f 4898/1897/4740 4906/1898/4740 4894/1899/4740
f 4912/1896/4742 4905/1890/4742 4908/1894/4742
f 4894/1900/4741 4910/1901/4741 4893/1902/4741
f 4897/1902/4739 4907/1903/4739 4898/1900/4739
f 4893/1904/4737 4911/1905/4737 4897/1898/4737
f 4904/1868/4737 4899/1906/4737 4895/1869/4737
f 4895/1871/4738 4899/1907/4738 4900/1872/4738
f 4899/1874/4739 4904/1908/4739 4902/1875/4739
f 4901/1877/4740 4896/1909/4740 4900/1878/4740
f 4903/1880/4741 4895/1910/4741 4896/1881/4741
f 4898/1883/4742 4894/1887/4742 4901/1884/4742
f 4893/1886/4742 4903/1872/4742 4901/1884/4742
f 4898/1883/4742 4902/1885/4742 4904/1873/4742
f 4897/1888/4742 4904/1873/4742 4903/1872/4742
f 4907/1889/4743 4908/1894/4743 4905/1890/4743
f 4910/1892/4744 4906/1891/4744 4905/1890/4744
f 4908/1894/4745 4907/1889/4745 4911/1895/4745
f 4911/1895/4746 4910/1892/4746 4909/1893/4746
f 4898/1897/4740 4907/1904/4740 4906/1898/4740
f 4912/1896/4742 4909/1893/4742 4905/1890/4742
f 4894/1900/4741 4906/1911/4741 4910/1901/4741
f 4897/1902/4739 4911/1912/4739 4907/1903/4739
f 4893/1904/4737 4910/1913/4737 4911/1905/4737
o Cube.036
v -1.380675 -0.797896 0.199873
v -1.380675 -1.202263 0.199873
v -1.504154 -0.737191 0.260578
v -1.504154 -1.262968 0.260578
v -1.380675 -0.797896 -0.204493
v -1.380675 -1.202263 -0.204493
v -1.504154 -0.737191 -0.265198
v -1.504154 -1.262968 -0.265198
v -1.380675 -1.262968 0.260578
v -1.380675 -1.262968 -0.265198
v -1.380675 -0.737191 0.260578
v -1.380675 -0.737191 -0.265198
v -1.342756 -1.185196 0.182806
v -1.359823 -1.202263 0.199873
v -1.359823 -1.202263 -0.204493
v -1.342756 -1.185196 -0.187426
v -1.342756 -0.814963 0.182806
v -1.359823 -0.797896 0.199873
v -1.359823 -0.797896 -0.204493
v -1.342756 -0.814963 -0.187426
vn -0.0000 1.0000 -0.0000
vn -1.0000 -0.0000 -0.0000
vn -0.0000 -0.0000 -1.0000
vn -0.0000 -1.0000 -0.0000
vn -0.0000 -0.0000 1.0000
vn 1.0000 -0.0000 -0.0000
vn 0.7071 -0.7071 -0.0000
vn 0.7071 -0.0000 0.7071
vn 0.7071 -0.0000 -0.7071
vn 0.7071 0.7071 -0.0000
vt 0.979383 0.416667
vt 0.969597 0.375000
vt 0.979383 0.375000
vt 0.708333 0.916667
vt 0.750000 0.875000
vt 0.750000 0.916667
vt 0.009785 0.958333
vt 0.019571 1.000000
vt 0.009785 1.000000
vt 0.979383 0.458333
vt 0.969597 0.416667
vt 0.019571 0.958333
vt 0.029356 1.000000
vt 0.786856 0.879811
vt 0.791667 0.916667
vt 0.786856 0.911856
vt 0.754811 0.879811
vt 0.791667 0.875000
vt 0.754811 0.911856
vt 0.957326 0.378181
vt 0.955973 0.347488
vt 0.957326 0.346136
vt 0.926633 0.347488
vt 0.925281 0.346136
vt 0.955973 0.376828
vt 0.925281 0.378181
vt 0.926633 0.376828
vt 0.467564 0.958333
vt 0.469217 0.990379
vt 0.467564 0.990379
vt 0.548538 0.990379
vt 0.546885 0.958333
vt 0.548538 0.958333
vt 0.550190 0.990379
vt 0.469217 0.958333
vt 0.470869 0.990379
vt 0.469217 0.990379
vt 0.708333 0.875000
vt 0.969597 0.458333
vt 0.029356 0.958333
vt 0.546885 0.990379
vt 0.550190 0.958333
vt 0.470869 0.958333
s 0
f 4924/1914/4747 4915/1915/4747 4923/1916/4747
f 4915/1917/4748 4920/1918/4748 4916/1919/4748
f 4919/1920/4749 4922/1921/4749 4920/1922/4749
f 4921/1923/4750 4920/1924/4750 4922/1914/4750
f 4923/1925/4751 4916/1926/4751 4921/1921/4751
f 4914/1927/4752 4922/1928/4752 4918/1929/4752
f 4913/1930/4752 4921/1931/4752 4914/1927/4752
f 4918/1929/4752 4924/1919/4752 4917/1932/4752
f 4917/1932/4752 4923/1918/4752 4913/1930/4752
f 4927/1933/4753 4925/1934/4753 4926/1935/4753
f 4926/1935/4754 4929/1936/4754 4930/1937/4754
f 4928/1938/4755 4931/1939/4755 4932/1940/4755
f 4931/1939/4756 4929/1936/4756 4932/1940/4756
f 4918/1941/4750 4926/1942/4750 4914/1943/4750
f 4932/1940/4752 4925/1934/4752 4928/1938/4752
f 4914/1944/4751 4930/1945/4751 4913/1946/4751
f 4917/1946/4749 4927/1947/4749 4918/1944/4749
f 4913/1948/4747 4931/1949/4747 4917/1950/4747
f 4924/1914/4747 4919/1924/4747 4915/1915/4747
f 4915/1917/4748 4919/1951/4748 4920/1918/4748
f 4919/1920/4749 4924/1925/4749 4922/1921/4749
f 4921/1923/4750 4916/1952/4750 4920/1924/4750
f 4923/1925/4751 4915/1953/4751 4916/1926/4751
f 4914/1927/4752 4921/1931/4752 4922/1928/4752
f 4913/1930/4752 4923/1918/4752 4921/1931/4752
f 4918/1929/4752 4922/1928/4752 4924/1919/4752
f 4917/1932/4752 4924/1919/4752 4923/1918/4752
f 4927/1933/4753 4928/1938/4753 4925/1934/4753
f 4926/1935/4754 4925/1934/4754 4929/1936/4754
f 4928/1938/4755 4927/1933/4755 4931/1939/4755
f 4931/1939/4756 4930/1937/4756 4929/1936/4756
f 4918/1941/4750 4927/1948/4750 4926/1942/4750
f 4932/1940/4752 4929/1936/4752 4925/1934/4752
f 4914/1944/4751 4926/1954/4751 4930/1945/4751
f 4917/1946/4749 4931/1955/4749 4927/1947/4749
f 4913/1948/4747 4930/1956/4747 4931/1949/4747
o Cube.037
v -1.380676 -0.797896 1.199873
v -1.380676 -1.202263 1.199873
v -1.504154 -0.737191 1.260578
v -1.504154 -1.262968 1.260578
v -1.380676 -0.797896 0.795507
v -1.380676 -1.202263 0.795507
v -1.504154 -0.737191 0.734802
v -1.504154 -1.262968 0.734802
v -1.380676 -1.262968 1.260578
v -1.380676 -1.262968 0.734802
v -1.380676 -0.737191 1.260578
v -1.380676 -0.737191 0.734802
v -1.342756 -1.185196 1.182806
v -1.359823 -1.202263 1.199873
v -1.359823 -1.202263 0.795507
v -1.342756 -1.185196 0.812574
v -1.342756 -0.814963 1.182806
v -1.359823 -0.797896 1.199873
v -1.359823 -0.797896 0.795507
v -1.342756 -0.814963 0.812574
vn -0.0000 1.0000 -0.0000
vn -1.0000 -0.0000 -0.0000
vn -0.0000 -0.0000 -1.0000
vn -0.0000 -1.0000 -0.0000
vn -0.0000 -0.0000 1.0000
vn 1.0000 -0.0000 -0.0000
vn 0.7071 -0.7071 -0.0000
vn 0.7071 -0.0000 0.7071
vn 0.7071 -0.0000 -0.7071
vn 0.7071 0.7071 -0.0000
vt 0.979383 0.500000
vt 0.969597 0.458333
vt 0.979383 0.458333
vt 0.791667 0.916667
vt 0.833333 0.875000
vt 0.833333 0.916667
vt 0.029356 0.958333
vt 0.039142 1.000000
vt 0.029356 1.000000
vt 0.984659 0.233882
vt 0.974874 0.192216
vt 0.984659 0.192216
vt 0.039142 0.958333
vt 0.048927 1.000000
vt 0.870189 0.879811
vt 0.875000 0.916667
vt 0.870189 0.911856
vt 0.838144 0.879811
vt 0.875000 0.875000
vt 0.838144 0.911856
vt 0.957326 0.378181
vt 0.955973 0.408874
vt 0.955973 0.379533
vt 0.926633 0.379533
vt 0.925281 0.378181
vt 0.925281 0.410226
vt 0.926633 0.408874
vt 0.470869 0.958333
vt 0.472522 0.990379
vt 0.470869 0.990379
vt 0.551843 0.990379
vt 0.550190 0.958333
vt 0.551843 0.958333
vt 0.551843 0.958333
vt 0.553495 0.990379
vt 0.551843 0.990379
vt 0.472522 0.958333
vt 0.474174 0.990379
vt 0.472522 0.990379
vt 0.969597 0.500000
vt 0.791667 0.875000
vt 0.974874 0.233882
vt 0.048927 0.958333
vt 0.957326 0.410226
vt 0.472522 0.958333
vt 0.550190 0.990379
vt 0.553495 0.958333
vt 0.474174 0.958333
s 0
f 4944/1957/4757 4935/1958/4757 4943/1959/4757
f 4935/1960/4758 4940/1961/4758 4936/1962/4758
f 4939/1963/4759 4942/1964/4759 4940/1965/4759
f 4941/1966/4760 4940/1967/4760 4942/1968/4760
f 4943/1969/4761 4936/1970/4761 4941/1964/4761
f 4934/1971/4762 4942/1972/4762 4938/1973/4762
f 4933/1974/4762 4941/1975/4762 4934/1971/4762
f 4938/1973/4762 4944/1962/4762 4937/1976/4762
f 4933/1974/4762 4944/1962/4762 4943/1961/4762
f 4946/1977/4763 4948/1978/4763 4945/1979/4763
f 4946/1977/4764 4949/1980/4764 4950/1981/4764
f 4948/1978/4765 4951/1982/4765 4952/1983/4765
f 4950/1981/4766 4952/1983/4766 4951/1982/4766
f 4938/1984/4760 4946/1985/4760 4934/1986/4760
f 4952/1983/4762 4945/1979/4762 4948/1978/4762
f 4934/1987/4761 4950/1988/4761 4933/1989/4761
f 4937/1990/4759 4947/1991/4759 4938/1992/4759
f 4933/1993/4757 4951/1994/4757 4937/1995/4757
f 4944/1957/4757 4939/1996/4757 4935/1958/4757
f 4935/1960/4758 4939/1997/4758 4940/1961/4758
f 4939/1963/4759 4944/1969/4759 4942/1964/4759
f 4941/1966/4760 4936/1998/4760 4940/1967/4760
f 4943/1969/4761 4935/1999/4761 4936/1970/4761
f 4934/1971/4762 4941/1975/4762 4942/1972/4762
f 4933/1974/4762 4943/1961/4762 4941/1975/4762
f 4938/1973/4762 4942/1972/4762 4944/1962/4762
f 4933/1974/4762 4937/1976/4762 4944/1962/4762
f 4946/1977/4763 4947/2000/4763 4948/1978/4763
f 4946/1977/4764 4945/1979/4764 4949/1980/4764
f 4948/1978/4765 4947/2000/4765 4951/1982/4765
f 4950/1981/4766 4949/1980/4766 4952/1983/4766
f 4938/1984/4760 4947/2001/4760 4946/1985/4760
f 4952/1983/4762 4949/1980/4762 4945/1979/4762
f 4934/1987/4761 4946/2002/4761 4950/1988/4761
f 4937/1990/4759 4951/2003/4759 4947/1991/4759
f 4933/1993/4757 4950/2004/4757 4951/1994/4757
o Cube.038
v -1.380675 -0.797896 -0.800127
v -1.380675 -1.202263 -0.800127
v -1.504154 -0.737191 -0.739422
v -1.504154 -1.262968 -0.739422
v -1.380675 -0.797896 -1.204494
v -1.380675 -1.202263 -1.204494
v -1.504154 -0.737191 -1.265198
v -1.504154 -1.262968 -1.265198
v -1.380675 -1.262968 -0.739422
v -1.380675 -1.262968 -1.265198
v -1.380675 -0.737191 -0.739422
v -1.380675 -0.737191 -1.265198
v -1.342756 -1.185196 -0.817194
v -1.359823 -1.202263 -0.800127
v -1.359823 -1.202263 -1.204494
v -1.342756 -1.185196 -1.187427
v -1.342756 -0.814963 -0.817194
v -1.359823 -0.797896 -0.800127
v -1.359823 -0.797896 -1.204494
v -1.342756 -0.814963 -1.187427
vn -0.0000 1.0000 -0.0000
vn -1.0000 -0.0000 -0.0000
vn -0.0000 -0.0000 -1.0000
vn -0.0000 -1.0000 -0.0000
vn -0.0000 -0.0000 1.0000
vn 1.0000 -0.0000 -0.0000
vn 0.7071 -0.7071 -0.0000
vn 0.7071 -0.0000 0.7071
vn 0.7071 -0.0000 -0.7071
vn 0.7071 0.7071 -0.0000
vt 0.984898 0.166667
vt 0.975112 0.125000
vt 0.984898 0.125000
vt 0.875000 0.916667
vt 0.916667 0.875000
vt 0.916667 0.916667
vt 0.048927 0.958333
vt 0.058712 1.000000
vt 0.048927 1.000000
vt 0.985002 0.541667
vt 0.975216 0.500000
vt 0.985002 0.500000
vt 0.058712 0.958333
vt 0.068498 1.000000
vt 0.936856 0.176309
vt 0.941667 0.213165
vt 0.936856 0.208354
vt 0.904811 0.176309
vt 0.941667 0.171498
vt 0.900000 0.213165
vt 0.904811 0.208354
vt 0.900000 0.171498
vt 0.957326 0.442271
vt 0.955973 0.411579
vt 0.957326 0.410226
vt 0.926633 0.411579
vt 0.925281 0.410226
vt 0.955973 0.440919
vt 0.925281 0.442271
vt 0.926633 0.440919
vt 0.474174 0.958333
vt 0.475827 0.990379
vt 0.474174 0.990379
vt 0.555148 0.990379
vt 0.553495 0.958333
vt 0.555148 0.958333
vt 0.556800 0.990379
vt 0.475827 0.958333
vt 0.477479 0.990379
vt 0.975112 0.166667
vt 0.875000 0.875000
vt 0.975216 0.541667
vt 0.068498 0.958333
vt 0.553495 0.990379
vt 0.556800 0.958333
vt 0.477479 0.958333
s 0
f 4964/2005/4767 4955/2006/4767 4963/2007/4767
f 4955/2008/4768 4960/2009/4768 4956/2010/4768
f 4959/2011/4769 4962/2012/4769 4960/2013/4769
f 4961/2014/4770 4960/2015/4770 4962/2016/4770
f 4963/2017/4771 4956/2018/4771 4961/2012/4771
f 4954/2019/4772 4962/2020/4772 4958/2021/4772
f 4953/2022/4772 4961/2023/4772 4954/2019/4772
f 4958/2021/4772 4964/2024/4772 4957/2025/4772
f 4957/2025/4772 4963/2026/4772 4953/2022/4772
f 4967/2027/4773 4965/2028/4773 4966/2029/4773
f 4966/2029/4774 4969/2030/4774 4970/2031/4774
f 4968/2032/4775 4971/2033/4775 4972/2034/4775
f 4971/2033/4776 4969/2030/4776 4972/2034/4776
f 4958/2035/4770 4966/2036/4770 4954/2037/4770
f 4972/2034/4772 4965/2028/4772 4968/2032/4772
f 4954/2038/4771 4970/2039/4771 4953/2040/4771
f 4957/2040/4769 4967/2041/4769 4958/2038/4769
f 4953/2042/4767 4971/2043/4767 4957/2036/4767
f 4964/2005/4767 4959/2044/4767 4955/2006/4767
f 4955/2008/4768 4959/2045/4768 4960/2009/4768
f 4959/2011/4769 4964/2017/4769 4962/2012/4769
f 4961/2014/4770 4956/2046/4770 4960/2015/4770
f 4963/2017/4771 4955/2047/4771 4956/2018/4771
f 4954/2019/4772 4961/2023/4772 4962/2020/4772
f 4953/2022/4772 4963/2026/4772 4961/2023/4772
f 4958/2021/4772 4962/2020/4772 4964/2024/4772
f 4957/2025/4772 4964/2024/4772 4963/2026/4772
f 4967/2027/4773 4968/2032/4773 4965/2028/4773
f 4966/2029/4774 4965/2028/4774 4969/2030/4774
f 4968/2032/4775 4967/2027/4775 4971/2033/4775
f 4971/2033/4776 4970/2031/4776 4969/2030/4776
f 4958/2035/4770 4967/2042/4770 4966/2036/4770
f 4972/2034/4772 4969/2030/4772 4965/2028/4772
f 4954/2038/4771 4966/2048/4771 4970/2039/4771
f 4957/2040/4769 4971/2049/4769 4967/2041/4769
f 4953/2042/4767 4970/2050/4767 4971/2043/4767
o Cube.039
v 0.199455 1.202104 1.388865
v 0.199455 0.797737 1.388865
v 0.260160 1.262809 1.512344
v 0.260160 0.737032 1.512344
v -0.204912 1.202104 1.388865
v -0.204912 0.797737 1.388865
v -0.265617 1.262809 1.512344
v -0.265617 0.737032 1.512344
v 0.260160 0.737032 1.388865
v -0.265617 0.737032 1.388865
v 0.260160 1.262809 1.388865
v -0.265617 1.262809 1.388865
v 0.182388 0.814804 1.350946
v 0.199455 0.797737 1.368013
v -0.204912 0.797737 1.368013
v -0.187845 0.814804 1.350946
v 0.182388 1.185037 1.350946
v 0.199455 1.202104 1.368013
v -0.204912 1.202104 1.368013
v -0.187845 1.185037 1.350946
vn -0.0000 1.0000 -0.0000
vn -0.0000 -0.0000 1.0000
vn -1.0000 -0.0000 -0.0000
vn -0.0000 -1.0000 -0.0000
vn 1.0000 -0.0000 -0.0000
vn -0.0000 -0.0000 -1.0000
vn -0.0000 -0.7071 -0.7071
vn 0.7071 -0.0000 -0.7071
vn -0.7071 -0.0000 -0.7071
vn -0.0000 0.7071 -0.7071
vt 0.985002 0.583333
vt 0.975216 0.541667
vt 0.985002 0.541667
vt -0.000000 0.958333
vt 0.041667 0.916667
vt 0.041667 0.958333
vt 0.068498 0.958333
vt 0.078283 1.000000
vt 0.068498 1.000000
vt 0.985002 0.625000
vt 0.975216 0.583333
vt 0.078283 0.958333
vt 0.088069 1.000000
vt 0.078523 0.921477
vt 0.083333 0.958333
vt 0.078523 0.953523
vt 0.046477 0.921477
vt 0.083333 0.916667
vt 0.041667 0.958333
vt 0.046477 0.953523
vt 0.041667 0.916667
vt 0.964639 0.032045
vt 0.963287 0.001353
vt 0.964640 0.000000
vt 0.932594 -0.000000
vt 0.933947 0.001353
vt 0.963287 0.030693
vt 0.932594 0.032045
vt 0.933947 0.030693
vt 0.477479 0.958333
vt 0.479132 0.990379
vt 0.477479 0.990379
vt 0.558453 0.990379
vt 0.556800 0.958333
vt 0.558453 0.958333
vt 0.560105 0.990379
vt 0.479132 0.958333
vt 0.480784 0.990379
vt 0.479132 0.990379
vt 0.000000 0.916667
vt 0.975216 0.625000
vt 0.088069 0.958333
vt 0.556800 0.990379
vt 0.560105 0.958333
vt 0.480784 0.958333
s 0
f 4984/2051/4777 4975/2052/4777 4983/2053/4777
f 4975/2054/4778 4980/2055/4778 4976/2056/4778
f 4979/2057/4779 4982/2058/4779 4980/2059/4779
f 4981/2060/4780 4980/2061/4780 4982/2051/4780
f 4983/2062/4781 4976/2063/4781 4981/2058/4781
f 4974/2064/4782 4982/2065/4782 4978/2066/4782
f 4973/2067/4782 4981/2068/4782 4974/2064/4782
f 4978/2066/4782 4984/2069/4782 4977/2070/4782
f 4977/2070/4782 4983/2071/4782 4973/2067/4782
f 4987/2072/4783 4985/2073/4783 4986/2074/4783
f 4990/2075/4784 4985/2073/4784 4989/2076/4784
f 4988/2077/4785 4991/2078/4785 4992/2079/4785
f 4990/2075/4786 4992/2079/4786 4991/2078/4786
f 4978/2080/4780 4986/2081/4780 4974/2082/4780
f 4992/2079/4782 4985/2073/4782 4988/2077/4782
f 4974/2083/4781 4990/2084/4781 4973/2085/4781
f 4977/2085/4779 4987/2086/4779 4978/2083/4779
f 4973/2087/4777 4991/2088/4777 4977/2089/4777
f 4984/2051/4777 4979/2061/4777 4975/2052/4777
f 4975/2054/4778 4979/2090/4778 4980/2055/4778
f 4979/2057/4779 4984/2062/4779 4982/2058/4779
f 4981/2060/4780 4976/2091/4780 4980/2061/4780
f 4983/2062/4781 4975/2092/4781 4976/2063/4781
f 4974/2064/4782 4981/2068/4782 4982/2065/4782
f 4973/2067/4782 4983/2071/4782 4981/2068/4782
f 4978/2066/4782 4982/2065/4782 4984/2069/4782
f 4977/2070/4782 4984/2069/4782 4983/2071/4782
f 4987/2072/4783 4988/2077/4783 4985/2073/4783
f 4990/2075/4784 4986/2074/4784 4985/2073/4784
f 4988/2077/4785 4987/2072/4785 4991/2078/4785
f 4990/2075/4786 4989/2076/4786 4992/2079/4786
f 4978/2080/4780 4987/2087/4780 4986/2081/4780
f 4992/2079/4782 4989/2076/4782 4985/2073/4782
f 4974/2083/4781 4986/2093/4781 4990/2084/4781
f 4977/2085/4779 4991/2094/4779 4987/2086/4779
f 4973/2087/4777 4990/2095/4777 4991/2088/4777
o Cube.040
v 1.199455 1.202104 1.388865
v 1.199455 0.797737 1.388865
v 1.260160 1.262809 1.512344
v 1.260160 0.737032 1.512344
v 0.795088 1.202104 1.388865
v 0.795088 0.797737 1.388865
v 0.734383 1.262809 1.512344
v 0.734383 0.737032 1.512344
v 1.260160 0.737032 1.388865
v 0.734383 0.737032 1.388865
v 1.260160 1.262809 1.388865
v 0.734383 1.262809 1.388865
v 1.182388 0.814804 1.350946
v 1.199455 0.797737 1.368013
v 0.795088 0.797737 1.368013
v 0.812155 0.814804 1.350946
v 1.182388 1.185037 1.350946
v 1.199455 1.202104 1.368013
v 0.795088 1.202104 1.368013
v 0.812155 1.185037 1.350946
vn -0.0000 1.0000 -0.0000
vn -0.0000 -0.0000 1.0000
vn -1.0000 -0.0000 -0.0000
vn -0.0000 -1.0000 -0.0000
vn 1.0000 -0.0000 -0.0000
vn -0.0000 -0.0000 -1.0000
vn -0.0000 -0.7071 -0.7071
vn 0.7071 -0.0000 -0.7071
vn -0.7071 -0.0000 -0.7071
vn -0.0000 0.7071 -0.7071
vt 0.985230 0.291667
vt 0.975445 0.250000
vt 0.985230 0.250000
vt 0.083333 0.958333
vt 0.125000 0.916667
vt 0.125000 0.958333
vt 0.088069 0.958333
vt 0.097854 1.000000
vt 0.088069 1.000000
vt 0.985230 0.333333
vt 0.975445 0.291667
vt 0.097854 0.958333
vt 0.107640 1.000000
vt 0.161856 0.921477
vt 0.166667 0.958333
vt 0.161856 0.953523
vt 0.129811 0.921477
vt 0.166667 0.916667
vt 0.125000 0.958333
vt 0.129811 0.953523
vt 0.125000 0.916667
vt 0.964639 0.032045
vt 0.963287 0.062738
vt 0.963287 0.033398
vt 0.932594 0.032045
vt 0.933947 0.033398
vt 0.932594 0.064090
vt 0.933947 0.062738
vt 0.480784 0.958333
vt 0.482437 0.990379
vt 0.480784 0.990379
vt 0.561758 0.990379
vt 0.560105 0.958333
vt 0.561758 0.958333
vt 0.561758 0.958333
vt 0.563410 0.990379
vt 0.561758 0.990379
vt 0.482437 0.958333
vt 0.484089 0.990379
vt 0.482437 0.990379
vt 0.083333 0.916667
vt 0.975445 0.333333
vt 0.107640 0.958333
vt 0.964639 0.064090
vt 0.482437 0.958333
vt 0.560105 0.990379
vt 0.563410 0.958333
vt 0.484089 0.958333
s 0
f 5004/2096/4787 4995/2097/4787 5003/2098/4787
f 4995/2099/4788 5000/2100/4788 4996/2101/4788
f 4999/2102/4789 5002/2103/4789 5000/2104/4789
f 5001/2105/4790 5000/2106/4790 5002/2096/4790
f 5003/2107/4791 4996/2108/4791 5001/2103/4791
f 4994/2109/4792 5002/2110/4792 4998/2111/4792
f 4993/2112/4792 5001/2113/4792 4994/2109/4792
f 4998/2111/4792 5004/2114/4792 4997/2115/4792
f 4997/2115/4792 5003/2116/4792 4993/2112/4792
f 5006/2117/4793 5008/2118/4793 5005/2119/4793
f 5010/2120/4794 5005/2119/4794 5009/2121/4794
f 5008/2118/4795 5011/2122/4795 5012/2123/4795
f 5010/2120/4796 5012/2123/4796 5011/2122/4796
f 4998/2124/4790 5006/2125/4790 4994/2126/4790
f 5012/2123/4792 5005/2119/4792 5008/2118/4792
f 4994/2127/4791 5010/2128/4791 4993/2129/4791
f 4997/2130/4789 5007/2131/4789 4998/2132/4789
f 4993/2133/4787 5011/2134/4787 4997/2135/4787
f 5004/2096/4787 4999/2106/4787 4995/2097/4787
f 4995/2099/4788 4999/2136/4788 5000/2100/4788
f 4999/2102/4789 5004/2107/4789 5002/2103/4789
f 5001/2105/4790 4996/2137/4790 5000/2106/4790
f 5003/2107/4791 4995/2138/4791 4996/2108/4791
f 4994/2109/4792 5001/2113/4792 5002/2110/4792
f 4993/2112/4792 5003/2116/4792 5001/2113/4792
f 4998/2111/4792 5002/2110/4792 5004/2114/4792
f 4997/2115/4792 5004/2114/4792 5003/2116/4792
f 5006/2117/4793 5007/2139/4793 5008/2118/4793
f 5010/2120/4794 5006/2117/4794 5005/2119/4794
f 5008/2118/4795 5007/2139/4795 5011/2122/4795
f 5010/2120/4796 5009/2121/4796 5012/2123/4796
f 4998/2124/4790 5007/2140/4790 5006/2125/4790
f 5012/2123/4792 5009/2121/4792 5005/2119/4792
f 4994/2127/4791 5006/2141/4791 5010/2128/4791
f 4997/2130/4789 5011/2142/4789 5007/2131/4789
f 4993/2133/4787 5010/2143/4787 5011/2134/4787
o Cube.041
v -0.800545 1.202104 1.388865
v -0.800545 0.797737 1.388865
v -0.739840 1.262809 1.512344
v -0.739840 0.737032 1.512344
v -1.204912 1.202104 1.388865
v -1.204912 0.797737 1.388865
v -1.265617 1.262809 1.512344
v -1.265617 0.737032 1.512344
v -0.739840 0.737032 1.388865
v -1.265617 0.737032 1.388865
v -0.739840 1.262809 1.388865
v -1.265617 1.262809 1.388865
v -0.817612 0.814804 1.350946
v -0.800545 0.797737 1.368013
v -1.204912 0.797737 1.368013
v -1.187845 0.814804 1.350946
v -0.817612 1.185037 1.350946
v -0.800545 1.202104 1.368013
v -1.204912 1.202104 1.368013
v -1.187845 1.185037 1.350946
vn -0.0000 1.0000 -0.0000
vn -0.0000 -0.0000 1.0000
vn -1.0000 -0.0000 -0.0000
vn -0.0000 -1.0000 -0.0000
vn 1.0000 -0.0000 -0.0000
vn -0.0000 -0.0000 -1.0000
vn -0.0000 -0.7071 -0.7071
vn 0.7071 -0.0000 -0.7071
vn -0.7071 -0.0000 -0.7071
vn -0.0000 0.7071 -0.7071
vt 0.985230 0.375000
vt 0.975445 0.333333
vt 0.985230 0.333333
vt 0.166667 0.958333
vt 0.208333 0.916667
vt 0.208333 0.958333
vt 0.107640 0.958333
vt 0.117425 1.000000
vt 0.107640 1.000000
vt 0.988377 0.041667
vt 0.978592 -0.000000
vt 0.988377 0.000000
vt 0.117425 0.958333
vt 0.127210 1.000000
vt 0.245189 0.921477
vt 0.250000 0.958333
vt 0.245189 0.953523
vt 0.213144 0.921477
vt 0.250000 0.916667
vt 0.213144 0.953523
vt 0.964639 0.096136
vt 0.963287 0.065443
vt 0.964639 0.064090
vt 0.932594 0.064090
vt 0.933947 0.065443
vt 0.963287 0.094783
vt 0.932594 0.096136
vt 0.933947 0.094783
vt 0.484089 0.958333
vt 0.485742 0.990379
vt 0.484089 0.990379
vt 0.565063 0.990379
vt 0.563410 0.958333
vt 0.565063 0.958333
vt 0.566715 0.990379
vt 0.485742 0.958333
vt 0.487394 0.990379
vt 0.975445 0.375000
vt 0.166667 0.916667
vt 0.978592 0.041667
vt 0.127210 0.958333
vt 0.563410 0.990379
vt 0.566715 0.958333
vt 0.487394 0.958333
s 0
f 5024/2144/4797 5015/2145/4797 5023/2146/4797
f 5015/2147/4798 5020/2148/4798 5016/2149/4798
f 5019/2150/4799 5022/2151/4799 5020/2152/4799
f 5021/2153/4800 5020/2154/4800 5022/2155/4800
f 5023/2156/4801 5016/2157/4801 5021/2151/4801
f 5014/2158/4802 5022/2159/4802 5018/2160/4802
f 5013/2161/4802 5021/2162/4802 5014/2158/4802
f 5018/2160/4802 5024/2149/4802 5017/2163/4802
f 5017/2163/4802 5023/2148/4802 5013/2161/4802
f 5027/2164/4803 5025/2165/4803 5026/2166/4803
f 5030/2167/4804 5025/2165/4804 5029/2168/4804
f 5028/2169/4805 5031/2170/4805 5032/2171/4805
f 5031/2170/4806 5029/2168/4806 5032/2171/4806
f 5018/2172/4800 5026/2173/4800 5014/2174/4800
f 5032/2171/4802 5025/2165/4802 5028/2169/4802
f 5014/2175/4801 5030/2176/4801 5013/2177/4801
f 5017/2177/4799 5027/2178/4799 5018/2175/4799
f 5013/2179/4797 5031/2180/4797 5017/2173/4797
f 5024/2144/4797 5019/2181/4797 5015/2145/4797
f 5015/2147/4798 5019/2182/4798 5020/2148/4798
f 5019/2150/4799 5024/2156/4799 5022/2151/4799
f 5021/2153/4800 5016/2183/4800 5020/2154/4800
f 5023/2156/4801 5015/2184/4801 5016/2157/4801
f 5014/2158/4802 5021/2162/4802 5022/2159/4802
f 5013/2161/4802 5023/2148/4802 5021/2162/4802
f 5018/2160/4802 5022/2159/4802 5024/2149/4802
f 5017/2163/4802 5024/2149/4802 5023/2148/4802
f 5027/2164/4803 5028/2169/4803 5025/2165/4803
f 5030/2167/4804 5026/2166/4804 5025/2165/4804
f 5028/2169/4805 5027/2164/4805 5031/2170/4805
f 5031/2170/4806 5030/2167/4806 5029/2168/4806
f 5018/2172/4800 5027/2179/4800 5026/2173/4800
f 5032/2171/4802 5029/2168/4802 5025/2165/4802
f 5014/2175/4801 5026/2185/4801 5030/2176/4801
f 5017/2177/4799 5031/2186/4799 5027/2178/4799
f 5013/2179/4797 5030/2187/4797 5031/2180/4797
o Cube.042
v -0.204912 1.202104 -1.385251
v -0.204912 0.797737 -1.385251
v -0.265616 1.262809 -1.508730
v -0.265616 0.737032 -1.508730
v 0.199455 1.202104 -1.385251
v 0.199455 0.797737 -1.385251
v 0.260160 1.262809 -1.508730
v 0.260160 0.737032 -1.508730
v -0.265617 0.737032 -1.385251
v 0.260160 0.737032 -1.385251
v -0.265617 1.262809 -1.385251
v 0.260160 1.262809 -1.385251
v -0.187845 0.814804 -1.347332
v -0.204912 0.797737 -1.364399
v 0.199455 0.797737 -1.364399
v 0.182388 0.814804 -1.347332
v -0.187845 1.185037 -1.347332
v -0.204912 1.202104 -1.364399
v 0.199455 1.202104 -1.364399
v 0.182388 1.185037 -1.347332
vn -0.0000 1.0000 -0.0000
vn -0.0000 -0.0000 -1.0000
vn 1.0000 -0.0000 -0.0000
vn -0.0000 -1.0000 -0.0000
vn -1.0000 -0.0000 -0.0000
vn -0.0000 -0.0000 1.0000
vn -0.0000 -0.7071 0.7071
vn -0.7071 -0.0000 0.7071
vn 0.7071 -0.0000 0.7071
vn -0.0000 0.7071 0.7071
vt 0.988377 0.041667
vt 0.978592 0.083333
vt 0.978592 0.041667
vt 0.250000 0.958333
vt 0.291667 0.916667
vt 0.291667 0.958333
vt 0.127210 0.958333
vt 0.136996 1.000000
vt 0.127210 1.000000
vt 0.988377 0.125000
vt 0.978592 0.083333
vt 0.988377 0.083333
vt 0.136996 0.958333
vt 0.146781 1.000000
vt 0.328523 0.921477
vt 0.333333 0.958333
vt 0.328523 0.953523
vt 0.296477 0.921477
vt 0.333333 0.916667
vt 0.296477 0.953523
vt 0.964639 0.096136
vt 0.963287 0.126828
vt 0.963287 0.097488
vt 0.932594 0.096136
vt 0.933947 0.097488
vt 0.932594 0.128181
vt 0.933947 0.126828
vt 0.487395 0.958333
vt 0.489047 0.990379
vt 0.487395 0.990379
vt 0.568368 0.990379
vt 0.566715 0.958333
vt 0.568368 0.958333
vt 0.570020 0.990379
vt 0.489047 0.958333
vt 0.490700 0.990379
vt 0.489047 0.990379
vt 0.988377 0.083333
vt 0.250000 0.916667
vt 0.978592 0.125000
vt 0.146781 0.958333
vt 0.964639 0.128181
vt 0.566715 0.990379
vt 0.570020 0.958333
vt 0.490700 0.958333
s 0
f 5043/2188/4807 5039/2189/4807 5035/2190/4807
f 5035/2191/4808 5040/2192/4808 5036/2193/4808
f 5039/2194/4809 5042/2195/4809 5040/2196/4809
f 5041/2197/4810 5040/2198/4810 5042/2199/4810
f 5043/2200/4811 5036/2201/4811 5041/2195/4811
f 5034/2202/4812 5042/2203/4812 5038/2204/4812
f 5033/2205/4812 5041/2206/4812 5034/2202/4812
f 5038/2204/4812 5044/2193/4812 5037/2207/4812
f 5037/2207/4812 5043/2192/4812 5033/2205/4812
f 5046/2208/4813 5048/2209/4813 5045/2210/4813
f 5050/2211/4814 5045/2210/4814 5049/2212/4814
f 5048/2209/4815 5051/2213/4815 5052/2214/4815
f 5050/2211/4816 5052/2214/4816 5051/2213/4816
f 5038/2215/4810 5046/2216/4810 5034/2217/4810
f 5052/2214/4812 5045/2210/4812 5048/2209/4812
f 5034/2218/4811 5050/2219/4811 5033/2220/4811
f 5037/2220/4809 5047/2221/4809 5038/2218/4809
f 5033/2222/4807 5051/2223/4807 5037/2224/4807
f 5043/2188/4807 5044/2225/4807 5039/2189/4807
f 5035/2191/4808 5039/2226/4808 5040/2192/4808
f 5039/2194/4809 5044/2200/4809 5042/2195/4809
f 5041/2197/4810 5036/2227/4810 5040/2198/4810
f 5043/2200/4811 5035/2228/4811 5036/2201/4811
f 5034/2202/4812 5041/2206/4812 5042/2203/4812
f 5033/2205/4812 5043/2192/4812 5041/2206/4812
f 5038/2204/4812 5042/2203/4812 5044/2193/4812
f 5037/2207/4812 5044/2193/4812 5043/2192/4812
f 5046/2208/4813 5047/2229/4813 5048/2209/4813
f 5050/2211/4814 5046/2208/4814 5045/2210/4814
f 5048/2209/4815 5047/2229/4815 5051/2213/4815
f 5050/2211/4816 5049/2212/4816 5052/2214/4816
f 5038/2215/4810 5047/2222/4810 5046/2216/4810
f 5052/2214/4812 5049/2212/4812 5045/2210/4812
f 5034/2218/4811 5046/2230/4811 5050/2219/4811
f 5037/2220/4809 5051/2231/4809 5047/2221/4809
f 5033/2222/4807 5050/2232/4807 5051/2223/4807
o Cube.043
v -1.204912 1.202104 -1.385251
v -1.204912 0.797737 -1.385251
v -1.265616 1.262809 -1.508730
v -1.265616 0.737032 -1.508730
v -0.800545 1.202104 -1.385251
v -0.800545 0.797737 -1.385251
v -0.739840 1.262809 -1.508730
v -0.739840 0.737032 -1.508730
v -1.265617 0.737032 -1.385251
v -0.739840 0.737032 -1.385251
v -1.265617 1.262809 -1.385251
v -0.739840 1.262809 -1.385251
v -1.187845 0.814804 -1.347332
v -1.204912 0.797737 -1.364399
v -0.800545 0.797737 -1.364399
v -0.817612 0.814804 -1.347332
v -1.187845 1.185037 -1.347332
v -1.204912 1.202104 -1.364399
v -0.800545 1.202104 -1.364399
v -0.817612 1.185037 -1.347332
vn -0.0000 1.0000 -0.0000
vn -0.0000 -0.0000 -1.0000
vn 1.0000 -0.0000 -0.0000
vn -0.0000 -1.0000 -0.0000
vn -1.0000 -0.0000 -0.0000
vn -0.0000 -0.0000 1.0000
vn -0.0000 -0.7071 0.7071
vn -0.7071 -0.0000 0.7071
vn 0.7071 -0.0000 0.7071
vn -0.0000 0.7071 0.7071
vt 0.988374 0.962013
vt 0.978589 0.920346
vt 0.988374 0.920346
vt 0.333333 0.958333
vt 0.375000 0.916667
vt 0.375000 0.958333
vt 0.146781 0.958333
vt 0.156567 1.000000
vt 0.146781 1.000000
vt 0.989116 0.625000
vt 0.979331 0.666667
vt 0.979331 0.625000
vt 0.156567 0.958333
vt 0.166352 1.000000
vt 0.411856 0.921477
vt 0.416667 0.958333
vt 0.411856 0.953523
vt 0.379811 0.921477
vt 0.416667 0.916667
vt 0.379811 0.953523
vt 0.964639 0.128181
vt 0.963287 0.158874
vt 0.963287 0.129533
vt 0.932594 0.128181
vt 0.933947 0.129533
vt 0.932594 0.160226
vt 0.933947 0.158874
vt 0.490700 0.958333
vt 0.492352 0.990379
vt 0.490700 0.990379
vt 0.571673 0.990379
vt 0.570020 0.958333
vt 0.571673 0.958333
vt 0.571673 0.958333
vt 0.573325 0.990379
vt 0.571673 0.990379
vt 0.492352 0.958333
vt 0.494005 0.990379
vt 0.492352 0.990379
vt 0.978589 0.962013
vt 0.333333 0.916667
vt 0.989116 0.666667
vt 0.166352 0.958333
vt 0.964639 0.160226
vt 0.492352 0.958333
vt 0.570020 0.990379
vt 0.573325 0.958333
vt 0.494005 0.958333
s 0
f 5064/2233/4817 5055/2234/4817 5063/2235/4817
f 5055/2236/4818 5060/2237/4818 5056/2238/4818
f 5059/2239/4819 5062/2240/4819 5060/2241/4819
f 5062/2242/4820 5056/2243/4820 5060/2244/4820
f 5063/2245/4821 5056/2246/4821 5061/2240/4821
f 5054/2247/4822 5062/2248/4822 5058/2249/4822
f 5053/2250/4822 5061/2251/4822 5054/2247/4822
f 5058/2249/4822 5064/2238/4822 5057/2252/4822
f 5057/2252/4822 5063/2237/4822 5053/2250/4822
f 5066/2253/4823 5068/2254/4823 5065/2255/4823
f 5070/2256/4824 5065/2255/4824 5069/2257/4824
f 5068/2254/4825 5071/2258/4825 5072/2259/4825
f 5070/2256/4826 5072/2259/4826 5071/2258/4826
f 5058/2260/4820 5066/2261/4820 5054/2262/4820
f 5072/2259/4822 5065/2255/4822 5068/2254/4822
f 5054/2263/4821 5070/2264/4821 5053/2265/4821
f 5057/2266/4819 5067/2267/4819 5058/2268/4819
f 5053/2269/4817 5071/2270/4817 5057/2271/4817
f 5064/2233/4817 5059/2272/4817 5055/2234/4817
f 5055/2236/4818 5059/2273/4818 5060/2237/4818
f 5059/2239/4819 5064/2245/4819 5062/2240/4819
f 5062/2242/4820 5061/2274/4820 5056/2243/4820
f 5063/2245/4821 5055/2275/4821 5056/2246/4821
f 5054/2247/4822 5061/2251/4822 5062/2248/4822
f 5053/2250/4822 5063/2237/4822 5061/2251/4822
f 5058/2249/4822 5062/2248/4822 5064/2238/4822
f 5057/2252/4822 5064/2238/4822 5063/2237/4822
f 5066/2253/4823 5067/2276/4823 5068/2254/4823
f 5070/2256/4824 5066/2253/4824 5065/2255/4824
f 5068/2254/4825 5067/2276/4825 5071/2258/4825
f 5070/2256/4826 5069/2257/4826 5072/2259/4826
f 5058/2260/4820 5067/2277/4820 5066/2261/4820
f 5072/2259/4822 5069/2257/4822 5065/2255/4822
f 5054/2263/4821 5066/2278/4821 5070/2264/4821
f 5057/2266/4819 5071/2279/4819 5067/2267/4819
f 5053/2269/4817 5070/2280/4817 5071/2270/4817
o Cube.044
v 0.795088 1.202104 -1.385251
v 0.795088 0.797737 -1.385251
v 0.734384 1.262809 -1.508730
v 0.734384 0.737032 -1.508730
v 1.199455 1.202104 -1.385251
v 1.199455 0.797737 -1.385251
v 1.260160 1.262809 -1.508730
v 1.260160 0.737032 -1.508730
v 0.734383 0.737032 -1.385251
v 1.260160 0.737032 -1.385251
v 0.734383 1.262809 -1.385251
v 1.260160 1.262809 -1.385251
v 0.812155 0.814804 -1.347332
v 0.795088 0.797737 -1.364399
v 1.199455 0.797737 -1.364399
v 1.182388 0.814804 -1.347332
v 0.812155 1.185037 -1.347332
v 0.795088 1.202104 -1.364399
v 1.199455 1.202104 -1.364399
v 1.182388 1.185037 -1.347332
vn -0.0000 1.0000 -0.0000
vn -0.0000 -0.0000 -1.0000
vn 1.0000 -0.0000 -0.0000
vn -0.0000 -1.0000 -0.0000
vn -1.0000 -0.0000 -0.0000
vn -0.0000 -0.0000 1.0000
vn -0.0000 -0.7071 0.7071
vn -0.7071 -0.0000 0.7071
vn 0.7071 -0.0000 0.7071
vn -0.0000 0.7071 0.7071
vt 0.989116 0.708333
vt 0.979331 0.666667
vt 0.989116 0.666667
vt 0.416667 0.958333
vt 0.458333 0.916667
vt 0.458333 0.958333
vt 0.166667 0.958333
vt 0.176452 1.000000
vt 0.166667 1.000000
vt 0.979331 0.750000
vt 0.979331 0.708333
vt 0.176452 0.958333
vt 0.186237 1.000000
vt 0.176452 1.000000
vt 0.495189 0.921477
vt 0.500000 0.958333
vt 0.495189 0.953523
vt 0.463144 0.921477
vt 0.500000 0.916667
vt 0.463144 0.953523
vt 0.965379 0.657045
vt 0.964026 0.626352
vt 0.965379 0.625000
vt 0.933333 0.625000
vt 0.934686 0.626352
vt 0.964026 0.655693
vt 0.933333 0.657045
vt 0.934686 0.655693
vt 0.494005 0.958333
vt 0.495657 0.990379
vt 0.494005 0.990379
vt 0.574978 0.990379
vt 0.573325 0.958333
vt 0.574978 0.958333
vt 0.576630 0.990379
vt 0.495657 0.958333
vt 0.497310 0.990379
vt 0.416667 0.916667
vt 0.176452 0.958333
vt 0.989116 0.750000
vt 0.186237 0.958333
vt 0.573325 0.990379
vt 0.576630 0.958333
vt 0.497310 0.958333
s 0
f 5084/2281/4827 5075/2282/4827 5083/2283/4827
f 5075/2284/4828 5080/2285/4828 5076/2286/4828
f 5079/2287/4829 5082/2288/4829 5080/2289/4829
f 5082/2281/4830 5076/2290/4830 5080/2291/4830
f 5083/2292/4831 5076/2293/4831 5081/2294/4831
f 5074/2295/4832 5082/2296/4832 5078/2297/4832
f 5073/2298/4832 5081/2299/4832 5074/2295/4832
f 5078/2297/4832 5084/2286/4832 5077/2300/4832
f 5077/2300/4832 5083/2285/4832 5073/2298/4832
f 5087/2301/4833 5085/2302/4833 5086/2303/4833
f 5090/2304/4834 5085/2302/4834 5089/2305/4834
f 5088/2306/4835 5091/2307/4835 5092/2308/4835
f 5090/2304/4836 5092/2308/4836 5091/2307/4836
f 5078/2309/4830 5086/2310/4830 5074/2311/4830
f 5092/2308/4832 5085/2302/4832 5088/2306/4832
f 5074/2312/4831 5090/2313/4831 5073/2314/4831
f 5077/2314/4829 5087/2315/4829 5078/2312/4829
f 5073/2316/4827 5091/2317/4827 5077/2310/4827
f 5084/2281/4827 5079/2291/4827 5075/2282/4827
f 5075/2284/4828 5079/2318/4828 5080/2285/4828
f 5079/2287/4829 5084/2319/4829 5082/2288/4829
f 5082/2281/4830 5081/2320/4830 5076/2290/4830
f 5083/2292/4831 5075/2321/4831 5076/2293/4831
f 5074/2295/4832 5081/2299/4832 5082/2296/4832
f 5073/2298/4832 5083/2285/4832 5081/2299/4832
f 5078/2297/4832 5082/2296/4832 5084/2286/4832
f 5077/2300/4832 5084/2286/4832 5083/2285/4832
f 5087/2301/4833 5088/2306/4833 5085/2302/4833
f 5090/2304/4834 5086/2303/4834 5085/2302/4834
f 5088/2306/4835 5087/2301/4835 5091/2307/4835
f 5090/2304/4836 5089/2305/4836 5092/2308/4836
f 5078/2309/4830 5087/2316/4830 5086/2310/4830
f 5092/2308/4832 5089/2305/4832 5085/2302/4832
f 5074/2312/4831 5086/2322/4831 5090/2313/4831
f 5077/2314/4829 5091/2323/4829 5087/2315/4829
f 5073/2316/4827 5090/2324/4827 5091/2317/4827
o Cube.045
v 1.393441 1.202104 -0.204493
v 1.393441 0.797737 -0.204493
v 1.516920 1.262809 -0.265198
v 1.516920 0.737032 -0.265198
v 1.393441 1.202104 0.199873
v 1.393441 0.797737 0.199873
v 1.516919 1.262809 0.260578
v 1.516919 0.737032 0.260578
v 1.393441 0.737032 -0.265198
v 1.393441 0.737032 0.260578
v 1.393441 1.262809 -0.265198
v 1.393441 1.262809 0.260578
v 1.355522 0.814804 -0.187426
v 1.372589 0.797737 -0.204493
v 1.372589 0.797737 0.199873
v 1.355522 0.814804 0.182806
v 1.355522 1.185037 -0.187426
v 1.372589 1.202104 -0.204493
v 1.372589 1.202104 0.199873
v 1.355522 1.185037 0.182806
vn -0.0000 1.0000 -0.0000
vn 1.0000 -0.0000 -0.0000
vn -0.0000 -0.0000 1.0000
vn -0.0000 -1.0000 -0.0000
vn -0.0000 -0.0000 -1.0000
vn -1.0000 -0.0000 -0.0000
vn -0.7071 -0.7071 -0.0000
vn -0.7071 -0.0000 -0.7071
vn -0.7071 -0.0000 0.7071
vn -0.7071 0.7071 -0.0000
vt 0.989116 0.791667
vt 0.979331 0.750000
vt 0.989116 0.750000
vt 0.500000 0.958333
vt 0.541667 0.916667
vt 0.541667 0.958333
vt 0.186238 0.958333
vt 0.196023 1.000000
vt 0.186238 1.000000
vt 0.989116 0.833333
vt 0.979331 0.791667
vt 0.196023 0.958333
vt 0.205808 1.000000
vt 0.196023 1.000000
vt 0.578523 0.921477
vt 0.583333 0.958333
vt 0.578523 0.953523
vt 0.546477 0.921477
vt 0.583333 0.916667
vt 0.541667 0.958333
vt 0.546477 0.953523
vt 0.541667 0.916667
vt 0.965379 0.657045
vt 0.964026 0.687738
vt 0.964026 0.658398
vt 0.933333 0.657045
vt 0.934686 0.658398
vt 0.933333 0.689090
vt 0.934686 0.687738
vt 0.497310 0.958333
vt 0.498962 0.990379
vt 0.497310 0.990379
vt 0.578283 0.990379
vt 0.576630 0.958333
vt 0.578283 0.958333
vt 0.579936 0.990379
vt 0.498962 0.958333
vt 0.500615 0.990379
vt 0.498962 0.990379
vt 0.500000 0.916667
vt 0.196023 0.958333
vt 0.979331 0.833333
vt 0.205808 0.958333
vt 0.965379 0.689090
vt 0.498962 0.958333
vt 0.576630 0.990379
vt 0.579936 0.958333
vt 0.500615 0.958333
s 0
f 5104/2325/4837 5095/2326/4837 5103/2327/4837
f 5095/2328/4838 5100/2329/4838 5096/2330/4838
f 5099/2331/4839 5102/2332/4839 5100/2333/4839
f 5101/2334/4840 5100/2335/4840 5102/2325/4840
f 5103/2336/4841 5096/2337/4841 5101/2338/4841
f 5094/2339/4842 5102/2340/4842 5098/2341/4842
f 5093/2342/4842 5101/2343/4842 5094/2339/4842
f 5098/2341/4842 5104/2344/4842 5097/2345/4842
f 5097/2345/4842 5103/2346/4842 5093/2342/4842
f 5106/2347/4843 5108/2348/4843 5105/2349/4843
f 5110/2350/4844 5105/2349/4844 5109/2351/4844
f 5108/2348/4845 5111/2352/4845 5112/2353/4845
f 5110/2350/4846 5112/2353/4846 5111/2352/4846
f 5098/2354/4840 5106/2355/4840 5094/2356/4840
f 5112/2353/4842 5105/2349/4842 5108/2348/4842
f 5094/2357/4841 5110/2358/4841 5093/2359/4841
f 5097/2359/4839 5107/2360/4839 5098/2357/4839
f 5093/2361/4837 5111/2362/4837 5097/2363/4837
f 5104/2325/4837 5099/2335/4837 5095/2326/4837
f 5095/2328/4838 5099/2364/4838 5100/2329/4838
f 5099/2331/4839 5104/2365/4839 5102/2332/4839
f 5101/2334/4840 5096/2366/4840 5100/2335/4840
f 5103/2336/4841 5095/2367/4841 5096/2337/4841
f 5094/2339/4842 5101/2343/4842 5102/2340/4842
f 5093/2342/4842 5103/2346/4842 5101/2343/4842
f 5098/2341/4842 5102/2340/4842 5104/2344/4842
f 5097/2345/4842 5104/2344/4842 5103/2346/4842
f 5106/2347/4843 5107/2368/4843 5108/2348/4843
f 5110/2350/4844 5106/2347/4844 5105/2349/4844
f 5108/2348/4845 5107/2368/4845 5111/2352/4845
f 5110/2350/4846 5109/2351/4846 5112/2353/4846
f 5098/2354/4840 5107/2369/4840 5106/2355/4840
f 5112/2353/4842 5109/2351/4842 5105/2349/4842
f 5094/2357/4841 5106/2370/4841 5110/2358/4841
f 5097/2359/4839 5111/2371/4839 5107/2360/4839
f 5093/2361/4837 5110/2372/4837 5111/2362/4837
o Cube.046
v 1.393442 1.202104 -1.204493
v 1.393442 0.797737 -1.204493
v 1.516920 1.262809 -1.265198
v 1.516920 0.737032 -1.265198
v 1.393442 1.202104 -0.800126
v 1.393442 0.797737 -0.800126
v 1.516920 1.262809 -0.739422
v 1.516920 0.737032 -0.739422
v 1.393442 0.737032 -1.265198
v 1.393442 0.737032 -0.739422
v 1.393442 1.262809 -1.265198
v 1.393442 1.262809 -0.739422
v 1.355522 0.814804 -1.187426
v 1.372589 0.797737 -1.204493
v 1.372589 0.797737 -0.800126
v 1.355522 0.814804 -0.817193
v 1.355522 1.185037 -1.187426
v 1.372589 1.202104 -1.204493
v 1.372589 1.202104 -0.800126
v 1.355522 1.185037 -0.817193
vn -0.0000 1.0000 -0.0000
vn 1.0000 -0.0000 -0.0000
vn -0.0000 -0.0000 1.0000
vn -0.0000 -1.0000 -0.0000
vn -0.0000 -0.0000 -1.0000
vn -1.0000 -0.0000 -0.0000
vn -0.7071 -0.7071 -0.0000
vn -0.7071 -0.0000 -0.7071
vn -0.7071 -0.0000 0.7071
vn -0.7071 0.7071 -0.0000
vt 0.989116 0.875000
vt 0.979331 0.833333
vt 0.989116 0.833333
vt 0.583333 0.958333
vt 0.625000 0.916667
vt 0.625000 0.958333
vt 0.208333 0.958333
vt 0.218119 1.000000
vt 0.208333 1.000000
vt 0.989155 0.916667
vt 0.979369 0.875000
vt 0.989155 0.875000
vt 0.218119 0.958333
vt 0.227904 1.000000
vt 0.218119 1.000000
vt 0.661856 0.921477
vt 0.666667 0.958333
vt 0.661856 0.953523
vt 0.629811 0.921477
vt 0.666667 0.916667
vt 0.629811 0.953523
vt 0.965379 0.689090
vt 0.964026 0.719783
vt 0.964026 0.690443
vt 0.933333 0.689090
vt 0.934686 0.690443
vt 0.933333 0.721136
vt 0.934686 0.719783
vt 0.500615 0.958333
vt 0.502267 0.990379
vt 0.500615 0.990379
vt 0.581588 0.990379
vt 0.579936 0.958333
vt 0.581588 0.958333
vt 0.581588 0.958333
vt 0.583241 0.990379
vt 0.581588 0.990379
vt 0.502267 0.958333
vt 0.503920 0.990379
vt 0.979331 0.875000
vt 0.583333 0.916667
vt 0.218119 0.958333
vt 0.979369 0.916667
vt 0.227904 0.958333
vt 0.965379 0.721136
vt 0.579936 0.990379
vt 0.583241 0.958333
vt 0.503920 0.958333
s 0
f 5124/2373/4847 5115/2374/4847 5123/2375/4847
f 5115/2376/4848 5120/2377/4848 5116/2378/4848
f 5119/2379/4849 5122/2380/4849 5120/2381/4849
f 5121/2382/4850 5120/2383/4850 5122/2384/4850
f 5123/2385/4851 5116/2386/4851 5121/2387/4851
f 5114/2388/4852 5122/2389/4852 5118/2390/4852
f 5113/2391/4852 5121/2392/4852 5114/2388/4852
f 5118/2390/4852 5124/2378/4852 5117/2393/4852
f 5117/2393/4852 5123/2377/4852 5113/2391/4852
f 5126/2394/4853 5128/2395/4853 5125/2396/4853
f 5130/2397/4854 5125/2396/4854 5129/2398/4854
f 5128/2395/4855 5131/2399/4855 5132/2400/4855
f 5130/2397/4856 5132/2400/4856 5131/2399/4856
f 5118/2401/4850 5126/2402/4850 5114/2403/4850
f 5132/2400/4852 5125/2396/4852 5128/2395/4852
f 5114/2404/4851 5130/2405/4851 5113/2406/4851
f 5117/2407/4849 5127/2408/4849 5118/2409/4849
f 5113/2410/4847 5131/2411/4847 5117/2402/4847
f 5124/2373/4847 5119/2412/4847 5115/2374/4847
f 5115/2376/4848 5119/2413/4848 5120/2377/4848
f 5119/2379/4849 5124/2414/4849 5122/2380/4849
f 5121/2382/4850 5116/2415/4850 5120/2383/4850
f 5123/2385/4851 5115/2416/4851 5116/2386/4851
f 5114/2388/4852 5121/2392/4852 5122/2389/4852
f 5113/2391/4852 5123/2377/4852 5121/2392/4852
f 5118/2390/4852 5122/2389/4852 5124/2378/4852
f 5117/2393/4852 5124/2378/4852 5123/2377/4852
f 5126/2394/4853 5127/2417/4853 5128/2395/4853
f 5130/2397/4854 5126/2394/4854 5125/2396/4854
f 5128/2395/4855 5127/2417/4855 5131/2399/4855
f 5130/2397/4856 5129/2398/4856 5132/2400/4856
f 5118/2401/4850 5127/2410/4850 5126/2402/4850
f 5132/2400/4852 5129/2398/4852 5125/2396/4852
f 5114/2404/4851 5126/2418/4851 5130/2405/4851
f 5117/2407/4849 5131/2419/4849 5127/2408/4849
f 5113/2410/4847 5130/2420/4847 5131/2411/4847
o Cube.047
v 1.393441 1.202104 0.795507
v 1.393441 0.797737 0.795507
v 1.516920 1.262809 0.734802
v 1.516920 0.737032 0.734802
v 1.393441 1.202104 1.199873
v 1.393441 0.797737 1.199873
v 1.516919 1.262809 1.260578
v 1.516919 0.737032 1.260578
v 1.393441 0.737032 0.734802
v 1.393441 0.737032 1.260578
v 1.393441 1.262809 0.734802
v 1.393441 1.262809 1.260578
v 1.355522 0.814804 0.812574
v 1.372589 0.797737 0.795507
v 1.372589 0.797737 1.199873
v 1.355522 0.814804 1.182806
v 1.355522 1.185037 0.812574
v 1.372589 1.202104 0.795507
v 1.372589 1.202104 1.199873
v 1.355522 1.185037 1.182806
vn -0.0000 1.0000 -0.0000
vn 1.0000 -0.0000 -0.0000
vn -0.0000 -0.0000 1.0000
vn -0.0000 -1.0000 -0.0000
vn -0.0000 -0.0000 -1.0000
vn -1.0000 -0.0000 -0.0000
vn -0.7071 -0.7071 -0.0000
vn -0.7071 -0.0000 -0.7071
vn -0.7071 -0.0000 0.7071
vn -0.7071 0.7071 -0.0000
vt 0.989168 0.416667
vt 0.979383 0.375000
vt 0.989168 0.375000
vt 0.666667 0.958333
vt 0.708333 0.916667
vt 0.708333 0.958333
vt 0.227904 0.958333
vt 0.237690 1.000000
vt 0.227904 1.000000
vt 0.989168 0.458333
vt 0.979383 0.416667
vt 0.237690 0.958333
vt 0.247475 1.000000
vt 0.237690 1.000000
vt 0.745189 0.953523
vt 0.750000 0.916667
vt 0.750000 0.958333
vt 0.713144 0.921477
vt 0.745189 0.921477
vt 0.713144 0.953523
vt 0.965379 0.753181
vt 0.964026 0.722488
vt 0.965379 0.721136
vt 0.933333 0.721136
vt 0.934686 0.722488
vt 0.964026 0.751828
vt 0.933333 0.753181
vt 0.934686 0.751828
vt 0.503920 0.958333
vt 0.505572 0.990379
vt 0.503920 0.990379
vt 0.584986 0.990379
vt 0.583333 0.958333
vt 0.584986 0.958333
vt 0.586638 0.990379
vt 0.505572 0.958333
vt 0.507225 0.990379
vt 0.666667 0.916667
vt 0.237690 0.958333
vt 0.979383 0.458333
vt 0.247475 0.958333
vt 0.583333 0.990379
vt 0.586638 0.958333
vt 0.507225 0.958333
s 0
f 5144/2421/4857 5135/2422/4857 5143/2423/4857
f 5135/2424/4858 5140/2425/4858 5136/2426/4858
f 5139/2427/4859 5142/2428/4859 5140/2429/4859
f 5141/2430/4860 5140/2431/4860 5142/2421/4860
f 5143/2432/4861 5136/2433/4861 5141/2434/4861
f 5138/2435/4862 5141/2436/4862 5142/2437/4862
f 5133/2438/4862 5141/2436/4862 5134/2439/4862
f 5138/2435/4862 5144/2426/4862 5137/2440/4862
f 5137/2440/4862 5143/2425/4862 5133/2438/4862
f 5147/2441/4863 5145/2442/4863 5146/2443/4863
f 5150/2444/4864 5145/2442/4864 5149/2445/4864
f 5148/2446/4865 5151/2447/4865 5152/2448/4865
f 5151/2447/4866 5149/2445/4866 5152/2448/4866
f 5138/2449/4860 5146/2450/4860 5134/2451/4860
f 5152/2448/4862 5145/2442/4862 5148/2446/4862
f 5134/2452/4861 5150/2453/4861 5133/2454/4861
f 5137/2454/4859 5147/2455/4859 5138/2452/4859
f 5133/2456/4857 5151/2457/4857 5137/2450/4857
f 5144/2421/4857 5139/2431/4857 5135/2422/4857
f 5135/2424/4858 5139/2458/4858 5140/2425/4858
f 5139/2427/4859 5144/2459/4859 5142/2428/4859
f 5141/2430/4860 5136/2460/4860 5140/2431/4860
f 5143/2432/4861 5135/2461/4861 5136/2433/4861
f 5138/2435/4862 5134/2439/4862 5141/2436/4862
f 5133/2438/4862 5143/2425/4862 5141/2436/4862
f 5138/2435/4862 5142/2437/4862 5144/2426/4862
f 5137/2440/4862 5144/2426/4862 5143/2425/4862
f 5147/2441/4863 5148/2446/4863 5145/2442/4863
f 5150/2444/4864 5146/2443/4864 5145/2442/4864
f 5148/2446/4865 5147/2441/4865 5151/2447/4865
f 5151/2447/4866 5150/2444/4866 5149/2445/4866
f 5138/2449/4860 5147/2456/4860 5146/2450/4860
f 5152/2448/4862 5149/2445/4862 5145/2442/4862
f 5134/2452/4861 5146/2462/4861 5150/2453/4861
f 5137/2454/4859 5151/2463/4859 5147/2455/4859
f 5133/2456/4857 5150/2464/4857 5151/2457/4857
o Cube.048
v -1.380675 1.202104 0.199873
v -1.380675 0.797737 0.199873
v -1.504154 1.262809 0.260578
v -1.504154 0.737032 0.260578
v -1.380675 1.202104 -0.204493
v -1.380675 0.797737 -0.204493
v -1.504154 1.262809 -0.265198
v -1.504154 0.737032 -0.265198
v -1.380675 0.737032 0.260578
v -1.380675 0.737032 -0.265198
v -1.380675 1.262809 0.260578
v -1.380675 1.262809 -0.265198
v -1.342756 0.814804 0.182806
v -1.359823 0.797737 0.199873
v -1.359823 0.797737 -0.204493
v -1.342756 0.814804 -0.187426
v -1.342756 1.185037 0.182806
v -1.359823 1.202104 0.199873
v -1.359823 1.202104 -0.204493
v -1.342756 1.185037 -0.187426
vn -0.0000 1.0000 -0.0000
vn -1.0000 -0.0000 -0.0000
vn -0.0000 -0.0000 -1.0000
vn -0.0000 -1.0000 -0.0000
vn -0.0000 -0.0000 1.0000
vn 1.0000 -0.0000 -0.0000
vn 0.7071 -0.7071 -0.0000
vn 0.7071 -0.0000 0.7071
vn 0.7071 -0.0000 -0.7071
vn 0.7071 0.7071 -0.0000
vt 0.989168 0.500000
vt 0.979383 0.458333
vt 0.989168 0.458333
vt 0.750000 0.958333
vt 0.791667 0.916667
vt 0.791667 0.958333
vt 0.250000 0.958333
vt 0.259785 1.000000
vt 0.250000 1.000000
vt 0.994444 0.233882
vt 0.984659 0.192216
vt 0.994444 0.192216
vt 0.259785 0.958333
vt 0.269571 1.000000
vt 0.828523 0.921477
vt 0.833333 0.958333
vt 0.828523 0.953523
vt 0.796477 0.921477
vt 0.833333 0.916667
vt 0.796477 0.953523
vt 0.965379 0.785226
vt 0.964026 0.754533
vt 0.965379 0.753181
vt 0.933333 0.753181
vt 0.934686 0.754533
vt 0.964026 0.783874
vt 0.933333 0.785226
vt 0.934686 0.783874
vt 0.507225 0.958333
vt 0.508877 0.990379
vt 0.507225 0.990379
vt 0.588291 0.990379
vt 0.586638 0.958333
vt 0.588291 0.958333
vt 0.589943 0.990379
vt 0.508877 0.958333
vt 0.510530 0.990379
vt 0.979383 0.500000
vt 0.750000 0.916667
vt 0.984659 0.233882
vt 0.269571 0.958333
vt 0.586638 0.990379
vt 0.589943 0.958333
vt 0.510530 0.958333
s 0
f 5164/2465/4867 5155/2466/4867 5163/2467/4867
f 5155/2468/4868 5160/2469/4868 5156/2470/4868
f 5159/2471/4869 5162/2472/4869 5160/2473/4869
f 5161/2474/4870 5160/2475/4870 5162/2476/4870
f 5163/2477/4871 5156/2478/4871 5161/2472/4871
f 5154/2479/4872 5162/2480/4872 5158/2481/4872
f 5153/2482/4872 5161/2483/4872 5154/2479/4872
f 5158/2481/4872 5164/2470/4872 5157/2484/4872
f 5157/2484/4872 5163/2469/4872 5153/2482/4872
f 5167/2485/4873 5165/2486/4873 5166/2487/4873
f 5170/2488/4874 5165/2486/4874 5169/2489/4874
f 5168/2490/4875 5171/2491/4875 5172/2492/4875
f 5171/2491/4876 5169/2489/4876 5172/2492/4876
f 5158/2493/4870 5166/2494/4870 5154/2495/4870
f 5172/2492/4872 5165/2486/4872 5168/2490/4872
f 5154/2496/4871 5170/2497/4871 5153/2498/4871
f 5157/2498/4869 5167/2499/4869 5158/2496/4869
f 5153/2500/4867 5171/2501/4867 5157/2494/4867
f 5164/2465/4867 5159/2502/4867 5155/2466/4867
f 5155/2468/4868 5159/2503/4868 5160/2469/4868
f 5159/2471/4869 5164/2477/4869 5162/2472/4869
f 5161/2474/4870 5156/2504/4870 5160/2475/4870
f 5163/2477/4871 5155/2505/4871 5156/2478/4871
f 5154/2479/4872 5161/2483/4872 5162/2480/4872
f 5153/2482/4872 5163/2469/4872 5161/2483/4872
f 5158/2481/4872 5162/2480/4872 5164/2470/4872
f 5157/2484/4872 5164/2470/4872 5163/2469/4872
f 5167/2485/4873 5168/2490/4873 5165/2486/4873
f 5170/2488/4874 5166/2487/4874 5165/2486/4874
f 5168/2490/4875 5167/2485/4875 5171/2491/4875
f 5171/2491/4876 5170/2488/4876 5169/2489/4876
f 5158/2493/4870 5167/2500/4870 5166/2494/4870
f 5172/2492/4872 5169/2489/4872 5165/2486/4872
f 5154/2496/4871 5166/2506/4871 5170/2497/4871
f 5157/2498/4869 5171/2507/4869 5167/2499/4869
f 5153/2500/4867 5170/2508/4867 5171/2501/4867
o Cube.049
v -1.380676 1.202104 1.199873
v -1.380676 0.797737 1.199873
v -1.504154 1.262809 1.260578
v -1.504154 0.737032 1.260578
v -1.380676 1.202104 0.795507
v -1.380676 0.797737 0.795507
v -1.504154 1.262809 0.734802
v -1.504154 0.737032 0.734802
v -1.380676 0.737032 1.260578
v -1.380676 0.737032 0.734802
v -1.380676 1.262809 1.260578
v -1.380676 1.262809 0.734802
v -1.342756 0.814804 1.182806
v -1.359823 0.797737 1.199873
v -1.359823 0.797737 0.795507
v -1.342756 0.814804 0.812574
v -1.342756 1.185037 1.182806
v -1.359823 1.202104 1.199873
v -1.359823 1.202104 0.795507
v -1.342756 1.185037 0.812574
vn -0.0000 1.0000 -0.0000
vn -1.0000 -0.0000 -0.0000
vn -0.0000 -0.0000 -1.0000
vn -0.0000 -1.0000 -0.0000
vn -0.0000 -0.0000 1.0000
vn 1.0000 -0.0000 -0.0000
vn 0.7071 -0.7071 -0.0000
vn 0.7071 -0.0000 0.7071
vn 0.7071 -0.0000 -0.7071
vn 0.7071 0.7071 -0.0000
vt 0.994683 0.166667
vt 0.984898 0.125000
vt 0.994683 0.125000
vt 0.833333 0.958333
vt 0.875000 0.916667
vt 0.875000 0.958333
vt 0.269571 0.958333
vt 0.279356 1.000000
vt 0.269571 1.000000
vt 0.994787 0.541667
vt 0.985002 0.500000
vt 0.994787 0.500000
vt 0.279356 0.958333
vt 0.289142 1.000000
vt 0.911856 0.921477
vt 0.916667 0.958333
vt 0.911856 0.953523
vt 0.879811 0.921477
vt 0.916667 0.916667
vt 0.879811 0.953523
vt 0.965379 0.785226
vt 0.964026 0.815919
vt 0.964026 0.786579
vt 0.933333 0.785226
vt 0.934686 0.786579
vt 0.933333 0.817271
vt 0.934686 0.815919
vt 0.510530 0.958333
vt 0.512182 0.990379
vt 0.510530 0.990379
vt 0.591596 0.990379
vt 0.589943 0.958333
vt 0.591596 0.958333
vt 0.591596 0.958333
vt 0.593248 0.990379
vt 0.591596 0.990379
vt 0.512182 0.958333
vt 0.513835 0.990379
vt 0.984898 0.166667
vt 0.833333 0.916667
vt 0.985002 0.541667
vt 0.289142 0.958333
vt 0.965379 0.817271
vt 0.589943 0.990379
vt 0.593248 0.958333
vt 0.513835 0.958333
s 0
f 5184/2509/4877 5175/2510/4877 5183/2511/4877
f 5175/2512/4878 5180/2513/4878 5176/2514/4878
f 5179/2515/4879 5182/2516/4879 5180/2517/4879
f 5181/2518/4880 5180/2519/4880 5182/2520/4880
f 5183/2521/4881 5176/2522/4881 5181/2516/4881
f 5174/2523/4882 5182/2524/4882 5178/2525/4882
f 5173/2526/4882 5181/2527/4882 5174/2523/4882
f 5178/2525/4882 5184/2514/4882 5177/2528/4882
f 5173/2526/4882 5184/2514/4882 5183/2513/4882
f 5186/2529/4883 5188/2530/4883 5185/2531/4883
f 5190/2532/4884 5185/2531/4884 5189/2533/4884
f 5188/2530/4885 5191/2534/4885 5192/2535/4885
f 5190/2532/4886 5192/2535/4886 5191/2534/4886
f 5178/2536/4880 5186/2537/4880 5174/2538/4880
f 5192/2535/4882 5185/2531/4882 5188/2530/4882
f 5174/2539/4881 5190/2540/4881 5173/2541/4881
f 5177/2542/4879 5187/2543/4879 5178/2544/4879
f 5173/2545/4877 5191/2546/4877 5177/2537/4877
f 5184/2509/4877 5179/2547/4877 5175/2510/4877
f 5175/2512/4878 5179/2548/4878 5180/2513/4878
f 5179/2515/4879 5184/2521/4879 5182/2516/4879
f 5181/2518/4880 5176/2549/4880 5180/2519/4880
f 5183/2521/4881 5175/2550/4881 5176/2522/4881
f 5174/2523/4882 5181/2527/4882 5182/2524/4882
f 5173/2526/4882 5183/2513/4882 5181/2527/4882
f 5178/2525/4882 5182/2524/4882 5184/2514/4882
f 5173/2526/4882 5177/2528/4882 5184/2514/4882
f 5186/2529/4883 5187/2551/4883 5188/2530/4883
f 5190/2532/4884 5186/2529/4884 5185/2531/4884
f 5188/2530/4885 5187/2551/4885 5191/2534/4885
f 5190/2532/4886 5189/2533/4886 5192/2535/4886
f 5178/2536/4880 5187/2545/4880 5186/2537/4880
f 5192/2535/4882 5189/2533/4882 5185/2531/4882
f 5174/2539/4881 5186/2552/4881 5190/2540/4881
f 5177/2542/4879 5191/2553/4879 5187/2543/4879
f 5173/2545/4877 5190/2554/4877 5191/2546/4877
o Cube.050
v -1.380675 1.202104 -0.800127
v -1.380675 0.797737 -0.800127
v -1.504154 1.262809 -0.739422
v -1.504154 0.737032 -0.739422
v -1.380675 1.202104 -1.204494
v -1.380675 0.797737 -1.204494
v -1.504154 1.262809 -1.265198
v -1.504154 0.737032 -1.265198
v -1.380675 0.737032 -0.739422
v -1.380675 0.737032 -1.265198
v -1.380675 1.262809 -0.739422
v -1.380675 1.262809 -1.265198
v -1.342756 0.814804 -0.817194
v -1.359823 0.797737 -0.800127
v -1.359823 0.797737 -1.204494
v -1.342756 0.814804 -1.187427
v -1.342756 1.185037 -0.817194
v -1.359823 1.202104 -0.800127
v -1.359823 1.202104 -1.204494
v -1.342756 1.185037 -1.187427
vn -0.0000 1.0000 -0.0000
vn -1.0000 -0.0000 -0.0000
vn -0.0000 -0.0000 -1.0000
vn -0.0000 -1.0000 -0.0000
vn -0.0000 -0.0000 1.0000
vn 1.0000 -0.0000 -0.0000
vn 0.7071 -0.7071 -0.0000
vn 0.7071 -0.0000 0.7071
vn 0.7071 -0.0000 -0.7071
vn 0.7071 0.7071 -0.0000
vt 0.994787 0.583333
vt 0.985002 0.541667
vt 0.994787 0.541667
vt 0.916667 0.916667
vt 0.958333 0.875000
vt 0.958333 0.916667
vt 0.291667 0.958333
vt 0.301452 1.000000
vt 0.291667 1.000000
vt 0.994787 0.625000
vt 0.985002 0.583333
vt 0.301452 0.958333
vt 0.311237 1.000000
vt 0.301452 1.000000
vt 0.953523 0.921477
vt 0.958333 0.958333
vt 0.953523 0.953523
vt 0.921477 0.921477
vt 0.916667 0.958333
vt 0.921477 0.953523
vt 0.965379 0.849316
vt 0.964026 0.818624
vt 0.965379 0.817271
vt 0.933333 0.817271
vt 0.934686 0.818624
vt 0.964026 0.847964
vt 0.933333 0.849316
vt 0.934686 0.847964
vt 0.513835 0.958333
vt 0.515487 0.990379
vt 0.513835 0.990379
vt 0.594901 0.990379
vt 0.593248 0.958333
vt 0.594901 0.958333
vt 0.596553 0.990379
vt 0.515487 0.958333
vt 0.517140 0.990379
vt 0.916667 0.875000
vt 0.301452 0.958333
vt 0.985002 0.625000
vt 0.311237 0.958333
vt 0.593248 0.990379
vt 0.596553 0.958333
vt 0.517140 0.958333
s 0
f 5204/2555/4887 5195/2556/4887 5203/2557/4887
f 5195/2558/4888 5200/2559/4888 5196/2560/4888
f 5199/2561/4889 5202/2562/4889 5200/2563/4889
f 5201/2564/4890 5200/2565/4890 5202/2555/4890
f 5203/2566/4891 5196/2567/4891 5201/2568/4891
f 5194/2569/4892 5202/2570/4892 5198/2571/4892
f 5193/2572/4892 5201/2560/4892 5194/2569/4892
f 5198/2571/4892 5204/2573/4892 5197/2574/4892
f 5197/2574/4892 5203/2558/4892 5193/2572/4892
f 5207/2575/4893 5205/2576/4893 5206/2577/4893
f 5210/2578/4894 5205/2576/4894 5209/2579/4894
f 5208/2580/4895 5211/2581/4895 5212/2582/4895
f 5211/2581/4896 5209/2579/4896 5212/2582/4896
f 5198/2583/4890 5206/2584/4890 5194/2585/4890
f 5212/2582/4892 5205/2576/4892 5208/2580/4892
f 5194/2586/4891 5210/2587/4891 5193/2588/4891
f 5197/2588/4889 5207/2589/4889 5198/2586/4889
f 5193/2590/4887 5211/2591/4887 5197/2584/4887
f 5204/2555/4887 5199/2565/4887 5195/2556/4887
f 5195/2558/4888 5199/2592/4888 5200/2559/4888
f 5199/2561/4889 5204/2593/4889 5202/2562/4889
f 5201/2564/4890 5196/2594/4890 5200/2565/4890
f 5203/2566/4891 5195/2595/4891 5196/2567/4891
f 5194/2569/4892 5201/2560/4892 5202/2570/4892
f 5193/2572/4892 5203/2558/4892 5201/2560/4892
f 5198/2571/4892 5202/2570/4892 5204/2573/4892
f 5197/2574/4892 5204/2573/4892 5203/2558/4892
f 5207/2575/4893 5208/2580/4893 5205/2576/4893
f 5210/2578/4894 5206/2577/4894 5205/2576/4894
f 5208/2580/4895 5207/2575/4895 5211/2581/4895
f 5211/2581/4896 5210/2578/4896 5209/2579/4896
f 5198/2583/4890 5207/2590/4890 5206/2584/4890
f 5212/2582/4892 5209/2579/4892 5205/2576/4892
f 5194/2586/4891 5206/2596/4891 5210/2587/4891
f 5197/2588/4889 5211/2597/4889 5207/2589/4889
f 5193/2590/4887 5210/2598/4887 5211/2591/4887
o Plane
v -1.502728 -1.500080 1.500402
v 1.497272 -1.500080 1.500402
v -1.502728 -1.500080 -1.499598
v 1.497272 -1.500080 -1.499598
v -1.502728 -1.400079 -1.499598
v -1.502728 -1.400079 1.500402
v 1.497272 -1.400079 1.500402
v 1.497272 -1.400079 -1.499598
vn -0.0000 -1.0000 -0.0000
vn -0.0000 1.0000 -0.0000
vn -0.0000 -0.0000 -1.0000
vn -0.0000 -0.0000 1.0000
vn 1.0000 -0.0000 -0.0000
vn -1.0000 -0.0000 -0.0000
vt 0.125000 0.000000
vt 0.000000 0.125000
vt 0.000000 0.000000
vt 0.000000 0.125000
vt 0.125000 0.250000
vt 0.000000 0.250000
vt 0.961492 0.375000
vt 0.957326 0.250000
vt 0.961492 0.250000
vt 0.965431 0.625000
vt 0.961264 0.500000
vt 0.965431 0.500000
vt 0.965431 0.500000
vt 0.961264 0.375000
vt 0.965431 0.375000
vt 0.965659 0.375000
vt 0.961493 0.250000
vt 0.965659 0.250000
vt 0.125000 0.125000
vt 0.125000 0.125000
vt 0.957326 0.375000
vt 0.961264 0.625000
vt 0.961264 0.500000
s 0
f 5215/2599/4897 5214/2600/4897 5213/2601/4897
f 5219/2602/4898 5217/2603/4898 5218/2604/4898
f 5215/2605/4899 5220/2606/4899 5216/2607/4899
f 5214/2608/4900 5218/2609/4900 5213/2610/4900
f 5216/2611/4901 5219/2612/4901 5214/2613/4901
f 5213/2614/4902 5217/2615/4902 5215/2616/4902
f 5215/2599/4897 5216/2617/4897 5214/2600/4897
f 5219/2602/4898 5220/2618/4898 5217/2603/4898
f 5215/2605/4899 5217/2619/4899 5220/2606/4899
f 5214/2608/4900 5219/2620/4900 5218/2609/4900
f 5216/2611/4901 5220/2621/4901 5219/2612/4901
f 5213/2614/4902 5218/2605/4902 5217/2615/4902
o Plane.001
v -1.502728 1.399921 1.500402
v 1.497272 1.399921 1.500402
v -1.502728 1.399921 -1.499598
v 1.497272 1.399921 -1.499598
v -1.502728 1.499921 -1.499598
v -1.502728 1.499921 1.500402
v 1.497272 1.499921 1.500402
v 1.497272 1.499921 -1.499598
vn -0.0000 -1.0000 -0.0000
vn -0.0000 1.0000 -0.0000
vn -0.0000 -0.0000 -1.0000
vn -0.0000 -0.0000 1.0000
vn 1.0000 -0.0000 -0.0000
vn -1.0000 -0.0000 -0.0000
vt 0.250000 0.000000
vt 0.125000 0.125000
vt 0.125000 -0.000000
vt 0.125000 0.125000
vt 0.250000 0.250000
vt 0.125000 0.250000
vt 0.968806 0.125000
vt 0.964639 -0.000000
vt 0.968806 -0.000000
vt 0.969545 0.750000
vt 0.965379 0.625000
vt 0.969545 0.625000
vt 0.969545 0.875000
vt 0.965379 0.750000
vt 0.969597 0.500000
vt 0.965431 0.375000
vt 0.969597 0.375000
vt 0.250000 0.125000
vt 0.250000 0.125000
vt 0.964639 0.125000
vt 0.965379 0.875000
vt 0.965431 0.500000
s 0
f 5223/2622/4903 5222/2623/4903 5221/2624/4903
f 5227/2625/4904 5225/2626/4904 5226/2627/4904
f 5223/2628/4905 5228/2629/4905 5224/2630/4905
f 5222/2631/4906 5226/2632/4906 5221/2633/4906
f 5224/2634/4907 5227/2635/4907 5222/2631/4907
f 5221/2636/4908 5225/2637/4908 5223/2638/4908
f 5223/2622/4903 5224/2639/4903 5222/2623/4903
f 5227/2625/4904 5228/2640/4904 5225/2626/4904
f 5223/2628/4905 5225/2641/4905 5228/2629/4905
f 5222/2631/4906 5227/2635/4906 5226/2632/4906
f 5224/2634/4907 5228/2642/4907 5227/2635/4907
f 5221/2636/4908 5226/2643/4908 5225/2637/4908
o Plane.002
v 1.222272 -1.400079 1.375402
v 1.372272 -1.400079 1.375402
v 1.222272 -1.400079 1.225402
v 1.372272 -1.400079 1.225402
v 1.222272 1.399921 1.225402
v 1.222272 1.399921 1.375402
v 1.372272 1.399921 1.375402
v 1.372272 1.399921 1.225402
vn -0.0000 -1.0000 -0.0000
vn -0.0000 1.0000 -0.0000
vn -0.0000 -0.0000 -1.0000
vn -0.0000 -0.0000 1.0000
vn 1.0000 -0.0000 -0.0000
vn -1.0000 -0.0000 -0.0000
vt 0.125000 0.250000
vt 0.000000 0.375000
vt 0.000000 0.250000
vt 0.250000 -0.000000
vt 0.375000 0.125000
vt 0.250000 0.125000
vt 0.616667 0.375000
vt 0.500000 0.250000
vt 0.616667 0.250000
vt 0.616667 0.500000
vt 0.500000 0.375000
vt 0.616667 0.375000
vt 0.366667 0.625000
vt 0.250000 0.500000
vt 0.366667 0.500000
vt 0.483333 0.625000
vt 0.483333 0.500000
vt 0.125000 0.375000
vt 0.375000 0.000000
vt 0.500000 0.375000
vt 0.500000 0.500000
vt 0.250000 0.625000
s 0
f 5231/2644/4909 5230/2645/4909 5229/2646/4909
f 5235/2647/4910 5233/2648/4910 5234/2649/4910
f 5231/2650/4911 5236/2651/4911 5232/2652/4911
f 5230/2653/4912 5234/2654/4912 5229/2655/4912
f 5232/2656/4913 5235/2657/4913 5230/2658/4913
f 5229/2659/4914 5233/2658/4914 5231/2660/4914
f 5231/2644/4909 5232/2661/4909 5230/2645/4909
f 5235/2647/4910 5236/2662/4910 5233/2648/4910
f 5231/2650/4911 5233/2663/4911 5236/2651/4911
f 5230/2653/4912 5235/2664/4912 5234/2654/4912
f 5232/2656/4913 5236/2665/4913 5235/2657/4913
f 5229/2659/4914 5234/2656/4914 5233/2658/4914
o Plane.003
v -1.377728 -1.400079 1.375402
v -1.227728 -1.400079 1.375402
v -1.377728 -1.400079 1.225402
v -1.227728 -1.400079 1.225402
v -1.377728 1.399921 1.225402
v -1.377728 1.399921 1.375402
v -1.227728 1.399921 1.375402
v -1.227728 1.399921 1.225402
vn -0.0000 -1.0000 -0.0000
vn -0.0000 1.0000 -0.0000
vn -0.0000 -0.0000 -1.0000
vn -0.0000 -0.0000 1.0000
vn 1.0000 -0.0000 -0.0000
vn -1.0000 -0.0000 -0.0000
vt 0.375000 0.125000
vt 0.250000 0.250000
vt 0.250000 0.125000
vt 0.125000 0.250000
vt 0.250000 0.375000
vt 0.125000 0.375000
vt 0.600000 0.625000
vt 0.483333 0.500000
vt 0.600000 0.500000
vt 0.716667 0.625000
vt 0.716667 0.500000
vt 0.733333 0.375000
vt 0.616667 0.250000
vt 0.733333 0.250000
vt 0.733333 0.500000
vt 0.616667 0.375000
vt 0.733333 0.375000
vt 0.375000 0.250000
vt 0.483333 0.625000
vt 0.616667 0.375000
vt 0.616667 0.500000
s 0
f 5239/2666/4915 5238/2667/4915 5237/2668/4915
f 5243/2669/4916 5241/2670/4916 5242/2671/4916
f 5239/2672/4917 5244/2673/4917 5240/2674/4917
f 5238/2675/4918 5242/2674/4918 5237/2676/4918
f 5240/2677/4919 5243/2678/4919 5238/2679/4919
f 5237/2680/4920 5241/2681/4920 5239/2682/4920
f 5239/2666/4915 5240/2683/4915 5238/2667/4915
f 5243/2669/4916 5244/2667/4916 5241/2670/4916
f 5239/2672/4917 5241/2684/4917 5244/2673/4917
f 5238/2675/4918 5243/2672/4918 5242/2674/4918
f 5240/2677/4919 5244/2685/4919 5243/2678/4919
f 5237/2680/4920 5242/2686/4920 5241/2681/4920
o Plane.004
v 1.222272 -1.400079 -1.224598
v 1.372272 -1.400079 -1.224598
v 1.222272 -1.400079 -1.374598
v 1.372272 -1.400079 -1.374598
v 1.222272 1.399921 -1.374598
v 1.222272 1.399921 -1.224598
v 1.372272 1.399921 -1.224598
v 1.372272 1.399921 -1.374598
vn -0.0000 -1.0000 -0.0000
vn -0.0000 1.0000 -0.0000
vn -0.0000 -0.0000 -1.0000
vn -0.0000 -0.0000 1.0000
vn 1.0000 -0.0000 -0.0000
vn -1.0000 -0.0000 -0.0000
vt 0.375000 0.250000
vt 0.250000 0.375000
vt 0.250000 0.250000
vt 0.000000 0.375000
vt 0.125000 0.500000
vt 0.000000 0.500000
vt 0.741667 0.125000
vt 0.625000 0.000000
vt 0.741667 0.000000
vt 0.741667 0.250000
vt 0.625000 0.125000
vt 0.741667 0.125000
vt 0.116667 0.750000
vt 0.000000 0.625000
vt 0.116667 0.625000
vt 0.233333 0.750000
vt 0.116667 0.625000
vt 0.233333 0.625000
vt 0.375000 0.375000
vt 0.125000 0.375000
vt 0.625000 0.125000
vt 0.625000 0.250000
vt -0.000000 0.750000
vt 0.116667 0.750000
s 0
f 5247/2687/4921 5246/2688/4921 5245/2689/4921
f 5251/2690/4922 5249/2691/4922 5250/2692/4922
f 5247/2693/4923 5252/2694/4923 5248/2695/4923
f 5246/2696/4924 5250/2697/4924 5245/2698/4924
f 5248/2699/4925 5251/2700/4925 5246/2701/4925
f 5245/2702/4926 5249/2703/4926 5247/2704/4926
f 5247/2687/4921 5248/2705/4921 5246/2688/4921
f 5251/2690/4922 5252/2706/4922 5249/2691/4922
f 5247/2693/4923 5249/2707/4923 5252/2694/4923
f 5246/2696/4924 5251/2708/4924 5250/2697/4924
f 5248/2699/4925 5252/2709/4925 5251/2700/4925
f 5245/2702/4926 5250/2710/4926 5249/2703/4926
o Plane.005
v -1.377728 -1.400079 -1.224598
v -1.227728 -1.400079 -1.224598
v -1.377728 -1.400079 -1.374598
v -1.227728 -1.400079 -1.374598
v -1.377728 1.399921 -1.374598
v -1.377728 1.399921 -1.224598
v -1.227728 1.399921 -1.224598
v -1.227728 1.399921 -1.374598
vn -0.0000 -1.0000 -0.0000
vn -0.0000 1.0000 -0.0000
vn -0.0000 -0.0000 -1.0000
vn -0.0000 -0.0000 1.0000
vn 1.0000 -0.0000 -0.0000
vn -1.0000 -0.0000 -0.0000
vt 0.500000 0.000000
vt 0.375000 0.125000
vt 0.375000 -0.000000
vt 0.125000 0.375000
vt 0.250000 0.500000
vt 0.125000 0.500000
vt 0.350000 0.750000
vt 0.233333 0.625000
vt 0.350000 0.625000
vt 0.466667 0.750000
vt 0.466667 0.625000
vt 0.583333 0.750000
vt 0.466667 0.625000
vt 0.583333 0.625000
vt 0.700000 0.750000
vt 0.583333 0.625000
vt 0.700000 0.625000
vt 0.500000 0.125000
vt 0.250000 0.375000
vt 0.233333 0.750000
vt 0.466667 0.750000
vt 0.583333 0.750000
s 0
f 5255/2711/4927 5254/2712/4927 5253/2713/4927
f 5259/2714/4928 5257/2715/4928 5258/2716/4928
f 5255/2717/4929 5260/2718/4929 5256/2719/4929
f 5254/2720/4930 5258/2719/4930 5253/2721/4930
f 5256/2722/4931 5259/2723/4931 5254/2724/4931
f 5253/2725/4932 5257/2726/4932 5255/2727/4932
f 5255/2711/4927 5256/2728/4927 5254/2712/4927
f 5259/2714/4928 5260/2729/4928 5257/2715/4928
f 5255/2717/4929 5257/2730/4929 5260/2718/4929
f 5254/2720/4930 5259/2717/4930 5258/2719/4930
f 5256/2722/4931 5260/2731/4931 5259/2723/4931
f 5253/2725/4932 5258/2732/4932 5257/2726/4932
o Plane.006
v 1.537271 -0.082579 1.382903
v 1.537271 0.082421 1.382903
v 1.537271 -0.082579 1.217903
v 1.537271 0.082421 1.217903
v -1.542729 -0.082579 1.217902
v -1.542729 -0.082579 1.382902
v -1.542729 0.082421 1.382902
v -1.542729 0.082421 1.217902
vn 1.0000 -0.0000 -0.0000
vn -1.0000 -0.0000 -0.0000
vn -0.0000 -0.0000 -1.0000
vn -0.0000 -0.0000 1.0000
vn -0.0000 1.0000 -0.0000
vn -0.0000 -1.0000 -0.0000
vt 0.500000 0.125000
vt 0.375000 0.250000
vt 0.375000 0.125000
vt 0.250000 0.375000
vt 0.375000 0.500000
vt 0.250000 0.500000
vt 0.816667 0.750000
vt 0.700000 0.625000
vt 0.816667 0.625000
vt 0.833333 0.625000
vt 0.716667 0.500000
vt 0.833333 0.500000
vt 0.850000 0.375000
vt 0.733333 0.250000
vt 0.850000 0.250000
vt 0.850000 0.500000
vt 0.733333 0.375000
vt 0.500000 0.250000
vt 0.375000 0.375000
vt 0.700000 0.750000
vt 0.716667 0.625000
vt 0.733333 0.500000
s 0
f 5263/2733/4933 5262/2734/4933 5261/2735/4933
f 5267/2736/4934 5265/2737/4934 5266/2738/4934
f 5263/2739/4935 5268/2740/4935 5264/2741/4935
f 5262/2742/4936 5266/2743/4936 5261/2744/4936
f 5264/2745/4937 5267/2746/4937 5262/2747/4937
f 5261/2748/4938 5265/2749/4938 5263/2745/4938
f 5263/2733/4933 5264/2750/4933 5262/2734/4933
f 5267/2736/4934 5268/2751/4934 5265/2737/4934
f 5263/2739/4935 5265/2752/4935 5268/2740/4935
f 5262/2742/4936 5267/2753/4936 5266/2743/4936
f 5264/2745/4937 5268/2749/4937 5267/2746/4937
f 5261/2748/4938 5266/2754/4938 5265/2749/4938
o Plane.007
v 1.537271 -0.082579 -1.217098
v 1.537271 0.082421 -1.217098
v 1.537271 -0.082579 -1.382098
v 1.537271 0.082421 -1.382098
v -1.542729 -0.082579 -1.382098
v -1.542729 -0.082579 -1.217098
v -1.542729 0.082421 -1.217098
v -1.542729 0.082421 -1.382098
vn 1.0000 -0.0000 -0.0000
vn -1.0000 -0.0000 -0.0000
vn -0.0000 -0.0000 -1.0000
vn -0.0000 -0.0000 1.0000
vn -0.0000 1.0000 -0.0000
vn -0.0000 -1.0000 -0.0000
vt 0.500000 0.250000
vt 0.375000 0.375000
vt 0.375000 0.250000
vt 0.500000 0.500000
vt 0.375000 0.500000
vt 0.858333 0.125000
vt 0.741667 0.000000
vt 0.858333 0.000000
vt 0.858333 0.250000
vt 0.741667 0.125000
vt 0.858333 0.125000
vt 0.116667 0.875000
vt 0.000000 0.750000
vt 0.116667 0.750000
vt 0.233333 0.875000
vt 0.233333 0.750000
vt 0.500000 0.375000
vt 0.500000 0.375000
vt 0.741667 0.125000
vt 0.741667 0.250000
vt -0.000000 0.875000
s 0
f 5271/2755/4939 5270/2756/4939 5269/2757/4939
f 5275/2756/4940 5273/2758/4940 5274/2759/4940
f 5271/2760/4941 5276/2761/4941 5272/2762/4941
f 5270/2763/4942 5274/2764/4942 5269/2765/4942
f 5272/2766/4943 5275/2767/4943 5270/2768/4943
f 5269/2769/4944 5273/2768/4944 5271/2770/4944
f 5271/2755/4939 5272/2771/4939 5270/2756/4939
f 5275/2756/4940 5276/2772/4940 5273/2758/4940
f 5271/2760/4941 5273/2773/4941 5276/2761/4941
f 5270/2763/4942 5275/2774/4942 5274/2764/4942
f 5272/2766/4943 5276/2775/4943 5275/2767/4943
f 5269/2769/4944 5274/2766/4944 5273/2768/4944
o Plane.008
v 1.379772 -0.082579 -1.539598
v 1.379772 0.082421 -1.539598
v 1.214772 -0.082579 -1.539598
v 1.214772 0.082421 -1.539598
v 1.214771 -0.082579 1.540402
v 1.379771 -0.082579 1.540402
v 1.379771 0.082421 1.540402
v 1.214771 0.082421 1.540402
vn -0.0000 -0.0000 -1.0000
vn -0.0000 -0.0000 1.0000
vn -1.0000 -0.0000 -0.0000
vn 1.0000 -0.0000 -0.0000
vn -0.0000 1.0000 -0.0000
vn -0.0000 -1.0000 -0.0000
vt 0.125000 0.500000
vt 0.000000 0.625000
vt 0.000000 0.500000
vt 0.500000 -0.000000
vt 0.625000 0.125000
vt 0.500000 0.125000
vt 0.350000 0.875000
vt 0.233333 0.750000
vt 0.350000 0.750000
vt 0.466667 0.875000
vt 0.350000 0.750000
vt 0.466667 0.750000
vt 0.583333 0.875000
vt 0.466667 0.750000
vt 0.583333 0.750000
vt 0.700000 0.875000
vt 0.583333 0.750000
vt 0.700000 0.750000
vt 0.125000 0.625000
vt 0.625000 0.000000
vt 0.233333 0.875000
vt 0.350000 0.875000
vt 0.466667 0.875000
vt 0.583333 0.875000
s 0
f 5279/2776/4945 5278/2777/4945 5277/2778/4945
f 5283/2779/4946 5281/2780/4946 5282/2781/4946
f 5279/2782/4947 5284/2783/4947 5280/2784/4947
f 5278/2785/4948 5282/2786/4948 5277/2787/4948
f 5280/2788/4949 5283/2789/4949 5278/2790/4949
f 5277/2791/4950 5281/2792/4950 5279/2793/4950
f 5279/2776/4945 5280/2794/4945 5278/2777/4945
f 5283/2779/4946 5284/2795/4946 5281/2780/4946
f 5279/2782/4947 5281/2796/4947 5284/2783/4947
f 5278/2785/4948 5283/2797/4948 5282/2786/4948
f 5280/2788/4949 5284/2798/4949 5283/2789/4949
f 5277/2791/4950 5282/2799/4950 5281/2792/4950
o Plane.009
v -1.220229 -0.082579 -1.539598
v -1.220229 0.082421 -1.539598
v -1.385229 -0.082579 -1.539598
v -1.385229 0.082421 -1.539598
v -1.385229 -0.082579 1.540402
v -1.220229 -0.082579 1.540402
v -1.220229 0.082421 1.540402
v -1.385229 0.082421 1.540402
vn -0.0000 -0.0000 -1.0000
vn -0.0000 -0.0000 1.0000
vn -1.0000 -0.0000 -0.0000
vn 1.0000 -0.0000 -0.0000
vn -0.0000 1.0000 -0.0000
vn -0.0000 -1.0000 -0.0000
vt 0.625000 0.125000
vt 0.500000 0.250000
vt 0.500000 0.125000
vt 0.125000 0.500000
vt 0.250000 0.625000
vt 0.125000 0.625000
vt 0.816667 0.875000
vt 0.700000 0.750000
vt 0.816667 0.750000
vt 0.933333 0.750000
vt 0.816667 0.625000
vt 0.933333 0.625000
vt 0.933333 0.875000
vt 0.816667 0.750000
vt 0.950000 0.625000
vt 0.833333 0.500000
vt 0.950000 0.500000
vt 0.625000 0.250000
vt 0.250000 0.500000
vt 0.700000 0.875000
vt 0.816667 0.875000
vt 0.833333 0.625000
s 0
f 5287/2800/4951 5286/2801/4951 5285/2802/4951
f 5291/2803/4952 5289/2804/4952 5290/2805/4952
f 5287/2806/4953 5292/2807/4953 5288/2808/4953
f 5286/2809/4954 5290/2810/4954 5285/2811/4954
f 5288/2812/4955 5291/2813/4955 5286/2809/4955
f 5285/2814/4956 5289/2815/4956 5287/2816/4956
f 5287/2800/4951 5288/2817/4951 5286/2801/4951
f 5291/2803/4952 5292/2818/4952 5289/2804/4952
f 5287/2806/4953 5289/2819/4953 5292/2807/4953
f 5286/2809/4954 5291/2813/4954 5290/2810/4954
f 5288/2812/4955 5292/2820/4955 5291/2813/4955
f 5285/2814/4956 5290/2821/4956 5289/2815/4956
